cell_id,lon,lat,P_ground,P_lo,P_hi,P_rule_lo,P_rule_hi,guven,P_yedide_bir,P_a07,P_a03,P_car_inacc,P_ground_bld,sh_open_public,sh_quasi_public,sh_ticketed,sh_open_private,sh_invitation,sh_inaccessible,sh_yard,sh_coast,sh_car,sh_natural,sh_unknown_building,sh_unmapped,scored_share,gosterim,bar_major_m,bar_rail_m,bar_pieces,bar_crossings,bar_level,bar_passes,bar_cross_per_km,P_yuzdelik
c0_80,28.78976,41.19418,0.303,0.303,0.305,0.221,0.343,B,0.318,0.343,0.263,0.221,0.303,0.012,0.0,0.0,0.0,0.045,0.0,0.0,0.0,0.021,0.922,0.0,0.0,0.057,kanıt yetersiz,0,0,1,0,0,0,,
c0_81,28.78975,41.19867,1.0,1.0,1.0,0.337,1.0,C,1.0,1.0,1.0,0.337,1.0,0.008,0.0,0.0,0.0,0.0,0.0,0.0,0.0,0.016,0.975,0.0,0.0,0.008,kanıt yetersiz,0,0,1,0,0,0,,
c0_82,28.78975,41.20316,1.0,0.997,1.0,0.93,1.0,A,1.0,1.0,1.0,0.93,0.998,0.18,0.0,0.0,0.0,0.0,0.0,0.0,0.0,0.014,0.806,0.0,0.0,0.18,puan,0,0,1,0,0,0,,94.5
c0_83,28.78975,41.20765,1.0,1.0,1.0,0.979,1.0,A,1.0,1.0,1.0,0.979,1.0,0.51,0.0,0.0,0.0,0.0,0.0,0.0,0.0,0.011,0.479,0.0,0.0,0.51,puan,0,0,1,0,0,0,,94.5
c0_84,28.78975,41.21214,1.0,1.0,1.0,1.0,1.0,A,1.0,1.0,1.0,1.0,1.0,0.022,0.0,0.0,0.0,0.0,0.0,0.0,0.0,0.0,0.978,0.0,0.0,0.022,kanıt yetersiz,0,0,1,0,0,0,,
c0_85,28.78975,41.21663,1.0,0.18,1.0,0.813,1.0,C,1.0,1.0,1.0,0.813,0.999,0.066,0.0,0.0,0.0,0.0,0.0,0.0,0.0,0.015,0.617,0.0,0.301,0.066,kanıt yetersiz,0,0,1,0,0,0,,
c0_86,28.78975,41.22112,1.0,0.825,1.0,0.996,1.0,A,1.0,1.0,1.0,0.996,1.0,0.676,0.0,0.0,0.0,0.0,0.0,0.0,0.0,0.003,0.178,0.0,0.143,0.676,puan,0,0,1,0,0,0,,94.5
c0_87,28.78976,41.22561,1.0,0.177,1.0,0.693,1.0,C,1.0,1.0,1.0,0.693,0.999,0.138,0.0,0.0,0.0,0.0,0.0,0.0,0.0,0.061,0.158,0.0,0.642,0.138,puan,1298,0,2,0,0,0,0.0,94.5
c1_80,28.79571,41.19418,1.0,1.0,1.0,0.236,1.0,C,1.0,1.0,1.0,0.236,1.0,0.006,0.0,0.0,0.0,0.0,0.0,0.0,0.0,0.018,0.976,0.0,0.0,0.006,kanıt yetersiz,0,0,2,0,0,0,,
c1_81,28.79571,41.19867,,0.0,1.0,,,C,,,,0.0,0.125,0.0,0.0,0.0,0.0,0.0,0.0,0.0,0.0,0.006,0.993,0.0,0.0,0.0,kanıt yetersiz,0,0,1,0,0,0,,
c1_82,28.79571,41.20316,1.0,0.978,1.0,0.525,1.0,C,1.0,1.0,1.0,0.525,0.981,0.024,0.0,0.0,0.0,0.0,0.0,0.0,0.0,0.022,0.953,0.001,0.0,0.024,kanıt yetersiz,0,0,1,0,0,0,,
c1_83,28.79571,41.20765,1.0,0.999,1.0,0.882,1.0,B,1.0,1.0,1.0,0.882,0.999,0.178,0.0,0.0,0.0,0.0,0.0,0.0,0.0,0.024,0.798,0.0,0.0,0.178,puan,0,0,1,0,0,0,,94.5
c1_84,28.79571,41.21214,1.0,1.0,1.0,0.886,1.0,B,1.0,1.0,1.0,0.886,1.0,0.132,0.0,0.0,0.0,0.0,0.0,0.0,0.0,0.017,0.851,0.0,0.0,0.132,puan,0,0,1,0,0,0,,94.5
c1_85,28.79571,41.21663,1.0,1.0,1.0,0.967,1.0,A,1.0,1.0,1.0,0.967,1.0,0.534,0.0,0.0,0.0,0.0,0.0,0.0,0.0,0.018,0.448,0.0,0.0,0.534,puan,0,0,1,0,0,0,,94.5
c1_86,28.79571,41.22112,1.0,0.953,1.0,0.875,1.0,B,1.0,1.0,1.0,0.875,1.0,0.189,0.0,0.0,0.0,0.0,0.0,0.0,0.0,0.027,0.775,0.0,0.009,0.189,puan,0,0,1,0,0,0,,94.5
c1_87,28.79571,41.22561,1.0,0.119,1.0,0.507,1.0,C,1.0,1.0,1.0,0.507,0.83,0.024,0.0,0.0,0.0,0.0,0.0,0.0,0.0,0.024,0.773,0.006,0.173,0.024,kanıt yetersiz,0,0,1,0,0,0,,
c2_80,28.80166,41.19418,,,,,,C,,,,0.0,,0.0,0.0,0.0,0.0,0.0,0.0,0.0,0.0,0.005,0.995,0.0,0.0,0.0,kanıt yetersiz,0,0,1,0,0,0,,
c2_81,28.80166,41.19867,1.0,0.976,1.0,0.759,1.0,C,1.0,1.0,1.0,0.759,0.979,0.024,0.0,0.0,0.0,0.0,0.0,0.0,0.0,0.008,0.967,0.001,0.0,0.024,kanıt yetersiz,0,0,1,0,0,0,,
c2_82,28.80166,41.20316,1.0,0.865,1.0,0.397,1.0,C,1.0,1.0,1.0,0.397,0.882,0.004,0.0,0.0,0.0,0.0,0.0,0.0,0.0,0.006,0.99,0.001,0.0,0.004,kanıt yetersiz,0,0,1,0,0,0,,
c2_83,28.80166,41.20765,,0.0,1.0,,,C,,,,0.0,0.125,0.0,0.0,0.0,0.0,0.0,0.0,0.0,0.0,0.0,0.999,0.0,0.0,0.0,kanıt yetersiz,0,0,1,0,0,0,,
c2_84,28.80166,41.21214,1.0,1.0,1.0,0.413,1.0,C,1.0,1.0,1.0,0.413,1.0,0.007,0.0,0.0,0.0,0.0,0.0,0.0,0.0,0.011,0.982,0.0,0.0,0.007,kanıt yetersiz,0,0,1,0,0,0,,
c2_85,28.80166,41.21663,1.0,1.0,1.0,0.964,1.0,A,1.0,1.0,1.0,0.964,1.0,0.226,0.0,0.0,0.0,0.0,0.0,0.0,0.0,0.009,0.766,0.0,0.0,0.226,puan,0,0,1,0,0,0,,94.5
c2_86,28.80166,41.22112,1.0,1.0,1.0,0.109,1.0,C,1.0,1.0,1.0,0.109,1.0,0.002,0.0,0.0,0.0,0.0,0.0,0.0,0.0,0.013,0.986,0.0,0.0,0.002,kanıt yetersiz,0,0,1,0,0,0,,
c2_87,28.80166,41.22561,,,,,,C,,,,0.0,,0.0,0.0,0.0,0.0,0.0,0.0,0.0,0.0,0.005,0.995,0.0,0.0,0.0,kanıt yetersiz,0,0,1,0,0,0,,
c3_80,28.80761,41.19418,,,,,,C,,,,0.0,,0.0,0.0,0.0,0.0,0.0,0.0,0.0,0.0,0.007,0.993,0.0,0.0,0.0,kanıt yetersiz,0,0,1,0,0,0,,
c3_81,28.80761,41.19867,1.0,1.0,1.0,0.231,1.0,C,1.0,1.0,1.0,0.231,1.0,0.002,0.0,0.0,0.0,0.0,0.0,0.0,0.0,0.006,0.992,0.0,0.0,0.002,kanıt yetersiz,0,0,1,0,0,0,,
c3_82,28.80761,41.20316,,,,,,C,,,,,,0.0,0.0,0.0,0.0,0.0,0.0,0.0,0.0,0.0,1.0,0.0,0.0,0.0,kanıt yetersiz,0,0,1,0,0,0,,
c3_83,28.80761,41.20765,,,,,,C,,,,,,0.0,0.0,0.0,0.0,0.0,0.0,0.0,0.0,0.0,1.0,0.0,0.0,0.0,kanıt yetersiz,0,0,1,0,0,0,,
c3_84,28.80761,41.21214,,,,,,C,,,,0.0,,0.0,0.0,0.0,0.0,0.0,0.0,0.0,0.0,0.01,0.99,0.0,0.0,0.0,kanıt yetersiz,0,0,1,0,0,0,,
c3_85,28.80761,41.21663,,,,,,C,,,,0.0,,0.0,0.0,0.0,0.0,0.0,0.0,0.0,0.0,0.01,0.99,0.0,0.0,0.0,kanıt yetersiz,0,0,1,0,0,0,,
c3_86,28.80761,41.22112,,0.0,1.0,,,C,,,,0.0,0.125,0.0,0.0,0.0,0.0,0.0,0.0,0.0,0.0,0.013,0.987,0.0,0.0,0.0,kanıt yetersiz,0,0,1,0,0,0,,
c3_87,28.80761,41.22561,1.0,1.0,1.0,0.793,1.0,C,1.0,1.0,1.0,0.793,1.0,0.028,0.0,0.0,0.0,0.0,0.0,0.0,0.0,0.007,0.965,0.0,0.0,0.028,kanıt yetersiz,0,0,1,0,0,0,,
c4_80,28.81356,41.19418,,,,,,C,,,,,,0.0,0.0,0.0,0.0,0.0,0.0,0.0,0.0,0.0,1.0,0.0,0.0,0.0,kanıt yetersiz,0,0,1,0,0,0,,
c4_81,28.81356,41.19867,,,,,,C,,,,,,0.0,0.0,0.0,0.0,0.0,0.0,0.0,0.0,0.0,1.0,0.0,0.0,0.0,kanıt yetersiz,0,0,1,0,0,0,,
c4_82,28.81356,41.20316,,,,,,C,,,,,,0.0,0.0,0.0,0.0,0.0,0.0,0.0,0.0,0.0,1.0,0.0,0.0,0.0,kanıt yetersiz,0,0,1,0,0,0,,
c4_83,28.81356,41.20765,,,,,,C,,,,,,0.0,0.0,0.0,0.0,0.0,0.0,0.0,0.0,0.0,1.0,0.0,0.0,0.0,kanıt yetersiz,0,0,1,0,0,0,,
c4_84,28.81356,41.21214,,,,,,C,,,,0.0,,0.0,0.0,0.0,0.0,0.0,0.0,0.0,0.0,0.006,0.994,0.0,0.0,0.0,kanıt yetersiz,0,0,1,0,0,0,,
c4_85,28.81356,41.21663,1.0,1.0,1.0,0.185,1.0,C,1.0,1.0,1.0,0.185,1.0,0.002,0.0,0.0,0.0,0.0,0.0,0.0,0.0,0.009,0.989,0.0,0.0,0.002,kanıt yetersiz,0,0,1,0,0,0,,
c4_86,28.81356,41.22112,1.0,0.3,1.0,0.379,1.0,C,1.0,1.0,1.0,0.379,0.658,0.013,0.0,0.0,0.0,0.0,0.0,0.0,0.0,0.021,0.937,0.008,0.021,0.013,kanıt yetersiz,0,0,1,0,0,0,,
c4_87,28.81356,41.22561,0.064,0.055,0.19,0.064,0.066,A,0.064,0.064,0.064,0.064,0.066,0.041,0.0,0.0,0.0,0.0,0.6,0.0,0.0,0.003,0.256,0.024,0.076,0.641,puan,0,0,1,0,0,0,,8.2
c5_80,28.81951,41.19418,0.551,0.48,0.608,0.42,0.681,C,0.51,0.681,0.42,0.502,0.549,0.006,0.0,0.0,0.015,0.004,0.0,0.0,0.0,0.002,0.969,0.0,0.004,0.025,kanıt yetersiz,0,0,1,0,0,0,,
c5_81,28.81951,41.19867,0.443,0.394,0.504,0.404,0.482,A,0.451,0.482,0.404,0.428,0.434,0.051,0.0,0.0,0.006,0.09,0.0,0.0,0.0,0.005,0.829,0.005,0.014,0.147,puan,0,0,1,0,0,0,,52.0
c5_82,28.81951,41.20316,0.208,0.208,0.208,0.163,0.253,A,0.225,0.253,0.163,0.182,0.208,0.004,0.0,0.0,0.0,0.035,0.0,0.0,0.0,0.006,0.956,0.0,0.0,0.039,kanıt yetersiz,0,0,1,0,0,0,,
c5_83,28.81951,41.20765,0.602,0.602,0.602,0.288,0.625,C,0.61,0.625,0.58,0.288,0.602,0.008,0.0,0.0,0.0,0.007,0.0,0.0,0.0,0.017,0.968,0.0,0.0,0.015,kanıt yetersiz,0,0,1,0,0,0,,
c5_84,28.81951,41.21214,0.125,0.125,0.125,0.075,0.175,A,0.143,0.175,0.075,0.124,0.125,0.0,0.0,0.0,0.0,0.504,0.0,0.0,0.0,0.003,0.492,0.0,0.0,0.504,puan,0,0,1,0,0,0,,9.8
c5_85,28.81951,41.21663,0.125,0.069,0.516,0.075,0.175,C,0.143,0.175,0.075,0.125,0.125,0.0,0.0,0.0,0.0,0.01,0.0,0.0,0.0,0.0,0.982,0.0,0.008,0.01,kanıt yetersiz,0,0,1,0,0,0,,
c5_86,28.81951,41.22112,0.994,0.287,0.998,0.861,0.996,C,0.993,0.996,0.991,0.861,0.875,0.133,0.0,0.0,0.002,0.0,0.0,0.0,0.0,0.021,0.515,0.021,0.309,0.134,puan,0,0,1,0,0,0,,92.8
c5_87,28.81951,41.22561,0.749,0.341,0.886,0.69,0.754,C,0.751,0.754,0.744,0.69,0.731,0.316,0.0,0.0,0.0,0.001,0.07,0.042,0.0,0.037,0.021,0.013,0.501,0.428,puan,0,0,1,0,0,0,,80.7
c6_80,28.82546,41.19418,0.397,0.323,0.51,0.34,0.434,A,0.408,0.434,0.36,0.34,0.396,0.167,0.0,0.0,0.009,0.372,0.0,0.0,0.0,0.092,0.235,0.002,0.124,0.547,puan,994,0,3,0,0,0,0.0,43.0
c6_81,28.82546,41.19867,0.715,0.488,0.805,0.589,0.744,B,0.715,0.744,0.686,0.589,0.708,0.298,0.0,0.0,0.034,0.132,0.0,0.0,0.0,0.099,0.223,0.006,0.209,0.463,puan,994,0,3,0,0,0,0.0,78.4
c6_82,28.82546,41.20316,0.364,0.219,0.617,0.159,0.4,C,0.377,0.4,0.327,0.159,0.343,0.018,0.0,0.0,0.0,0.048,0.0,0.0,0.0,0.085,0.804,0.006,0.038,0.066,kanıt yetersiz,994,0,3,0,0,0,0.0,
c6_83,28.82546,41.20765,0.956,0.168,0.992,0.084,0.959,C,0.957,0.959,0.954,0.084,0.95,0.006,0.0,0.0,0.0,0.0,0.0,0.0,0.0,0.066,0.898,0.0,0.03,0.006,kanıt yetersiz,1353,0,3,0,0,0,0.0,
c6_84,28.82546,41.21214,0.894,0.703,0.917,0.652,0.9,C,0.897,0.9,0.888,0.652,0.894,0.247,0.0,0.0,0.0,0.034,0.0,0.0,0.0,0.104,0.539,0.0,0.076,0.28,puan,2580,0,4,0,0,0,0.0,87.6
c6_85,28.82546,41.21663,0.467,0.067,0.923,0.295,0.498,C,0.478,0.498,0.437,0.295,0.38,0.013,0.0,0.0,0.0,0.021,0.0,0.0,0.0,0.02,0.745,0.012,0.19,0.034,kanıt yetersiz,0,0,1,0,0,0,,
c6_86,28.82546,41.22112,0.132,0.116,0.234,0.082,0.182,A,0.15,0.182,0.082,0.131,0.131,0.005,0.0,0.0,0.001,0.667,0.0,0.0,0.0,0.005,0.231,0.04,0.05,0.673,puan,0,0,1,0,0,0,,10.0
c6_87,28.82546,41.22561,0.209,0.077,0.71,0.161,0.257,C,0.224,0.257,0.161,0.181,0.195,0.031,0.0,0.0,0.006,0.061,0.0,0.249,0.0,0.052,0.004,0.066,0.532,0.346,puan,0,0,1,0,0,0,,13.5
c7_80,28.83141,41.19418,0.125,0.118,0.171,0.075,0.175,B,0.143,0.175,0.075,0.114,0.125,0.0,0.0,0.0,0.0,0.091,0.0,0.0,0.0,0.009,0.895,0.005,0.0,0.091,kanıt yetersiz,0,0,1,0,0,0,,
c7_81,28.83141,41.19867,0.177,0.175,0.186,0.13,0.224,A,0.194,0.224,0.13,0.151,0.177,0.007,0.0,0.0,0.0,0.105,0.0,0.0,0.0,0.019,0.868,0.001,0.0,0.112,puan,0,0,1,0,0,0,,11.4
c7_82,28.83141,41.20316,1.0,0.984,1.0,0.347,1.0,C,1.0,1.0,1.0,0.347,0.986,0.012,0.0,0.0,0.0,0.0,0.0,0.0,0.0,0.022,0.966,0.0,0.0,0.012,kanıt yetersiz,0,0,1,0,0,0,,
c7_83,28.83141,41.20765,,0.0,1.0,,,C,,,,,0.125,0.0,0.0,0.0,0.0,0.0,0.0,0.0,0.0,0.0,1.0,0.0,0.0,0.0,kanıt yetersiz,0,0,1,0,0,0,,
c7_84,28.83141,41.21214,1.0,0.242,1.0,0.215,1.0,C,1.0,1.0,1.0,0.215,0.989,0.023,0.0,0.0,0.0,0.0,0.0,0.0,0.0,0.084,0.821,0.0,0.072,0.023,kanıt yetersiz,2428,0,4,0,0,0,0.0,
c7_85,28.83141,41.21663,0.636,0.548,0.686,0.509,0.656,B,0.643,0.656,0.615,0.509,0.606,0.197,0.0,0.0,0.0,0.141,0.0,0.0,0.0,0.084,0.524,0.021,0.033,0.337,puan,0,0,1,0,0,0,,73.6
c7_86,28.83141,41.22112,0.151,0.12,0.325,0.102,0.2,B,0.168,0.2,0.102,0.144,0.148,0.019,0.0,0.0,0.001,0.622,0.0,0.0,0.0,0.031,0.162,0.082,0.084,0.641,puan,22,0,1,0,0,0,,10.5
c7_87,28.83141,41.22561,0.535,0.212,0.816,0.332,0.562,C,0.545,0.562,0.509,0.332,0.507,0.101,0.0,0.0,0.0,0.087,0.0,0.027,0.0,0.132,0.325,0.016,0.312,0.216,puan,2194,0,5,0,0,0,0.0,64.2
c0_88,28.78975,41.2301,1.0,0.093,1.0,0.745,1.0,C,1.0,1.0,1.0,0.745,1.0,0.089,0.0,0.0,0.0,0.0,0.0,0.0,0.0,0.03,0.007,0.0,0.873,0.089,kanıt yetersiz,464,0,2,0,0,0,0.0,
c0_89,28.78975,41.23459,1.0,0.476,1.0,0.97,1.0,C,1.0,1.0,1.0,0.97,0.99,0.469,0.0,0.0,0.0,0.0,0.0,0.0,0.0,0.015,0.0,0.006,0.511,0.469,puan,850,0,3,0,0,0,0.0,94.5
c0_90,28.78975,41.23908,0.125,0.003,0.976,0.026,0.175,C,0.143,0.175,0.075,0.026,0.125,0.0,0.0,0.0,0.0,0.025,0.0,0.0,0.0,0.093,0.0,0.007,0.875,0.025,kanıt yetersiz,4686,0,9,0,0,0,0.0,
c0_91,28.78975,41.24357,1.0,0.037,1.0,0.131,1.0,C,1.0,1.0,1.0,0.131,1.0,0.018,0.0,0.0,0.0,0.0,0.0,0.0,0.0,0.117,0.408,0.0,0.457,0.018,kanıt yetersiz,3975,0,7,0,0,0,0.0,
c0_92,28.78975,41.24806,0.993,0.665,0.996,0.859,0.993,B,0.993,0.993,0.993,0.859,0.993,0.434,0.0,0.0,0.0,0.0,0.003,0.0,0.0,0.068,0.279,0.0,0.216,0.436,puan,730,0,3,0,0,0,0.0,92.5
c0_93,28.78975,41.25255,0.036,0.035,0.049,0.036,0.036,A,0.036,0.036,0.036,0.036,0.036,0.035,0.0,0.0,0.0,0.0,0.951,0.0,0.0,0.0,0.0,0.0,0.014,0.986,puan,0,0,1,0,0,0,,7.3
c0_94,28.78975,41.25704,0.0,0.0,0.0,0.0,0.0,A,0.0,0.0,0.0,0.0,0.0,0.0,0.0,0.0,0.0,0.0,0.445,0.0,0.0,0.0,0.555,0.0,0.0,0.445,puan,0,0,1,0,0,0,,0.0
c0_95,28.78975,41.26153,1.0,0.099,1.0,0.4,1.0,C,1.0,1.0,1.0,0.4,1.0,0.008,0.0,0.0,0.0,0.0,0.0,0.0,0.0,0.012,0.91,0.0,0.071,0.008,kanıt yetersiz,0,0,1,0,0,0,,
c1_88,28.79571,41.2301,1.0,0.425,1.0,0.76,1.0,C,1.0,1.0,1.0,0.76,0.989,0.201,0.0,0.0,0.0,0.0,0.0,0.0,0.0,0.064,0.462,0.003,0.27,0.201,puan,1060,0,2,0,0,0,0.0,94.5
c1_89,28.79571,41.23459,1.0,0.109,1.0,0.722,1.0,C,1.0,1.0,1.0,0.722,0.876,0.104,0.0,0.0,0.0,0.0,0.0,0.0,0.0,0.04,0.0,0.017,0.838,0.104,puan,729,0,2,0,0,0,0.0,94.5
c1_90,28.79571,41.23908,0.13,0.063,0.579,0.08,0.18,C,0.151,0.18,0.08,0.096,0.129,0.0,0.0,0.006,0.0,0.355,0.0,0.0,0.0,0.13,0.123,0.048,0.337,0.362,puan,2864,0,5,0,0,0,0.0,10.0
c1_91,28.79571,41.24357,1.0,0.03,1.0,0.156,1.0,C,1.0,1.0,1.0,0.156,1.0,0.01,0.0,0.0,0.0,0.0,0.0,0.0,0.0,0.052,0.627,0.0,0.311,0.01,kanıt yetersiz,483,0,1,0,0,0,0.0,
c1_92,28.79571,41.24806,0.983,0.813,0.986,0.904,0.983,A,0.983,0.983,0.983,0.904,0.983,0.592,0.0,0.0,0.0,0.0,0.011,0.0,0.0,0.052,0.219,0.0,0.125,0.603,puan,1103,0,2,0,0,0,0.0,91.6
c1_93,28.79571,41.25255,0.151,0.151,0.151,0.151,0.151,A,0.151,0.151,0.151,0.151,0.151,0.151,0.0,0.0,0.0,0.0,0.849,0.0,0.0,0.0,0.0,0.0,0.0,1.0,puan,0,0,1,0,0,0,,10.5
c1_94,28.79571,41.25704,0.016,0.015,0.059,0.015,0.016,A,0.016,0.016,0.016,0.015,0.016,0.009,0.0,0.0,0.0,0.0,0.54,0.0,0.0,0.013,0.413,0.0,0.025,0.549,puan,0,0,1,0,0,0,,6.6
c1_95,28.79571,41.26153,0.013,0.012,0.077,0.012,0.013,A,0.013,0.013,0.013,0.012,0.013,0.006,0.0,0.0,0.0,0.0,0.456,0.0,0.0,0.009,0.497,0.0,0.032,0.462,puan,0,0,1,0,0,0,,6.4
c2_88,28.80166,41.2301,1.0,0.11,1.0,0.249,1.0,C,1.0,1.0,1.0,0.249,1.0,0.006,0.0,0.0,0.0,0.0,0.0,0.0,0.0,0.019,0.926,0.0,0.05,0.006,kanıt yetersiz,254,0,2,0,0,0,0.0,
c2_89,28.80166,41.23459,1.0,0.019,1.0,0.33,1.0,C,1.0,1.0,1.0,0.33,0.55,0.016,0.0,0.0,0.0,0.0,0.0,0.0,0.0,0.033,0.143,0.017,0.791,0.016,kanıt yetersiz,323,0,2,0,0,0,0.0,
c2_90,28.80166,41.23908,0.149,0.035,0.8,0.083,0.197,C,0.166,0.197,0.1,0.083,0.147,0.004,0.0,0.0,0.0,0.146,0.0,0.016,0.0,0.131,0.157,0.01,0.534,0.167,puan,2420,0,5,0,0,0,0.0,10.4
c2_91,28.80166,41.24357,0.985,0.312,0.995,0.715,0.985,C,0.985,0.985,0.984,0.715,0.956,0.174,0.0,0.0,0.0,0.002,0.0,0.001,0.0,0.067,0.375,0.006,0.376,0.177,puan,986,0,2,0,0,0,0.0,91.7
c2_92,28.80166,41.24806,0.955,0.528,0.975,0.873,0.964,C,0.964,0.96,0.95,0.879,0.873,0.491,0.002,0.022,0.005,0.008,0.0,0.0,0.0,0.046,0.0,0.058,0.369,0.527,puan,145,0,1,0,0,0,0.0,90.0
c2_93,28.80166,41.25255,0.064,0.049,0.28,0.062,0.066,B,0.066,0.065,0.063,0.062,0.066,0.045,0.0,0.009,0.0,0.0,0.702,0.0,0.0,0.017,0.0,0.028,0.199,0.756,puan,0,0,1,0,0,0,,8.2
c2_94,28.80166,41.25704,0.037,0.029,0.241,0.037,0.037,B,0.037,0.037,0.037,0.037,0.037,0.016,0.0,0.0,0.0,0.0,0.413,0.0,0.0,0.002,0.454,0.0,0.116,0.429,puan,0,0,1,0,0,0,,7.3
c2_95,28.80166,41.26153,0.729,0.094,0.965,0.729,0.729,C,0.729,0.729,0.729,0.729,0.729,0.067,0.0,0.0,0.0,0.0,0.025,0.0,0.0,0.0,0.286,0.0,0.622,0.092,kanıt yetersiz,0,0,1,0,0,0,,
c3_88,28.80761,41.2301,0.815,0.212,0.952,0.726,0.825,C,0.818,0.825,0.804,0.726,0.745,0.021,0.0,0.0,0.0,0.006,0.0,0.0,0.0,0.003,0.895,0.003,0.072,0.026,kanıt yetersiz,0,0,1,0,0,0,,
c3_89,28.80761,41.23459,1.0,0.123,1.0,0.442,1.0,C,1.0,1.0,1.0,0.442,0.959,0.051,0.0,0.0,0.0,0.0,0.0,0.0,0.0,0.065,0.518,0.003,0.363,0.051,kanıt yetersiz,1059,0,4,0,0,0,0.0,
c3_90,28.80761,41.23908,0.44,0.161,0.795,0.289,0.474,C,0.451,0.474,0.406,0.289,0.418,0.098,0.0,0.001,0.004,0.001,0.0,0.174,0.0,0.145,0.097,0.021,0.459,0.278,puan,982,0,3,0,0,0,0.0,51.3
c3_91,28.80761,41.24357,0.543,0.203,0.829,0.404,0.59,C,0.59,0.574,0.511,0.404,0.445,0.127,0.0,0.071,0.01,0.012,0.018,0.074,0.0,0.107,0.061,0.096,0.425,0.312,puan,1182,0,3,0,0,0,0.0,65.1
c3_92,28.80761,41.24806,0.419,0.128,0.823,0.347,0.59,C,0.59,0.473,0.366,0.385,0.347,0.019,0.0,0.264,0.013,0.001,0.0,0.0,0.0,0.027,0.0,0.097,0.579,0.297,puan,0,0,1,0,0,0,,47.7
c3_93,28.80761,41.25255,0.206,0.058,0.777,0.171,0.245,C,0.245,0.223,0.189,0.171,0.198,0.017,0.002,0.029,0.004,0.0,0.1,0.0,0.0,0.031,0.424,0.017,0.375,0.153,puan,0,0,1,0,0,0,,13.2
c3_94,28.80761,41.25704,0.03,0.007,0.785,0.029,0.03,C,0.03,0.03,0.03,0.029,0.03,0.004,0.0,0.0,0.0,0.0,0.133,0.0,0.0,0.006,0.374,0.0,0.483,0.138,puan,0,0,1,0,0,0,,7.0
c3_95,28.80761,41.26153,1.0,0.001,1.0,1.0,1.0,C,1.0,1.0,1.0,1.0,1.0,0.001,0.0,0.0,0.0,0.0,0.0,0.0,0.0,0.0,0.095,0.0,0.904,0.001,kanıt yetersiz,0,0,1,0,0,0,,
c4_88,28.81356,41.2301,0.506,0.048,0.953,0.29,0.538,C,0.514,0.538,0.473,0.29,0.339,0.021,0.0,0.0,0.001,0.028,0.0,0.0,0.0,0.038,0.426,0.039,0.446,0.05,kanıt yetersiz,0,0,1,0,0,0,,
c4_89,28.81356,41.23459,0.999,0.311,1.0,0.68,1.0,C,0.999,1.0,0.999,0.68,0.974,0.255,0.0,0.0,0.0,0.0,0.0,0.0,0.0,0.12,0.061,0.008,0.556,0.255,puan,596,0,3,0,0,0,0.0,93.8
c4_90,28.81356,41.23908,0.993,0.322,0.998,0.569,0.996,C,0.992,0.996,0.991,0.569,0.898,0.158,0.0,0.0,0.002,0.0,0.0,0.0,0.0,0.12,0.387,0.02,0.314,0.16,puan,1490,0,3,0,0,0,0.0,92.5
c4_91,28.81356,41.24357,0.681,0.08,0.962,0.429,0.809,C,0.636,0.809,0.554,0.429,0.635,0.013,0.0,0.0,0.022,0.0,0.0,0.0,0.0,0.021,0.684,0.003,0.258,0.035,kanıt yetersiz,36,0,1,0,0,0,,
c4_92,28.81356,41.24806,0.73,0.078,0.971,0.371,0.814,C,0.726,0.814,0.646,0.371,0.539,0.035,0.0,0.009,0.028,0.0,0.0,0.0,0.0,0.069,0.261,0.033,0.565,0.071,kanıt yetersiz,0,0,1,0,0,0,,
c4_93,28.81356,41.25255,1.0,0.069,1.0,0.4,1.0,C,1.0,1.0,1.0,0.4,1.0,0.005,0.0,0.0,0.0,0.0,0.0,0.0,0.0,0.007,0.926,0.0,0.062,0.005,kanıt yetersiz,0,0,1,0,0,0,,
c4_94,28.81356,41.25704,1.0,0.082,1.0,0.375,1.0,C,1.0,1.0,1.0,0.375,1.0,0.004,0.0,0.0,0.0,0.0,0.0,0.0,0.0,0.007,0.942,0.0,0.047,0.004,kanıt yetersiz,0,0,1,0,0,0,,
c4_95,28.81356,41.26153,1.0,0.033,1.0,0.375,1.0,C,1.0,1.0,1.0,0.375,1.0,0.015,0.0,0.0,0.0,0.0,0.0,0.0,0.0,0.024,0.535,0.0,0.427,0.015,kanıt yetersiz,0,0,1,0,0,0,,
c5_88,28.81951,41.2301,0.423,0.12,0.836,0.349,0.456,C,0.435,0.456,0.39,0.349,0.369,0.091,0.0,0.0,0.0,0.001,0.0,0.176,0.0,0.057,0.0,0.06,0.615,0.268,puan,493,0,1,0,0,0,0.0,48.4
c5_89,28.81951,41.23459,1.0,0.818,1.0,0.676,1.0,C,1.0,1.0,1.0,0.676,1.0,0.178,0.0,0.0,0.0,0.0,0.0,0.0,0.0,0.085,0.698,0.0,0.04,0.178,puan,1525,0,3,0,0,0,0.0,94.5
c5_90,28.81951,41.23908,,0.0,1.0,,,C,,,,0.0,0.125,0.0,0.0,0.0,0.0,0.0,0.0,0.0,0.0,0.055,0.866,0.005,0.074,0.0,kanıt yetersiz,998,0,3,0,0,0,0.0,
c5_91,28.81951,41.24357,,,,,,C,,,,,,0.0,0.0,0.0,0.0,0.0,0.0,0.0,0.0,0.0,1.0,0.0,0.0,0.0,kanıt yetersiz,0,0,1,0,0,0,,
c5_92,28.81951,41.24806,1.0,0.284,1.0,0.661,1.0,C,1.0,1.0,1.0,0.661,1.0,0.058,0.0,0.0,0.0,0.0,0.0,0.0,0.0,0.03,0.766,0.0,0.146,0.058,kanıt yetersiz,0,0,1,0,0,0,,
c5_93,28.81951,41.25255,1.0,0.269,1.0,0.453,1.0,C,1.0,1.0,1.0,0.453,1.0,0.026,0.0,0.0,0.0,0.0,0.0,0.0,0.0,0.032,0.871,0.0,0.071,0.026,kanıt yetersiz,0,0,1,0,0,0,,
c5_94,28.81951,41.25704,1.0,0.264,1.0,0.43,1.0,C,1.0,1.0,1.0,0.43,1.0,0.032,0.0,0.0,0.0,0.0,0.0,0.0,0.0,0.043,0.834,0.0,0.09,0.032,kanıt yetersiz,0,0,1,0,0,0,,
c5_95,28.81951,41.26153,,0.0,1.0,,,C,,,,0.0,,0.0,0.0,0.0,0.0,0.0,0.0,0.0,0.0,0.005,0.237,0.0,0.758,0.0,kanıt yetersiz,0,0,1,0,0,0,,
c6_88,28.82546,41.2301,0.319,0.138,0.706,0.237,0.358,C,0.333,0.358,0.28,0.237,0.294,0.069,0.0,0.0,0.0,0.01,0.0,0.234,0.0,0.108,0.167,0.046,0.366,0.314,puan,1181,0,2,0,0,0,0.0,25.5
c6_89,28.82546,41.23459,1.0,0.995,1.0,0.941,1.0,A,1.0,1.0,1.0,0.941,0.995,0.032,0.0,0.0,0.0,0.0,0.0,0.0,0.0,0.002,0.966,0.0,0.0,0.032,kanıt yetersiz,0,0,1,0,0,0,,
c6_90,28.82546,41.23908,1.0,0.148,1.0,0.118,1.0,C,1.0,1.0,1.0,0.118,0.988,0.008,0.0,0.0,0.0,0.0,0.0,0.0,0.0,0.056,0.893,0.0,0.043,0.008,kanıt yetersiz,997,0,3,0,0,0,0.0,
c6_91,28.82546,41.24357,,,,,,C,,,,,,0.0,0.0,0.0,0.0,0.0,0.0,0.0,0.0,0.0,1.0,0.0,0.0,0.0,kanıt yetersiz,0,0,1,0,0,0,,
c6_92,28.82546,41.24806,1.0,0.532,1.0,0.757,1.0,C,1.0,1.0,1.0,0.757,1.0,0.057,0.0,0.0,0.0,0.0,0.0,0.0,0.0,0.018,0.875,0.0,0.05,0.057,kanıt yetersiz,0,0,1,0,0,0,,
c6_93,28.82546,41.25255,1.0,0.267,1.0,0.478,1.0,C,1.0,1.0,1.0,0.478,1.0,0.004,0.0,0.0,0.0,0.0,0.0,0.0,0.0,0.005,0.979,0.0,0.012,0.004,kanıt yetersiz,0,0,1,0,0,0,,
c6_94,28.82546,41.25704,1.0,0.111,1.0,0.4,1.0,C,1.0,1.0,1.0,0.4,1.0,0.008,0.0,0.0,0.0,0.0,0.0,0.0,0.0,0.012,0.912,0.0,0.067,0.008,kanıt yetersiz,0,0,1,0,0,0,,
c6_95,28.82546,41.26153,,0.0,1.0,,,C,,,,0.0,,0.0,0.0,0.0,0.0,0.0,0.0,0.0,0.0,0.005,0.572,0.0,0.422,0.0,kanıt yetersiz,0,0,1,0,0,0,,
c7_88,28.83141,41.2301,1.0,0.144,1.0,0.202,1.0,C,1.0,1.0,1.0,0.202,0.972,0.02,0.0,0.0,0.0,0.0,0.0,0.0,0.0,0.08,0.781,0.001,0.119,0.02,kanıt yetersiz,1179,0,2,0,0,0,0.0,
c7_89,28.83141,41.23459,,0.0,1.0,,,C,,,,0.0,,0.0,0.0,0.0,0.0,0.0,0.0,0.0,0.0,0.0,0.999,0.0,0.001,0.0,kanıt yetersiz,10,0,2,0,0,0,,
c7_90,28.83141,41.23908,,0.0,1.0,,,C,,,,0.0,0.125,0.0,0.0,0.0,0.0,0.0,0.0,0.0,0.0,0.063,0.892,0.0,0.045,0.0,kanıt yetersiz,1332,0,3,0,0,0,0.0,
c7_91,28.83141,41.24357,,,,,,C,,,,,,0.0,0.0,0.0,0.0,0.0,0.0,0.0,0.0,0.0,1.0,0.0,0.0,0.0,kanıt yetersiz,0,0,1,0,0,0,,
c7_92,28.83141,41.24806,,,,,,C,,,,,,0.0,0.0,0.0,0.0,0.0,0.0,0.0,0.0,0.0,1.0,0.0,0.0,0.0,kanıt yetersiz,0,0,1,0,0,0,,
c7_93,28.83141,41.25255,1.0,0.281,1.0,0.759,1.0,C,1.0,1.0,1.0,0.759,1.0,0.068,0.0,0.0,0.0,0.0,0.0,0.0,0.0,0.022,0.737,0.0,0.173,0.068,kanıt yetersiz,0,0,1,0,0,0,,
c7_94,28.83141,41.25704,1.0,0.016,1.0,0.313,1.0,C,1.0,1.0,1.0,0.313,1.0,0.009,0.0,0.0,0.0,0.0,0.0,0.0,0.0,0.02,0.387,0.0,0.584,0.009,kanıt yetersiz,0,0,1,0,0,0,,
c7_95,28.83141,41.26153,1.0,0.001,1.0,0.4,1.0,C,1.0,1.0,1.0,0.4,1.0,0.001,0.0,0.0,0.0,0.0,0.0,0.0,0.0,0.001,0.0,0.0,0.999,0.001,kanıt yetersiz,0,0,2,0,0,0,,
c0_96,28.78976,41.26602,1.0,0.004,1.0,0.399,1.0,C,1.0,1.0,1.0,0.399,1.0,0.001,0.0,0.0,0.0,0.0,0.0,0.0,0.0,0.001,0.784,0.0,0.214,0.001,kanıt yetersiz,0,0,1,0,0,0,,
c0_97,28.78975,41.27051,,0.0,1.0,,,C,,,,0.0,,0.0,0.0,0.0,0.0,0.0,0.0,0.0,0.0,0.004,0.005,0.0,0.991,0.0,kanıt yetersiz,0,0,3,0,0,0,,
c0_98,28.78975,41.275,,0.0,1.0,,,C,,,,0.0,,0.0,0.0,0.0,0.0,0.0,0.0,0.0,0.0,0.006,0.0,0.0,0.994,0.0,kanıt yetersiz,0,0,1,0,0,0,,
c0_99,28.78975,41.27949,,0.0,1.0,,,C,,,,,,0.0,0.0,0.0,0.0,0.0,0.0,0.0,0.0,0.0,0.0,0.0,1.0,0.0,kanıt yetersiz,0,0,1,0,0,0,,
c0_100,28.78975,41.28398,,0.0,1.0,,,C,,,,0.0,,0.0,0.0,0.0,0.0,0.0,0.0,0.0,0.0,0.002,0.0,0.0,0.998,0.0,kanıt yetersiz,0,0,1,0,0,0,,
c0_101,28.78976,41.28847,,0.0,1.0,,,C,,,,0.0,,0.0,0.0,0.0,0.0,0.0,0.0,0.0,0.0,0.002,0.0,0.0,0.998,0.0,kanıt yetersiz,0,0,1,0,0,0,,
c1_96,28.79571,41.26602,0.0,0.0,0.994,0.0,0.0,C,0.0,0.0,0.0,0.0,0.0,0.0,0.0,0.0,0.0,0.0,0.002,0.0,0.0,0.003,0.656,0.0,0.338,0.002,kanıt yetersiz,0,0,1,0,0,0,,
c1_97,28.79571,41.27051,,0.0,1.0,,,C,,,,0.0,,0.0,0.0,0.0,0.0,0.0,0.0,0.0,0.0,0.012,0.0,0.0,0.988,0.0,kanıt yetersiz,0,0,1,0,0,0,,
c1_98,28.79571,41.275,,0.0,1.0,,,C,,,,,,0.0,0.0,0.0,0.0,0.0,0.0,0.0,0.0,0.0,0.0,0.0,1.0,0.0,kanıt yetersiz,0,0,1,0,0,0,,
c1_99,28.79571,41.27949,,0.0,1.0,,,C,,,,,,0.0,0.0,0.0,0.0,0.0,0.0,0.0,0.0,0.0,0.0,0.0,1.0,0.0,kanıt yetersiz,0,0,1,0,0,0,,
c1_100,28.79571,41.28398,,0.0,1.0,,,C,,,,0.0,,0.0,0.0,0.0,0.0,0.0,0.0,0.0,0.0,0.006,0.0,0.0,0.994,0.0,kanıt yetersiz,0,0,1,0,0,0,,
c1_101,28.79571,41.28847,,0.0,1.0,,,C,,,,0.0,,0.0,0.0,0.0,0.0,0.0,0.0,0.0,0.0,0.005,0.0,0.0,0.995,0.0,kanıt yetersiz,0,0,1,0,0,0,,
c2_96,28.80166,41.26602,0.933,0.014,0.999,0.51,0.933,C,0.933,0.933,0.933,0.51,0.933,0.013,0.0,0.0,0.0,0.0,0.001,0.0,0.0,0.012,0.032,0.0,0.942,0.014,kanıt yetersiz,0,0,1,0,0,0,,
c2_97,28.80166,41.27051,,0.0,1.0,,,C,,,,0.0,,0.0,0.0,0.0,0.0,0.0,0.0,0.0,0.0,0.009,0.0,0.0,0.991,0.0,kanıt yetersiz,0,0,1,0,0,0,,
c2_98,28.80166,41.275,1.0,0.004,1.0,0.265,1.0,C,1.0,1.0,1.0,0.265,1.0,0.004,0.0,0.0,0.0,0.0,0.0,0.0,0.0,0.012,0.0,0.0,0.984,0.004,kanıt yetersiz,0,0,1,0,0,0,,
c2_99,28.80166,41.27949,1.0,0.008,1.0,0.407,1.0,C,1.0,1.0,1.0,0.407,0.948,0.007,0.0,0.0,0.0,0.0,0.0,0.0,0.0,0.011,0.0,0.0,0.981,0.007,kanıt yetersiz,0,0,1,0,0,0,,
c2_100,28.80166,41.28398,,0.0,1.0,,,C,,,,,,0.0,0.0,0.0,0.0,0.0,0.0,0.0,0.0,0.0,0.0,0.0,1.0,0.0,kanıt yetersiz,0,0,1,0,0,0,,
c2_101,28.80166,41.28847,,0.0,1.0,,,C,,,,0.0,,0.0,0.0,0.0,0.0,0.0,0.0,0.0,0.0,0.009,0.0,0.0,0.991,0.0,kanıt yetersiz,0,0,1,0,0,0,,
c3_96,28.80761,41.26602,,0.0,1.0,,,C,,,,,,0.0,0.0,0.0,0.0,0.0,0.0,0.0,0.0,0.0,0.081,0.0,0.919,0.0,kanıt yetersiz,0,0,1,0,0,0,,
c3_97,28.80761,41.27051,,0.0,1.0,,,C,,,,,,0.0,0.0,0.0,0.0,0.0,0.0,0.0,0.0,0.0,0.1,0.0,0.9,0.0,kanıt yetersiz,0,0,1,0,0,0,,
c3_98,28.80761,41.275,0.324,0.024,0.95,0.241,0.363,C,0.338,0.363,0.286,0.241,0.283,0.016,0.0,0.0,0.0,0.001,0.0,0.055,0.0,0.025,0.0,0.019,0.884,0.072,kanıt yetersiz,0,0,1,0,0,0,,
c3_99,28.80761,41.27949,0.229,0.096,0.675,0.181,0.276,C,0.243,0.276,0.181,0.194,0.211,0.043,0.0,0.0,0.007,0.001,0.0,0.34,0.0,0.071,0.0,0.079,0.458,0.392,puan,0,0,1,0,0,0,,14.6
c3_100,28.80761,41.28398,0.249,0.042,0.872,0.203,0.293,C,0.265,0.293,0.205,0.203,0.227,0.022,0.0,0.001,0.001,0.0,0.0,0.139,0.0,0.037,0.0,0.035,0.764,0.164,puan,0,0,1,0,0,0,,16.1
c3_101,28.80761,41.28847,0.952,0.016,0.999,0.401,0.969,C,0.948,0.969,0.934,0.401,0.628,0.015,0.0,0.0,0.001,0.0,0.0,0.0,0.0,0.023,0.0,0.011,0.95,0.017,kanıt yetersiz,0,0,1,0,0,0,,
c4_96,28.81356,41.26602,1.0,0.02,1.0,0.332,1.0,C,1.0,1.0,1.0,0.332,0.627,0.014,0.0,0.0,0.0,0.0,0.0,0.0,0.0,0.027,0.308,0.01,0.641,0.014,kanıt yetersiz,0,0,1,0,0,0,,
c4_97,28.81356,41.27051,1.0,0.013,1.0,0.332,1.0,C,1.0,1.0,1.0,0.332,0.373,0.008,0.0,0.0,0.0,0.0,0.0,0.0,0.0,0.015,0.394,0.019,0.564,0.008,kanıt yetersiz,0,0,1,0,0,0,,
c4_98,28.81356,41.275,0.788,0.193,0.948,0.652,0.801,C,0.793,0.801,0.776,0.652,0.697,0.177,0.0,0.0,0.0,0.0,0.0,0.056,0.0,0.049,0.0,0.037,0.681,0.233,puan,0,0,1,0,0,0,,82.6
c4_99,28.81356,41.27949,0.354,0.066,0.879,0.267,0.391,C,0.371,0.391,0.317,0.267,0.317,0.043,0.0,0.003,0.0,0.0,0.0,0.12,0.0,0.054,0.06,0.032,0.688,0.166,puan,0,0,1,0,0,0,,33.2
c4_100,28.81356,41.28398,0.402,0.01,0.984,0.232,0.436,C,0.414,0.436,0.367,0.232,0.381,0.008,0.0,0.0,0.0,0.0,0.0,0.017,0.0,0.019,0.002,0.002,0.952,0.026,kanıt yetersiz,0,0,1,0,0,0,,
c4_101,28.81356,41.28847,1.0,0.011,1.0,0.386,1.0,C,1.0,1.0,1.0,0.386,0.484,0.011,0.0,0.0,0.0,0.0,0.0,0.0,0.0,0.017,0.0,0.016,0.956,0.011,kanıt yetersiz,0,0,1,0,0,0,,
c5_96,28.81951,41.26602,,0.0,1.0,,,C,,,,0.0,,0.0,0.0,0.0,0.0,0.0,0.0,0.0,0.0,0.002,0.03,0.0,0.968,0.0,kanıt yetersiz,0,0,1,0,0,0,,
c5_97,28.81951,41.27051,1.0,0.012,1.0,0.26,1.0,C,1.0,1.0,1.0,0.313,0.26,0.012,0.0,0.0,0.0,0.0,0.0,0.0,0.0,0.026,0.0,0.065,0.897,0.012,kanıt yetersiz,0,0,1,0,0,0,,
c5_98,28.81951,41.275,1.0,0.051,1.0,0.822,1.0,C,1.0,1.0,1.0,0.822,0.998,0.051,0.0,0.0,0.0,0.0,0.0,0.0,0.0,0.011,0.0,0.0,0.938,0.051,kanıt yetersiz,0,0,1,0,0,0,,
c5_99,28.81951,41.27949,1.0,0.003,1.0,0.4,1.0,C,1.0,1.0,1.0,0.4,0.949,0.003,0.0,0.0,0.0,0.0,0.0,0.0,0.0,0.004,0.0,0.0,0.993,0.003,kanıt yetersiz,0,0,1,0,0,0,,
c5_100,28.81951,41.28398,1.0,0.007,1.0,0.4,1.0,C,1.0,1.0,1.0,0.4,0.832,0.007,0.0,0.0,0.0,0.0,0.0,0.0,0.0,0.01,0.0,0.002,0.982,0.007,kanıt yetersiz,0,0,1,0,0,0,,
c5_101,28.81951,41.28847,1.0,0.013,1.0,0.385,1.0,C,1.0,1.0,1.0,0.385,0.761,0.013,0.0,0.0,0.0,0.0,0.0,0.0,0.0,0.02,0.0,0.005,0.963,0.013,kanıt yetersiz,0,0,1,0,0,0,,
c6_96,28.82546,41.26602,,0.0,1.0,,,C,,,,0.0,,0.0,0.0,0.0,0.0,0.0,0.0,0.0,0.0,0.007,0.407,0.0,0.586,0.0,kanıt yetersiz,0,0,1,0,0,0,,
c6_97,28.82546,41.27051,1.0,0.011,1.0,0.403,1.0,C,1.0,1.0,1.0,0.403,1.0,0.008,0.0,0.0,0.0,0.0,0.0,0.0,0.0,0.012,0.239,0.0,0.741,0.008,kanıt yetersiz,0,0,1,0,0,0,,
c6_98,28.82546,41.275,1.0,0.004,1.0,0.4,1.0,C,1.0,1.0,1.0,0.4,1.0,0.004,0.0,0.0,0.0,0.0,0.0,0.0,0.0,0.006,0.0,0.0,0.99,0.004,kanıt yetersiz,0,0,1,0,0,0,,
c6_99,28.82546,41.27949,1.0,0.004,1.0,0.4,1.0,C,1.0,1.0,1.0,0.4,0.982,0.004,0.0,0.0,0.0,0.0,0.0,0.0,0.0,0.007,0.0,0.0,0.989,0.004,kanıt yetersiz,0,0,1,0,0,0,,
c6_100,28.82546,41.28398,,0.0,1.0,,,C,,,,,,0.0,0.0,0.0,0.0,0.0,0.0,0.0,0.0,0.0,0.0,0.0,1.0,0.0,kanıt yetersiz,0,0,1,0,0,0,,
c6_101,28.82546,41.28847,1.0,0.016,1.0,0.847,1.0,C,1.0,1.0,1.0,0.847,0.99,0.002,0.0,0.0,0.0,0.0,0.0,0.0,0.014,0.003,0.0,0.0,0.981,0.016,kanıt yetersiz,0,0,1,0,0,0,,
c7_96,28.83141,41.26602,,0.0,1.0,,,C,,,,,,0.0,0.0,0.0,0.0,0.0,0.0,0.0,0.0,0.0,0.0,0.0,1.0,0.0,kanıt yetersiz,0,0,3,0,0,0,,
c7_97,28.83141,41.27051,1.0,0.019,1.0,0.401,1.0,C,1.0,1.0,1.0,0.401,0.993,0.019,0.0,0.0,0.0,0.0,0.0,0.0,0.0,0.028,0.0,0.0,0.953,0.019,kanıt yetersiz,0,0,1,0,0,0,,
c7_98,28.83141,41.275,1.0,0.015,1.0,0.4,1.0,C,1.0,1.0,1.0,0.4,1.0,0.015,0.0,0.0,0.0,0.0,0.0,0.0,0.0,0.022,0.0,0.0,0.963,0.015,kanıt yetersiz,0,0,1,0,0,0,,
c7_99,28.83141,41.27949,1.0,0.011,1.0,0.402,1.0,C,1.0,1.0,1.0,0.402,0.869,0.011,0.0,0.0,0.0,0.0,0.0,0.0,0.0,0.016,0.0,0.002,0.971,0.011,kanıt yetersiz,0,0,1,0,0,0,,
c7_100,28.83141,41.28398,,0.0,1.0,,,C,,,,,,0.0,0.0,0.0,0.0,0.0,0.0,0.0,0.0,0.0,0.0,0.0,1.0,0.0,kanıt yetersiz,0,0,1,0,0,0,,
c7_101,28.83141,41.28847,1.0,0.102,1.0,0.998,1.0,C,1.0,1.0,1.0,1.0,0.998,0.0,0.0,0.0,0.0,0.0,0.0,0.0,0.102,0.0,0.0,0.0,0.897,0.102,puan,0,0,1,0,0,0,,94.5
c0_30,28.78975,40.96968,0.872,0.645,0.905,0.814,0.891,B,0.891,0.881,0.863,0.814,0.855,0.526,0.0,0.073,0.012,0.0,0.038,0.0,0.052,0.05,0.0,0.017,0.231,0.702,puan,0,722,2,1,0,1,1.4,86.5
c0_31,28.78975,40.97417,0.788,0.532,0.857,0.715,0.805,B,0.805,0.803,0.773,0.715,0.776,0.461,0.0,0.053,0.014,0.078,0.026,0.0,0.0,0.065,0.0,0.011,0.293,0.632,puan,0,929,1,4,3,1,4.3,82.6
c1_29,28.79571,40.96519,0.75,0.617,0.794,0.685,0.816,B,0.73,0.816,0.685,0.691,0.748,0.326,0.0,0.009,0.247,0.011,0.053,0.0,0.122,0.066,0.0,0.003,0.162,0.769,puan,0,586,2,0,0,0,0.0,80.9
c1_30,28.79571,40.96968,0.725,0.386,0.854,0.603,0.754,C,0.724,0.754,0.697,0.603,0.624,0.3,0.002,0.008,0.051,0.062,0.047,0.0,0.012,0.097,0.0,0.097,0.325,0.48,puan,0,1698,3,3,2,1,1.8,79.1
c1_31,28.79571,40.97417,0.435,0.216,0.719,0.344,0.504,C,0.463,0.504,0.367,0.344,0.397,0.097,0.002,0.074,0.086,0.181,0.0,0.0,0.0,0.116,0.0,0.062,0.382,0.439,puan,0,0,1,0,0,0,,50.5
c2_29,28.80166,40.96519,0.749,0.381,0.872,0.615,0.792,C,0.741,0.792,0.706,0.615,0.643,0.266,0.0,0.011,0.089,0.025,0.042,0.0,0.026,0.1,0.0,0.094,0.348,0.458,puan,0,1574,1,4,4,0,2.5,80.7
c2_30,28.80166,40.96968,0.723,0.265,0.898,0.512,0.759,C,0.729,0.759,0.687,0.575,0.512,0.208,0.001,0.016,0.037,0.065,0.0,0.008,0.0,0.086,0.0,0.182,0.396,0.336,puan,0,0,1,0,0,0,,78.9
c2_31,28.80166,40.97417,0.439,0.25,0.681,0.37,0.544,C,0.544,0.508,0.37,0.381,0.379,0.063,0.0,0.307,0.088,0.047,0.0,0.019,0.0,0.079,0.0,0.123,0.275,0.524,puan,0,0,1,0,0,0,,51.1
c3_28,28.80761,40.9607,0.955,0.934,0.956,0.942,0.964,A,0.964,0.962,0.948,0.955,0.942,0.863,0.0,0.054,0.02,0.001,0.0,0.0,0.041,0.0,0.0,0.016,0.006,0.978,puan,0,0,1,0,0,0,,90.0
c3_29,28.80761,40.96519,0.483,0.448,0.52,0.431,0.483,A,0.483,0.483,0.483,0.431,0.482,0.403,0.0,0.0,0.0,0.0,0.432,0.0,0.0,0.099,0.0,0.002,0.064,0.835,puan,1838,1706,3,0,0,0,0.0,57.2
c3_30,28.80761,40.96968,0.443,0.341,0.572,0.275,0.611,C,0.384,0.611,0.275,0.404,0.443,0.017,0.0,0.0,0.6,0.0,0.098,0.0,0.0,0.069,0.0,0.0,0.215,0.716,puan,1097,0,3,0,0,0,0.0,52.0
c3_31,28.80761,40.97417,0.918,0.756,0.932,0.862,0.942,A,0.91,0.942,0.893,0.862,0.885,0.669,0.0,0.002,0.095,0.002,0.013,0.0,0.0,0.051,0.0,0.033,0.134,0.782,puan,1102,0,2,0,0,0,0.0,88.5
c4_27,28.81356,40.95621,0.851,0.632,0.89,0.789,0.861,B,0.855,0.861,0.842,0.791,0.789,0.517,0.0,0.004,0.004,0.017,0.002,0.095,0.064,0.053,0.0,0.066,0.178,0.703,puan,0,0,1,0,0,0,,85.7
c4_28,28.81356,40.9607,0.737,0.538,0.808,0.669,0.772,B,0.74,0.772,0.701,0.696,0.669,0.446,0.002,0.026,0.081,0.019,0.0,0.126,0.0,0.041,0.0,0.087,0.172,0.7,puan,0,0,1,0,0,0,,80.0
c4_29,28.81356,40.96519,0.129,0.124,0.164,0.117,0.136,A,0.128,0.136,0.123,0.117,0.129,0.097,0.0,0.005,0.026,0.003,0.737,0.005,0.0,0.091,0.0,0.0,0.036,0.873,puan,1158,2014,3,0,0,0,0.0,9.9
c4_30,28.81356,40.96968,0.053,0.046,0.172,0.037,0.068,A,0.052,0.068,0.037,0.052,0.054,0.007,0.0,0.02,0.062,0.0,0.773,0.0,0.0,0.014,0.0,0.011,0.113,0.862,puan,0,0,1,0,0,0,,7.8
c4_31,28.81356,40.97417,0.273,0.235,0.375,0.266,0.285,A,0.285,0.28,0.267,0.266,0.267,0.201,0.0,0.056,0.013,0.0,0.568,0.0,0.0,0.024,0.0,0.035,0.102,0.839,puan,0,0,1,0,0,0,,18.8
c5_27,28.81951,40.95621,0.694,0.375,0.834,0.585,0.735,C,0.701,0.735,0.653,0.585,0.603,0.208,0.0,0.031,0.065,0.086,0.004,0.022,0.075,0.092,0.0,0.093,0.324,0.491,puan,0,0,1,0,0,0,,77.3
c5_28,28.81951,40.9607,0.45,0.194,0.763,0.333,0.519,C,0.452,0.519,0.381,0.333,0.358,0.099,0.0,0.018,0.084,0.069,0.01,0.094,0.0,0.131,0.0,0.148,0.346,0.374,puan,58,398,1,0,0,0,0.0,53.1
c5_29,28.81951,40.96519,0.08,0.077,0.11,0.074,0.081,A,0.08,0.081,0.079,0.074,0.08,0.069,0.0,0.0,0.0,0.016,0.811,0.002,0.0,0.07,0.0,0.001,0.03,0.899,puan,1573,1241,4,3,3,0,1.1,8.7
c5_30,28.81951,40.96968,0.0,0.0,0.0,0.0,0.0,A,0.0,0.0,0.0,0.0,0.0,0.0,0.0,0.0,0.0,0.0,1.0,0.0,0.0,0.0,0.0,0.0,0.0,1.0,puan,0,0,1,0,0,0,,0.0
c5_31,28.81951,40.97417,0.0,0.0,0.0,0.0,0.0,A,0.0,0.0,0.0,0.0,0.0,0.0,0.0,0.0,0.001,0.0,0.984,0.0,0.0,0.015,0.0,0.0,0.0,0.985,puan,0,0,1,0,0,0,,0.0
c6_27,28.82546,40.95621,0.924,0.614,0.95,0.832,0.944,B,0.924,0.944,0.905,0.832,0.868,0.361,0.0,0.018,0.052,0.011,0.0,0.0,0.177,0.069,0.0,0.047,0.266,0.618,puan,0,0,2,0,0,0,,88.7
c6_28,28.82546,40.9607,0.569,0.209,0.841,0.397,0.651,C,0.553,0.651,0.486,0.397,0.425,0.111,0.0,0.016,0.121,0.026,0.044,0.0,0.0,0.137,0.0,0.152,0.394,0.317,puan,182,1654,3,3,1,2,1.6,68.0
c6_29,28.82546,40.96519,0.01,0.01,0.045,0.009,0.011,A,0.011,0.011,0.009,0.01,0.01,0.006,0.0,0.006,0.003,0.0,0.905,0.0,0.0,0.047,0.0,0.0,0.034,0.92,puan,840,0,2,5,5,0,6.0,6.2
c6_30,28.82546,40.96968,0.0,0.0,0.0,0.0,0.0,A,0.0,0.0,0.0,0.0,0.0,0.0,0.0,0.0,0.0,0.0,1.0,0.0,0.0,0.0,0.0,0.0,0.0,1.0,puan,0,0,1,0,0,0,,0.0
c6_31,28.82546,40.97417,0.0,0.0,0.0,0.0,0.0,A,0.0,0.0,0.0,0.0,0.0,0.0,0.0,0.0,0.0,0.0,0.989,0.0,0.0,0.011,0.0,0.0,0.0,0.989,puan,0,0,1,0,0,0,,0.0
c7_27,28.83141,40.95621,0.922,0.575,0.951,0.799,0.939,B,0.922,0.939,0.905,0.799,0.836,0.441,0.0,0.012,0.042,0.015,0.003,0.0,0.057,0.088,0.0,0.069,0.274,0.569,puan,0,0,1,0,0,0,,88.7
c7_28,28.83141,40.9607,0.493,0.172,0.823,0.338,0.552,C,0.493,0.552,0.434,0.338,0.368,0.101,0.001,0.01,0.06,0.105,0.024,0.0,0.0,0.138,0.0,0.156,0.405,0.301,puan,0,1089,2,0,0,0,0.0,58.5
c7_29,28.83141,40.96519,0.108,0.092,0.242,0.095,0.11,A,0.107,0.11,0.106,0.095,0.108,0.078,0.0,0.0,0.008,0.005,0.671,0.0,0.0,0.103,0.0,0.019,0.116,0.762,puan,2360,480,5,7,7,0,2.5,9.6
c7_30,28.83141,40.96968,0.014,0.014,0.023,0.014,0.014,A,0.014,0.014,0.014,0.014,0.014,0.014,0.0,0.0,0.0,0.0,0.955,0.0,0.0,0.022,0.0,0.0,0.009,0.969,puan,357,0,1,1,1,0,2.8,6.4
c7_31,28.83141,40.97417,0.0,0.0,0.001,0.0,0.0,A,0.0,0.0,0.0,0.0,0.0,0.0,0.0,0.0,0.0,0.0,0.993,0.0,0.0,0.006,0.0,0.001,0.0,0.993,puan,0,0,1,0,0,0,,0.0
c0_32,28.78975,40.97866,0.934,0.818,0.942,0.91,0.944,A,0.944,0.943,0.925,0.916,0.91,0.772,0.0,0.052,0.023,0.015,0.0,0.0,0.0,0.017,0.0,0.026,0.096,0.861,puan,0,0,1,0,0,0,,89.2
c0_33,28.78975,40.98315,0.623,0.282,0.83,0.499,0.661,C,0.627,0.661,0.585,0.499,0.557,0.213,0.001,0.005,0.038,0.129,0.0,0.02,0.0,0.101,0.0,0.062,0.43,0.406,puan,0,0,1,0,0,0,,72.8
c0_34,28.78975,40.98764,0.766,0.339,0.896,0.464,0.817,C,0.771,0.817,0.715,0.464,0.595,0.211,0.001,0.032,0.073,0.027,0.0,0.0,0.0,0.224,0.0,0.125,0.307,0.344,puan,2994,0,4,1,0,1,0.3,81.7
c0_35,28.78975,40.99213,0.59,0.265,0.816,0.402,0.668,C,0.579,0.668,0.512,0.402,0.441,0.143,0.002,0.011,0.116,0.099,0.0,0.0,0.0,0.173,0.0,0.174,0.281,0.371,puan,625,0,3,0,0,0,0.0,69.9
c0_36,28.78975,40.99662,0.647,0.195,0.894,0.353,0.712,C,0.638,0.712,0.582,0.366,0.353,0.117,0.002,0.005,0.063,0.058,0.0,0.0,0.0,0.188,0.0,0.315,0.252,0.245,puan,0,0,1,0,0,0,,74.0
c0_37,28.78975,41.00111,0.462,0.226,0.737,0.336,0.541,C,0.479,0.541,0.384,0.336,0.343,0.097,0.009,0.047,0.107,0.154,0.0,0.0,0.0,0.156,0.0,0.226,0.205,0.413,puan,0,0,1,0,0,0,,54.5
c0_38,28.78975,41.0056,0.644,0.222,0.877,0.4,0.709,C,0.643,0.709,0.579,0.4,0.447,0.134,0.007,0.01,0.07,0.065,0.0,0.0,0.0,0.174,0.0,0.175,0.367,0.285,puan,0,0,1,0,0,0,,74.0
c0_39,28.78975,41.01009,0.281,0.194,0.505,0.235,0.322,B,0.287,0.322,0.241,0.235,0.25,0.108,0.0,0.004,0.044,0.266,0.136,0.048,0.0,0.12,0.0,0.152,0.122,0.606,puan,0,0,1,0,0,0,,19.9
c1_32,28.79571,40.97866,0.444,0.189,0.764,0.348,0.509,C,0.452,0.509,0.38,0.348,0.393,0.101,0.0,0.023,0.072,0.175,0.003,0.005,0.0,0.105,0.0,0.073,0.442,0.38,puan,0,0,1,0,0,0,,52.3
c1_33,28.79571,40.98315,0.491,0.135,0.86,0.361,0.58,C,0.475,0.58,0.402,0.361,0.393,0.067,0.0,0.003,0.087,0.093,0.0,0.0,0.0,0.09,0.0,0.092,0.567,0.251,puan,0,0,1,0,0,0,,58.2
c1_34,28.79571,40.98764,0.573,0.277,0.794,0.415,0.66,C,0.581,0.66,0.487,0.415,0.51,0.135,0.026,0.023,0.133,0.08,0.0,0.011,0.0,0.156,0.0,0.067,0.37,0.407,puan,2337,0,5,11,10,1,4.7,68.3
c1_35,28.79571,40.99213,0.563,0.356,0.724,0.431,0.661,C,0.589,0.661,0.466,0.431,0.534,0.15,0.097,0.003,0.177,0.102,0.0,0.0,0.0,0.163,0.0,0.037,0.271,0.528,puan,2364,0,5,0,0,0,0.0,67.4
c1_36,28.79571,40.99662,0.493,0.329,0.662,0.358,0.543,B,0.49,0.543,0.442,0.358,0.465,0.189,0.0,0.024,0.109,0.08,0.131,0.0,0.0,0.2,0.0,0.044,0.222,0.534,puan,3434,0,4,2,0,2,0.6,58.5
c1_37,28.79571,41.00111,0.532,0.326,0.713,0.41,0.645,C,0.503,0.645,0.42,0.41,0.475,0.127,0.004,0.01,0.27,0.063,0.043,0.0,0.0,0.155,0.0,0.085,0.242,0.518,puan,342,0,1,1,1,0,2.9,63.9
c1_38,28.79571,41.0056,0.581,0.309,0.777,0.422,0.704,C,0.554,0.704,0.458,0.422,0.53,0.115,0.001,0.025,0.254,0.029,0.0,0.021,0.0,0.167,0.0,0.056,0.333,0.444,puan,0,0,1,0,0,0,,69.0
c1_39,28.79571,41.01009,0.444,0.299,0.626,0.354,0.535,B,0.442,0.535,0.354,0.375,0.412,0.12,0.0,0.043,0.2,0.198,0.0,0.037,0.0,0.11,0.0,0.068,0.224,0.599,puan,0,0,1,0,0,0,,52.3
c2_32,28.80166,40.97866,0.465,0.152,0.825,0.322,0.532,C,0.509,0.532,0.398,0.322,0.39,0.066,0.001,0.075,0.054,0.086,0.003,0.0,0.0,0.126,0.0,0.081,0.507,0.285,puan,1060,0,2,2,2,0,1.9,55.0
c2_33,28.80166,40.98315,0.352,0.103,0.81,0.271,0.409,C,0.409,0.395,0.309,0.271,0.343,0.048,0.0,0.069,0.009,0.123,0.015,0.006,0.0,0.081,0.0,0.011,0.638,0.27,puan,1086,0,2,0,0,0,0.0,32.7
c2_34,28.80166,40.98764,0.316,0.147,0.681,0.257,0.351,C,0.341,0.351,0.28,0.257,0.289,0.085,0.0,0.045,0.018,0.094,0.093,0.087,0.0,0.096,0.0,0.067,0.416,0.421,puan,322,0,2,0,0,0,0.0,25.0
c2_35,28.80166,40.99213,0.279,0.137,0.646,0.26,0.287,C,0.279,0.287,0.27,0.271,0.26,0.125,0.0,0.0,0.009,0.043,0.307,0.0,0.0,0.013,0.0,0.067,0.436,0.484,puan,0,0,1,0,0,0,,19.5
c2_36,28.80166,40.99662,0.363,0.3,0.473,0.348,0.363,A,0.363,0.363,0.363,0.348,0.362,0.29,0.0,0.0,0.0,0.0,0.508,0.0,0.0,0.034,0.0,0.003,0.165,0.799,puan,468,0,3,1,0,1,2.1,35.4
c2_37,28.80166,41.00111,0.695,0.402,0.824,0.476,0.773,C,0.675,0.773,0.617,0.476,0.605,0.227,0.001,0.005,0.162,0.054,0.007,0.0,0.0,0.209,0.0,0.085,0.248,0.457,puan,2187,0,3,0,0,0,0.0,77.4
c2_38,28.80166,41.0056,0.607,0.233,0.849,0.386,0.695,C,0.586,0.695,0.519,0.386,0.429,0.121,0.002,0.001,0.119,0.071,0.0,0.0,0.0,0.179,0.0,0.184,0.322,0.315,puan,0,0,1,0,0,0,,71.2
c2_39,28.80166,41.01009,0.636,0.342,0.804,0.452,0.695,C,0.625,0.695,0.576,0.452,0.51,0.214,0.001,0.006,0.108,0.084,0.029,0.0,0.0,0.18,0.0,0.144,0.235,0.442,puan,0,0,1,0,0,0,,73.6
c3_32,28.80761,40.97866,1.0,0.958,1.0,0.99,1.0,A,1.0,1.0,1.0,0.993,0.99,0.952,0.0,0.0,0.0,0.0,0.0,0.0,0.0,0.007,0.0,0.011,0.03,0.952,puan,209,0,1,0,0,0,0.0,94.5
c3_33,28.80761,40.98315,0.999,0.999,0.999,0.999,0.999,A,0.999,0.999,0.999,0.999,0.999,0.999,0.0,0.0,0.0,0.001,0.0,0.0,0.0,0.0,0.0,0.0,0.0,1.0,puan,0,0,1,0,0,0,,93.8
c3_34,28.80761,40.98764,1.0,0.997,1.0,1.0,1.0,A,1.0,1.0,1.0,1.0,1.0,0.997,0.0,0.0,0.0,0.0,0.0,0.0,0.0,0.0,0.0,0.0,0.003,0.997,puan,0,0,1,0,0,0,,94.5
c3_35,28.80761,40.99213,0.999,0.99,0.999,0.993,0.999,A,0.999,0.999,0.998,0.999,0.993,0.989,0.0,0.0,0.002,0.0,0.0,0.0,0.0,0.0,0.0,0.006,0.002,0.991,puan,0,0,1,0,0,0,,93.8
c3_36,28.80761,40.99662,0.929,0.761,0.942,0.898,0.933,A,0.928,0.933,0.925,0.909,0.898,0.739,0.0,0.0,0.016,0.0,0.049,0.0,0.0,0.018,0.0,0.033,0.145,0.804,puan,0,0,1,0,0,0,,89.1
c3_37,28.80761,41.00111,0.817,0.49,0.89,0.588,0.845,C,0.811,0.845,0.788,0.588,0.744,0.362,0.0,0.003,0.056,0.031,0.017,0.018,0.0,0.189,0.0,0.057,0.268,0.486,puan,2451,0,3,1,0,1,0.4,84.1
c3_38,28.80761,41.0056,0.356,0.138,0.751,0.279,0.42,C,0.356,0.42,0.293,0.279,0.326,0.067,0.0,0.011,0.069,0.106,0.047,0.05,0.0,0.097,0.0,0.053,0.501,0.35,puan,205,0,3,1,1,0,4.9,33.7
c3_39,28.80761,41.01009,0.337,0.155,0.695,0.277,0.397,C,0.344,0.397,0.277,0.278,0.307,0.075,0.0,0.013,0.058,0.216,0.014,0.043,0.0,0.089,0.0,0.068,0.424,0.419,puan,336,0,2,0,0,0,0.0,29.0
c4_32,28.81356,40.97866,0.305,0.285,0.35,0.292,0.317,A,0.313,0.317,0.292,0.299,0.304,0.237,0.0,0.054,0.045,0.001,0.581,0.0,0.0,0.018,0.0,0.002,0.061,0.918,puan,0,0,1,0,0,0,,22.7
c4_33,28.81356,40.98315,0.284,0.271,0.317,0.275,0.312,A,0.312,0.293,0.275,0.279,0.284,0.212,0.0,0.135,0.003,0.013,0.573,0.0,0.0,0.018,0.0,0.001,0.044,0.937,puan,0,0,1,0,0,0,,20.1
c4_34,28.81356,40.98764,0.231,0.22,0.267,0.223,0.244,A,0.244,0.238,0.223,0.226,0.231,0.185,0.0,0.056,0.0,0.084,0.611,0.0,0.0,0.019,0.0,0.002,0.045,0.935,puan,0,0,1,0,0,0,,14.7
c4_35,28.81356,40.99213,0.258,0.196,0.437,0.243,0.274,B,0.26,0.274,0.243,0.244,0.257,0.155,0.0,0.017,0.044,0.034,0.476,0.0,0.0,0.042,0.003,0.006,0.224,0.726,puan,182,0,1,0,0,0,0.0,17.2
c4_36,28.81356,40.99662,0.577,0.404,0.704,0.463,0.577,B,0.577,0.577,0.577,0.463,0.577,0.281,0.0,0.0,0.0,0.0,0.205,0.0,0.0,0.12,0.187,0.0,0.208,0.486,puan,2903,0,3,0,0,0,0.0,68.7
c4_37,28.81356,41.00111,0.164,0.146,0.259,0.131,0.197,A,0.18,0.197,0.131,0.143,0.164,0.044,0.0,0.061,0.058,0.107,0.377,0.079,0.0,0.107,0.075,0.003,0.09,0.725,puan,1811,0,3,0,0,0,0.0,11.0
c4_38,28.81356,41.0056,0.333,0.244,0.512,0.24,0.426,B,0.324,0.426,0.24,0.274,0.333,0.049,0.0,0.058,0.26,0.065,0.189,0.01,0.0,0.137,0.0,0.002,0.23,0.632,puan,1894,0,3,1,0,1,0.5,28.3
c4_39,28.81356,41.01009,0.399,0.323,0.513,0.308,0.49,B,0.385,0.49,0.308,0.317,0.394,0.113,0.0,0.009,0.231,0.159,0.037,0.121,0.0,0.174,0.0,0.013,0.143,0.67,puan,4832,0,7,1,0,1,0.2,43.7
c5_32,28.81951,40.97866,0.297,0.297,0.297,0.187,0.408,C,0.268,0.408,0.187,0.279,0.297,0.009,0.0,0.043,0.508,0.0,0.379,0.0,0.0,0.061,0.0,0.0,0.0,0.939,puan,0,0,1,0,0,0,,21.6
c5_33,28.81951,40.98315,0.182,0.127,0.43,0.153,0.209,B,0.207,0.209,0.156,0.153,0.181,0.05,0.0,0.087,0.042,0.07,0.366,0.0,0.0,0.117,0.0,0.008,0.259,0.616,puan,1275,0,3,0,0,0,0.0,11.8
c5_34,28.81951,40.98764,0.199,0.177,0.29,0.147,0.252,B,0.225,0.252,0.147,0.173,0.199,0.032,0.0,0.087,0.073,0.437,0.151,0.0,0.0,0.12,0.0,0.002,0.098,0.78,puan,2000,0,2,1,1,0,0.5,12.7
c5_35,28.81951,40.99213,0.524,0.418,0.621,0.392,0.558,B,0.537,0.558,0.491,0.392,0.523,0.269,0.0,0.029,0.035,0.253,0.041,0.0,0.0,0.212,0.0,0.003,0.158,0.627,puan,5404,0,9,0,0,0,0.0,62.8
c5_36,28.81951,40.99662,0.289,0.194,0.523,0.242,0.298,B,0.298,0.294,0.285,0.242,0.283,0.158,0.0,0.028,0.006,0.0,0.401,0.0,0.0,0.115,0.003,0.024,0.265,0.593,puan,2217,0,2,0,0,0,0.0,20.5
c5_37,28.81951,41.00111,0.569,0.463,0.649,0.445,0.692,C,0.533,0.692,0.445,0.468,0.567,0.157,0.0,0.015,0.364,0.059,0.024,0.0,0.0,0.133,0.107,0.002,0.139,0.619,puan,1839,0,3,0,0,0,0.0,68.0
c5_38,28.81951,41.0056,0.312,0.297,0.346,0.22,0.405,B,0.293,0.405,0.22,0.29,0.306,0.072,0.0,0.002,0.327,0.28,0.163,0.042,0.0,0.068,0.0,0.032,0.013,0.887,puan,0,0,1,0,0,0,,24.0
c5_39,28.81951,41.01009,0.406,0.353,0.483,0.331,0.469,B,0.407,0.469,0.343,0.331,0.382,0.178,0.002,0.008,0.122,0.073,0.003,0.341,0.0,0.164,0.0,0.066,0.042,0.727,puan,952,0,3,0,0,0,0.0,44.8
c6_32,28.82546,40.97866,0.141,0.139,0.157,0.107,0.175,A,0.171,0.175,0.107,0.132,0.141,0.006,0.0,0.179,0.112,0.0,0.621,0.0,0.0,0.064,0.0,0.007,0.01,0.918,puan,0,0,1,0,0,0,,10.2
c6_33,28.82546,40.98315,0.486,0.197,0.792,0.333,0.528,C,0.528,0.51,0.462,0.333,0.454,0.128,0.0,0.073,0.011,0.047,0.084,0.0,0.0,0.158,0.0,0.034,0.467,0.342,puan,2471,0,5,4,3,1,1.6,57.7
c6_34,28.82546,40.98764,0.389,0.372,0.416,0.296,0.482,B,0.471,0.482,0.296,0.38,0.389,0.035,0.042,0.414,0.262,0.181,0.0,0.0,0.0,0.023,0.0,0.003,0.04,0.934,puan,147,0,1,2,2,0,13.6,41.5
c6_35,28.82546,40.99213,0.468,0.395,0.552,0.386,0.528,B,0.503,0.528,0.408,0.386,0.46,0.189,0.0,0.154,0.129,0.097,0.054,0.092,0.0,0.153,0.0,0.018,0.115,0.714,puan,2536,0,4,0,0,0,0.0,55.5
c6_36,28.82546,40.99662,0.464,0.444,0.487,0.423,0.496,A,0.473,0.496,0.431,0.423,0.459,0.322,0.002,0.047,0.077,0.195,0.21,0.023,0.0,0.084,0.001,0.013,0.027,0.876,puan,0,0,1,0,0,0,,54.9
c6_37,28.82546,41.00111,0.312,0.271,0.404,0.25,0.375,B,0.32,0.375,0.25,0.278,0.297,0.117,0.0,0.025,0.113,0.438,0.032,0.057,0.0,0.098,0.0,0.071,0.05,0.781,puan,0,0,1,0,0,0,,24.0
c6_38,28.82546,41.0056,0.311,0.277,0.388,0.243,0.379,B,0.316,0.379,0.243,0.268,0.291,0.106,0.003,0.012,0.129,0.405,0.0,0.123,0.0,0.125,0.0,0.097,0.001,0.778,puan,0,0,1,0,0,0,,23.8
c6_39,28.82546,41.01009,0.281,0.261,0.33,0.215,0.346,B,0.288,0.346,0.215,0.242,0.27,0.089,0.0,0.016,0.11,0.332,0.0,0.243,0.0,0.124,0.028,0.056,0.003,0.789,puan,0,0,1,0,0,0,,19.9
c7_32,28.83141,40.97866,0.035,0.03,0.17,0.022,0.048,A,0.04,0.048,0.022,0.034,0.035,0.0,0.0,0.009,0.012,0.162,0.653,0.0,0.0,0.029,0.0,0.0,0.135,0.835,puan,0,0,1,0,0,0,,7.2
c7_33,28.83141,40.98315,0.41,0.123,0.822,0.297,0.515,C,0.515,0.454,0.365,0.297,0.394,0.046,0.0,0.14,0.006,0.079,0.0,0.0,0.0,0.102,0.0,0.016,0.612,0.27,puan,1188,0,3,0,0,0,0.0,45.7
c7_34,28.83141,40.98764,0.441,0.269,0.658,0.343,0.538,B,0.493,0.538,0.343,0.401,0.439,0.059,0.0,0.22,0.202,0.096,0.0,0.0,0.0,0.056,0.0,0.002,0.365,0.577,puan,12,0,2,0,0,0,,51.7
c7_35,28.83141,40.99213,0.519,0.397,0.632,0.383,0.656,C,0.508,0.656,0.383,0.428,0.505,0.1,0.054,0.027,0.389,0.04,0.0,0.046,0.0,0.14,0.0,0.024,0.178,0.658,puan,2293,0,3,3,2,1,1.3,62.0
c7_36,28.83141,40.99662,0.353,0.301,0.447,0.291,0.415,B,0.368,0.415,0.291,0.311,0.342,0.131,0.0,0.083,0.139,0.269,0.103,0.041,0.0,0.103,0.0,0.036,0.095,0.766,puan,0,0,1,0,0,0,,33.0
c7_37,28.83141,41.00111,0.416,0.347,0.513,0.319,0.498,B,0.411,0.498,0.334,0.319,0.371,0.136,0.006,0.013,0.184,0.058,0.001,0.265,0.0,0.204,0.0,0.124,0.009,0.664,puan,0,0,1,0,0,0,,46.8
c7_38,28.83141,41.0056,0.446,0.351,0.564,0.332,0.528,B,0.437,0.528,0.363,0.332,0.378,0.147,0.006,0.003,0.181,0.045,0.0,0.238,0.0,0.213,0.0,0.167,0.0,0.62,puan,0,0,1,0,0,0,,52.5
c7_39,28.83141,41.01009,0.392,0.319,0.504,0.307,0.471,B,0.385,0.471,0.312,0.307,0.354,0.127,0.004,0.003,0.172,0.092,0.001,0.266,0.0,0.183,0.0,0.111,0.041,0.665,puan,0,0,1,0,0,0,,42.1
c0_40,28.78975,41.01458,0.182,0.168,0.246,0.126,0.238,B,0.192,0.238,0.126,0.174,0.178,0.036,0.0,0.003,0.068,0.664,0.057,0.057,0.0,0.039,0.0,0.063,0.012,0.886,puan,0,0,1,0,0,0,,11.8
c0_41,28.78975,41.01907,0.234,0.211,0.311,0.177,0.291,B,0.247,0.291,0.177,0.21,0.229,0.072,0.009,0.003,0.06,0.519,0.0,0.152,0.0,0.095,0.0,0.039,0.051,0.814,puan,0,0,2,0,0,0,,14.9
c0_42,28.78975,41.02356,0.279,0.222,0.426,0.226,0.331,B,0.293,0.331,0.226,0.228,0.271,0.094,0.0,0.023,0.048,0.322,0.015,0.175,0.0,0.149,0.0,0.038,0.135,0.677,puan,0,0,1,0,0,0,,19.5
c0_43,28.78975,41.02805,0.484,0.417,0.555,0.384,0.558,B,0.558,0.536,0.432,0.384,0.467,0.203,0.17,0.03,0.018,0.114,0.039,0.11,0.0,0.178,0.03,0.033,0.076,0.683,puan,4289,0,5,5,3,2,1.2,57.4
c0_44,28.78975,41.03254,0.647,0.533,0.71,0.573,0.756,B,0.756,0.703,0.591,0.573,0.624,0.313,0.322,0.013,0.015,0.038,0.042,0.0,0.0,0.096,0.0,0.034,0.126,0.744,puan,1337,0,3,0,0,0,0.0,74.0
c0_45,28.78975,41.03703,0.5,0.234,0.766,0.368,0.562,C,0.496,0.562,0.439,0.368,0.444,0.137,0.002,0.006,0.083,0.066,0.022,0.084,0.0,0.144,0.0,0.071,0.384,0.401,puan,2075,0,5,4,4,0,1.9,59.4
c0_46,28.78975,41.04152,0.347,0.257,0.516,0.293,0.401,B,0.355,0.401,0.294,0.293,0.343,0.137,0.0,0.008,0.061,0.141,0.0,0.304,0.0,0.122,0.0,0.012,0.216,0.651,puan,2741,0,4,3,3,0,1.1,31.4
c0_47,28.78975,41.04601,0.269,0.214,0.419,0.223,0.315,B,0.292,0.315,0.223,0.226,0.265,0.091,0.0,0.035,0.013,0.172,0.0,0.336,0.0,0.124,0.062,0.017,0.15,0.647,puan,1006,0,3,5,5,0,5.0,18.4
c1_40,28.79571,41.01458,0.3,0.196,0.543,0.233,0.367,B,0.302,0.367,0.233,0.262,0.273,0.076,0.0,0.009,0.103,0.38,0.028,0.0,0.0,0.085,0.0,0.11,0.207,0.597,puan,0,0,1,0,0,0,,21.9
c1_41,28.79571,41.01907,0.424,0.247,0.665,0.332,0.486,C,0.424,0.486,0.362,0.332,0.366,0.133,0.0,0.006,0.087,0.222,0.007,0.045,0.0,0.14,0.0,0.12,0.24,0.5,puan,0,0,1,0,0,0,,48.6
c1_42,28.79571,41.02356,0.663,0.216,0.89,0.396,0.737,C,0.653,0.737,0.588,0.396,0.426,0.124,0.005,0.008,0.085,0.03,0.004,0.011,0.0,0.18,0.0,0.21,0.343,0.267,puan,0,0,1,0,0,0,,75.3
c1_43,28.79571,41.02805,0.725,0.278,0.895,0.436,0.797,C,0.71,0.797,0.653,0.436,0.485,0.165,0.002,0.006,0.098,0.034,0.0,0.0,0.0,0.203,0.0,0.204,0.288,0.306,puan,1358,0,2,2,0,2,1.5,79.1
c1_44,28.79571,41.03254,0.471,0.251,0.718,0.354,0.531,C,0.473,0.531,0.411,0.354,0.395,0.14,0.004,0.019,0.09,0.111,0.046,0.044,0.0,0.15,0.0,0.128,0.268,0.454,puan,0,0,1,0,0,0,,55.9
c1_45,28.79571,41.03703,0.672,0.291,0.858,0.473,0.726,C,0.669,0.726,0.618,0.473,0.556,0.192,0.001,0.013,0.075,0.082,0.002,0.0,0.0,0.153,0.005,0.098,0.38,0.364,puan,1572,0,4,9,9,0,5.7,76.0
c1_46,28.79571,41.04152,0.424,0.242,0.673,0.339,0.486,C,0.427,0.486,0.363,0.339,0.408,0.129,0.0,0.01,0.079,0.079,0.0,0.186,0.0,0.123,0.028,0.028,0.338,0.483,puan,1018,0,2,9,9,0,8.8,48.6
c1_47,28.79571,41.04601,0.752,0.351,0.884,0.62,0.781,C,0.777,0.781,0.724,0.62,0.707,0.275,0.0,0.059,0.03,0.057,0.0,0.004,0.0,0.09,0.0,0.033,0.452,0.424,puan,424,0,1,1,1,0,2.4,80.9
c2_40,28.80166,41.01458,0.558,0.28,0.778,0.412,0.593,C,0.565,0.593,0.524,0.412,0.436,0.198,0.0,0.013,0.033,0.152,0.031,0.0,0.0,0.151,0.0,0.168,0.254,0.426,puan,0,0,1,0,0,0,,67.0
c2_41,28.80166,41.01907,0.545,0.229,0.809,0.365,0.598,C,0.543,0.598,0.492,0.365,0.444,0.141,0.0,0.01,0.062,0.11,0.025,0.0,0.0,0.171,0.0,0.11,0.371,0.348,puan,0,0,1,0,0,0,,65.5
c2_42,28.80166,41.02356,0.589,0.223,0.844,0.379,0.651,C,0.595,0.651,0.527,0.379,0.422,0.129,0.001,0.029,0.072,0.071,0.013,0.0,0.0,0.173,0.0,0.175,0.339,0.313,puan,0,0,1,0,0,0,,69.8
c2_43,28.80166,41.02805,0.478,0.238,0.741,0.337,0.525,C,0.505,0.525,0.432,0.337,0.366,0.134,0.002,0.059,0.05,0.117,0.048,0.0,0.0,0.173,0.0,0.193,0.223,0.411,puan,1227,0,3,0,0,0,0.0,56.7
c2_44,28.80166,41.03254,0.546,0.239,0.801,0.374,0.611,C,0.553,0.611,0.481,0.374,0.422,0.133,0.002,0.027,0.08,0.105,0.0,0.018,0.0,0.168,0.0,0.153,0.315,0.364,puan,64,0,1,0,0,0,0.0,65.6
c2_45,28.80166,41.03703,0.694,0.289,0.873,0.454,0.761,C,0.683,0.761,0.628,0.454,0.522,0.178,0.005,0.005,0.095,0.048,0.0,0.011,0.0,0.18,0.0,0.149,0.33,0.341,puan,110,0,1,0,0,0,0.0,77.3
c2_46,28.80166,41.04152,0.569,0.366,0.723,0.441,0.609,B,0.579,0.609,0.529,0.441,0.515,0.249,0.0,0.024,0.046,0.05,0.001,0.173,0.0,0.158,0.0,0.074,0.226,0.542,puan,1512,0,2,3,2,1,2.0,68.0
c2_47,28.80166,41.04601,0.502,0.174,0.827,0.343,0.564,C,0.51,0.564,0.439,0.343,0.461,0.097,0.0,0.024,0.06,0.11,0.008,0.0,0.0,0.139,0.0,0.037,0.526,0.299,puan,1488,0,3,3,2,1,2.0,59.5
c3_40,28.80761,41.01458,0.215,0.114,0.586,0.164,0.267,C,0.223,0.267,0.164,0.191,0.203,0.043,0.0,0.001,0.038,0.353,0.059,0.0,0.0,0.063,0.0,0.079,0.364,0.494,puan,0,0,2,0,0,0,,13.8
c3_41,28.80761,41.01907,0.256,0.182,0.471,0.173,0.339,B,0.249,0.339,0.173,0.248,0.252,0.033,0.0,0.007,0.186,0.397,0.072,0.0,0.0,0.024,0.0,0.021,0.261,0.694,puan,0,0,1,0,0,0,,16.9
c3_42,28.80761,41.02356,0.22,0.168,0.405,0.172,0.268,B,0.247,0.268,0.172,0.203,0.211,0.052,0.003,0.076,0.046,0.42,0.12,0.0,0.0,0.06,0.0,0.074,0.15,0.717,puan,0,0,2,0,0,0,,14.0
c3_43,28.80761,41.02805,0.498,0.362,0.636,0.388,0.575,B,0.493,0.575,0.421,0.388,0.457,0.177,0.0,0.027,0.175,0.091,0.023,0.108,0.0,0.171,0.0,0.075,0.152,0.601,puan,2234,0,5,4,4,0,1.8,59.2
c3_44,28.80761,41.03254,0.631,0.321,0.812,0.486,0.717,C,0.625,0.717,0.545,0.486,0.542,0.174,0.0,0.04,0.163,0.064,0.0,0.0,0.0,0.132,0.0,0.094,0.333,0.441,puan,0,0,2,0,0,0,,73.1
c3_45,28.80761,41.03703,0.602,0.383,0.747,0.5,0.705,C,0.578,0.705,0.5,0.516,0.575,0.195,0.0,0.016,0.266,0.098,0.0,0.0,0.0,0.096,0.0,0.035,0.294,0.575,puan,295,0,2,0,0,0,0.0,70.8
c3_46,28.80761,41.04152,0.485,0.278,0.705,0.347,0.561,C,0.47,0.561,0.409,0.347,0.439,0.137,0.0,0.0,0.138,0.13,0.032,0.03,0.0,0.185,0.0,0.069,0.28,0.466,puan,1819,0,4,2,2,0,1.1,57.5
c3_47,28.80761,41.04601,0.604,0.432,0.717,0.396,0.657,C,0.601,0.657,0.551,0.396,0.56,0.242,0.0,0.012,0.095,0.104,0.012,0.054,0.0,0.274,0.0,0.053,0.155,0.519,puan,6844,0,11,14,10,4,2.0,71.0
c4_40,28.81356,41.01458,0.244,0.208,0.354,0.182,0.306,B,0.25,0.306,0.182,0.216,0.239,0.069,0.0,0.0,0.088,0.598,0.014,0.0,0.0,0.1,0.0,0.032,0.1,0.768,puan,1044,0,2,0,0,0,0.0,15.7
c4_41,28.81356,41.01907,0.307,0.287,0.353,0.23,0.385,B,0.302,0.385,0.23,0.276,0.303,0.096,0.0,0.003,0.198,0.506,0.041,0.0,0.0,0.096,0.0,0.023,0.036,0.845,puan,995,0,2,0,0,0,0.0,23.0
c4_42,28.81356,41.02356,0.473,0.44,0.511,0.403,0.528,B,0.489,0.528,0.419,0.403,0.467,0.251,0.0,0.076,0.115,0.188,0.025,0.144,0.0,0.141,0.0,0.016,0.045,0.798,puan,1934,0,3,0,0,0,0.0,56.1
c4_43,28.81356,41.02805,0.366,0.314,0.456,0.289,0.443,B,0.353,0.443,0.289,0.291,0.355,0.122,0.0,0.001,0.201,0.264,0.103,0.012,0.0,0.181,0.0,0.034,0.082,0.702,puan,4561,0,4,11,8,3,2.4,35.9
c4_44,28.81356,41.03254,0.4,0.338,0.494,0.274,0.527,C,0.371,0.527,0.274,0.338,0.381,0.057,0.001,0.014,0.404,0.124,0.037,0.092,0.0,0.135,0.0,0.055,0.08,0.73,puan,1060,0,1,0,0,0,0.0,43.8
c4_45,28.81356,41.03703,0.443,0.377,0.526,0.356,0.53,B,0.427,0.53,0.356,0.378,0.419,0.165,0.0,0.011,0.261,0.136,0.067,0.103,0.0,0.127,0.0,0.06,0.07,0.743,puan,708,0,1,0,0,0,0.0,52.0
c4_46,28.81356,41.04152,0.369,0.305,0.48,0.278,0.46,B,0.358,0.46,0.278,0.324,0.343,0.103,0.004,0.004,0.237,0.154,0.007,0.231,0.0,0.103,0.0,0.089,0.068,0.74,puan,0,0,1,0,0,0,,36.8
c4_47,28.81356,41.04601,0.3,0.281,0.342,0.243,0.357,B,0.305,0.357,0.243,0.264,0.295,0.124,0.016,0.017,0.133,0.173,0.18,0.19,0.0,0.113,0.0,0.024,0.03,0.833,puan,1639,0,2,2,2,0,1.2,21.9
c5_40,28.81951,41.01458,0.272,0.251,0.331,0.21,0.335,B,0.293,0.335,0.21,0.252,0.27,0.083,0.0,0.068,0.097,0.585,0.0,0.022,0.0,0.07,0.0,0.014,0.061,0.855,puan,544,0,2,0,0,0,0.0,18.7
c5_41,28.81951,41.01907,0.226,0.213,0.269,0.17,0.281,B,0.236,0.281,0.17,0.217,0.223,0.079,0.0,0.0,0.06,0.759,0.0,0.009,0.0,0.038,0.0,0.023,0.031,0.908,puan,0,0,1,0,0,0,,14.3
c5_42,28.81951,41.02356,0.247,0.188,0.428,0.198,0.296,B,0.254,0.296,0.198,0.22,0.244,0.086,0.0,0.0,0.05,0.44,0.073,0.047,0.0,0.084,0.0,0.018,0.202,0.696,puan,101,0,1,1,0,1,9.9,16.1
c5_43,28.81951,41.02805,0.231,0.201,0.33,0.158,0.304,B,0.235,0.304,0.158,0.216,0.224,0.038,0.005,0.003,0.137,0.582,0.001,0.056,0.0,0.058,0.0,0.057,0.063,0.822,puan,0,0,1,0,0,0,,14.7
c5_44,28.81951,41.03254,0.366,0.299,0.481,0.294,0.437,B,0.366,0.437,0.294,0.309,0.323,0.129,0.005,0.006,0.14,0.29,0.0,0.132,0.0,0.128,0.016,0.15,0.005,0.701,puan,0,0,1,0,0,0,,35.9
c5_45,28.81951,41.03703,0.334,0.258,0.484,0.275,0.375,B,0.337,0.375,0.292,0.275,0.29,0.15,0.0,0.015,0.071,0.06,0.182,0.188,0.0,0.142,0.0,0.174,0.019,0.665,puan,0,0,1,0,0,0,,28.5
c5_46,28.81951,41.04152,0.397,0.279,0.577,0.305,0.449,B,0.408,0.449,0.345,0.305,0.319,0.148,0.002,0.025,0.066,0.082,0.026,0.23,0.0,0.174,0.0,0.234,0.012,0.58,puan,0,0,1,0,0,0,,43.0
c5_47,28.81951,41.04601,0.39,0.316,0.507,0.322,0.458,B,0.387,0.458,0.322,0.322,0.362,0.152,0.0,0.002,0.138,0.159,0.018,0.221,0.0,0.146,0.0,0.083,0.081,0.691,puan,1061,0,3,2,2,0,1.9,41.7
c6_40,28.82546,41.01458,0.372,0.325,0.453,0.301,0.444,B,0.38,0.444,0.301,0.311,0.358,0.134,0.003,0.041,0.149,0.127,0.0,0.292,0.0,0.146,0.0,0.045,0.065,0.745,puan,1081,0,2,0,0,0,0.0,37.6
c6_41,28.82546,41.01907,0.373,0.337,0.435,0.305,0.441,B,0.378,0.441,0.305,0.323,0.352,0.153,0.001,0.029,0.146,0.184,0.004,0.272,0.0,0.123,0.0,0.074,0.013,0.79,puan,0,0,1,0,0,0,,37.8
c6_42,28.82546,41.02356,0.327,0.289,0.406,0.26,0.395,B,0.328,0.395,0.26,0.273,0.304,0.117,0.0,0.007,0.131,0.208,0.012,0.276,0.0,0.15,0.0,0.097,0.002,0.751,puan,0,0,1,0,0,0,,27.1
c6_43,28.82546,41.02805,0.241,0.205,0.358,0.178,0.305,B,0.247,0.305,0.178,0.216,0.224,0.062,0.0,0.004,0.1,0.386,0.025,0.193,0.0,0.091,0.0,0.138,0.001,0.77,puan,0,0,1,0,0,0,,15.5
c6_44,28.82546,41.03254,0.407,0.355,0.483,0.318,0.496,B,0.394,0.496,0.318,0.349,0.374,0.139,0.001,0.004,0.244,0.163,0.002,0.208,0.0,0.126,0.0,0.101,0.01,0.762,puan,0,0,1,0,0,0,,45.2
c6_45,28.82546,41.03703,0.345,0.267,0.493,0.278,0.406,B,0.349,0.406,0.283,0.278,0.296,0.12,0.008,0.007,0.103,0.068,0.049,0.291,0.0,0.156,0.009,0.186,0.003,0.647,puan,0,0,1,0,0,0,,31.1
c6_46,28.82546,41.04152,0.312,0.25,0.448,0.26,0.357,A,0.316,0.357,0.266,0.26,0.278,0.133,0.0,0.015,0.077,0.097,0.16,0.21,0.0,0.136,0.0,0.153,0.018,0.693,puan,0,0,1,0,0,0,,24.0
c6_47,28.82546,41.04601,0.234,0.192,0.371,0.187,0.281,A,0.237,0.281,0.187,0.191,0.22,0.08,0.001,0.002,0.07,0.097,0.175,0.27,0.0,0.154,0.0,0.1,0.051,0.694,puan,1229,0,4,0,0,0,0.0,14.9
c7_40,28.83141,41.01458,0.429,0.337,0.552,0.33,0.486,B,0.432,0.486,0.372,0.33,0.368,0.179,0.0,0.011,0.09,0.089,0.002,0.264,0.0,0.191,0.0,0.16,0.014,0.635,puan,0,0,1,0,0,0,,49.4
c7_41,28.83141,41.01907,0.44,0.359,0.542,0.374,0.497,B,0.449,0.497,0.382,0.374,0.384,0.201,0.003,0.038,0.109,0.065,0.019,0.28,0.0,0.124,0.0,0.154,0.006,0.715,puan,0,0,1,0,0,0,,51.3
c7_42,28.83141,41.02356,0.407,0.286,0.583,0.318,0.464,B,0.411,0.464,0.35,0.318,0.333,0.154,0.002,0.008,0.081,0.097,0.012,0.234,0.0,0.165,0.0,0.21,0.037,0.588,puan,0,0,1,0,0,0,,45.2
c7_43,28.83141,41.02805,0.415,0.31,0.564,0.33,0.482,B,0.417,0.482,0.348,0.33,0.342,0.152,0.007,0.006,0.118,0.048,0.0,0.293,0.0,0.162,0.0,0.212,0.001,0.626,puan,0,0,1,0,0,0,,46.6
c7_44,28.83141,41.03254,0.467,0.391,0.553,0.382,0.542,B,0.469,0.542,0.391,0.382,0.419,0.186,0.007,0.036,0.179,0.059,0.0,0.239,0.0,0.157,0.0,0.114,0.023,0.706,puan,0,0,1,0,0,0,,55.3
c7_45,28.83141,41.03703,0.371,0.281,0.524,0.29,0.438,B,0.371,0.438,0.304,0.29,0.312,0.126,0.001,0.004,0.113,0.043,0.001,0.338,0.0,0.175,0.0,0.197,0.003,0.625,puan,0,0,1,0,0,0,,37.3
c7_46,28.83141,41.04152,0.34,0.287,0.442,0.283,0.397,B,0.344,0.397,0.283,0.287,0.314,0.144,0.002,0.001,0.086,0.086,0.019,0.391,0.0,0.136,0.0,0.1,0.034,0.73,puan,0,0,1,0,0,0,,29.9
c7_47,28.83141,41.04601,0.349,0.288,0.463,0.28,0.406,B,0.348,0.406,0.291,0.28,0.319,0.138,0.006,0.005,0.114,0.092,0.109,0.221,0.0,0.168,0.0,0.105,0.041,0.686,puan,836,0,2,8,8,0,9.6,32.0
c0_48,28.78975,41.0505,0.382,0.29,0.531,0.31,0.433,B,0.394,0.433,0.331,0.31,0.376,0.159,0.0,0.022,0.057,0.067,0.003,0.336,0.0,0.15,0.0,0.015,0.189,0.646,puan,1486,0,2,1,0,1,0.7,40.2
c0_49,28.78975,41.05499,0.409,0.294,0.575,0.326,0.493,B,0.407,0.493,0.326,0.345,0.408,0.117,0.0,0.042,0.198,0.054,0.053,0.172,0.0,0.118,0.0,0.002,0.245,0.635,puan,1814,0,4,1,0,1,0.6,45.5
c0_50,28.78975,41.05948,0.805,0.508,0.876,0.693,0.837,B,0.814,0.837,0.772,0.693,0.778,0.403,0.0,0.047,0.066,0.056,0.0,0.0,0.0,0.092,0.0,0.024,0.311,0.574,puan,1122,0,2,1,1,0,0.9,83.3
c0_51,28.78975,41.06397,0.693,0.569,0.748,0.543,0.746,C,0.684,0.746,0.64,0.543,0.685,0.374,0.0,0.005,0.138,0.153,0.0,0.0,0.0,0.185,0.0,0.01,0.136,0.669,puan,4075,0,7,4,4,0,1.0,77.2
c0_52,28.78975,41.06846,0.056,0.054,0.093,0.039,0.073,A,0.053,0.073,0.039,0.055,0.056,0.014,0.0,0.0,0.056,0.069,0.791,0.021,0.0,0.01,0.0,0.002,0.036,0.951,puan,96,0,1,4,4,0,41.5,8.0
c0_53,28.78975,41.07295,0.302,0.151,0.649,0.233,0.33,C,0.303,0.33,0.273,0.233,0.269,0.1,0.0,0.0,0.028,0.084,0.167,0.058,0.0,0.13,0.0,0.098,0.336,0.437,puan,0,0,1,0,0,0,,22.3
c0_54,28.78975,41.07744,0.383,0.215,0.655,0.306,0.444,C,0.378,0.444,0.323,0.306,0.324,0.114,0.001,0.001,0.094,0.212,0.069,0.0,0.0,0.124,0.0,0.147,0.239,0.491,puan,117,0,1,0,0,0,0.0,40.4
c0_55,28.78975,41.08193,0.249,0.244,0.266,0.163,0.336,B,0.244,0.336,0.163,0.236,0.249,0.031,0.0,0.0,0.236,0.66,0.0,0.0,0.0,0.053,0.0,0.002,0.019,0.926,puan,0,0,1,0,0,0,,16.1
c1_48,28.79571,41.0505,0.766,0.398,0.878,0.509,0.811,C,0.759,0.811,0.721,0.509,0.674,0.262,0.0,0.012,0.08,0.032,0.016,0.004,0.0,0.205,0.013,0.068,0.308,0.406,puan,4326,0,4,4,4,0,0.9,81.7
c1_49,28.79571,41.05499,0.619,0.266,0.836,0.41,0.703,C,0.604,0.703,0.535,0.412,0.41,0.142,0.006,0.005,0.126,0.046,0.001,0.029,0.0,0.178,0.0,0.26,0.209,0.353,puan,206,0,1,0,0,0,0.0,72.5
c1_50,28.79571,41.05948,0.494,0.372,0.619,0.416,0.546,B,0.495,0.546,0.443,0.416,0.465,0.239,0.0,0.011,0.095,0.136,0.03,0.148,0.0,0.124,0.0,0.057,0.159,0.66,puan,0,0,1,0,0,0,,58.7
c1_51,28.79571,41.06397,0.55,0.424,0.653,0.436,0.639,C,0.531,0.639,0.461,0.436,0.548,0.209,0.0,0.005,0.235,0.192,0.0,0.0,0.0,0.168,0.0,0.003,0.188,0.641,puan,2936,0,4,0,0,0,0.0,66.1
c1_52,28.79571,41.06846,0.235,0.209,0.319,0.153,0.318,B,0.23,0.318,0.153,0.222,0.235,0.024,0.0,0.0,0.204,0.582,0.037,0.0,0.0,0.05,0.0,0.002,0.102,0.846,puan,0,0,1,0,0,0,,15.1
c1_53,28.79571,41.07295,0.219,0.208,0.257,0.146,0.291,B,0.221,0.291,0.146,0.206,0.218,0.033,0.0,0.0,0.146,0.716,0.0,0.002,0.0,0.054,0.003,0.003,0.043,0.897,puan,0,0,1,0,0,0,,13.9
c1_54,28.79571,41.07744,0.234,0.202,0.338,0.177,0.291,B,0.243,0.291,0.177,0.208,0.232,0.07,0.0,0.0,0.061,0.644,0.0,0.0,0.0,0.097,0.006,0.012,0.11,0.775,puan,0,0,1,0,0,0,,14.9
c1_55,28.79571,41.08193,0.246,0.209,0.358,0.178,0.314,B,0.253,0.314,0.178,0.224,0.245,0.054,0.0,0.011,0.106,0.571,0.001,0.0,0.0,0.073,0.054,0.004,0.126,0.743,puan,0,0,1,0,0,0,,16.0
c2_48,28.80166,41.0505,0.601,0.248,0.835,0.391,0.699,C,0.575,0.699,0.503,0.391,0.437,0.12,0.001,0.002,0.147,0.067,0.001,0.0,0.0,0.182,0.0,0.177,0.303,0.338,puan,58,0,1,0,0,0,0.0,70.7
c2_49,28.80166,41.05499,0.597,0.262,0.823,0.402,0.699,C,0.574,0.699,0.496,0.404,0.402,0.122,0.004,0.006,0.167,0.051,0.012,0.0,0.0,0.173,0.0,0.255,0.209,0.363,puan,0,0,1,0,0,0,,70.5
c2_50,28.80166,41.05948,0.659,0.288,0.851,0.435,0.743,C,0.645,0.743,0.575,0.435,0.442,0.156,0.001,0.018,0.135,0.043,0.005,0.0,0.0,0.183,0.0,0.244,0.215,0.357,puan,1064,0,3,2,2,0,1.9,74.9
c2_51,28.80166,41.06397,0.484,0.387,0.588,0.391,0.562,B,0.472,0.562,0.406,0.391,0.481,0.193,0.0,0.002,0.192,0.285,0.0,0.0,0.0,0.16,0.0,0.006,0.162,0.672,puan,3356,0,5,6,4,2,1.8,57.4
c2_52,28.80166,41.06846,0.159,0.156,0.176,0.103,0.216,B,0.172,0.216,0.103,0.155,0.159,0.017,0.0,0.0,0.048,0.892,0.0,0.0,0.0,0.024,0.0,0.001,0.018,0.957,puan,0,0,1,0,0,0,,10.8
c2_53,28.80166,41.07295,0.267,0.263,0.276,0.175,0.358,B,0.258,0.358,0.175,0.251,0.266,0.034,0.0,0.0,0.272,0.625,0.0,0.0,0.0,0.056,0.0,0.002,0.01,0.931,puan,0,0,1,0,0,0,,18.1
c2_54,28.80166,41.07744,0.304,0.3,0.313,0.196,0.412,C,0.288,0.412,0.196,0.293,0.304,0.031,0.0,0.01,0.376,0.535,0.0,0.0,0.0,0.037,0.0,0.003,0.009,0.951,puan,0,0,1,0,0,0,,22.5
c2_55,28.80166,41.08193,0.213,0.211,0.222,0.142,0.285,B,0.217,0.285,0.142,0.206,0.213,0.033,0.0,0.001,0.148,0.773,0.0,0.0,0.0,0.034,0.0,0.003,0.008,0.955,puan,0,0,1,0,0,0,,13.7
c3_48,28.80761,41.0505,0.556,0.315,0.748,0.405,0.687,C,0.522,0.687,0.425,0.405,0.506,0.099,0.0,0.018,0.28,0.059,0.0,0.0,0.0,0.17,0.024,0.059,0.29,0.456,puan,1653,0,3,1,1,0,0.6,66.7
c3_49,28.80761,41.05499,0.594,0.299,0.796,0.368,0.69,C,0.577,0.69,0.497,0.368,0.429,0.132,0.007,0.01,0.159,0.076,0.0,0.0,0.0,0.236,0.0,0.208,0.172,0.384,puan,1508,0,3,0,0,0,0.0,70.2
c3_50,28.80761,41.05948,0.746,0.319,0.891,0.406,0.799,C,0.734,0.799,0.693,0.406,0.482,0.192,0.001,0.002,0.071,0.047,0.002,0.0,0.0,0.263,0.0,0.233,0.189,0.315,puan,4478,0,4,4,2,2,0.9,80.6
c3_51,28.80761,41.06397,0.489,0.452,0.528,0.366,0.612,C,0.455,0.612,0.366,0.441,0.489,0.152,0.0,0.0,0.461,0.227,0.0,0.0,0.0,0.091,0.0,0.0,0.068,0.84,puan,2559,0,3,2,1,1,0.8,58.0
c3_52,28.80761,41.06846,0.236,0.233,0.246,0.187,0.286,A,0.249,0.286,0.187,0.218,0.236,0.102,0.0,0.0,0.032,0.778,0.0,0.0,0.0,0.076,0.0,0.002,0.01,0.912,puan,1354,0,1,0,0,0,0.0,15.1
c3_53,28.80761,41.07295,0.266,0.257,0.29,0.172,0.359,B,0.256,0.359,0.172,0.254,0.266,0.03,0.0,0.0,0.279,0.618,0.0,0.0,0.0,0.041,0.0,0.001,0.031,0.926,puan,991,0,1,2,1,1,2.0,18.0
c3_54,28.80761,41.07744,0.32,0.297,0.37,0.212,0.429,C,0.302,0.429,0.212,0.3,0.318,0.043,0.0,0.001,0.354,0.475,0.0,0.0,0.0,0.058,0.0,0.012,0.058,0.873,puan,1370,0,2,4,3,1,2.9,25.6
c3_55,28.80761,41.08193,0.249,0.235,0.294,0.182,0.317,B,0.253,0.317,0.182,0.227,0.247,0.069,0.0,0.0,0.124,0.667,0.0,0.0,0.0,0.085,0.0,0.015,0.039,0.861,puan,3200,0,3,2,2,0,0.6,16.1
c4_48,28.81356,41.0505,0.352,0.329,0.394,0.29,0.414,B,0.34,0.414,0.29,0.316,0.35,0.154,0.0,0.0,0.19,0.217,0.224,0.0,0.0,0.088,0.073,0.006,0.049,0.785,puan,0,0,1,0,0,0,,32.7
c4_49,28.81356,41.05499,0.379,0.291,0.524,0.293,0.465,B,0.368,0.465,0.293,0.351,0.369,0.116,0.0,0.009,0.224,0.326,0.043,0.0,0.0,0.057,0.007,0.031,0.188,0.718,puan,17,0,2,0,0,0,,39.4
c4_50,28.81356,41.05948,0.555,0.501,0.599,0.43,0.609,B,0.549,0.609,0.502,0.43,0.546,0.301,0.0,0.002,0.128,0.254,0.031,0.0,0.0,0.209,0.0,0.015,0.062,0.715,puan,3483,0,6,0,0,0,0.0,66.6
c4_51,28.81356,41.06397,0.852,0.545,0.905,0.592,0.909,C,0.832,0.909,0.794,0.592,0.85,0.353,0.002,0.0,0.143,0.002,0.0,0.0,0.0,0.219,0.0,0.001,0.28,0.499,puan,5900,0,11,0,0,0,0.0,85.9
c4_52,28.81356,41.06846,0.554,0.39,0.685,0.422,0.588,B,0.559,0.588,0.519,0.422,0.548,0.26,0.0,0.0,0.029,0.267,0.0,0.0,0.0,0.173,0.038,0.008,0.225,0.556,puan,3493,0,3,0,0,0,0.0,66.5
c4_53,28.81356,41.07295,0.391,0.346,0.461,0.324,0.437,B,0.398,0.437,0.345,0.324,0.386,0.207,0.0,0.0,0.048,0.493,0.0,0.0,0.0,0.154,0.0,0.015,0.082,0.748,puan,3946,0,3,0,0,0,0.0,41.9
c4_54,28.81356,41.07744,0.652,0.611,0.674,0.567,0.686,B,0.653,0.686,0.618,0.567,0.652,0.466,0.0,0.0,0.067,0.288,0.0,0.0,0.0,0.124,0.0,0.001,0.054,0.822,puan,3047,0,4,0,0,0,0.0,74.4
c4_55,28.81356,41.08193,0.926,0.785,0.938,0.748,0.934,B,0.926,0.934,0.919,0.748,0.922,0.641,0.0,0.0,0.014,0.046,0.005,0.0,0.0,0.168,0.0,0.004,0.123,0.705,puan,4269,0,6,0,0,0,0.0,88.8
c5_48,28.81951,41.0505,0.627,0.384,0.771,0.464,0.671,C,0.623,0.671,0.583,0.464,0.578,0.258,0.001,0.01,0.084,0.059,0.059,0.033,0.0,0.177,0.0,0.054,0.264,0.504,puan,0,0,1,0,0,0,,73.0
c5_49,28.81951,41.05499,0.574,0.414,0.693,0.489,0.636,B,0.571,0.636,0.511,0.489,0.561,0.264,0.02,0.0,0.141,0.197,0.02,0.001,0.0,0.11,0.0,0.018,0.23,0.641,puan,0,0,1,0,0,0,,68.5
c5_50,28.81951,41.05948,0.415,0.345,0.514,0.364,0.456,A,0.437,0.456,0.374,0.364,0.387,0.198,0.016,0.057,0.063,0.13,0.135,0.089,0.0,0.098,0.074,0.076,0.064,0.689,puan,74,0,1,0,0,0,0.0,46.6
c5_51,28.81951,41.06397,0.584,0.532,0.622,0.428,0.741,C,0.53,0.741,0.428,0.507,0.584,0.151,0.002,0.0,0.612,0.022,0.001,0.0,0.0,0.121,0.013,0.0,0.077,0.789,puan,2197,0,2,0,0,0,0.0,69.3
c5_52,28.81951,41.06846,0.499,0.332,0.667,0.333,0.666,C,0.453,0.666,0.333,0.459,0.496,0.045,0.0,0.031,0.502,0.051,0.0,0.0,0.0,0.055,0.0,0.005,0.311,0.628,puan,359,0,1,0,0,0,0.0,59.3
c5_53,28.81951,41.07295,0.201,0.19,0.243,0.191,0.201,A,0.201,0.201,0.201,0.191,0.201,0.181,0.0,0.0,0.0,0.0,0.72,0.0,0.0,0.048,0.0,0.0,0.051,0.901,puan,1483,0,4,0,0,0,0.0,13.0
c5_54,28.81951,41.07744,0.497,0.497,0.497,0.497,0.497,A,0.497,0.497,0.497,0.497,0.497,0.497,0.0,0.0,0.0,0.0,0.503,0.0,0.0,0.0,0.0,0.0,0.0,1.0,puan,0,0,1,0,0,0,,59.0
c5_55,28.81951,41.08193,0.292,0.292,0.292,0.292,0.292,A,0.292,0.292,0.292,0.292,0.292,0.292,0.0,0.0,0.0,0.0,0.708,0.0,0.0,0.0,0.0,0.0,0.0,1.0,puan,0,0,1,0,0,0,,21.0
c6_48,28.82546,41.0505,0.632,0.535,0.688,0.543,0.675,B,0.632,0.675,0.589,0.543,0.581,0.387,0.0,0.012,0.094,0.065,0.0,0.185,0.0,0.122,0.0,0.083,0.052,0.744,puan,0,0,1,0,0,0,,73.2
c6_49,28.82546,41.05499,0.35,0.285,0.471,0.29,0.397,B,0.351,0.397,0.304,0.29,0.325,0.162,0.0,0.004,0.086,0.046,0.143,0.256,0.0,0.145,0.0,0.088,0.071,0.696,puan,0,0,1,0,0,0,,32.3
c6_50,28.82546,41.05948,0.478,0.348,0.62,0.383,0.532,B,0.476,0.532,0.424,0.383,0.459,0.168,0.0,0.003,0.076,0.092,0.022,0.13,0.0,0.122,0.205,0.027,0.156,0.49,puan,0,0,1,0,0,0,,56.7
c6_51,28.82546,41.06397,0.574,0.52,0.615,0.449,0.699,C,0.536,0.699,0.449,0.467,0.573,0.177,0.001,0.0,0.396,0.081,0.0,0.021,0.0,0.156,0.097,0.001,0.07,0.676,puan,2594,0,3,2,2,0,0.8,68.5
c6_52,28.82546,41.06846,0.525,0.513,0.537,0.345,0.706,C,0.462,0.706,0.345,0.475,0.525,0.066,0.0,0.0,0.79,0.028,0.0,0.0,0.0,0.094,0.0,0.0,0.022,0.884,puan,1866,0,3,0,0,0,0.0,63.1
c6_53,28.82546,41.07295,0.014,0.014,0.015,0.014,0.014,A,0.014,0.014,0.014,0.014,0.014,0.014,0.0,0.0,0.0,0.0,0.985,0.0,0.0,0.0,0.0,0.0,0.001,0.999,puan,0,0,1,0,0,0,,6.4
c6_54,28.82546,41.07744,0.0,0.0,0.0,0.0,0.0,A,0.0,0.0,0.0,0.0,0.0,0.0,0.0,0.0,0.0,0.0,1.0,0.0,0.0,0.0,0.0,0.0,0.0,1.0,puan,0,0,1,0,0,0,,0.0
c6_55,28.82546,41.08193,0.0,0.0,0.0,0.0,0.0,A,0.0,0.0,0.0,0.0,0.0,0.0,0.0,0.0,0.0,0.0,1.0,0.0,0.0,0.0,0.0,0.0,0.0,1.0,puan,0,0,1,0,0,0,,0.0
c7_48,28.83141,41.0505,0.367,0.308,0.468,0.303,0.426,B,0.371,0.426,0.308,0.303,0.33,0.156,0.001,0.004,0.094,0.138,0.0,0.321,0.0,0.151,0.0,0.127,0.009,0.714,puan,1120,0,2,4,4,0,3.6,36.1
c7_49,28.83141,41.05499,0.432,0.327,0.571,0.351,0.482,B,0.431,0.482,0.382,0.351,0.401,0.197,0.001,0.002,0.09,0.055,0.076,0.222,0.0,0.149,0.0,0.073,0.134,0.644,puan,1602,0,3,25,11,14,15.6,49.8
c7_50,28.83141,41.05948,0.326,0.25,0.484,0.263,0.388,B,0.341,0.388,0.263,0.269,0.303,0.092,0.001,0.053,0.1,0.206,0.054,0.113,0.0,0.13,0.063,0.081,0.107,0.618,puan,1079,0,2,0,0,0,0.0,26.7
c7_51,28.83141,41.06397,0.518,0.461,0.57,0.398,0.63,C,0.485,0.63,0.406,0.398,0.505,0.166,0.0,0.002,0.362,0.076,0.044,0.052,0.0,0.211,0.0,0.023,0.063,0.703,puan,4474,0,8,4,4,0,0.9,61.8
c7_52,28.83141,41.06846,0.562,0.527,0.589,0.44,0.684,C,0.521,0.684,0.44,0.49,0.562,0.212,0.0,0.0,0.494,0.04,0.079,0.0,0.0,0.121,0.0,0.0,0.055,0.825,puan,3388,0,7,3,3,0,0.9,67.3
c7_53,28.83141,41.07295,0.0,0.0,0.0,0.0,0.0,A,0.0,0.0,0.0,0.0,0.0,0.0,0.0,0.0,0.0,0.0,1.0,0.0,0.0,0.0,0.0,0.0,0.0,1.0,puan,0,0,1,0,0,0,,0.0
c7_54,28.83141,41.07744,0.0,0.0,0.0,0.0,0.0,A,0.0,0.0,0.0,0.0,0.0,0.0,0.0,0.0,0.0,0.0,1.0,0.0,0.0,0.0,0.0,0.0,0.0,1.0,puan,0,0,1,0,0,0,,0.0
c7_55,28.83141,41.08193,0.0,0.0,0.0,0.0,0.0,A,0.0,0.0,0.0,0.0,0.0,0.0,0.0,0.0,0.0,0.0,1.0,0.0,0.0,0.0,0.0,0.0,0.0,1.0,puan,0,0,1,0,0,0,,0.0
c0_56,28.78975,41.08642,0.203,0.199,0.22,0.133,0.273,B,0.208,0.273,0.133,0.195,0.203,0.027,0.0,0.0,0.133,0.781,0.0,0.0,0.0,0.039,0.0,0.003,0.017,0.941,puan,0,0,1,0,0,0,,13.1
c0_57,28.78975,41.09091,0.317,0.256,0.449,0.258,0.376,B,0.322,0.376,0.258,0.284,0.313,0.125,0.0,0.0,0.085,0.526,0.0,0.001,0.0,0.087,0.0,0.018,0.159,0.737,puan,1103,0,2,0,0,0,0.0,25.1
c0_58,28.78975,41.0954,0.306,0.236,0.465,0.24,0.372,B,0.311,0.372,0.24,0.263,0.299,0.094,0.0,0.011,0.103,0.322,0.0,0.153,0.0,0.112,0.0,0.031,0.173,0.685,puan,1176,0,2,9,6,3,7.7,22.8
c0_59,28.78975,41.09989,0.387,0.348,0.448,0.322,0.452,B,0.39,0.452,0.322,0.323,0.385,0.167,0.0,0.017,0.133,0.12,0.0,0.327,0.0,0.152,0.0,0.007,0.078,0.763,puan,2045,0,3,2,2,0,1.0,41.0
c0_60,28.78975,41.10438,0.272,0.267,0.287,0.222,0.323,B,0.284,0.323,0.222,0.229,0.271,0.118,0.0,0.007,0.045,0.112,0.004,0.535,0.0,0.154,0.009,0.005,0.011,0.82,puan,0,0,1,0,0,0,,18.7
c0_61,28.78975,41.10887,0.382,0.218,0.647,0.301,0.447,C,0.388,0.447,0.317,0.301,0.37,0.104,0.006,0.013,0.084,0.092,0.006,0.189,0.0,0.134,0.002,0.024,0.347,0.494,puan,0,0,1,0,0,0,,40.2
c0_62,28.78975,41.11336,0.316,0.208,0.549,0.253,0.357,B,0.33,0.357,0.275,0.253,0.291,0.104,0.005,0.013,0.024,0.139,0.063,0.163,0.0,0.126,0.1,0.076,0.187,0.51,puan,0,0,1,0,0,0,,25.0
c0_63,28.78975,41.11785,0.036,0.035,0.037,0.021,0.05,A,0.041,0.05,0.021,0.036,0.036,0.0,0.0,0.0,0.0,0.055,0.139,0.0,0.0,0.0,0.805,0.0,0.0,0.195,puan,0,0,1,0,0,0,,7.3
c1_56,28.79571,41.08642,0.236,0.23,0.256,0.159,0.314,B,0.238,0.314,0.159,0.225,0.236,0.036,0.0,0.012,0.18,0.664,0.012,0.0,0.0,0.046,0.025,0.002,0.022,0.905,puan,373,0,2,11,5,6,29.5,15.1
c1_57,28.79571,41.09091,0.194,0.189,0.213,0.137,0.25,B,0.206,0.25,0.137,0.179,0.194,0.048,0.0,0.0,0.055,0.801,0.0,0.0,0.0,0.075,0.0,0.004,0.018,0.904,puan,1706,0,3,11,11,0,6.4,12.5
c1_58,28.79571,41.0954,0.209,0.202,0.237,0.149,0.27,B,0.218,0.27,0.149,0.193,0.209,0.052,0.0,0.0,0.08,0.763,0.0,0.0,0.0,0.072,0.0,0.006,0.027,0.895,puan,1027,0,2,7,7,0,6.8,13.5
c1_59,28.79571,41.09989,0.227,0.208,0.291,0.172,0.282,B,0.241,0.282,0.172,0.21,0.221,0.071,0.0,0.022,0.06,0.601,0.022,0.078,0.0,0.07,0.0,0.05,0.027,0.853,puan,310,0,1,1,1,0,3.2,14.4
c1_60,28.79571,41.10438,0.24,0.224,0.29,0.189,0.291,B,0.248,0.291,0.189,0.212,0.237,0.093,0.0,0.003,0.066,0.163,0.091,0.417,0.0,0.109,0.0,0.023,0.036,0.833,puan,1342,0,2,2,2,0,1.5,15.4
c1_61,28.79571,41.10887,0.422,0.248,0.66,0.327,0.435,C,0.426,0.435,0.41,0.327,0.412,0.192,0.003,0.0,0.006,0.036,0.203,0.052,0.0,0.144,0.019,0.019,0.327,0.492,puan,2677,0,3,0,0,0,0.0,48.3
c1_62,28.79571,41.11336,0.711,0.424,0.827,0.568,0.731,C,0.713,0.731,0.69,0.568,0.661,0.248,0.0,0.002,0.017,0.019,0.024,0.066,0.0,0.094,0.275,0.035,0.219,0.376,puan,1082,0,3,0,0,0,0.0,78.2
c1_63,28.79571,41.11785,0.567,0.434,0.669,0.519,0.578,B,0.578,0.574,0.56,0.519,0.561,0.22,0.0,0.024,0.007,0.0,0.153,0.007,0.0,0.038,0.424,0.006,0.12,0.411,puan,444,0,2,1,1,0,2.2,67.7
c2_56,28.80166,41.08642,0.197,0.196,0.204,0.136,0.259,B,0.208,0.259,0.136,0.182,0.197,0.037,0.0,0.008,0.086,0.779,0.005,0.0,0.0,0.077,0.0,0.001,0.008,0.915,puan,1551,0,3,5,5,0,3.2,12.6
c2_57,28.80166,41.09091,0.279,0.216,0.441,0.224,0.333,B,0.289,0.333,0.224,0.246,0.277,0.098,0.0,0.007,0.056,0.488,0.006,0.047,0.0,0.094,0.0,0.008,0.196,0.702,puan,2262,0,5,7,7,0,3.1,19.5
c2_58,28.80166,41.0954,0.255,0.197,0.426,0.209,0.302,B,0.272,0.302,0.209,0.225,0.255,0.094,0.0,0.013,0.015,0.39,0.0,0.186,0.0,0.094,0.0,0.003,0.205,0.698,puan,1001,0,2,0,0,0,0.0,16.8
c2_59,28.80166,41.09989,0.312,0.262,0.423,0.261,0.355,A,0.326,0.355,0.269,0.261,0.299,0.146,0.004,0.002,0.013,0.171,0.0,0.385,0.0,0.141,0.0,0.052,0.086,0.721,puan,1006,0,2,0,0,0,0.0,24.0
c2_60,28.80166,41.10438,0.393,0.297,0.542,0.307,0.436,B,0.404,0.436,0.35,0.307,0.387,0.171,0.0,0.024,0.049,0.068,0.061,0.25,0.0,0.175,0.0,0.013,0.189,0.623,puan,3131,0,3,11,11,0,3.5,42.3
c2_61,28.80166,41.10887,0.464,0.276,0.68,0.367,0.51,C,0.477,0.51,0.417,0.367,0.45,0.173,0.003,0.023,0.044,0.047,0.001,0.225,0.0,0.135,0.0,0.021,0.328,0.515,puan,1974,0,2,10,10,0,5.1,54.9
c2_62,28.80166,41.11336,0.261,0.235,0.334,0.226,0.295,A,0.271,0.295,0.226,0.228,0.255,0.137,0.0,0.001,0.013,0.07,0.144,0.419,0.0,0.112,0.019,0.037,0.048,0.784,puan,1043,0,2,4,4,0,3.8,17.5
c2_63,28.80166,41.11785,0.323,0.297,0.376,0.255,0.353,A,0.343,0.353,0.292,0.255,0.32,0.133,0.0,0.045,0.018,0.052,0.146,0.191,0.0,0.157,0.208,0.008,0.042,0.585,puan,2696,0,3,12,12,0,4.5,26.0
c3_56,28.80761,41.08642,0.436,0.367,0.525,0.386,0.481,A,0.45,0.481,0.392,0.386,0.431,0.235,0.0,0.04,0.063,0.272,0.033,0.112,0.0,0.098,0.006,0.014,0.128,0.754,puan,1644,0,3,2,2,0,1.2,50.5
c3_57,28.80761,41.09091,0.349,0.308,0.425,0.306,0.391,A,0.363,0.391,0.306,0.312,0.328,0.19,0.0,0.016,0.024,0.089,0.0,0.482,0.0,0.093,0.0,0.082,0.024,0.801,puan,0,0,1,0,0,0,,32.0
c3_58,28.80761,41.0954,0.41,0.377,0.458,0.361,0.452,A,0.425,0.452,0.368,0.361,0.404,0.242,0.002,0.026,0.037,0.104,0.0,0.405,0.0,0.111,0.0,0.018,0.054,0.817,puan,0,0,1,0,0,0,,45.7
c3_59,28.80761,41.09989,0.439,0.377,0.519,0.395,0.481,A,0.448,0.481,0.398,0.395,0.432,0.261,0.0,0.007,0.043,0.097,0.0,0.375,0.0,0.088,0.0,0.02,0.11,0.783,puan,0,0,1,0,0,0,,51.1
c3_60,28.80761,41.10438,0.583,0.467,0.667,0.501,0.615,B,0.592,0.615,0.552,0.501,0.578,0.353,0.0,0.013,0.032,0.133,0.0,0.177,0.0,0.116,0.0,0.008,0.168,0.707,puan,606,0,1,0,0,0,0.0,69.1
c3_61,28.80761,41.10887,0.585,0.408,0.711,0.516,0.631,B,0.584,0.631,0.54,0.516,0.569,0.301,0.0,0.001,0.08,0.101,0.0,0.155,0.0,0.085,0.0,0.023,0.254,0.638,puan,0,0,1,0,0,0,,69.3
c3_62,28.80761,41.11336,0.504,0.404,0.603,0.441,0.541,B,0.51,0.541,0.467,0.441,0.499,0.295,0.0,0.0,0.038,0.093,0.0,0.293,0.0,0.102,0.0,0.01,0.169,0.719,puan,0,0,1,0,0,0,,59.7
c3_63,28.80761,41.11785,0.379,0.29,0.525,0.327,0.432,B,0.384,0.432,0.327,0.34,0.378,0.167,0.002,0.03,0.112,0.064,0.141,0.187,0.0,0.082,0.0,0.005,0.211,0.702,puan,17,0,1,0,0,0,,39.4
c4_56,28.81356,41.08642,0.555,0.493,0.605,0.477,0.564,A,0.556,0.564,0.545,0.477,0.55,0.412,0.0,0.0,0.009,0.008,0.245,0.102,0.0,0.126,0.0,0.009,0.089,0.776,puan,2873,0,5,1,1,0,0.3,66.6
c4_57,28.81356,41.09091,0.519,0.458,0.576,0.444,0.536,A,0.523,0.536,0.503,0.444,0.517,0.367,0.0,0.002,0.015,0.018,0.198,0.167,0.0,0.131,0.0,0.005,0.097,0.766,puan,2165,0,4,1,1,0,0.5,62.0
c4_58,28.81356,41.0954,0.619,0.484,0.701,0.519,0.636,B,0.625,0.636,0.601,0.519,0.617,0.391,0.0,0.001,0.001,0.044,0.052,0.192,0.0,0.13,0.0,0.002,0.187,0.681,puan,2050,0,4,2,2,0,1.0,72.5
c4_59,28.81356,41.09989,0.588,0.528,0.63,0.494,0.601,B,0.591,0.601,0.574,0.494,0.587,0.426,0.0,0.001,0.011,0.012,0.172,0.146,0.0,0.145,0.0,0.0,0.087,0.768,puan,3154,0,6,0,0,0,0.0,69.7
c4_60,28.81356,41.10438,0.764,0.559,0.828,0.603,0.771,B,0.765,0.771,0.758,0.603,0.755,0.455,0.0,0.0,0.007,0.011,0.095,0.04,0.0,0.163,0.006,0.009,0.214,0.608,puan,4499,0,6,0,0,0,0.0,81.5
c4_61,28.81356,41.10887,0.928,0.744,0.942,0.778,0.93,B,0.928,0.93,0.926,0.778,0.913,0.636,0.0,0.0,0.003,0.012,0.038,0.0,0.0,0.133,0.008,0.013,0.158,0.689,puan,2348,0,4,0,0,0,0.0,89.0
c4_62,28.81356,41.11336,0.985,0.77,0.988,0.791,0.987,B,0.987,0.986,0.983,0.791,0.981,0.637,0.0,0.007,0.001,0.005,0.0,0.0,0.0,0.16,0.008,0.003,0.178,0.651,puan,3491,0,9,0,0,0,0.0,91.7
c4_63,28.81356,41.11785,0.87,0.57,0.915,0.702,0.894,B,0.894,0.876,0.863,0.702,0.865,0.435,0.0,0.067,0.0,0.003,0.024,0.0,0.0,0.127,0.066,0.003,0.275,0.529,puan,3119,0,4,0,0,0,0.0,86.4
c5_56,28.81951,41.08642,0.0,0.0,0.0,0.0,0.0,A,0.0,0.0,0.0,0.0,0.0,0.0,0.0,0.0,0.0,0.0,1.0,0.0,0.0,0.0,0.0,0.0,0.0,1.0,puan,0,0,1,0,0,0,,0.0
c5_57,28.81951,41.09091,0.0,0.0,0.0,0.0,0.0,A,0.0,0.0,0.0,0.0,0.0,0.0,0.0,0.0,0.0,0.0,1.0,0.0,0.0,0.0,0.0,0.0,0.0,1.0,puan,0,0,1,0,0,0,,0.0
c5_58,28.81951,41.0954,0.072,0.072,0.072,0.072,0.072,A,0.072,0.072,0.072,0.072,0.072,0.072,0.0,0.0,0.0,0.0,0.928,0.0,0.0,0.0,0.0,0.0,0.0,1.0,puan,0,0,1,0,0,0,,8.6
c5_59,28.81951,41.09989,0.003,0.003,0.003,0.003,0.003,A,0.003,0.003,0.003,0.003,0.003,0.003,0.0,0.0,0.0,0.0,0.997,0.0,0.0,0.0,0.0,0.0,0.0,1.0,puan,0,0,1,0,0,0,,5.4
c5_60,28.81951,41.10438,0.005,0.005,0.005,0.005,0.005,A,0.005,0.005,0.005,0.005,0.005,0.005,0.0,0.0,0.0,0.0,0.995,0.0,0.0,0.0,0.0,0.0,0.0,1.0,puan,0,0,1,0,0,0,,5.6
c5_61,28.81951,41.10887,0.007,0.007,0.007,0.007,0.007,A,0.007,0.007,0.007,0.007,0.007,0.007,0.0,0.0,0.0,0.0,0.993,0.0,0.0,0.0,0.0,0.0,0.0,1.0,puan,0,0,1,0,0,0,,5.8
c5_62,28.81951,41.11336,0.485,0.472,0.498,0.477,0.485,A,0.485,0.485,0.485,0.477,0.485,0.465,0.0,0.0,0.0,0.0,0.494,0.0,0.0,0.016,0.0,0.0,0.026,0.959,puan,642,0,3,0,0,0,0.0,57.5
c5_63,28.81951,41.11785,0.835,0.569,0.888,0.683,0.835,B,0.835,0.835,0.835,0.683,0.835,0.203,0.0,0.0,0.0,0.0,0.04,0.0,0.0,0.054,0.589,0.0,0.114,0.243,puan,1622,0,5,0,0,0,0.0,85.1
c6_56,28.82546,41.08642,0.0,0.0,0.0,0.0,0.0,A,0.0,0.0,0.0,0.0,0.0,0.0,0.0,0.0,0.0,0.0,1.0,0.0,0.0,0.0,0.0,0.0,0.0,1.0,puan,0,0,1,0,0,0,,0.0
c6_57,28.82546,41.09091,0.0,0.0,0.0,0.0,0.0,A,0.0,0.0,0.0,0.0,0.0,0.0,0.0,0.0,0.0,0.0,1.0,0.0,0.0,0.0,0.0,0.0,0.0,1.0,puan,0,0,1,0,0,0,,0.0
c6_58,28.82546,41.0954,0.0,0.0,0.0,0.0,0.0,A,0.0,0.0,0.0,0.0,0.0,0.0,0.0,0.0,0.0,0.0,1.0,0.0,0.0,0.0,0.0,0.0,0.0,1.0,puan,0,0,1,0,0,0,,0.0
c6_59,28.82546,41.09989,0.0,0.0,0.0,0.0,0.0,A,0.0,0.0,0.0,0.0,0.0,0.0,0.0,0.0,0.0,0.0,1.0,0.0,0.0,0.0,0.0,0.0,0.0,1.0,puan,0,0,1,0,0,0,,0.0
c6_60,28.82546,41.10438,0.0,0.0,0.0,0.0,0.0,A,0.0,0.0,0.0,0.0,0.0,0.0,0.0,0.0,0.0,0.0,1.0,0.0,0.0,0.0,0.0,0.0,0.0,1.0,puan,0,0,1,0,0,0,,0.0
c6_61,28.82546,41.10887,0.0,0.0,0.0,0.0,0.0,A,0.0,0.0,0.0,0.0,0.0,0.0,0.0,0.0,0.0,0.0,1.0,0.0,0.0,0.0,0.0,0.0,0.0,1.0,puan,0,0,1,0,0,0,,0.0
c6_62,28.82546,41.11336,0.027,0.027,0.027,0.027,0.027,A,0.027,0.027,0.027,0.027,0.027,0.027,0.0,0.0,0.0,0.0,0.973,0.0,0.0,0.0,0.0,0.0,0.0,1.0,puan,0,0,1,0,0,0,,6.9
c6_63,28.82546,41.11785,0.731,0.591,0.783,0.609,0.731,B,0.731,0.731,0.731,0.609,0.731,0.231,0.0,0.0,0.0,0.0,0.085,0.0,0.0,0.063,0.545,0.0,0.075,0.316,puan,1273,0,3,0,0,0,0.0,79.5
c7_56,28.83141,41.08642,0.0,0.0,0.0,0.0,0.0,A,0.0,0.0,0.0,0.0,0.0,0.0,0.0,0.0,0.0,0.0,1.0,0.0,0.0,0.0,0.0,0.0,0.0,1.0,puan,0,0,1,0,0,0,,0.0
c7_57,28.83141,41.09091,0.0,0.0,0.0,0.0,0.0,A,0.0,0.0,0.0,0.0,0.0,0.0,0.0,0.0,0.0,0.0,1.0,0.0,0.0,0.0,0.0,0.0,0.0,1.0,puan,0,0,1,0,0,0,,0.0
c7_58,28.83141,41.0954,0.0,0.0,0.0,0.0,0.0,A,0.0,0.0,0.0,0.0,0.0,0.0,0.0,0.0,0.0,0.0,1.0,0.0,0.0,0.0,0.0,0.0,0.0,1.0,puan,0,0,1,0,0,0,,0.0
c7_59,28.83141,41.09989,0.0,0.0,0.0,0.0,0.0,A,0.0,0.0,0.0,0.0,0.0,0.0,0.0,0.0,0.0,0.0,1.0,0.0,0.0,0.0,0.0,0.0,0.0,1.0,puan,0,0,1,0,0,0,,0.0
c7_60,28.83141,41.10438,0.0,0.0,0.0,0.0,0.0,A,0.0,0.0,0.0,0.0,0.0,0.0,0.0,0.0,0.0,0.0,1.0,0.0,0.0,0.0,0.0,0.0,0.0,1.0,puan,0,0,1,0,0,0,,0.0
c7_61,28.83141,41.10887,0.0,0.0,0.0,0.0,0.0,A,0.0,0.0,0.0,0.0,0.0,0.0,0.0,0.0,0.0,0.0,1.0,0.0,0.0,0.0,0.0,0.0,0.0,1.0,puan,0,0,1,0,0,0,,0.0
c7_62,28.83141,41.11336,0.0,0.0,0.0,0.0,0.0,A,0.0,0.0,0.0,0.0,0.0,0.0,0.0,0.0,0.0,0.0,1.0,0.0,0.0,0.0,0.0,0.0,0.0,1.0,puan,0,0,1,0,0,0,,0.0
c7_63,28.83141,41.11785,0.421,0.4,0.45,0.396,0.421,A,0.421,0.421,0.421,0.396,0.421,0.357,0.0,0.0,0.0,0.0,0.49,0.0,0.0,0.052,0.055,0.001,0.044,0.847,puan,1101,0,3,0,0,0,0.0,48.0
c0_64,28.78975,41.12234,0.306,0.274,0.379,0.273,0.339,A,0.318,0.339,0.273,0.293,0.298,0.087,0.0,0.0,0.0,0.18,0.045,0.076,0.0,0.018,0.55,0.019,0.026,0.387,puan,0,0,1,0,0,0,,22.8
c0_65,28.78975,41.12683,0.172,0.141,0.322,0.13,0.21,A,0.186,0.21,0.133,0.13,0.17,0.029,0.0,0.001,0.0,0.201,0.06,0.091,0.0,0.124,0.41,0.018,0.066,0.382,puan,1508,0,3,2,0,2,1.3,11.2
c0_66,28.78975,41.13132,0.497,0.391,0.604,0.371,0.526,B,0.508,0.526,0.468,0.371,0.482,0.192,0.0,0.002,0.0,0.112,0.0,0.148,0.0,0.154,0.269,0.018,0.105,0.453,puan,3003,0,6,2,0,2,0.7,59.0
c0_67,28.78975,41.13581,0.254,0.211,0.38,0.189,0.298,B,0.269,0.298,0.21,0.189,0.243,0.064,0.0,0.0,0.004,0.04,0.0,0.339,0.0,0.155,0.307,0.041,0.049,0.447,puan,2217,0,2,1,1,0,0.5,16.7
c0_68,28.78975,41.1403,0.208,0.157,0.402,0.164,0.253,B,0.219,0.253,0.164,0.175,0.199,0.047,0.0,0.002,0.02,0.078,0.069,0.268,0.0,0.091,0.27,0.057,0.099,0.483,puan,1,0,1,0,0,0,,13.3
c0_69,28.78975,41.14479,0.429,0.154,0.795,0.365,0.465,C,0.44,0.465,0.393,0.365,0.41,0.095,0.0,0.002,0.006,0.016,0.001,0.163,0.0,0.049,0.167,0.019,0.483,0.282,puan,138,0,1,0,0,0,0.0,49.4
c0_70,28.78975,41.14928,0.069,0.059,0.212,0.062,0.076,A,0.071,0.076,0.063,0.062,0.072,0.034,0.0,0.0,0.001,0.0,0.522,0.076,0.0,0.077,0.175,0.032,0.083,0.633,puan,1300,0,2,6,5,1,4.6,8.5
c0_71,28.78975,41.15377,0.26,0.117,0.668,0.191,0.307,C,0.278,0.307,0.214,0.191,0.223,0.031,0.0,0.006,0.006,0.002,0.001,0.18,0.0,0.082,0.417,0.086,0.19,0.225,puan,1361,0,2,6,6,0,4.4,17.4
c1_64,28.79571,41.12234,0.918,0.616,0.945,0.717,0.922,C,0.921,0.922,0.913,0.717,0.907,0.204,0.0,0.003,0.0,0.0,0.0,0.019,0.0,0.063,0.6,0.003,0.108,0.226,puan,435,0,1,1,1,0,2.3,88.5
c1_65,28.79571,41.12683,0.97,0.873,0.973,0.804,0.97,B,0.97,0.97,0.97,0.804,0.97,0.293,0.0,0.0,0.0,0.0,0.009,0.0,0.0,0.062,0.603,0.0,0.033,0.302,puan,1119,0,1,1,1,0,0.9,90.8
c1_66,28.79571,41.13132,0.808,0.808,0.808,0.797,0.819,A,0.812,0.819,0.797,0.806,0.808,0.164,0.0,0.0,0.0,0.046,0.0,0.0,0.0,0.001,0.789,0.0,0.0,0.21,puan,0,0,1,0,0,0,,83.6
c1_67,28.79571,41.13581,0.527,0.478,0.571,0.451,0.657,C,0.657,0.602,0.451,0.461,0.527,0.095,0.21,0.0,0.013,0.081,0.0,0.0,0.0,0.057,0.502,0.0,0.041,0.399,puan,1632,0,3,4,4,0,2.5,63.3
c1_68,28.79571,41.1403,0.613,0.442,0.721,0.523,0.769,C,0.769,0.69,0.536,0.523,0.61,0.191,0.406,0.0,0.012,0.012,0.009,0.006,0.0,0.109,0.01,0.004,0.241,0.636,puan,2554,0,5,4,0,4,1.6,71.8
c1_69,28.79571,41.14479,0.297,0.097,0.77,0.213,0.33,C,0.33,0.314,0.281,0.213,0.285,0.066,0.038,0.0,0.0,0.0,0.172,0.011,0.0,0.115,0.006,0.022,0.569,0.288,puan,2880,0,5,11,10,1,3.8,21.6
c1_70,28.79571,41.14928,0.001,0.001,0.022,0.001,0.001,A,0.001,0.001,0.001,0.001,0.001,0.0,0.0,0.0,0.0,0.0,0.147,0.0,0.0,0.014,0.836,0.0,0.003,0.147,puan,0,0,1,0,0,0,,5.0
c1_71,28.79571,41.15377,,,,,,C,,,,0.0,,0.0,0.0,0.0,0.0,0.0,0.0,0.0,0.0,0.019,0.981,0.0,0.0,0.0,kanıt yetersiz,0,0,1,0,0,0,,
c2_64,28.80166,41.12234,0.302,0.283,0.345,0.255,0.343,A,0.32,0.343,0.26,0.255,0.3,0.096,0.0,0.014,0.004,0.097,0.0,0.294,0.0,0.093,0.369,0.004,0.03,0.504,puan,16,0,1,0,0,0,,22.3
c2_65,28.80166,41.12683,1.0,0.212,1.0,0.407,1.0,C,1.0,1.0,1.0,0.407,1.0,0.01,0.0,0.0,0.0,0.0,0.0,0.0,0.0,0.015,0.936,0.0,0.039,0.01,kanıt yetersiz,127,0,1,0,0,0,0.0,
c2_66,28.80166,41.13132,0.793,0.711,0.814,0.667,0.886,C,0.886,0.836,0.75,0.667,0.793,0.247,0.153,0.0,0.0,0.002,0.0,0.0,0.0,0.076,0.476,0.0,0.047,0.402,puan,1789,0,3,0,0,0,0.0,82.9
c2_67,28.80166,41.13581,0.562,0.527,0.59,0.471,0.76,C,0.76,0.653,0.471,0.534,0.562,0.163,0.719,0.001,0.001,0.009,0.0,0.0,0.0,0.047,0.0,0.0,0.06,0.892,puan,1312,0,3,0,0,0,0.0,67.3
c2_68,28.80166,41.1403,0.552,0.411,0.667,0.462,0.743,C,0.743,0.641,0.462,0.479,0.543,0.118,0.501,0.001,0.0,0.018,0.0,0.008,0.0,0.099,0.033,0.013,0.209,0.646,puan,2120,0,5,0,0,0,0.0,66.4
c2_69,28.80166,41.14479,0.265,0.084,0.767,0.203,0.313,C,0.283,0.313,0.216,0.203,0.235,0.023,0.004,0.0,0.004,0.001,0.0,0.131,0.0,0.049,0.438,0.044,0.307,0.162,puan,313,0,2,1,0,1,3.2,17.9
c2_70,28.80166,41.14928,,0.0,1.0,,,C,,,,0.0,,0.0,0.0,0.0,0.0,0.0,0.0,0.0,0.0,0.01,0.979,0.0,0.011,0.0,kanıt yetersiz,0,0,1,0,0,0,,
c2_71,28.80166,41.15377,1.0,1.0,1.0,0.055,1.0,C,1.0,1.0,1.0,0.055,1.0,0.001,0.0,0.0,0.0,0.0,0.0,0.0,0.0,0.016,0.983,0.0,0.0,0.001,kanıt yetersiz,0,0,1,0,0,0,,
c3_64,28.80761,41.12234,0.504,0.329,0.677,0.424,0.575,B,0.575,0.54,0.469,0.424,0.502,0.186,0.0,0.187,0.008,0.119,0.0,0.06,0.0,0.106,0.035,0.003,0.295,0.56,puan,1482,0,3,5,5,0,3.4,59.7
c3_65,28.80761,41.12683,0.566,0.371,0.715,0.438,0.572,B,0.572,0.567,0.564,0.438,0.563,0.25,0.0,0.015,0.0,0.0,0.187,0.0,0.0,0.132,0.179,0.003,0.234,0.452,puan,3005,0,5,0,0,0,0.0,67.7
c3_66,28.80761,41.13132,0.064,0.055,0.205,0.06,0.064,A,0.064,0.064,0.064,0.06,0.064,0.051,0.0,0.0,0.0,0.0,0.743,0.0,0.0,0.054,0.011,0.0,0.141,0.794,puan,1077,0,3,0,0,0,0.0,8.2
c3_67,28.80761,41.13581,0.381,0.311,0.494,0.322,0.386,A,0.382,0.386,0.376,0.322,0.38,0.262,0.0,0.0,0.002,0.057,0.388,0.0,0.0,0.131,0.0,0.002,0.157,0.71,puan,3500,0,6,0,0,0,0.0,39.9
c3_68,28.80761,41.1403,0.853,0.508,0.912,0.558,0.87,C,0.852,0.87,0.835,0.558,0.819,0.198,0.0,0.0,0.013,0.019,0.0,0.015,0.0,0.129,0.459,0.012,0.154,0.245,puan,2985,0,2,0,0,0,0.0,85.9
c3_69,28.80761,41.14479,,0.0,1.0,,,C,,,,0.0,0.125,0.0,0.0,0.0,0.0,0.0,0.0,0.0,0.0,0.067,0.911,0.0,0.022,0.0,kanıt yetersiz,542,0,1,0,0,0,0.0,
c3_70,28.80761,41.14928,,0.0,1.0,,,C,,,,0.0,0.125,0.0,0.0,0.0,0.0,0.0,0.0,0.0,0.0,0.061,0.898,0.0,0.04,0.0,kanıt yetersiz,1000,0,3,0,0,0,0.0,
c3_71,28.80761,41.15377,,0.0,1.0,,,C,,,,0.0,0.125,0.0,0.0,0.0,0.0,0.0,0.0,0.0,0.0,0.069,0.887,0.0,0.044,0.0,kanıt yetersiz,1101,0,3,0,0,0,0.0,
c4_64,28.81356,41.12234,0.185,0.137,0.395,0.161,0.202,B,0.202,0.189,0.18,0.161,0.184,0.097,0.0,0.056,0.0,0.0,0.486,0.0,0.0,0.096,0.044,0.01,0.212,0.639,puan,1563,0,3,0,0,0,0.0,11.8
c4_65,28.81356,41.12683,0.0,0.0,0.047,0.0,0.0,A,0.0,0.0,0.0,0.0,0.0,0.0,0.0,0.0,0.0,0.0,0.949,0.0,0.0,0.004,0.001,0.0,0.047,0.949,puan,66,0,1,0,0,0,0.0,0.0
c4_66,28.81356,41.13132,0.008,0.008,0.008,0.008,0.008,A,0.008,0.008,0.008,0.008,0.008,0.008,0.0,0.0,0.0,0.0,0.992,0.0,0.0,0.0,0.0,0.0,0.0,1.0,puan,0,0,1,0,0,0,,5.9
c4_67,28.81356,41.13581,0.043,0.031,0.315,0.027,0.059,B,0.042,0.059,0.027,0.039,0.044,0.003,0.0,0.0,0.033,0.077,0.549,0.0,0.0,0.076,0.0,0.005,0.257,0.661,puan,1238,0,2,6,6,0,4.8,7.5
c4_68,28.81356,41.1403,0.269,0.083,0.775,0.227,0.311,C,0.284,0.311,0.227,0.232,0.239,0.017,0.0,0.0,0.0,0.017,0.0,0.07,0.0,0.017,0.647,0.027,0.205,0.103,puan,0,0,1,0,0,0,,18.4
c4_69,28.81356,41.14479,,0.0,1.0,,,C,,,,0.0,,0.0,0.0,0.0,0.0,0.0,0.0,0.0,0.0,0.007,0.993,0.0,0.0,0.0,kanıt yetersiz,0,0,1,0,0,0,,
c4_70,28.81356,41.14928,,,,,,C,,,,0.0,,0.0,0.0,0.0,0.0,0.0,0.0,0.0,0.0,0.009,0.991,0.0,0.0,0.0,kanıt yetersiz,0,0,1,0,0,0,,
c4_71,28.81356,41.15377,,,,,,C,,,,0.0,,0.0,0.0,0.0,0.0,0.0,0.0,0.0,0.0,0.021,0.979,0.0,0.0,0.0,kanıt yetersiz,0,0,1,0,0,0,,
c5_64,28.81951,41.12234,0.0,0.0,0.0,0.0,0.0,A,0.0,0.0,0.0,0.0,0.0,0.0,0.0,0.0,0.0,0.0,0.919,0.0,0.0,0.0,0.081,0.0,0.0,0.919,puan,0,0,1,0,0,0,,0.0
c5_65,28.81951,41.12683,0.0,0.0,0.0,0.0,0.0,A,0.0,0.0,0.0,0.0,0.0,0.0,0.0,0.0,0.0,0.0,1.0,0.0,0.0,0.0,0.0,0.0,0.0,1.0,puan,0,0,1,0,0,0,,0.0
c5_66,28.81951,41.13132,0.0,0.0,0.0,0.0,0.0,A,0.0,0.0,0.0,0.0,0.0,0.0,0.0,0.0,0.0,0.0,1.0,0.0,0.0,0.0,0.0,0.0,0.0,1.0,puan,0,0,1,0,0,0,,0.0
c5_67,28.81951,41.13581,0.087,0.054,0.429,0.076,0.089,B,0.087,0.089,0.086,0.076,0.088,0.048,0.0,0.0,0.004,0.001,0.519,0.0,0.0,0.085,0.0,0.015,0.328,0.572,puan,1375,0,3,1,0,1,0.7,9.0
c5_68,28.81951,41.1403,0.74,0.074,0.974,0.388,0.756,C,0.745,0.756,0.725,0.388,0.487,0.054,0.0,0.0,0.0,0.023,0.0,0.0,0.0,0.07,0.158,0.054,0.64,0.077,kanıt yetersiz,0,0,1,0,0,0,,
c5_69,28.81951,41.14479,1.0,0.106,1.0,0.421,1.0,C,1.0,1.0,1.0,0.421,0.773,0.036,0.0,0.0,0.0,0.0,0.0,0.0,0.0,0.05,0.609,0.013,0.292,0.036,kanıt yetersiz,0,0,1,0,0,0,,
c5_70,28.81951,41.14928,1.0,1.0,1.0,0.237,1.0,C,1.0,1.0,1.0,0.237,1.0,0.004,0.0,0.0,0.0,0.0,0.0,0.0,0.0,0.013,0.983,0.0,0.0,0.004,kanıt yetersiz,0,0,1,0,0,0,,
c5_71,28.81951,41.15377,0.692,0.686,0.694,0.283,0.709,C,0.698,0.709,0.674,0.283,0.687,0.008,0.0,0.0,0.0,0.0,0.0,0.004,0.0,0.017,0.971,0.0,0.0,0.012,kanıt yetersiz,0,0,1,0,0,0,,
c6_64,28.82546,41.12234,0.367,0.367,0.367,0.367,0.367,A,0.367,0.367,0.367,0.367,0.367,0.216,0.0,0.0,0.0,0.0,0.372,0.0,0.0,0.0,0.412,0.0,0.0,0.588,puan,0,0,1,0,0,0,,36.1
c6_65,28.82546,41.12683,0.0,0.0,0.0,0.0,0.0,A,0.0,0.0,0.0,0.0,0.0,0.0,0.0,0.0,0.0,0.0,1.0,0.0,0.0,0.0,0.0,0.0,0.0,1.0,puan,0,0,1,0,0,0,,0.0
c6_66,28.82546,41.13132,0.04,0.034,0.181,0.036,0.045,A,0.04,0.045,0.036,0.036,0.044,0.022,0.0,0.001,0.015,0.012,0.728,0.0,0.0,0.088,0.0,0.035,0.099,0.778,puan,1488,0,2,0,0,0,0.0,7.4
c6_67,28.82546,41.13581,0.438,0.183,0.765,0.33,0.47,C,0.442,0.47,0.407,0.33,0.343,0.132,0.0,0.001,0.021,0.148,0.066,0.0,0.0,0.12,0.0,0.162,0.35,0.368,puan,2126,0,4,1,1,0,0.5,50.9
c6_68,28.82546,41.1403,0.702,0.104,0.956,0.404,0.738,C,0.7,0.738,0.665,0.42,0.404,0.062,0.0,0.0,0.011,0.028,0.0,0.0,0.0,0.068,0.247,0.108,0.476,0.101,puan,0,0,1,0,0,0,,77.8
c6_69,28.82546,41.14479,0.887,0.887,0.887,0.464,0.894,C,0.89,0.894,0.881,0.464,0.887,0.016,0.0,0.0,0.0,0.002,0.0,0.0,0.0,0.017,0.964,0.0,0.0,0.019,kanıt yetersiz,0,0,1,0,0,0,,
c6_70,28.82546,41.14928,0.869,0.861,0.87,0.293,0.876,C,0.871,0.876,0.861,0.293,0.862,0.021,0.0,0.0,0.0,0.004,0.0,0.0,0.0,0.047,0.928,0.0,0.0,0.024,kanıt yetersiz,0,0,2,0,0,0,,
c6_71,28.82546,41.15377,0.355,0.3,0.455,0.225,0.391,B,0.368,0.391,0.318,0.225,0.319,0.018,0.0,0.0,0.0,0.003,0.0,0.047,0.0,0.039,0.882,0.012,0.0,0.067,kanıt yetersiz,0,0,1,0,0,0,,
c7_64,28.83141,41.12234,0.882,0.768,0.898,0.784,0.882,A,0.882,0.882,0.882,0.784,0.882,0.569,0.0,0.0,0.0,0.0,0.076,0.0,0.0,0.081,0.179,0.0,0.096,0.644,puan,1708,0,5,0,0,0,0.0,87.3
c7_65,28.83141,41.12683,0.161,0.149,0.227,0.149,0.166,A,0.163,0.166,0.157,0.149,0.16,0.128,0.0,0.0,0.002,0.074,0.655,0.0,0.0,0.068,0.0,0.041,0.033,0.859,puan,1174,0,2,0,0,0,0.0,10.9
c7_66,28.83141,41.13132,0.522,0.21,0.807,0.365,0.58,C,0.518,0.58,0.464,0.365,0.403,0.128,0.0,0.009,0.07,0.098,0.028,0.013,0.0,0.147,0.0,0.147,0.362,0.344,puan,828,0,3,0,0,0,0.0,62.4
c7_67,28.83141,41.13581,0.309,0.152,0.659,0.25,0.368,C,0.316,0.368,0.25,0.26,0.25,0.072,0.0,0.004,0.052,0.229,0.004,0.09,0.0,0.086,0.0,0.213,0.251,0.451,puan,1071,0,2,0,0,0,0.0,23.3
c7_68,28.83141,41.1403,0.18,0.12,0.453,0.132,0.228,B,0.196,0.228,0.132,0.172,0.169,0.034,0.0,0.0,0.004,0.525,0.0,0.013,0.0,0.025,0.111,0.15,0.137,0.577,puan,0,0,1,0,0,0,,11.6
c7_69,28.83141,41.14479,1.0,0.849,1.0,0.818,1.0,B,1.0,1.0,1.0,0.818,0.945,0.068,0.0,0.0,0.0,0.0,0.0,0.0,0.0,0.015,0.904,0.005,0.008,0.068,kanıt yetersiz,0,0,1,0,0,0,,
c7_70,28.83141,41.14928,1.0,1.0,1.0,0.875,1.0,B,1.0,1.0,1.0,0.875,1.0,0.061,0.0,0.0,0.0,0.0,0.0,0.0,0.0,0.009,0.93,0.0,0.0,0.061,kanıt yetersiz,0,0,1,0,0,0,,
c7_71,28.83141,41.15377,0.238,0.213,0.315,0.191,0.281,A,0.253,0.281,0.194,0.191,0.226,0.014,0.0,0.0,0.0,0.0,0.0,0.095,0.0,0.026,0.852,0.012,0.0,0.109,puan,0,0,1,0,0,0,,15.3
c0_72,28.78975,41.15826,1.0,0.111,1.0,0.2,1.0,C,1.0,1.0,1.0,0.2,0.807,0.007,0.0,0.0,0.0,0.0,0.0,0.0,0.0,0.028,0.909,0.002,0.054,0.007,kanıt yetersiz,227,0,1,0,0,0,0.0,
c0_73,28.78975,41.16275,1.0,0.967,1.0,0.113,1.0,C,1.0,1.0,1.0,0.113,0.971,0.002,0.0,0.0,0.0,0.0,0.0,0.0,0.0,0.017,0.98,0.0,0.0,0.002,kanıt yetersiz,0,0,1,0,0,0,,
c0_74,28.78975,41.16724,1.0,0.996,1.0,0.405,1.0,C,1.0,1.0,1.0,0.405,0.996,0.016,0.0,0.0,0.0,0.0,0.0,0.0,0.0,0.023,0.961,0.0,0.0,0.016,kanıt yetersiz,0,0,1,0,0,0,,
c0_75,28.78975,41.17173,0.252,0.139,0.589,0.166,0.295,C,0.268,0.295,0.21,0.166,0.247,0.005,0.0,0.0,0.0,0.03,0.0,0.0,0.0,0.018,0.917,0.001,0.027,0.035,kanıt yetersiz,0,0,1,0,0,0,,
c0_76,28.78975,41.17622,0.68,0.085,0.96,0.298,0.698,C,0.686,0.698,0.661,0.298,0.45,0.018,0.0,0.0,0.0,0.01,0.0,0.0,0.0,0.036,0.737,0.02,0.178,0.028,kanıt yetersiz,0,0,1,0,0,0,,
c0_77,28.78975,41.18071,1.0,0.004,1.0,0.013,1.0,C,1.0,1.0,1.0,0.013,0.448,0.0,0.0,0.0,0.0,0.0,0.0,0.0,0.0,0.014,0.939,0.0,0.047,0.0,kanıt yetersiz,0,0,1,0,0,0,,
c0_78,28.78975,41.1852,1.0,0.973,1.0,0.977,1.0,A,1.0,1.0,1.0,1.0,0.977,0.006,0.0,0.0,0.0,0.0,0.0,0.0,0.0,0.0,0.994,0.0,0.0,0.006,kanıt yetersiz,0,0,1,0,0,0,,
c0_79,28.78975,41.18969,0.125,0.124,0.133,0.075,0.175,A,0.143,0.175,0.075,0.076,0.125,0.0,0.0,0.0,0.0,0.007,0.0,0.0,0.0,0.005,0.988,0.0,0.0,0.007,kanıt yetersiz,0,0,1,0,0,0,,
c1_72,28.79571,41.15826,1.0,0.995,1.0,0.238,1.0,C,1.0,1.0,1.0,0.238,0.995,0.01,0.0,0.0,0.0,0.0,0.0,0.0,0.0,0.033,0.957,0.0,0.0,0.01,kanıt yetersiz,0,0,1,0,0,0,,
c1_73,28.79571,41.16275,1.0,1.0,1.0,0.161,1.0,C,1.0,1.0,1.0,0.161,1.0,0.006,0.0,0.0,0.0,0.0,0.0,0.0,0.0,0.029,0.965,0.0,0.0,0.006,kanıt yetersiz,0,0,1,0,0,0,,
c1_74,28.79571,41.16724,1.0,0.846,1.0,0.363,1.0,C,1.0,1.0,1.0,0.363,0.865,0.005,0.0,0.0,0.0,0.0,0.0,0.0,0.0,0.009,0.984,0.001,0.0,0.005,kanıt yetersiz,0,0,1,0,0,0,,
c1_75,28.79571,41.17173,0.414,0.253,0.642,0.272,0.447,B,0.426,0.447,0.38,0.272,0.384,0.02,0.0,0.0,0.0,0.041,0.0,0.0,0.0,0.032,0.868,0.007,0.032,0.061,kanıt yetersiz,0,0,1,0,0,0,,
c1_76,28.79571,41.17622,,0.0,1.0,,,C,,,,,0.125,0.0,0.0,0.0,0.0,0.0,0.0,0.0,0.0,0.0,1.0,0.0,0.0,0.0,kanıt yetersiz,0,0,1,0,0,0,,
c1_77,28.79571,41.18071,,,,,,C,,,,0.0,,0.0,0.0,0.0,0.0,0.0,0.0,0.0,0.0,0.0,1.0,0.0,0.0,0.0,kanıt yetersiz,0,0,1,0,0,0,,
c1_78,28.79571,41.1852,1.0,1.0,1.0,0.276,1.0,C,1.0,1.0,1.0,0.276,1.0,0.003,0.0,0.0,0.0,0.0,0.0,0.0,0.0,0.009,0.988,0.0,0.0,0.003,kanıt yetersiz,0,0,1,0,0,0,,
c1_79,28.79571,41.18969,1.0,0.941,1.0,0.201,1.0,C,1.0,1.0,1.0,0.201,0.949,0.003,0.0,0.0,0.0,0.0,0.0,0.0,0.0,0.013,0.984,0.0,0.0,0.003,kanıt yetersiz,0,0,1,0,0,0,,
c2_72,28.80166,41.15826,,,,,,C,,,,0.0,,0.0,0.0,0.0,0.0,0.0,0.0,0.0,0.0,0.041,0.959,0.0,0.0,0.0,kanıt yetersiz,0,0,1,0,0,0,,
c2_73,28.80166,41.16275,1.0,1.0,1.0,0.212,1.0,C,1.0,1.0,1.0,0.212,1.0,0.005,0.0,0.0,0.0,0.0,0.0,0.0,0.0,0.018,0.977,0.0,0.0,0.005,kanıt yetersiz,0,0,1,0,0,0,,
c2_74,28.80166,41.16724,1.0,1.0,1.0,0.035,1.0,C,1.0,1.0,1.0,0.035,1.0,0.0,0.0,0.0,0.0,0.0,0.0,0.0,0.0,0.011,0.988,0.0,0.0,0.0,kanıt yetersiz,0,0,1,0,0,0,,
c2_75,28.80166,41.17173,0.955,0.69,0.967,0.375,0.957,C,0.956,0.957,0.952,0.375,0.819,0.013,0.0,0.0,0.0,0.001,0.0,0.0,0.0,0.022,0.959,0.003,0.003,0.014,kanıt yetersiz,0,0,1,0,0,0,,
c2_76,28.80166,41.17622,,0.0,1.0,,,C,,,,0.0,0.125,0.0,0.0,0.0,0.0,0.0,0.0,0.0,0.0,0.01,0.99,0.0,0.0,0.0,kanıt yetersiz,0,0,1,0,0,0,,
c2_77,28.80166,41.18071,,,,,,C,,,,0.0,,0.0,0.0,0.0,0.0,0.0,0.0,0.0,0.0,0.014,0.986,0.0,0.0,0.0,kanıt yetersiz,0,0,1,0,0,0,,
c2_78,28.80166,41.1852,,,,,,C,,,,0.0,,0.0,0.0,0.0,0.0,0.0,0.0,0.0,0.0,0.002,0.998,0.0,0.0,0.0,kanıt yetersiz,0,0,1,0,0,0,,
c2_79,28.80166,41.18969,,,,,,C,,,,,,0.0,0.0,0.0,0.0,0.0,0.0,0.0,0.0,0.0,1.0,0.0,0.0,0.0,kanıt yetersiz,0,0,1,0,0,0,,
c3_72,28.80761,41.15826,,0.0,1.0,,,C,,,,0.0,0.125,0.0,0.0,0.0,0.0,0.0,0.0,0.0,0.0,0.064,0.901,0.0,0.036,0.0,kanıt yetersiz,851,0,3,0,0,0,0.0,
c3_73,28.80761,41.16275,,0.0,1.0,,,C,,,,0.0,0.125,0.0,0.0,0.0,0.0,0.0,0.0,0.0,0.0,0.064,0.897,0.0,0.039,0.0,kanıt yetersiz,1015,0,3,0,0,0,0.0,
c3_74,28.80761,41.16724,,0.0,1.0,,,C,,,,0.0,0.125,0.0,0.0,0.0,0.0,0.0,0.0,0.0,0.0,0.066,0.896,0.0,0.037,0.0,kanıt yetersiz,999,0,3,0,0,0,0.0,
c3_75,28.80761,41.17173,1.0,0.588,1.0,0.136,1.0,C,1.0,1.0,1.0,0.136,0.919,0.015,0.0,0.0,0.0,0.0,0.0,0.0,0.0,0.094,0.881,0.001,0.009,0.015,kanıt yetersiz,131,0,1,0,0,0,0.0,
c3_76,28.80761,41.17622,,0.0,1.0,,,C,,,,0.0,,0.0,0.0,0.0,0.0,0.0,0.0,0.0,0.0,0.024,0.969,0.0,0.007,0.0,kanıt yetersiz,233,0,1,0,0,0,0.0,
c3_77,28.80761,41.18071,,,,,,C,,,,0.0,,0.0,0.0,0.0,0.0,0.0,0.0,0.0,0.0,0.011,0.989,0.0,0.0,0.0,kanıt yetersiz,0,0,1,0,0,0,,
c3_78,28.80761,41.1852,,,,,,C,,,,,,0.0,0.0,0.0,0.0,0.0,0.0,0.0,0.0,0.0,1.0,0.0,0.0,0.0,kanıt yetersiz,0,0,1,0,0,0,,
c3_79,28.80761,41.18969,,,,,,C,,,,0.0,,0.0,0.0,0.0,0.0,0.0,0.0,0.0,0.0,0.003,0.997,0.0,0.0,0.0,kanıt yetersiz,0,0,1,0,0,0,,
c4_72,28.81356,41.15826,,0.0,1.0,,,C,,,,0.0,,0.0,0.0,0.0,0.0,0.0,0.0,0.0,0.0,0.014,0.979,0.0,0.007,0.0,kanıt yetersiz,164,0,1,0,0,0,0.0,
c4_73,28.81356,41.16275,,0.0,1.0,,,C,,,,0.0,,0.0,0.0,0.0,0.0,0.0,0.0,0.0,0.0,0.009,0.99,0.0,0.002,0.0,kanıt yetersiz,0,0,1,0,0,0,,
c4_74,28.81356,41.16724,1.0,1.0,1.0,0.191,1.0,C,1.0,1.0,1.0,0.191,1.0,0.002,0.0,0.0,0.0,0.0,0.0,0.0,0.0,0.01,0.988,0.0,0.0,0.002,kanıt yetersiz,0,0,1,0,0,0,,
c4_75,28.81356,41.17173,1.0,0.707,1.0,0.265,1.0,C,1.0,1.0,1.0,0.265,1.0,0.011,0.0,0.0,0.0,0.0,0.0,0.0,0.0,0.031,0.954,0.0,0.005,0.011,kanıt yetersiz,0,0,1,0,0,0,,
c4_76,28.81356,41.17622,1.0,0.047,1.0,0.02,1.0,C,1.0,1.0,1.0,0.02,0.96,0.001,0.0,0.0,0.0,0.0,0.0,0.0,0.0,0.066,0.904,0.0,0.028,0.001,kanıt yetersiz,940,0,3,0,0,0,0.0,
c4_77,28.81356,41.18071,,0.0,1.0,,,C,,,,0.0,0.125,0.0,0.0,0.0,0.0,0.0,0.0,0.0,0.0,0.055,0.92,0.0,0.024,0.0,kanıt yetersiz,799,0,3,0,0,0,0.0,
c4_78,28.81356,41.1852,,,,,,C,,,,0.0,,0.0,0.0,0.0,0.0,0.0,0.0,0.0,0.0,0.011,0.989,0.0,0.0,0.0,kanıt yetersiz,0,0,1,0,0,0,,
c4_79,28.81356,41.18969,,,,,,C,,,,0.0,,0.0,0.0,0.0,0.0,0.0,0.0,0.0,0.0,0.008,0.992,0.0,0.0,0.0,kanıt yetersiz,0,0,1,0,0,0,,
c5_72,28.81951,41.15826,1.0,0.99,1.0,0.436,1.0,C,1.0,1.0,1.0,0.436,0.991,0.012,0.0,0.0,0.0,0.0,0.0,0.0,0.0,0.015,0.973,0.0,0.0,0.012,kanıt yetersiz,0,0,1,0,0,0,,
c5_73,28.81951,41.16275,0.18,0.155,0.291,0.132,0.227,A,0.2,0.227,0.132,0.161,0.172,0.005,0.0,0.001,0.0,0.001,0.0,0.073,0.0,0.009,0.898,0.013,0.0,0.08,kanıt yetersiz,0,0,1,0,0,0,,
c5_74,28.81951,41.16724,0.217,0.185,0.334,0.173,0.262,A,0.233,0.262,0.173,0.191,0.203,0.002,0.0,0.0,0.0,0.0,0.0,0.02,0.0,0.003,0.971,0.004,0.0,0.022,kanıt yetersiz,0,0,1,0,0,0,,
c5_75,28.81951,41.17173,1.0,0.953,1.0,0.3,1.0,C,1.0,1.0,1.0,0.3,1.0,0.012,0.0,0.0,0.0,0.0,0.0,0.0,0.0,0.027,0.961,0.0,0.001,0.012,kanıt yetersiz,0,0,1,0,0,0,,
c5_76,28.81951,41.17622,1.0,1.0,1.0,0.261,1.0,C,1.0,1.0,1.0,0.261,1.0,0.003,0.0,0.0,0.0,0.0,0.0,0.0,0.0,0.009,0.988,0.0,0.0,0.003,kanıt yetersiz,0,0,1,0,0,0,,
c5_77,28.81951,41.18071,,0.0,1.0,,,C,,,,0.0,0.125,0.0,0.0,0.0,0.0,0.0,0.0,0.0,0.0,0.031,0.955,0.0,0.014,0.0,kanıt yetersiz,437,0,2,0,0,0,0.0,
c5_78,28.81951,41.1852,,0.0,1.0,,,C,,,,0.0,0.125,0.0,0.0,0.0,0.0,0.0,0.0,0.0,0.0,0.076,0.905,0.001,0.018,0.0,kanıt yetersiz,610,0,1,0,0,0,0.0,
c5_79,28.81951,41.18969,,0.0,1.0,,,C,,,,0.0,,0.0,0.0,0.0,0.0,0.0,0.0,0.0,0.0,0.002,0.996,0.0,0.002,0.0,kanıt yetersiz,31,0,1,0,0,0,,
c6_72,28.82546,41.15826,1.0,0.915,1.0,0.152,1.0,C,1.0,1.0,1.0,0.152,0.926,0.003,0.0,0.0,0.0,0.0,0.0,0.0,0.0,0.017,0.98,0.0,0.0,0.003,kanıt yetersiz,0,0,1,0,0,0,,
c6_73,28.82546,41.16275,0.434,0.379,0.505,0.262,0.466,C,0.446,0.466,0.402,0.262,0.395,0.016,0.0,0.0,0.0,0.001,0.0,0.029,0.0,0.03,0.917,0.007,0.0,0.046,kanıt yetersiz,0,0,1,0,0,0,,
c6_74,28.82546,41.16724,0.32,0.265,0.436,0.214,0.359,B,0.333,0.359,0.28,0.214,0.293,0.011,0.0,0.0,0.0,0.002,0.0,0.038,0.0,0.025,0.913,0.008,0.002,0.052,kanıt yetersiz,0,0,1,0,0,0,,
c6_75,28.82546,41.17173,1.0,0.725,1.0,0.341,1.0,C,1.0,1.0,1.0,0.341,1.0,0.018,0.0,0.0,0.0,0.0,0.0,0.0,0.0,0.034,0.941,0.0,0.007,0.018,kanıt yetersiz,0,0,1,0,0,0,,
c6_76,28.82546,41.17622,,,,,,C,,,,0.0,,0.0,0.0,0.0,0.0,0.0,0.0,0.0,0.0,0.007,0.993,0.0,0.0,0.0,kanıt yetersiz,0,0,1,0,0,0,,
c6_77,28.82546,41.18071,1.0,0.831,1.0,0.257,1.0,C,1.0,1.0,1.0,0.257,0.852,0.01,0.0,0.0,0.0,0.0,0.0,0.0,0.0,0.029,0.959,0.002,0.0,0.01,kanıt yetersiz,0,0,1,0,0,0,,
c6_78,28.82546,41.1852,1.0,0.869,1.0,0.187,1.0,C,1.0,1.0,1.0,0.187,1.0,0.005,0.0,0.0,0.0,0.0,0.0,0.0,0.0,0.023,0.971,0.0,0.001,0.005,kanıt yetersiz,19,0,1,0,0,0,,
c6_79,28.82546,41.18969,0.346,0.164,0.69,0.096,0.383,C,0.359,0.383,0.309,0.096,0.345,0.007,0.0,0.0,0.0,0.021,0.0,0.0,0.0,0.074,0.865,0.0,0.032,0.028,kanıt yetersiz,1023,0,3,0,0,0,0.0,
c7_72,28.83141,41.15826,0.187,0.164,0.286,0.14,0.233,A,0.203,0.233,0.14,0.158,0.179,0.012,0.0,0.0,0.0,0.0,0.0,0.153,0.0,0.03,0.782,0.023,0.0,0.165,puan,0,0,1,0,0,0,,12.0
c7_73,28.83141,41.16275,0.22,0.182,0.357,0.16,0.265,B,0.236,0.265,0.176,0.16,0.204,0.003,0.0,0.0,0.0,0.001,0.0,0.024,0.0,0.01,0.956,0.006,0.0,0.028,kanıt yetersiz,0,0,1,0,0,0,,
c7_74,28.83141,41.16724,1.0,0.692,1.0,0.431,1.0,C,1.0,1.0,1.0,0.431,0.881,0.016,0.0,0.0,0.0,0.0,0.0,0.0,0.0,0.021,0.956,0.003,0.005,0.016,kanıt yetersiz,0,0,1,0,0,0,,
c7_75,28.83141,41.17173,1.0,1.0,1.0,0.184,1.0,C,1.0,1.0,1.0,0.184,1.0,0.005,0.0,0.0,0.0,0.0,0.0,0.0,0.0,0.021,0.975,0.0,0.0,0.005,kanıt yetersiz,0,0,1,0,0,0,,
c7_76,28.83141,41.17622,1.0,1.0,1.0,0.271,1.0,C,1.0,1.0,1.0,0.271,1.0,0.012,0.0,0.0,0.0,0.0,0.0,0.0,0.0,0.032,0.956,0.0,0.0,0.012,kanıt yetersiz,0,0,1,0,0,0,,
c7_77,28.83141,41.18071,1.0,1.0,1.0,0.064,1.0,C,1.0,1.0,1.0,0.064,1.0,0.001,0.0,0.0,0.0,0.0,0.0,0.0,0.0,0.012,0.987,0.0,0.0,0.001,kanıt yetersiz,0,0,1,0,0,0,,
c7_78,28.83141,41.1852,1.0,0.197,1.0,0.209,1.0,C,1.0,1.0,1.0,0.209,1.0,0.004,0.0,0.0,0.0,0.0,0.0,0.0,0.0,0.016,0.962,0.0,0.017,0.004,kanıt yetersiz,0,0,1,0,0,0,,
c7_79,28.83141,41.18969,,,,,,C,,,,0.0,,0.0,0.0,0.0,0.0,0.0,0.0,0.0,0.0,0.007,0.993,0.0,0.0,0.0,kanıt yetersiz,0,0,1,0,0,0,,
c80_1,29.26576,40.83947,0.249,0.176,0.468,0.205,0.294,B,0.279,0.294,0.205,0.249,0.237,0.003,0.0,0.055,0.001,0.566,0.001,0.0,0.081,0.001,0.0,0.078,0.213,0.707,puan,0,0,1,0,0,0,,16.1
c80_2,29.26576,40.84396,0.686,0.174,0.92,0.66,0.704,C,0.692,0.704,0.668,0.67,0.66,0.0,0.0,0.0,0.0,0.09,0.0,0.0,0.162,0.006,0.0,0.012,0.73,0.252,puan,0,0,1,0,0,0,,76.8
c80_5,29.26576,40.85743,0.014,0.013,0.026,0.009,0.018,A,0.015,0.018,0.009,0.014,0.014,0.003,0.0,0.0,0.0,0.082,0.878,0.0,0.0,0.005,0.02,0.003,0.009,0.963,puan,0,0,2,0,0,0,,6.4
c80_6,29.26576,40.86192,0.002,0.002,0.006,0.002,0.003,A,0.002,0.003,0.002,0.002,0.003,0.001,0.0,0.0,0.0,0.007,0.983,0.0,0.0,0.003,0.003,0.002,0.002,0.991,puan,0,0,2,0,0,0,,5.3
c80_7,29.26576,40.86641,0.035,0.034,0.081,0.027,0.044,A,0.037,0.044,0.027,0.033,0.037,0.013,0.0,0.002,0.011,0.015,0.762,0.085,0.0,0.069,0.0,0.014,0.03,0.887,puan,1284,1709,3,0,0,0,0.0,7.2
c81_5,29.27171,40.85743,0.369,0.319,0.454,0.322,0.416,A,0.416,0.408,0.33,0.322,0.343,0.143,0.0,0.155,0.014,0.164,0.042,0.224,0.027,0.112,0.001,0.09,0.029,0.768,puan,766,266,2,0,0,0,0.0,36.8
c81_6,29.27171,40.86192,0.196,0.167,0.314,0.155,0.236,A,0.216,0.236,0.155,0.169,0.191,0.048,0.0,0.09,0.082,0.128,0.339,0.059,0.0,0.119,0.007,0.046,0.083,0.746,puan,749,1721,2,2,0,2,0.8,12.6
c81_7,29.27171,40.86641,0.523,0.399,0.636,0.347,0.571,C,0.519,0.571,0.476,0.347,0.512,0.221,0.001,0.002,0.084,0.165,0.06,0.015,0.0,0.28,0.0,0.016,0.155,0.549,puan,7091,418,11,10,9,1,1.3,62.6
c80_80,29.26576,41.19418,,,,,,C,,,,,,0.0,0.0,0.0,0.0,0.0,0.0,0.0,0.0,0.0,1.0,0.0,0.0,0.0,kanıt yetersiz,0,0,1,0,0,0,,
c80_81,29.26576,41.19867,1.0,0.039,1.0,0.4,1.0,C,1.0,1.0,1.0,0.4,1.0,0.004,0.0,0.0,0.0,0.0,0.0,0.0,0.0,0.007,0.878,0.0,0.111,0.004,kanıt yetersiz,0,0,1,0,0,0,,
c80_82,29.26576,41.20316,1.0,0.049,1.0,0.869,1.0,C,1.0,1.0,1.0,0.869,1.0,0.047,0.0,0.0,0.0,0.0,0.0,0.0,0.0,0.007,0.036,0.0,0.91,0.047,kanıt yetersiz,0,0,1,0,0,0,,
c80_83,29.26576,41.20765,1.0,0.237,1.0,1.0,1.0,C,1.0,1.0,1.0,1.0,1.0,0.237,0.0,0.0,0.0,0.0,0.0,0.0,0.0,0.0,0.0,0.0,0.763,0.237,puan,0,0,1,0,0,0,,94.5
c80_84,29.26576,41.21214,1.0,0.52,1.0,0.995,1.0,C,1.0,1.0,1.0,0.995,1.0,0.519,0.0,0.0,0.0,0.0,0.0,0.0,0.0,0.003,0.0,0.0,0.479,0.519,puan,0,0,1,0,0,0,,94.5
c80_85,29.26576,41.21663,1.0,0.164,1.0,0.922,1.0,C,1.0,1.0,1.0,0.922,1.0,0.162,0.0,0.0,0.0,0.0,0.0,0.0,0.0,0.014,0.0,0.0,0.825,0.162,puan,0,0,1,0,0,0,,94.5
c80_86,29.26576,41.22112,1.0,0.02,1.0,0.402,1.0,C,1.0,1.0,1.0,0.402,0.978,0.02,0.0,0.0,0.0,0.0,0.0,0.0,0.0,0.029,0.0,0.001,0.95,0.02,kanıt yetersiz,0,0,1,0,0,0,,
c80_87,29.26576,41.22561,1.0,0.063,1.0,0.424,1.0,C,1.0,1.0,1.0,0.424,0.957,0.056,0.0,0.0,0.0,0.0,0.0,0.0,0.002,0.079,0.0,0.003,0.86,0.058,kanıt yetersiz,0,0,1,0,0,0,,
c81_80,29.27171,41.19418,,,,,,C,,,,,,0.0,0.0,0.0,0.0,0.0,0.0,0.0,0.0,0.0,1.0,0.0,0.0,0.0,kanıt yetersiz,0,0,1,0,0,0,,
c81_81,29.27171,41.19867,1.0,0.061,1.0,0.4,1.0,C,1.0,1.0,1.0,0.4,0.965,0.013,0.0,0.0,0.0,0.0,0.0,0.0,0.0,0.019,0.772,0.001,0.195,0.013,kanıt yetersiz,0,0,1,0,0,0,,
c81_82,29.27171,41.20316,1.0,0.093,1.0,1.0,1.0,C,1.0,1.0,1.0,1.0,1.0,0.09,0.0,0.0,0.0,0.0,0.0,0.0,0.0,0.0,0.033,0.0,0.876,0.09,kanıt yetersiz,0,0,1,0,0,0,,
c81_83,29.27171,41.20765,1.0,0.138,1.0,0.985,1.0,C,1.0,1.0,1.0,0.985,1.0,0.138,0.0,0.0,0.0,0.0,0.0,0.0,0.0,0.002,0.0,0.0,0.86,0.138,puan,0,0,1,0,0,0,,94.5
c81_84,29.27171,41.21214,1.0,0.001,1.0,0.15,1.0,C,1.0,1.0,1.0,0.15,1.0,0.001,0.0,0.0,0.0,0.0,0.0,0.0,0.0,0.005,0.0,0.0,0.995,0.001,kanıt yetersiz,0,0,1,0,0,0,,
c81_85,29.27171,41.21663,0.229,0.006,0.981,0.185,0.273,C,0.248,0.273,0.185,0.19,0.207,0.003,0.0,0.0,0.0,0.0,0.0,0.021,0.0,0.005,0.0,0.006,0.965,0.024,kanıt yetersiz,0,0,1,0,0,0,,
c81_86,29.27171,41.22112,0.158,0.021,0.886,0.109,0.207,C,0.176,0.207,0.109,0.136,0.151,0.005,0.0,0.001,0.001,0.0,0.0,0.127,0.0,0.021,0.0,0.035,0.811,0.133,puan,0,0,1,0,0,0,,10.7
c81_87,29.27171,41.22561,0.721,0.097,0.962,0.426,0.737,C,0.728,0.737,0.705,0.426,0.661,0.054,0.0,0.001,0.0,0.0,0.0,0.039,0.029,0.085,0.0,0.014,0.778,0.123,puan,0,0,1,0,0,0,,78.8
c80_88,29.26576,41.2301,0.999,0.274,1.0,0.825,0.999,C,0.999,0.999,0.999,0.825,0.965,0.037,0.0,0.001,0.0,0.0,0.0,0.0,0.221,0.055,0.0,0.01,0.676,0.259,puan,0,0,1,0,0,0,,93.8
c80_8,29.26576,40.8709,0.36,0.3,0.468,0.27,0.425,B,0.36,0.425,0.296,0.27,0.322,0.129,0.0,0.003,0.109,0.093,0.012,0.306,0.0,0.217,0.0,0.125,0.006,0.652,puan,1862,0,3,1,0,1,0.5,34.8
c80_9,29.26576,40.87539,0.384,0.346,0.446,0.292,0.455,B,0.385,0.455,0.314,0.292,0.36,0.143,0.006,0.008,0.141,0.112,0.001,0.291,0.0,0.221,0.0,0.072,0.006,0.701,puan,2090,0,2,1,1,0,0.5,40.5
c80_10,29.26576,40.87988,0.326,0.318,0.343,0.26,0.393,B,0.33,0.393,0.26,0.264,0.323,0.125,0.008,0.005,0.127,0.277,0.009,0.243,0.0,0.186,0.0,0.015,0.005,0.794,puan,0,0,1,0,0,0,,26.7
c80_11,29.26576,40.88437,0.591,0.525,0.637,0.515,0.631,B,0.607,0.631,0.551,0.515,0.578,0.369,0.005,0.059,0.075,0.096,0.016,0.164,0.0,0.117,0.0,0.024,0.075,0.784,puan,0,0,1,0,0,0,,69.9
c80_12,29.26576,40.88886,0.475,0.441,0.512,0.396,0.54,B,0.47,0.54,0.41,0.396,0.467,0.242,0.002,0.011,0.171,0.068,0.042,0.247,0.0,0.156,0.0,0.019,0.041,0.784,puan,892,0,2,10,8,2,11.2,56.2
c80_13,29.26576,40.89335,0.246,0.198,0.394,0.188,0.303,B,0.255,0.303,0.188,0.227,0.238,0.076,0.0,0.0,0.064,0.534,0.0,0.078,0.0,0.063,0.0,0.054,0.13,0.753,puan,120,0,1,8,8,0,66.9,16.0
c80_14,29.26576,40.89784,0.383,0.218,0.65,0.305,0.441,C,0.386,0.441,0.326,0.305,0.34,0.118,0.0,0.003,0.065,0.086,0.006,0.216,0.0,0.128,0.0,0.099,0.278,0.495,puan,1030,0,2,0,0,0,0.0,40.4
c80_15,29.26576,40.90233,0.308,0.25,0.438,0.254,0.355,B,0.317,0.355,0.26,0.254,0.274,0.131,0.0,0.001,0.041,0.024,0.027,0.47,0.0,0.146,0.0,0.157,0.003,0.694,puan,0,0,1,0,0,0,,23.1
c81_8,29.27171,40.8709,0.329,0.278,0.432,0.258,0.39,B,0.336,0.39,0.267,0.258,0.298,0.116,0.001,0.015,0.091,0.098,0.001,0.365,0.0,0.19,0.0,0.12,0.004,0.686,puan,1377,0,2,0,0,0,0.0,27.6
c81_9,29.27171,40.87539,0.351,0.277,0.489,0.277,0.413,B,0.357,0.413,0.289,0.277,0.303,0.125,0.009,0.004,0.093,0.118,0.007,0.295,0.0,0.175,0.0,0.175,0.0,0.65,puan,0,0,1,0,0,0,,32.5
c81_10,29.27171,40.87988,0.351,0.335,0.38,0.293,0.405,B,0.367,0.405,0.297,0.293,0.341,0.162,0.002,0.044,0.076,0.245,0.004,0.27,0.0,0.159,0.0,0.037,0.0,0.804,puan,0,0,1,0,0,0,,32.5
c81_11,29.27171,40.88437,0.3,0.251,0.414,0.24,0.353,B,0.309,0.353,0.247,0.24,0.272,0.116,0.0,0.002,0.052,0.2,0.0,0.323,0.0,0.173,0.0,0.134,0.0,0.693,puan,0,0,1,0,0,0,,21.9
c81_12,29.27171,40.88886,0.418,0.376,0.476,0.34,0.461,B,0.424,0.461,0.375,0.34,0.393,0.231,0.001,0.0,0.048,0.16,0.016,0.291,0.0,0.17,0.0,0.069,0.014,0.747,puan,0,0,1,0,0,0,,47.3
c81_13,29.27171,40.89335,0.418,0.325,0.547,0.332,0.459,B,0.428,0.459,0.377,0.332,0.368,0.202,0.0,0.005,0.03,0.141,0.0,0.269,0.0,0.168,0.0,0.134,0.051,0.648,puan,0,0,1,0,0,0,,47.3
c81_14,29.27171,40.89784,0.311,0.292,0.353,0.254,0.365,B,0.319,0.365,0.256,0.254,0.301,0.135,0.001,0.006,0.068,0.249,0.005,0.315,0.0,0.171,0.0,0.043,0.007,0.778,puan,781,0,2,0,0,0,0.0,23.8
c81_15,29.27171,40.90233,0.464,0.29,0.665,0.374,0.501,B,0.474,0.501,0.427,0.374,0.433,0.174,0.004,0.009,0.027,0.088,0.034,0.142,0.0,0.115,0.119,0.049,0.239,0.478,puan,1253,0,3,0,0,0,0.0,54.9
c80_16,29.26576,40.90682,0.309,0.25,0.441,0.236,0.349,B,0.325,0.349,0.269,0.236,0.279,0.05,0.001,0.011,0.013,0.042,0.039,0.096,0.0,0.077,0.612,0.048,0.011,0.251,puan,0,0,1,0,0,0,,23.3
c80_17,29.26576,40.91131,0.942,0.139,0.991,0.402,0.946,C,0.942,0.946,0.937,0.402,0.442,0.098,0.0,0.0,0.001,0.0,0.001,0.005,0.0,0.141,0.148,0.166,0.44,0.105,puan,0,0,1,0,0,0,,89.5
c80_18,29.26576,40.9158,0.92,0.144,0.988,0.401,0.943,C,0.915,0.943,0.898,0.411,0.401,0.113,0.0,0.001,0.014,0.003,0.0,0.0,0.0,0.162,0.0,0.247,0.46,0.131,puan,0,0,1,0,0,0,,88.6
c80_19,29.26576,40.92029,0.783,0.143,0.96,0.391,0.816,C,0.779,0.816,0.751,0.391,0.442,0.108,0.0,0.001,0.018,0.019,0.0,0.008,0.0,0.155,0.0,0.166,0.525,0.154,puan,1376,0,3,0,0,0,0.0,82.4
c80_20,29.26576,40.92478,0.379,0.164,0.731,0.237,0.416,C,0.392,0.416,0.343,0.237,0.316,0.041,0.0,0.0,0.001,0.019,0.0,0.081,0.0,0.085,0.589,0.047,0.138,0.141,puan,1005,0,2,0,0,0,0.0,39.4
c80_21,29.26576,40.92927,,0.0,1.0,,,C,,,,0.0,0.125,0.0,0.0,0.0,0.0,0.0,0.0,0.0,0.0,0.012,0.987,0.0,0.0,0.0,kanıt yetersiz,0,0,1,0,0,0,,
c80_22,29.26576,40.93376,,,,,,C,,,,0.0,,0.0,0.0,0.0,0.0,0.0,0.0,0.0,0.0,0.011,0.989,0.0,0.0,0.0,kanıt yetersiz,0,0,1,0,0,0,,
c80_23,29.26576,40.93825,1.0,0.491,1.0,0.011,1.0,C,1.0,1.0,1.0,0.011,0.555,0.0,0.0,0.0,0.0,0.0,0.0,0.0,0.0,0.018,0.981,0.0,0.0,0.0,kanıt yetersiz,0,0,1,0,0,0,,
c81_16,29.27171,40.90682,0.769,0.431,0.87,0.607,0.785,C,0.772,0.785,0.752,0.607,0.684,0.308,0.0,0.0,0.007,0.003,0.0,0.104,0.0,0.112,0.131,0.064,0.269,0.423,puan,0,0,1,0,0,0,,81.8
c81_17,29.27171,40.91131,0.991,0.406,0.996,0.73,0.992,C,0.991,0.992,0.989,0.754,0.73,0.357,0.0,0.001,0.002,0.002,0.0,0.0,0.0,0.113,0.004,0.156,0.365,0.361,puan,0,0,1,0,0,0,,92.2
c81_18,29.27171,40.9158,0.821,0.122,0.973,0.368,0.84,C,0.816,0.84,0.802,0.393,0.368,0.099,0.0,0.0,0.01,0.004,0.011,0.004,0.0,0.14,0.0,0.238,0.494,0.128,puan,0,0,1,0,0,0,,84.4
c81_19,29.27171,40.92029,0.514,0.258,0.756,0.377,0.548,C,0.548,0.544,0.484,0.377,0.449,0.164,0.0,0.055,0.002,0.011,0.002,0.171,0.0,0.148,0.045,0.081,0.322,0.405,puan,1830,0,3,0,0,0,0.0,61.2
c81_20,29.27171,40.92478,0.357,0.306,0.45,0.308,0.393,A,0.367,0.393,0.321,0.308,0.336,0.164,0.0,0.014,0.029,0.081,0.1,0.239,0.0,0.1,0.167,0.062,0.044,0.627,puan,597,0,2,0,0,0,0.0,33.9
c81_21,29.27171,40.92927,0.419,0.347,0.519,0.322,0.447,B,0.426,0.447,0.391,0.322,0.385,0.075,0.0,0.001,0.007,0.002,0.039,0.091,0.0,0.065,0.675,0.029,0.016,0.215,puan,1131,0,2,0,0,0,0.0,47.7
c81_22,29.27171,40.93376,0.327,0.245,0.496,0.229,0.367,B,0.34,0.367,0.287,0.229,0.3,0.04,0.0,0.0,0.002,0.0,0.0,0.134,0.0,0.075,0.69,0.027,0.032,0.175,puan,462,0,2,0,0,0,0.0,27.1
c81_23,29.27171,40.93825,0.278,0.224,0.419,0.221,0.321,B,0.293,0.321,0.236,0.221,0.249,0.09,0.0,0.0,0.004,0.041,0.0,0.387,0.0,0.137,0.216,0.126,0.0,0.521,puan,0,0,1,0,0,0,,19.4
c80_24,29.26576,40.94274,0.132,0.102,0.324,0.079,0.184,B,0.148,0.184,0.079,0.09,0.132,0.0,0.0,0.0,0.001,0.046,0.0,0.0,0.0,0.022,0.918,0.0,0.013,0.047,kanıt yetersiz,0,0,1,0,0,0,,
c80_25,29.26576,40.94723,0.451,0.287,0.651,0.286,0.485,B,0.461,0.485,0.417,0.286,0.349,0.046,0.0,0.0,0.002,0.001,0.0,0.077,0.0,0.072,0.73,0.057,0.015,0.125,puan,0,0,1,0,0,0,,53.3
c80_26,29.26576,40.95172,0.314,0.208,0.547,0.236,0.357,B,0.332,0.357,0.272,0.236,0.251,0.071,0.001,0.009,0.005,0.006,0.0,0.258,0.0,0.116,0.354,0.174,0.006,0.35,puan,0,0,1,0,0,0,,24.6
c80_27,29.26576,40.95621,0.3,0.217,0.494,0.238,0.345,B,0.314,0.345,0.255,0.238,0.252,0.112,0.0,0.006,0.018,0.017,0.0,0.454,0.0,0.158,0.002,0.231,0.002,0.607,puan,0,0,1,0,0,0,,21.9
c80_28,29.26576,40.9607,0.33,0.249,0.492,0.269,0.376,B,0.349,0.376,0.283,0.269,0.284,0.13,0.0,0.033,0.027,0.024,0.0,0.433,0.0,0.144,0.0,0.187,0.021,0.648,puan,0,0,1,0,0,0,,27.8
c80_29,29.26576,40.96519,0.382,0.335,0.456,0.298,0.465,B,0.383,0.465,0.298,0.33,0.353,0.123,0.011,0.031,0.212,0.031,0.0,0.366,0.0,0.12,0.0,0.098,0.009,0.774,puan,277,0,1,0,0,0,0.0,40.2
c80_30,29.26576,40.96968,0.515,0.443,0.583,0.403,0.576,B,0.51,0.576,0.454,0.403,0.485,0.233,0.001,0.011,0.137,0.06,0.03,0.181,0.0,0.181,0.058,0.054,0.053,0.654,puan,1747,0,2,1,0,1,0.6,61.3
c80_31,29.26576,40.97417,0.34,0.263,0.489,0.271,0.39,B,0.348,0.39,0.289,0.271,0.293,0.136,0.002,0.002,0.052,0.034,0.012,0.407,0.0,0.163,0.003,0.179,0.01,0.645,puan,0,0,1,0,0,0,,29.9
c81_24,29.27171,40.94274,0.342,0.261,0.497,0.26,0.383,B,0.354,0.383,0.301,0.26,0.292,0.138,0.0,0.002,0.011,0.003,0.0,0.424,0.0,0.183,0.06,0.174,0.004,0.578,puan,0,0,1,0,0,0,,30.3
c81_25,29.27171,40.94723,0.318,0.208,0.554,0.243,0.358,B,0.331,0.358,0.278,0.243,0.251,0.118,0.0,0.0,0.003,0.002,0.0,0.42,0.0,0.168,0.0,0.286,0.002,0.543,puan,0,0,1,0,0,0,,25.3
c81_26,29.27171,40.95172,0.348,0.227,0.575,0.263,0.388,B,0.36,0.388,0.307,0.263,0.275,0.132,0.0,0.002,0.01,0.042,0.0,0.352,0.0,0.173,0.0,0.262,0.026,0.539,puan,0,0,1,0,0,0,,31.8
c81_27,29.27171,40.95621,0.307,0.192,0.566,0.233,0.348,B,0.32,0.348,0.265,0.233,0.239,0.106,0.001,0.0,0.005,0.006,0.0,0.405,0.0,0.166,0.0,0.311,0.0,0.522,puan,0,0,1,0,0,0,,23.0
c81_28,29.27171,40.9607,0.282,0.214,0.455,0.229,0.327,B,0.297,0.327,0.236,0.229,0.244,0.107,0.0,0.007,0.016,0.01,0.0,0.506,0.0,0.148,0.0,0.205,0.001,0.646,puan,0,0,1,0,0,0,,20.0
c81_29,29.27171,40.96519,0.452,0.376,0.544,0.342,0.515,B,0.453,0.515,0.389,0.342,0.404,0.189,0.001,0.015,0.12,0.024,0.0,0.308,0.0,0.211,0.0,0.113,0.019,0.657,puan,2164,0,2,7,5,2,3.2,53.5
c81_30,29.27171,40.96968,0.372,0.255,0.569,0.278,0.418,B,0.38,0.418,0.325,0.278,0.299,0.142,0.001,0.0,0.034,0.016,0.0,0.364,0.0,0.189,0.0,0.234,0.02,0.557,puan,638,0,2,1,0,1,1.6,37.6
c81_31,29.27171,40.97417,0.335,0.205,0.593,0.248,0.38,B,0.346,0.38,0.29,0.248,0.254,0.112,0.001,0.001,0.021,0.012,0.005,0.352,0.0,0.176,0.0,0.32,0.0,0.505,puan,0,0,1,0,0,0,,28.8
c80_32,29.26576,40.97866,0.341,0.266,0.486,0.27,0.399,B,0.346,0.399,0.283,0.27,0.294,0.125,0.001,0.003,0.077,0.042,0.0,0.399,0.0,0.171,0.0,0.181,0.002,0.647,puan,0,0,1,0,0,0,,30.1
c80_33,29.26576,40.98315,0.394,0.237,0.637,0.306,0.442,B,0.404,0.442,0.347,0.306,0.326,0.139,0.0,0.007,0.038,0.054,0.0,0.273,0.0,0.148,0.0,0.176,0.165,0.511,puan,0,0,1,0,0,0,,42.4
c80_34,29.26576,40.98764,0.347,0.232,0.563,0.274,0.39,B,0.358,0.39,0.303,0.274,0.302,0.134,0.0,0.004,0.021,0.072,0.0,0.337,0.0,0.151,0.0,0.144,0.138,0.567,puan,0,0,1,0,0,0,,31.4
c80_35,29.26576,40.99213,0.358,0.235,0.58,0.271,0.401,B,0.372,0.401,0.316,0.271,0.311,0.135,0.001,0.008,0.018,0.049,0.005,0.325,0.0,0.175,0.0,0.138,0.146,0.541,puan,0,0,1,0,0,0,,34.2
c80_36,29.26576,40.99662,0.318,0.212,0.544,0.245,0.361,B,0.33,0.361,0.275,0.245,0.266,0.117,0.0,0.001,0.014,0.01,0.0,0.416,0.0,0.166,0.0,0.204,0.072,0.557,puan,0,0,1,0,0,0,,25.3
c80_37,29.26576,41.00111,0.289,0.194,0.521,0.232,0.333,B,0.301,0.333,0.244,0.232,0.26,0.102,0.0,0.0,0.014,0.055,0.0,0.407,0.0,0.141,0.0,0.126,0.155,0.578,puan,0,0,1,0,0,0,,20.5
c80_38,29.26576,41.0056,0.442,0.104,0.869,0.304,0.475,C,0.453,0.475,0.41,0.304,0.381,0.076,0.0,0.0,0.001,0.13,0.0,0.004,0.0,0.097,0.0,0.051,0.641,0.212,puan,1685,0,3,0,0,0,0.0,51.9
c80_39,29.26576,41.01009,0.722,0.32,0.877,0.595,0.739,C,0.728,0.739,0.706,0.595,0.64,0.276,0.0,0.001,0.001,0.048,0.0,0.079,0.0,0.086,0.0,0.064,0.445,0.405,puan,882,0,3,0,0,0,0.0,78.8
c81_32,29.27171,40.97866,0.291,0.187,0.544,0.225,0.335,B,0.303,0.335,0.246,0.225,0.231,0.097,0.0,0.0,0.014,0.011,0.004,0.415,0.0,0.158,0.0,0.301,0.0,0.541,puan,0,0,1,0,0,0,,20.8
c81_33,29.27171,40.98315,0.305,0.186,0.575,0.249,0.358,B,0.319,0.358,0.252,0.249,0.267,0.089,0.0,0.016,0.04,0.158,0.0,0.235,0.0,0.12,0.0,0.142,0.2,0.537,puan,0,0,1,0,0,0,,22.7
c81_34,29.27171,40.98764,0.271,0.19,0.491,0.219,0.324,B,0.282,0.324,0.219,0.232,0.238,0.087,0.0,0.002,0.038,0.162,0.0,0.334,0.0,0.107,0.0,0.183,0.086,0.624,puan,0,0,1,0,0,0,,18.5
c81_35,29.27171,40.99213,0.347,0.233,0.56,0.264,0.385,B,0.363,0.385,0.308,0.264,0.293,0.137,0.0,0.008,0.002,0.02,0.0,0.388,0.0,0.175,0.0,0.176,0.094,0.556,puan,0,0,1,0,0,0,,31.4
c81_36,29.27171,40.99662,0.35,0.19,0.648,0.267,0.391,C,0.362,0.391,0.309,0.267,0.311,0.115,0.0,0.002,0.012,0.085,0.007,0.243,0.0,0.145,0.0,0.097,0.295,0.464,puan,0,0,1,0,0,0,,32.3
c81_37,29.27171,41.00111,0.235,0.117,0.62,0.186,0.285,C,0.247,0.285,0.186,0.199,0.214,0.051,0.0,0.0,0.02,0.165,0.014,0.206,0.0,0.082,0.0,0.111,0.352,0.456,puan,0,0,1,0,0,0,,15.1
c81_38,29.27171,41.0056,0.465,0.184,0.788,0.371,0.483,C,0.468,0.483,0.447,0.371,0.431,0.143,0.0,0.0,0.007,0.092,0.097,0.001,0.0,0.086,0.057,0.038,0.48,0.339,puan,1419,0,2,0,0,0,0.0,55.0
c81_39,29.27171,41.01009,0.788,0.464,0.876,0.582,0.801,C,0.793,0.801,0.776,0.582,0.734,0.301,0.0,0.0,0.001,0.096,0.0,0.0,0.0,0.142,0.182,0.036,0.243,0.398,puan,3276,0,4,0,0,0,0.0,82.6
c80_40,29.26576,41.01458,0.734,0.35,0.873,0.607,0.749,C,0.74,0.749,0.719,0.607,0.661,0.232,0.0,0.0,0.0,0.002,0.0,0.099,0.0,0.07,0.233,0.045,0.319,0.333,puan,0,0,1,0,0,0,,79.9
c80_41,29.26576,41.01907,0.157,0.133,0.286,0.128,0.181,A,0.166,0.181,0.134,0.128,0.155,0.022,0.0,0.0,0.0,0.082,0.097,0.027,0.0,0.052,0.679,0.016,0.025,0.227,puan,521,0,2,0,0,0,0.0,10.7
c80_42,29.26576,41.02356,0.117,0.026,0.806,0.038,0.132,C,0.132,0.127,0.107,0.038,0.118,0.002,0.0,0.002,0.0,0.0,0.023,0.004,0.0,0.066,0.789,0.007,0.106,0.032,kanıt yetersiz,1206,0,1,0,0,0,0.0,
c80_43,29.26576,41.02805,0.998,0.343,0.999,0.513,0.998,C,0.998,0.998,0.998,0.513,0.905,0.089,0.0,0.0,0.0,0.0,0.0,0.0,0.0,0.084,0.657,0.011,0.159,0.089,kanıt yetersiz,1734,0,4,0,0,0,0.0,
c80_44,29.26576,41.03254,0.203,0.176,0.309,0.167,0.227,A,0.211,0.227,0.179,0.167,0.202,0.073,0.0,0.001,0.003,0.053,0.199,0.186,0.0,0.109,0.298,0.005,0.074,0.513,puan,2125,0,2,0,0,0,0.0,13.1
c80_45,29.26576,41.03703,0.489,0.45,0.53,0.439,0.515,A,0.498,0.515,0.463,0.439,0.468,0.343,0.0,0.003,0.006,0.175,0.062,0.223,0.0,0.092,0.026,0.05,0.021,0.811,puan,0,0,1,0,0,0,,58.0
c80_46,29.26576,41.04152,0.328,0.254,0.48,0.265,0.368,B,0.339,0.368,0.288,0.265,0.29,0.149,0.0,0.0,0.017,0.013,0.034,0.44,0.0,0.153,0.004,0.149,0.042,0.652,puan,292,0,1,2,2,0,6.9,27.4
c80_47,29.26576,41.04601,0.751,0.228,0.924,0.152,0.793,C,0.754,0.793,0.709,0.152,0.43,0.01,0.001,0.0,0.002,0.0,0.0,0.003,0.0,0.062,0.886,0.016,0.02,0.016,kanıt yetersiz,662,0,3,0,0,0,0.0,
c81_40,29.27171,41.01458,0.428,0.242,0.676,0.252,0.451,C,0.436,0.451,0.405,0.252,0.403,0.077,0.0,0.0,0.0,0.0,0.036,0.094,0.0,0.145,0.49,0.019,0.14,0.207,puan,1193,0,3,0,0,0,0.0,49.2
c81_41,29.27171,41.01907,0.38,0.245,0.6,0.234,0.408,B,0.39,0.408,0.353,0.234,0.339,0.064,0.0,0.0,0.0,0.065,0.029,0.047,0.0,0.127,0.556,0.04,0.073,0.204,puan,1972,0,5,0,0,0,0.0,39.6
c81_42,29.27171,41.02356,0.082,0.065,0.276,0.057,0.095,B,0.087,0.095,0.069,0.057,0.084,0.01,0.0,0.0,0.0,0.054,0.144,0.0,0.0,0.091,0.644,0.007,0.049,0.209,puan,1834,0,5,0,0,0,0.0,8.8
c81_43,29.27171,41.02805,0.027,0.004,0.872,0.004,0.063,C,0.027,0.027,0.027,0.004,0.063,0.001,0.0,0.0,0.0,0.0,0.03,0.0,0.0,0.169,0.597,0.017,0.185,0.031,kanıt yetersiz,3687,0,5,0,0,0,0.0,
c81_44,29.27171,41.03254,0.04,0.011,0.725,0.007,0.041,C,0.04,0.04,0.04,0.007,0.041,0.001,0.0,0.0,0.0,0.0,0.033,0.0,0.0,0.171,0.71,0.0,0.085,0.034,kanıt yetersiz,3161,0,6,0,0,0,0.0,
c81_45,29.27171,41.03703,0.347,0.255,0.52,0.26,0.388,B,0.358,0.388,0.305,0.26,0.327,0.119,0.0,0.0,0.011,0.26,0.001,0.097,0.0,0.161,0.175,0.048,0.127,0.488,puan,2114,0,4,0,0,0,0.0,31.4
c81_46,29.27171,41.04152,0.343,0.303,0.419,0.298,0.382,A,0.357,0.382,0.303,0.298,0.33,0.186,0.0,0.013,0.015,0.272,0.027,0.259,0.0,0.115,0.012,0.05,0.051,0.772,puan,1217,0,4,1,0,1,0.8,30.6
c81_47,29.27171,41.04601,0.334,0.296,0.408,0.289,0.373,A,0.349,0.373,0.294,0.289,0.311,0.072,0.0,0.003,0.002,0.023,0.0,0.21,0.0,0.048,0.603,0.037,0.002,0.31,puan,167,0,2,0,0,0,0.0,28.5
c80_48,29.26576,41.0505,,0.0,1.0,,,C,,,,0.0,0.125,0.0,0.0,0.0,0.0,0.0,0.0,0.0,0.0,0.046,0.929,0.0,0.025,0.0,kanıt yetersiz,659,0,3,0,0,0,0.0,
c80_49,29.26576,41.05499,,,,,,C,,,,0.0,,0.0,0.0,0.0,0.0,0.0,0.0,0.0,0.0,0.012,0.988,0.0,0.0,0.0,kanıt yetersiz,0,0,1,0,0,0,,
c80_50,29.26576,41.05948,,,,,,C,,,,0.0,,0.0,0.0,0.0,0.0,0.0,0.0,0.0,0.0,0.01,0.99,0.0,0.0,0.0,kanıt yetersiz,0,0,1,0,0,0,,
c80_51,29.26576,41.06397,,,,,,C,,,,0.0,,0.0,0.0,0.0,0.0,0.0,0.0,0.0,0.0,0.013,0.987,0.0,0.0,0.0,kanıt yetersiz,0,0,1,0,0,0,,
c80_52,29.26576,41.06846,,,,,,C,,,,0.0,,0.0,0.0,0.0,0.0,0.0,0.0,0.0,0.0,0.015,0.985,0.0,0.0,0.0,kanıt yetersiz,0,0,1,0,0,0,,
c80_53,29.26576,41.07295,0.422,0.369,0.495,0.335,0.455,B,0.434,0.455,0.389,0.335,0.384,0.01,0.0,0.0,0.0,0.0,0.0,0.019,0.0,0.007,0.96,0.004,0.0,0.029,kanıt yetersiz,0,0,1,0,0,0,,
c80_54,29.26576,41.07744,0.344,0.302,0.423,0.306,0.381,A,0.358,0.381,0.307,0.306,0.321,0.127,0.0,0.003,0.0,0.001,0.006,0.372,0.0,0.063,0.358,0.06,0.01,0.509,puan,0,0,1,0,0,0,,30.9
c80_55,29.26576,41.08193,0.215,0.178,0.352,0.179,0.251,A,0.229,0.251,0.179,0.188,0.203,0.051,0.0,0.001,0.0,0.001,0.064,0.292,0.0,0.058,0.446,0.065,0.021,0.409,puan,0,0,1,0,0,0,,13.8
c81_48,29.27171,41.0505,0.981,0.184,0.996,0.165,0.982,C,0.981,0.982,0.98,0.165,0.981,0.011,0.0,0.0,0.0,0.0,0.0,0.0,0.0,0.057,0.88,0.0,0.051,0.012,kanıt yetersiz,1690,0,4,0,0,0,0.0,
c81_49,29.27171,41.05499,,,,,,C,,,,0.0,,0.0,0.0,0.0,0.0,0.0,0.0,0.0,0.0,0.006,0.994,0.0,0.0,0.0,kanıt yetersiz,0,0,1,0,0,0,,
c81_50,29.27171,41.05948,,0.0,1.0,,,C,,,,0.0,0.125,0.0,0.0,0.0,0.0,0.0,0.0,0.0,0.0,0.015,0.985,0.0,0.0,0.0,kanıt yetersiz,0,0,1,0,0,0,,
c81_51,29.27171,41.06397,,,,,,C,,,,0.0,,0.0,0.0,0.0,0.0,0.0,0.0,0.0,0.0,0.012,0.988,0.0,0.0,0.0,kanıt yetersiz,0,0,1,0,0,0,,
c81_52,29.27171,41.06846,,,,,,C,,,,0.0,,0.0,0.0,0.0,0.0,0.0,0.0,0.0,0.0,0.012,0.988,0.0,0.0,0.0,kanıt yetersiz,0,0,1,0,0,0,,
c81_53,29.27171,41.07295,,,,,,C,,,,0.0,,0.0,0.0,0.0,0.0,0.0,0.0,0.0,0.0,0.005,0.995,0.0,0.0,0.0,kanıt yetersiz,0,0,1,0,0,0,,
c81_54,29.27171,41.07744,0.471,0.441,0.506,0.409,0.502,A,0.483,0.502,0.441,0.409,0.449,0.03,0.0,0.0,0.0,0.0,0.0,0.045,0.0,0.012,0.908,0.005,0.0,0.075,kanıt yetersiz,0,0,1,0,0,0,,
c81_55,29.27171,41.08193,0.164,0.148,0.244,0.129,0.198,A,0.176,0.198,0.13,0.129,0.16,0.005,0.0,0.0,0.0,0.001,0.015,0.04,0.0,0.016,0.917,0.006,0.0,0.06,kanıt yetersiz,0,0,1,0,0,0,,
c80_56,29.26576,41.08642,0.2,0.178,0.289,0.155,0.246,A,0.217,0.246,0.155,0.185,0.193,0.008,0.0,0.0,0.0,0.0,0.0,0.09,0.0,0.008,0.882,0.011,0.001,0.098,kanıt yetersiz,0,0,1,0,0,0,,
c80_57,29.26576,41.09091,1.0,1.0,1.0,1.0,1.0,A,1.0,1.0,1.0,1.0,1.0,0.005,0.0,0.0,0.0,0.0,0.0,0.0,0.0,0.0,0.995,0.0,0.0,0.005,kanıt yetersiz,0,0,1,0,0,0,,
c80_58,29.26576,41.0954,1.0,0.647,1.0,0.546,1.0,C,1.0,1.0,1.0,0.546,0.691,0.004,0.0,0.0,0.0,0.0,0.0,0.0,0.0,0.003,0.991,0.002,0.0,0.004,kanıt yetersiz,0,0,1,0,0,0,,
c80_59,29.26576,41.09989,0.309,0.057,0.872,0.068,0.417,C,0.417,0.376,0.242,0.068,0.159,0.0,0.0,0.002,0.0,0.001,0.0,0.0,0.0,0.013,0.966,0.017,0.0,0.004,kanıt yetersiz,0,0,1,0,0,0,,
c80_60,29.26576,41.10438,1.0,0.949,1.0,0.105,1.0,C,1.0,1.0,1.0,0.105,1.0,0.001,0.0,0.0,0.0,0.0,0.0,0.0,0.0,0.005,0.994,0.0,0.0,0.001,kanıt yetersiz,0,0,1,0,0,0,,
c80_61,29.26576,41.10887,1.0,0.459,1.0,0.377,1.0,C,1.0,1.0,1.0,0.377,0.997,0.016,0.0,0.0,0.0,0.0,0.0,0.0,0.0,0.027,0.937,0.0,0.019,0.016,kanıt yetersiz,0,0,1,0,0,0,,
c80_62,29.26576,41.11336,1.0,0.338,1.0,0.385,1.0,C,1.0,1.0,1.0,0.385,1.0,0.012,0.0,0.0,0.0,0.0,0.0,0.0,0.0,0.018,0.948,0.0,0.023,0.012,kanıt yetersiz,0,0,1,0,0,0,,
c80_63,29.26576,41.11785,0.622,0.527,0.68,0.546,0.739,B,0.739,0.653,0.591,0.546,0.616,0.067,0.0,0.102,0.001,0.0,0.0,0.0,0.0,0.024,0.775,0.002,0.029,0.17,puan,0,0,2,0,0,0,,72.8
c81_56,29.27171,41.08642,0.28,0.239,0.385,0.206,0.321,B,0.295,0.321,0.239,0.206,0.257,0.007,0.0,0.0,0.0,0.0,0.0,0.034,0.0,0.015,0.936,0.007,0.0,0.042,kanıt yetersiz,0,0,1,0,0,0,,
c81_57,29.27171,41.09091,,,,,,C,,,,0.0,,0.0,0.0,0.0,0.0,0.0,0.0,0.0,0.0,0.008,0.992,0.0,0.0,0.0,kanıt yetersiz,0,0,1,0,0,0,,
c81_58,29.27171,41.0954,,,,,,C,,,,,,0.0,0.0,0.0,0.0,0.0,0.0,0.0,0.0,0.0,1.0,0.0,0.0,0.0,kanıt yetersiz,0,0,1,0,0,0,,
c81_59,29.27171,41.09989,1.0,0.449,1.0,0.033,1.0,C,1.0,1.0,1.0,0.033,0.518,0.0,0.0,0.0,0.0,0.0,0.0,0.0,0.0,0.007,0.992,0.0,0.0,0.0,kanıt yetersiz,0,0,1,0,0,0,,
c81_60,29.27171,41.10438,,,,,,C,,,,,,0.0,0.0,0.0,0.0,0.0,0.0,0.0,0.0,0.0,1.0,0.0,0.0,0.0,kanıt yetersiz,0,0,1,0,0,0,,
c81_61,29.27171,41.10887,0.047,0.046,0.071,0.043,0.047,A,0.047,0.047,0.047,0.043,0.047,0.009,0.0,0.0,0.0,0.0,0.186,0.0,0.0,0.017,0.783,0.0,0.005,0.195,puan,0,0,1,0,0,0,,7.7
c81_62,29.27171,41.11336,0.0,0.0,0.0,0.0,0.0,A,0.0,0.0,0.0,0.0,0.0,0.0,0.0,0.0,0.0,0.0,0.523,0.0,0.0,0.0,0.477,0.0,0.0,0.523,puan,0,0,1,0,0,0,,0.0
c81_63,29.27171,41.11785,0.126,0.112,0.222,0.112,0.13,A,0.13,0.128,0.125,0.112,0.126,0.017,0.0,0.003,0.001,0.0,0.123,0.0,0.0,0.018,0.822,0.002,0.016,0.143,puan,0,0,1,0,0,0,,9.8
c80_64,29.26576,41.12234,0.719,0.152,0.941,0.262,0.816,C,0.702,0.816,0.623,0.262,0.503,0.005,0.0,0.001,0.005,0.0,0.0,0.0,0.0,0.018,0.931,0.006,0.033,0.011,kanıt yetersiz,0,0,1,0,0,0,,
c80_65,29.26576,41.12683,0.58,0.46,0.667,0.481,0.607,B,0.587,0.607,0.553,0.481,0.524,0.157,0.0,0.0,0.006,0.023,0.0,0.121,0.0,0.064,0.549,0.043,0.037,0.307,puan,0,0,1,0,0,0,,68.9
c80_66,29.26576,41.13132,0.246,0.201,0.384,0.199,0.294,A,0.26,0.294,0.199,0.213,0.226,0.061,0.0,0.001,0.013,0.001,0.0,0.405,0.0,0.075,0.337,0.096,0.011,0.481,puan,0,0,1,0,0,0,,16.0
c80_67,29.26576,41.13581,0.59,0.554,0.615,0.339,0.712,C,0.712,0.622,0.557,0.339,0.562,0.023,0.0,0.04,0.0,0.002,0.0,0.0,0.0,0.048,0.883,0.004,0.0,0.065,kanıt yetersiz,0,0,1,0,0,0,,
c80_68,29.26576,41.1403,0.214,0.199,0.269,0.168,0.26,A,0.24,0.26,0.168,0.184,0.208,0.012,0.0,0.007,0.001,0.0,0.0,0.122,0.0,0.023,0.824,0.011,0.0,0.142,puan,0,0,2,0,0,0,,13.7
c80_69,29.26576,41.14479,0.373,0.34,0.429,0.272,0.411,B,0.385,0.411,0.335,0.272,0.351,0.016,0.0,0.0,0.001,0.0,0.0,0.04,0.0,0.021,0.917,0.005,0.0,0.056,kanıt yetersiz,0,0,2,0,0,0,,
c80_70,29.26576,41.14928,0.991,0.563,0.995,0.407,0.994,C,0.989,0.994,0.987,0.407,0.709,0.013,0.0,0.0,0.0,0.0,0.0,0.0,0.0,0.02,0.956,0.007,0.004,0.014,kanıt yetersiz,0,0,2,0,0,0,,
c80_71,29.26576,41.15377,0.976,0.489,0.988,0.199,0.984,C,0.976,0.984,0.969,0.199,0.623,0.02,0.0,0.0,0.001,0.0,0.0,0.0,0.0,0.083,0.875,0.015,0.006,0.021,kanıt yetersiz,0,0,2,0,0,0,,
c81_64,29.27171,41.12234,0.724,0.066,0.975,0.321,0.799,C,0.799,0.751,0.697,0.321,0.417,0.023,0.0,0.017,0.001,0.001,0.0,0.0,0.0,0.053,0.488,0.044,0.373,0.042,kanıt yetersiz,0,0,1,0,0,0,,
c81_65,29.27171,41.12683,0.993,0.715,0.995,0.814,0.994,B,0.994,0.994,0.993,0.814,0.821,0.102,0.0,0.0,0.0,0.0,0.0,0.001,0.0,0.023,0.834,0.026,0.014,0.103,puan,0,0,1,0,0,0,,92.5
c81_66,29.27171,41.13132,0.556,0.272,0.782,0.324,0.584,C,0.557,0.584,0.527,0.324,0.387,0.027,0.0,0.0,0.003,0.0,0.007,0.017,0.0,0.04,0.847,0.036,0.022,0.055,kanıt yetersiz,0,0,1,0,0,0,,
c81_67,29.27171,41.13581,0.735,0.358,0.871,0.381,0.79,C,0.79,0.768,0.701,0.381,0.502,0.03,0.0,0.016,0.004,0.002,0.0,0.0,0.0,0.048,0.846,0.032,0.023,0.052,kanıt yetersiz,0,0,2,0,0,0,,
c81_68,29.27171,41.1403,0.402,0.327,0.513,0.333,0.477,B,0.477,0.441,0.363,0.333,0.372,0.02,0.0,0.031,0.0,0.0,0.0,0.04,0.0,0.019,0.869,0.011,0.01,0.091,kanıt yetersiz,0,0,2,0,0,0,,
c81_69,29.27171,41.14479,1.0,1.0,1.0,1.0,1.0,A,1.0,1.0,1.0,1.0,1.0,0.005,0.0,0.0,0.0,0.0,0.0,0.0,0.0,0.0,0.995,0.0,0.0,0.005,kanıt yetersiz,0,0,1,0,0,0,,
c81_70,29.27171,41.14928,,0.0,1.0,,,C,,,,0.0,0.125,0.0,0.0,0.0,0.0,0.0,0.0,0.0,0.0,0.062,0.929,0.002,0.007,0.0,kanıt yetersiz,235,0,1,0,0,0,0.0,
c81_71,29.27171,41.15377,0.5,0.463,0.537,0.401,0.529,B,0.51,0.529,0.471,0.401,0.477,0.064,0.0,0.0,0.0,0.0,0.0,0.086,0.0,0.037,0.801,0.01,0.002,0.15,puan,0,0,1,0,0,0,,59.4
c80_72,29.26576,41.15826,0.988,0.333,0.996,0.236,0.992,C,0.988,0.992,0.984,0.236,0.683,0.024,0.0,0.0,0.0,0.0,0.0,0.0,0.0,0.078,0.849,0.013,0.035,0.025,kanıt yetersiz,687,0,1,0,0,0,0.0,
c80_73,29.26576,41.16275,0.222,0.192,0.329,0.178,0.267,A,0.24,0.267,0.178,0.19,0.209,0.039,0.0,0.002,0.0,0.001,0.0,0.314,0.0,0.06,0.527,0.056,0.0,0.357,puan,0,0,1,0,0,0,,14.2
c80_74,29.26576,41.16724,0.361,0.298,0.474,0.26,0.401,B,0.375,0.401,0.322,0.26,0.32,0.035,0.0,0.001,0.002,0.0,0.0,0.095,0.0,0.052,0.786,0.028,0.0,0.133,puan,0,0,1,0,0,0,,35.0
c80_75,29.26576,41.17173,0.855,0.443,0.925,0.393,0.888,C,0.869,0.888,0.822,0.393,0.503,0.022,0.0,0.004,0.004,0.0,0.0,0.0,0.0,0.035,0.908,0.027,0.0,0.03,kanıt yetersiz,0,0,1,0,0,0,,
c80_76,29.26576,41.17622,0.768,0.367,0.889,0.381,0.85,C,0.75,0.85,0.686,0.381,0.432,0.013,0.0,0.001,0.009,0.0,0.0,0.0,0.0,0.024,0.927,0.026,0.0,0.023,kanıt yetersiz,0,0,1,0,0,0,,
c80_77,29.26576,41.18071,0.973,0.677,0.981,0.373,0.981,C,0.981,0.975,0.971,0.373,0.715,0.016,0.0,0.001,0.0,0.0,0.0,0.0,0.0,0.026,0.95,0.007,0.0,0.016,kanıt yetersiz,0,0,1,0,0,0,,
c80_78,29.26576,41.1852,0.99,0.037,1.0,0.386,0.993,C,0.993,0.991,0.989,0.386,0.745,0.01,0.0,0.0,0.0,0.0,0.0,0.0,0.0,0.017,0.702,0.004,0.267,0.011,kanıt yetersiz,0,0,2,0,0,0,,
c80_79,29.26576,41.18969,,0.0,1.0,,,C,,,,0.0,,0.0,0.0,0.0,0.0,0.0,0.0,0.0,0.0,0.004,0.962,0.0,0.034,0.0,kanıt yetersiz,0,0,1,0,0,0,,
c81_72,29.27171,41.15826,0.846,0.5,0.909,0.308,0.867,C,0.867,0.856,0.836,0.308,0.551,0.017,0.0,0.002,0.0,0.002,0.0,0.0,0.0,0.037,0.927,0.015,0.0,0.021,kanıt yetersiz,0,0,2,0,0,0,,
c81_73,29.27171,41.16275,0.227,0.204,0.305,0.182,0.272,A,0.252,0.272,0.182,0.201,0.217,0.048,0.0,0.025,0.003,0.0,0.006,0.389,0.0,0.06,0.417,0.053,0.0,0.47,puan,0,0,2,0,0,0,,14.4
c81_74,29.27171,41.16724,0.224,0.171,0.407,0.179,0.269,B,0.248,0.269,0.179,0.199,0.201,0.014,0.0,0.006,0.0,0.0,0.0,0.117,0.0,0.017,0.804,0.042,0.0,0.137,puan,0,0,2,0,0,0,,14.2
c81_75,29.27171,41.17173,0.193,0.175,0.267,0.147,0.239,A,0.21,0.239,0.147,0.165,0.187,0.013,0.0,0.001,0.0,0.0,0.0,0.157,0.0,0.028,0.784,0.017,0.0,0.171,puan,0,0,2,0,0,0,,12.4
c81_76,29.27171,41.17622,0.211,0.187,0.303,0.166,0.256,A,0.227,0.256,0.166,0.187,0.201,0.024,0.0,0.0,0.0,0.0,0.0,0.223,0.0,0.032,0.688,0.032,0.0,0.247,puan,0,0,2,0,0,0,,13.5
c81_77,29.27171,41.18071,0.338,0.235,0.54,0.249,0.377,B,0.361,0.377,0.3,0.249,0.273,0.018,0.0,0.004,0.0,0.002,0.0,0.056,0.0,0.029,0.857,0.035,0.0,0.08,kanıt yetersiz,0,0,2,0,0,0,,
c81_78,29.27171,41.1852,1.0,0.715,1.0,0.37,1.0,C,1.0,1.0,1.0,0.37,0.751,0.014,0.0,0.0,0.0,0.0,0.0,0.0,0.0,0.024,0.956,0.006,0.0,0.014,kanıt yetersiz,0,0,2,0,0,0,,
c81_79,29.27171,41.18969,,0.0,1.0,,,C,,,,0.0,0.125,0.0,0.0,0.0,0.0,0.0,0.0,0.0,0.0,0.008,0.99,0.002,0.0,0.0,kanıt yetersiz,0,0,1,0,0,0,,
c8_80,28.83736,41.19418,,0.0,1.0,,,C,,,,,0.125,0.0,0.0,0.0,0.0,0.0,0.0,0.0,0.0,0.0,0.984,0.016,0.0,0.0,kanıt yetersiz,0,0,1,0,0,0,,
c8_81,28.83736,41.19867,1.0,0.984,1.0,0.4,1.0,C,1.0,1.0,1.0,0.4,0.986,0.007,0.0,0.0,0.0,0.0,0.0,0.0,0.0,0.011,0.982,0.0,0.0,0.007,kanıt yetersiz,0,0,1,0,0,0,,
c8_82,28.83736,41.20316,1.0,1.0,1.0,0.4,1.0,C,1.0,1.0,1.0,0.4,1.0,0.004,0.0,0.0,0.0,0.0,0.0,0.0,0.0,0.006,0.991,0.0,0.0,0.004,kanıt yetersiz,0,0,1,0,0,0,,
c8_83,28.83736,41.20765,0.993,0.513,0.996,0.563,0.994,C,0.993,0.994,0.993,0.563,0.915,0.031,0.0,0.0,0.0,0.0,0.0,0.0,0.0,0.024,0.915,0.003,0.026,0.032,kanıt yetersiz,67,0,1,0,0,0,0.0,
c8_84,28.83736,41.21214,1.0,0.814,1.0,0.74,1.0,C,1.0,1.0,1.0,0.74,1.0,0.439,0.0,0.0,0.0,0.0,0.0,0.0,0.0,0.154,0.306,0.0,0.1,0.439,puan,4284,0,7,0,0,0,0.0,94.5
c8_85,28.83736,41.21663,1.0,0.927,1.0,0.786,1.0,C,1.0,1.0,1.0,0.786,0.999,0.512,0.0,0.0,0.0,0.0,0.0,0.0,0.0,0.14,0.307,0.0,0.04,0.512,puan,1806,0,5,0,0,0,0.0,94.5
c8_86,28.83736,41.22112,1.0,0.805,1.0,0.698,1.0,C,1.0,1.0,1.0,0.698,1.0,0.306,0.0,0.0,0.0,0.0,0.0,0.0,0.0,0.132,0.487,0.0,0.074,0.306,puan,2060,0,2,0,0,0,0.0,94.5
c8_87,28.83736,41.22561,1.0,0.901,1.0,0.932,1.0,A,1.0,1.0,1.0,0.932,1.0,0.018,0.0,0.0,0.0,0.0,0.0,0.0,0.0,0.001,0.979,0.0,0.002,0.018,kanıt yetersiz,23,0,1,0,0,0,,
c9_80,28.84331,41.19418,1.0,0.995,1.0,0.319,1.0,C,1.0,1.0,1.0,0.319,0.996,0.011,0.0,0.0,0.0,0.0,0.0,0.0,0.0,0.023,0.967,0.0,0.0,0.011,kanıt yetersiz,0,0,1,0,0,0,,
c9_81,28.84331,41.19867,1.0,0.814,1.0,0.351,1.0,C,1.0,1.0,1.0,0.351,0.837,0.004,0.0,0.0,0.0,0.0,0.0,0.0,0.0,0.007,0.988,0.001,0.0,0.004,kanıt yetersiz,0,0,1,0,0,0,,
c9_82,28.84331,41.20316,0.125,0.001,0.99,0.002,0.175,C,0.143,0.175,0.075,0.002,0.125,0.0,0.0,0.0,0.0,0.0,0.0,0.0,0.0,0.009,0.978,0.012,0.0,0.0,kanıt yetersiz,0,0,1,0,0,0,,
c9_83,28.84331,41.20765,0.996,0.701,0.997,0.479,0.998,C,0.996,0.998,0.995,0.479,0.934,0.097,0.0,0.0,0.001,0.0,0.0,0.0,0.0,0.106,0.754,0.008,0.034,0.098,kanıt yetersiz,1559,0,2,0,0,0,0.0,
c9_84,28.84331,41.21214,1.0,0.789,1.0,0.791,1.0,C,1.0,1.0,1.0,0.791,1.0,0.144,0.0,0.0,0.0,0.0,0.0,0.0,0.0,0.038,0.78,0.0,0.038,0.144,puan,1306,0,4,0,0,0,0.0,94.5
c9_85,28.84331,41.21663,0.287,0.269,0.334,0.244,0.287,A,0.287,0.287,0.287,0.244,0.286,0.087,0.0,0.0,0.0,0.0,0.215,0.0,0.0,0.053,0.624,0.002,0.019,0.302,puan,1457,0,3,0,0,0,0.0,20.4
c9_86,28.84331,41.22112,0.234,0.232,0.238,0.218,0.234,A,0.234,0.234,0.234,0.218,0.233,0.18,0.0,0.0,0.0,0.0,0.592,0.0,0.0,0.054,0.168,0.0,0.005,0.773,puan,1117,0,2,0,0,0,0.0,14.9
c9_87,28.84331,41.22561,0.45,0.324,0.603,0.357,0.45,B,0.45,0.45,0.45,0.357,0.449,0.119,0.0,0.0,0.0,0.0,0.146,0.0,0.0,0.069,0.563,0.0,0.103,0.266,puan,3084,0,6,0,0,0,0.0,53.1
c10_80,28.84926,41.19418,1.0,1.0,1.0,0.408,1.0,C,1.0,1.0,1.0,0.408,1.0,0.01,0.0,0.0,0.0,0.0,0.0,0.0,0.0,0.015,0.975,0.0,0.0,0.01,kanıt yetersiz,0,0,1,0,0,0,,
c10_81,28.84926,41.19867,1.0,0.036,1.0,0.156,1.0,C,1.0,1.0,1.0,1.0,0.156,0.0,0.0,0.0,0.0,0.0,0.0,0.0,0.0,0.0,0.987,0.013,0.0,0.0,kanıt yetersiz,0,0,1,0,0,0,,
c10_82,28.84926,41.20316,1.0,0.662,1.0,0.38,1.0,C,1.0,1.0,1.0,0.38,0.742,0.023,0.0,0.0,0.0,0.0,0.0,0.0,0.0,0.038,0.926,0.01,0.002,0.023,kanıt yetersiz,32,0,1,0,0,0,,
c10_83,28.84926,41.20765,0.549,0.331,0.728,0.229,0.549,C,0.549,0.549,0.549,0.229,0.548,0.031,0.0,0.0,0.0,0.0,0.026,0.0,0.0,0.079,0.826,0.0,0.037,0.057,kanıt yetersiz,1089,0,3,0,0,0,0.0,
c10_84,28.84926,41.21214,0.0,0.0,0.0,0.0,0.001,A,0.0,0.001,0.0,0.0,0.0,0.0,0.0,0.0,0.0,0.0,0.068,0.0,0.0,0.003,0.929,0.0,0.0,0.068,kanıt yetersiz,0,0,1,0,0,0,,
c10_85,28.84926,41.21663,0.003,0.003,0.003,0.002,0.004,A,0.003,0.004,0.002,0.003,0.003,0.0,0.0,0.0,0.0,0.011,0.489,0.0,0.0,0.0,0.5,0.0,0.0,0.5,puan,0,0,1,0,0,0,,5.4
c10_86,28.84926,41.22112,0.0,0.0,0.0,0.0,0.0,A,0.0,0.0,0.0,0.0,0.0,0.0,0.0,0.0,0.0,0.0,1.0,0.0,0.0,0.0,0.0,0.0,0.0,1.0,puan,0,0,1,0,0,0,,0.0
c10_87,28.84926,41.22561,0.0,0.0,0.0,0.0,0.0,A,0.0,0.0,0.0,0.0,0.0,0.0,0.0,0.0,0.0,0.0,0.543,0.0,0.0,0.013,0.444,0.0,0.0,0.543,puan,0,0,1,0,0,0,,0.0
c11_80,28.85521,41.19418,1.0,1.0,1.0,0.214,1.0,C,1.0,1.0,1.0,0.214,1.0,0.01,0.0,0.0,0.0,0.0,0.0,0.0,0.0,0.035,0.955,0.0,0.0,0.01,kanıt yetersiz,0,0,1,0,0,0,,
c11_81,28.85521,41.19867,1.0,1.0,1.0,0.45,1.0,C,1.0,1.0,1.0,0.45,1.0,0.013,0.0,0.0,0.0,0.0,0.0,0.0,0.0,0.016,0.971,0.0,0.0,0.013,kanıt yetersiz,0,0,1,0,0,0,,
c11_82,28.85521,41.20316,1.0,0.287,1.0,0.24,1.0,C,1.0,1.0,1.0,0.24,0.969,0.037,0.0,0.0,0.0,0.0,0.0,0.0,0.0,0.116,0.756,0.001,0.09,0.037,kanıt yetersiz,1791,0,3,0,0,0,0.0,
c11_83,28.85521,41.20765,0.0,0.0,0.005,0.0,0.0,A,0.0,0.0,0.0,0.0,0.0,0.0,0.0,0.0,0.0,0.0,0.431,0.0,0.0,0.01,0.557,0.0,0.002,0.431,puan,3,0,1,0,0,0,,0.0
c11_84,28.85521,41.21214,0.001,0.001,0.001,0.0,0.001,A,0.001,0.001,0.0,0.001,0.001,0.0,0.0,0.0,0.0,0.004,0.996,0.0,0.0,0.0,0.0,0.0,0.0,1.0,puan,0,0,1,0,0,0,,5.0
c11_85,28.85521,41.21663,0.002,0.002,0.002,0.001,0.002,A,0.002,0.002,0.001,0.002,0.002,0.0,0.0,0.0,0.0,0.012,0.976,0.0,0.0,0.0,0.011,0.0,0.0,0.989,puan,0,0,1,0,0,0,,5.3
c11_86,28.85521,41.22112,0.0,0.0,0.0,0.0,0.0,A,0.0,0.0,0.0,0.0,0.0,0.0,0.0,0.0,0.0,0.0,1.0,0.0,0.0,0.0,0.0,0.0,0.0,1.0,puan,0,0,1,0,0,0,,0.0
c11_87,28.85521,41.22561,0.0,0.0,0.0,0.0,0.0,A,0.0,0.0,0.0,0.0,0.0,0.0,0.0,0.0,0.0,0.0,0.869,0.0,0.0,0.0,0.131,0.0,0.0,0.869,puan,0,0,1,0,0,0,,0.0
c12_80,28.86116,41.19418,1.0,0.044,1.0,0.024,1.0,C,1.0,1.0,1.0,0.024,1.0,0.001,0.0,0.0,0.0,0.0,0.0,0.0,0.0,0.033,0.948,0.0,0.018,0.001,kanıt yetersiz,46,0,1,0,0,0,,
c12_81,28.86116,41.19867,1.0,0.33,1.0,0.171,1.0,C,1.0,1.0,1.0,0.171,0.997,0.021,0.0,0.0,0.0,0.0,0.0,0.0,0.0,0.104,0.832,0.0,0.043,0.021,kanıt yetersiz,1871,0,3,0,0,0,0.0,
c12_82,28.86116,41.20316,1.0,0.34,1.0,0.262,1.0,C,1.0,1.0,1.0,0.262,0.97,0.02,0.0,0.0,0.0,0.0,0.0,0.0,0.0,0.055,0.888,0.001,0.037,0.02,kanıt yetersiz,998,0,4,0,0,0,0.0,
c12_83,28.86116,41.20765,0.0,0.0,0.0,0.0,0.0,A,0.0,0.0,0.0,0.0,0.0,0.0,0.0,0.0,0.0,0.0,0.36,0.0,0.0,0.003,0.637,0.0,0.0,0.36,puan,0,0,1,0,0,0,,0.0
c12_84,28.86116,41.21214,0.0,0.0,0.0,0.0,0.0,A,0.0,0.0,0.0,0.0,0.0,0.0,0.0,0.0,0.0,0.0,0.677,0.0,0.0,0.004,0.319,0.0,0.0,0.677,puan,0,0,1,0,0,0,,0.0
c12_85,28.86116,41.21663,0.0,0.0,0.0,0.0,0.0,A,0.0,0.0,0.0,0.0,0.0,0.0,0.0,0.0,0.0,0.0,0.533,0.0,0.0,0.0,0.467,0.0,0.0,0.533,puan,0,0,1,0,0,0,,0.0
c12_86,28.86116,41.22112,0.0,0.0,0.0,0.0,0.0,A,0.0,0.0,0.0,0.0,0.0,0.0,0.0,0.0,0.0,0.0,0.395,0.0,0.0,0.004,0.601,0.0,0.0,0.395,puan,0,0,1,0,0,0,,0.0
c12_87,28.86116,41.22561,0.0,0.0,0.0,0.0,0.0,A,0.0,0.0,0.0,0.0,0.0,0.0,0.0,0.0,0.0,0.0,0.332,0.0,0.0,0.005,0.663,0.0,0.0,0.332,puan,0,0,1,0,0,0,,0.0
c13_80,28.86711,41.19418,1.0,0.063,1.0,0.109,1.0,C,1.0,1.0,1.0,0.109,1.0,0.011,0.0,0.0,0.0,0.0,0.0,0.0,0.0,0.088,0.739,0.0,0.162,0.011,kanıt yetersiz,1432,0,4,0,0,0,0.0,
c13_81,28.86711,41.19867,1.0,0.276,1.0,0.325,1.0,C,1.0,1.0,1.0,0.325,0.969,0.041,0.0,0.0,0.0,0.0,0.0,0.0,0.0,0.085,0.767,0.001,0.106,0.041,kanıt yetersiz,1180,0,2,0,0,0,0.0,
c13_82,28.86711,41.20316,,,,,,C,,,,0.0,,0.0,0.0,0.0,0.0,0.0,0.0,0.0,0.0,0.005,0.995,0.0,0.0,0.0,kanıt yetersiz,0,0,1,0,0,0,,
c13_83,28.86711,41.20765,,,,,,C,,,,,,0.0,0.0,0.0,0.0,0.0,0.0,0.0,0.0,0.0,1.0,0.0,0.0,0.0,kanıt yetersiz,0,0,1,0,0,0,,
c13_84,28.86711,41.21214,,,,,,C,,,,0.0,,0.0,0.0,0.0,0.0,0.0,0.0,0.0,0.0,0.004,0.996,0.0,0.0,0.0,kanıt yetersiz,0,0,1,0,0,0,,
c13_85,28.86711,41.21663,,,,,,C,,,,0.0,,0.0,0.0,0.0,0.0,0.0,0.0,0.0,0.0,0.001,0.999,0.0,0.0,0.0,kanıt yetersiz,0,0,1,0,0,0,,
c13_86,28.86711,41.22112,,,,,,C,,,,0.0,,0.0,0.0,0.0,0.0,0.0,0.0,0.0,0.0,0.004,0.996,0.0,0.0,0.0,kanıt yetersiz,0,0,1,0,0,0,,
c13_87,28.86711,41.22561,,0.0,1.0,,,C,,,,0.0,0.125,0.0,0.0,0.0,0.0,0.0,0.0,0.0,0.0,0.011,0.989,0.0,0.0,0.0,kanıt yetersiz,0,0,1,0,0,0,,
c14_80,28.87306,41.19418,1.0,0.995,1.0,0.692,1.0,C,1.0,1.0,1.0,0.692,0.997,0.073,0.0,0.0,0.0,0.0,0.0,0.0,0.0,0.033,0.894,0.0,0.0,0.073,kanıt yetersiz,201,0,3,0,0,0,0.0,
c14_81,28.87306,41.19867,1.0,1.0,1.0,0.52,1.0,C,1.0,1.0,1.0,0.52,1.0,0.021,0.0,0.0,0.0,0.0,0.0,0.0,0.0,0.019,0.96,0.0,0.0,0.021,kanıt yetersiz,115,0,1,0,0,0,0.0,
c14_82,28.87306,41.20316,,,,,,C,,,,0.0,,0.0,0.0,0.0,0.0,0.0,0.0,0.0,0.0,0.012,0.988,0.0,0.0,0.0,kanıt yetersiz,0,0,1,0,0,0,,
c14_83,28.87306,41.20765,,0.0,1.0,,,C,,,,0.0,0.125,0.0,0.0,0.0,0.0,0.0,0.0,0.0,0.0,0.008,0.992,0.0,0.0,0.0,kanıt yetersiz,0,0,1,0,0,0,,
c14_84,28.87306,41.21214,1.0,1.0,1.0,0.892,1.0,B,1.0,1.0,1.0,0.892,1.0,0.052,0.0,0.0,0.0,0.0,0.0,0.0,0.0,0.006,0.941,0.0,0.0,0.052,kanıt yetersiz,0,0,1,0,0,0,,
c14_85,28.87306,41.21663,,,,,,C,,,,0.0,,0.0,0.0,0.0,0.0,0.0,0.0,0.0,0.0,0.015,0.985,0.0,0.0,0.0,kanıt yetersiz,0,0,1,0,0,0,,
c14_86,28.87306,41.22112,1.0,1.0,1.0,0.294,1.0,C,1.0,1.0,1.0,0.294,1.0,0.003,0.0,0.0,0.0,0.0,0.0,0.0,0.0,0.007,0.99,0.0,0.0,0.003,kanıt yetersiz,0,0,1,0,0,0,,
c14_87,28.87306,41.22561,1.0,1.0,1.0,0.111,1.0,C,1.0,1.0,1.0,0.111,1.0,0.001,0.0,0.0,0.0,0.0,0.0,0.0,0.0,0.009,0.99,0.0,0.0,0.001,kanıt yetersiz,0,0,1,0,0,0,,
c15_80,28.87901,41.19418,0.855,0.654,0.889,0.277,0.9,C,0.9,0.866,0.843,0.277,0.684,0.012,0.0,0.003,0.0,0.0,0.0,0.0,0.0,0.031,0.949,0.005,0.0,0.015,kanıt yetersiz,0,0,1,0,0,0,,
c15_81,28.87901,41.19867,1.0,1.0,1.0,0.487,1.0,C,1.0,1.0,1.0,0.487,1.0,0.015,0.0,0.0,0.0,0.0,0.0,0.0,0.0,0.015,0.97,0.0,0.0,0.015,kanıt yetersiz,0,0,2,0,0,0,,
c15_82,28.87901,41.20316,1.0,1.0,1.0,0.416,1.0,C,1.0,1.0,1.0,0.416,1.0,0.009,0.0,0.0,0.0,0.0,0.0,0.0,0.0,0.012,0.98,0.0,0.0,0.009,kanıt yetersiz,0,0,1,0,0,0,,
c15_83,28.87901,41.20765,1.0,1.0,1.0,0.448,1.0,C,1.0,1.0,1.0,0.448,1.0,0.006,0.0,0.0,0.0,0.0,0.0,0.0,0.0,0.007,0.987,0.0,0.0,0.006,kanıt yetersiz,0,0,1,0,0,0,,
c15_84,28.87901,41.21214,1.0,0.961,1.0,0.324,1.0,C,1.0,1.0,1.0,0.324,0.965,0.005,0.0,0.0,0.0,0.0,0.0,0.0,0.0,0.01,0.986,0.0,0.0,0.005,kanıt yetersiz,0,0,1,0,0,0,,
c15_85,28.87901,41.21663,1.0,1.0,1.0,0.089,1.0,C,1.0,1.0,1.0,0.089,1.0,0.001,0.0,0.0,0.0,0.0,0.0,0.0,0.0,0.007,0.992,0.0,0.0,0.001,kanıt yetersiz,0,0,1,0,0,0,,
c15_86,28.87901,41.22112,,0.0,1.0,,,C,,,,0.0,0.125,0.0,0.0,0.0,0.0,0.0,0.0,0.0,0.0,0.007,0.993,0.0,0.0,0.0,kanıt yetersiz,0,0,1,0,0,0,,
c15_87,28.87901,41.22561,1.0,1.0,1.0,0.895,1.0,B,1.0,1.0,1.0,0.895,1.0,0.129,0.0,0.0,0.0,0.0,0.0,0.0,0.0,0.015,0.856,0.0,0.0,0.129,puan,0,0,1,0,0,0,,94.5
c8_88,28.83736,41.2301,,0.0,1.0,,,C,,,,,0.125,0.0,0.0,0.0,0.0,0.0,0.0,0.0,0.0,0.0,1.0,0.0,0.0,0.0,kanıt yetersiz,0,0,1,0,0,0,,
c8_89,28.83736,41.23459,,0.0,1.0,,,C,,,,0.0,,0.0,0.0,0.0,0.0,0.0,0.0,0.0,0.0,0.082,0.845,0.0,0.073,0.0,kanıt yetersiz,2114,0,5,0,0,0,0.0,
c8_90,28.83736,41.23908,,0.0,1.0,,,C,,,,0.0,0.125,0.0,0.0,0.0,0.0,0.0,0.0,0.0,0.0,0.013,0.98,0.0,0.007,0.0,kanıt yetersiz,268,0,1,0,0,0,0.0,
c8_91,28.83736,41.24357,,,,,,C,,,,,,0.0,0.0,0.0,0.0,0.0,0.0,0.0,0.0,0.0,1.0,0.0,0.0,0.0,kanıt yetersiz,0,0,1,0,0,0,,
c8_92,28.83736,41.24806,,,,,,C,,,,,,0.0,0.0,0.0,0.0,0.0,0.0,0.0,0.0,0.0,1.0,0.0,0.0,0.0,kanıt yetersiz,0,0,1,0,0,0,,
c8_93,28.83736,41.25255,1.0,0.084,1.0,0.718,1.0,C,1.0,1.0,1.0,0.718,1.0,0.038,0.0,0.0,0.0,0.0,0.0,0.0,0.0,0.015,0.532,0.0,0.415,0.038,kanıt yetersiz,0,0,1,0,0,0,,
c8_94,28.83736,41.25704,1.0,0.005,1.0,0.252,1.0,C,1.0,1.0,1.0,0.252,1.0,0.004,0.0,0.0,0.0,0.0,0.0,0.0,0.0,0.013,0.168,0.0,0.815,0.004,kanıt yetersiz,0,0,1,0,0,0,,
c8_95,28.83736,41.26153,1.0,0.01,1.0,0.4,1.0,C,1.0,1.0,1.0,0.4,1.0,0.01,0.0,0.0,0.0,0.0,0.0,0.0,0.0,0.014,0.0,0.0,0.976,0.01,kanıt yetersiz,0,0,1,0,0,0,,
c9_88,28.84331,41.2301,1.0,0.09,1.0,0.172,1.0,C,1.0,1.0,1.0,0.172,1.0,0.014,0.0,0.0,0.0,0.0,0.0,0.0,0.0,0.068,0.774,0.0,0.144,0.014,kanıt yetersiz,3794,0,8,0,0,0,0.0,
c9_89,28.84331,41.23459,,0.0,1.0,,,C,,,,0.0,,0.0,0.0,0.0,0.0,0.0,0.0,0.0,0.0,0.096,0.708,0.0,0.196,0.0,kanıt yetersiz,3487,0,7,0,0,0,0.0,
c9_90,28.84331,41.23908,,0.0,1.0,,,C,,,,0.0,,0.0,0.0,0.0,0.0,0.0,0.0,0.0,0.0,0.009,0.889,0.0,0.102,0.0,kanıt yetersiz,1806,0,5,0,0,0,0.0,
c9_91,28.84331,41.24357,0.125,0.003,0.981,0.027,0.175,C,0.143,0.175,0.075,0.027,0.125,0.0,0.0,0.0,0.0,0.003,0.0,0.0,0.0,0.009,0.874,0.011,0.103,0.003,kanıt yetersiz,0,0,1,0,0,0,,
c9_92,28.84331,41.24806,1.0,0.189,1.0,0.515,1.0,C,1.0,1.0,1.0,0.515,0.76,0.016,0.0,0.0,0.0,0.0,0.0,0.0,0.0,0.015,0.9,0.006,0.063,0.016,kanıt yetersiz,0,0,1,0,0,0,,
c9_93,28.84331,41.25255,1.0,0.082,1.0,0.672,1.0,C,1.0,1.0,1.0,0.672,1.0,0.022,0.0,0.0,0.0,0.0,0.0,0.0,0.0,0.011,0.718,0.0,0.249,0.022,kanıt yetersiz,0,0,1,0,0,0,,
c9_94,28.84331,41.25704,,0.0,1.0,,,C,,,,0.0,,0.0,0.0,0.0,0.0,0.0,0.0,0.0,0.0,0.006,0.074,0.0,0.92,0.0,kanıt yetersiz,0,0,1,0,0,0,,
c9_95,28.84331,41.26153,,0.0,1.0,,,C,,,,,,0.0,0.0,0.0,0.0,0.0,0.0,0.0,0.0,0.0,0.0,0.0,1.0,0.0,kanıt yetersiz,0,0,2,0,0,0,,
c10_88,28.84926,41.2301,1.0,0.123,1.0,0.081,1.0,C,1.0,1.0,1.0,0.081,0.929,0.009,0.0,0.0,0.0,0.0,0.0,0.0,0.0,0.105,0.82,0.001,0.065,0.009,kanıt yetersiz,1912,0,3,0,0,0,0.0,
c10_89,28.84926,41.23459,0.618,0.367,0.773,0.331,0.64,C,0.626,0.64,0.596,0.331,0.57,0.058,0.0,0.0,0.0,0.001,0.0,0.044,0.0,0.089,0.739,0.011,0.059,0.102,puan,1853,0,2,0,0,0,0.0,72.4
c10_90,28.84926,41.23908,1.0,0.808,1.0,0.653,1.0,C,1.0,1.0,1.0,0.653,0.963,0.083,0.0,0.0,0.0,0.0,0.0,0.0,0.0,0.044,0.854,0.004,0.016,0.083,kanıt yetersiz,1138,0,2,0,0,0,0.0,
c10_91,28.84926,41.24357,0.992,0.126,0.999,0.349,0.992,C,0.992,0.992,0.991,0.349,0.685,0.032,0.0,0.0,0.0,0.0,0.0,0.0,0.0,0.059,0.689,0.018,0.202,0.032,kanıt yetersiz,2349,0,2,0,0,0,0.0,
c10_92,28.84926,41.24806,0.968,0.069,0.998,0.348,0.97,C,0.968,0.97,0.966,0.348,0.661,0.026,0.0,0.0,0.0,0.001,0.0,0.0,0.0,0.047,0.579,0.015,0.332,0.027,kanıt yetersiz,0,0,1,0,0,0,,
c10_93,28.84926,41.25255,1.0,0.078,1.0,0.641,1.0,C,1.0,1.0,1.0,0.641,1.0,0.051,0.0,0.0,0.0,0.0,0.0,0.0,0.0,0.029,0.315,0.0,0.605,0.051,kanıt yetersiz,0,0,1,0,0,0,,
c10_94,28.84926,41.25704,1.0,0.204,1.0,0.818,1.0,C,1.0,1.0,1.0,0.818,1.0,0.085,0.0,0.0,0.0,0.0,0.0,0.0,0.0,0.019,0.565,0.0,0.331,0.085,kanıt yetersiz,0,0,1,0,0,0,,
c10_95,28.84926,41.26153,,0.0,1.0,,,C,,,,0.0,,0.0,0.0,0.0,0.0,0.0,0.0,0.0,0.0,0.005,0.033,0.0,0.962,0.0,kanıt yetersiz,0,0,1,0,0,0,,
c11_88,28.85521,41.2301,0.0,0.0,0.799,0.0,0.005,C,0.0,0.0,0.0,0.0,0.005,0.0,0.0,0.0,0.0,0.0,0.011,0.0,0.0,0.095,0.848,0.0,0.044,0.011,kanıt yetersiz,1672,0,3,0,0,0,0.0,
c11_89,28.85521,41.23459,0.332,0.286,0.425,0.294,0.371,A,0.346,0.371,0.294,0.303,0.309,0.093,0.0,0.0,0.001,0.005,0.0,0.297,0.0,0.038,0.502,0.051,0.013,0.396,puan,0,0,1,0,0,0,,28.1
c11_90,28.85521,41.23908,0.5,0.41,0.59,0.398,0.583,B,0.484,0.583,0.416,0.398,0.432,0.031,0.0,0.0,0.034,0.0,0.0,0.042,0.0,0.027,0.842,0.023,0.0,0.107,puan,0,0,1,0,0,0,,59.4
c11_91,28.85521,41.24357,1.0,0.913,1.0,0.402,1.0,C,1.0,1.0,1.0,0.402,0.923,0.013,0.0,0.0,0.0,0.0,0.0,0.0,0.0,0.019,0.968,0.001,0.0,0.013,kanıt yetersiz,0,0,1,0,0,0,,
c11_92,28.85521,41.24806,1.0,0.261,1.0,0.824,1.0,C,1.0,1.0,1.0,0.824,1.0,0.152,0.0,0.0,0.0,0.0,0.0,0.0,0.0,0.032,0.386,0.0,0.43,0.152,puan,0,0,1,0,0,0,,94.5
c11_93,28.85521,41.25255,1.0,0.01,1.0,1.0,1.0,C,1.0,1.0,1.0,1.0,1.0,0.01,0.0,0.0,0.0,0.0,0.0,0.0,0.0,0.0,0.0,0.0,0.99,0.01,kanıt yetersiz,0,0,1,0,0,0,,
c11_94,28.85521,41.25704,0.999,0.165,1.0,0.793,0.999,C,0.999,0.999,0.999,0.793,0.839,0.155,0.0,0.0,0.0,0.0,0.0,0.0,0.0,0.04,0.022,0.035,0.748,0.155,puan,0,0,1,0,0,0,,93.8
c11_95,28.85521,41.26153,1.0,0.063,1.0,0.656,1.0,C,1.0,1.0,1.0,0.656,0.979,0.032,0.0,0.0,0.0,0.0,0.0,0.0,0.0,0.017,0.472,0.001,0.479,0.032,kanıt yetersiz,0,0,1,0,0,0,,
c12_88,28.86116,41.2301,0.0,0.0,0.658,0.0,0.001,C,0.0,0.0,0.0,0.0,0.001,0.0,0.0,0.0,0.0,0.0,0.019,0.0,0.0,0.087,0.859,0.0,0.036,0.019,kanıt yetersiz,1014,0,3,0,0,0,0.0,
c12_89,28.86116,41.23459,0.636,0.509,0.709,0.362,0.661,C,0.642,0.661,0.611,0.362,0.534,0.014,0.0,0.0,0.001,0.0,0.0,0.01,0.0,0.019,0.95,0.006,0.0,0.025,kanıt yetersiz,0,0,1,0,0,0,,
c12_90,28.86116,41.23908,0.702,0.609,0.741,0.221,0.719,C,0.708,0.719,0.685,0.221,0.626,0.006,0.0,0.0,0.0,0.0,0.0,0.003,0.0,0.019,0.971,0.001,0.0,0.009,kanıt yetersiz,0,0,1,0,0,0,,
c12_91,28.86116,41.24357,1.0,1.0,1.0,0.385,1.0,C,1.0,1.0,1.0,0.385,1.0,0.003,0.0,0.0,0.0,0.0,0.0,0.0,0.0,0.005,0.992,0.0,0.0,0.003,kanıt yetersiz,0,0,1,0,0,0,,
c12_92,28.86116,41.24806,1.0,0.625,1.0,0.845,1.0,B,1.0,1.0,1.0,0.845,1.0,0.172,0.0,0.0,0.0,0.0,0.0,0.0,0.0,0.032,0.693,0.0,0.103,0.172,puan,0,0,1,0,0,0,,94.5
c12_93,28.86116,41.25255,1.0,0.005,1.0,0.384,1.0,C,1.0,1.0,1.0,0.384,0.705,0.005,0.0,0.0,0.0,0.0,0.0,0.0,0.0,0.008,0.033,0.003,0.952,0.005,kanıt yetersiz,0,0,1,0,0,0,,
c12_94,28.86116,41.25704,1.0,0.018,1.0,0.399,1.0,C,1.0,1.0,1.0,0.399,0.474,0.017,0.0,0.0,0.0,0.0,0.0,0.0,0.0,0.026,0.0,0.026,0.93,0.017,kanıt yetersiz,0,0,1,0,0,0,,
c12_95,28.86116,41.26153,,0.0,1.0,,,C,,,,0.0,,0.0,0.0,0.0,0.0,0.0,0.0,0.0,0.0,0.007,0.279,0.0,0.715,0.0,kanıt yetersiz,0,0,1,0,0,0,,
c13_88,28.86711,41.2301,,0.0,1.0,,,C,,,,0.0,0.125,0.0,0.0,0.0,0.0,0.0,0.0,0.0,0.0,0.081,0.89,0.0,0.029,0.0,kanıt yetersiz,1061,0,3,0,0,0,0.0,
c13_89,28.86711,41.23459,1.0,0.946,1.0,0.926,1.0,A,1.0,1.0,1.0,0.926,1.0,0.074,0.0,0.0,0.0,0.0,0.0,0.0,0.0,0.006,0.916,0.0,0.004,0.074,kanıt yetersiz,0,0,1,0,0,0,,
c13_90,28.86711,41.23908,1.0,0.953,1.0,0.953,1.0,A,1.0,1.0,1.0,0.953,1.0,0.361,0.0,0.0,0.0,0.0,0.0,0.0,0.0,0.018,0.603,0.0,0.018,0.361,puan,0,0,1,0,0,0,,94.5
c13_91,28.86711,41.24357,1.0,1.0,1.0,0.927,1.0,A,1.0,1.0,1.0,0.927,1.0,0.181,0.0,0.0,0.0,0.0,0.0,0.0,0.0,0.014,0.805,0.0,0.0,0.181,puan,0,0,1,0,0,0,,94.5
c13_92,28.86711,41.24806,1.0,1.0,1.0,0.401,1.0,C,1.0,1.0,1.0,0.401,1.0,0.01,0.0,0.0,0.0,0.0,0.0,0.0,0.0,0.015,0.975,0.0,0.0,0.01,kanıt yetersiz,0,0,1,0,0,0,,
c13_93,28.86711,41.25255,1.0,0.033,1.0,0.431,1.0,C,1.0,1.0,1.0,0.431,0.983,0.015,0.0,0.0,0.0,0.0,0.0,0.0,0.0,0.019,0.535,0.0,0.431,0.015,kanıt yetersiz,0,0,1,0,0,0,,
c13_94,28.86711,41.25704,1.0,0.155,1.0,0.932,1.0,C,1.0,1.0,1.0,0.932,0.99,0.154,0.0,0.0,0.0,0.0,0.0,0.0,0.0,0.011,0.0,0.002,0.833,0.154,puan,0,0,1,0,0,0,,94.5
c13_95,28.86711,41.26153,1.0,0.213,1.0,0.98,1.0,C,1.0,1.0,1.0,0.98,0.999,0.212,0.0,0.0,0.0,0.0,0.0,0.0,0.0,0.004,0.0,0.0,0.784,0.212,puan,0,0,1,0,0,0,,94.5
c14_88,28.87306,41.2301,,0.0,1.0,,,C,,,,0.0,0.125,0.0,0.0,0.0,0.0,0.0,0.0,0.0,0.0,0.015,0.976,0.0,0.008,0.0,kanıt yetersiz,278,0,1,0,0,0,0.0,
c14_89,28.87306,41.23459,1.0,0.921,1.0,0.863,1.0,B,1.0,1.0,1.0,0.863,0.999,0.371,0.0,0.0,0.0,0.0,0.0,0.0,0.0,0.059,0.538,0.0,0.031,0.371,puan,776,0,3,0,0,0,0.0,94.5
c14_90,28.87306,41.23908,1.0,0.97,1.0,0.989,1.0,A,1.0,1.0,1.0,0.989,1.0,0.666,0.0,0.0,0.0,0.0,0.0,0.0,0.0,0.007,0.305,0.0,0.021,0.666,puan,0,0,1,0,0,0,,94.5
c14_91,28.87306,41.24357,1.0,1.0,1.0,0.99,1.0,A,1.0,1.0,1.0,0.99,1.0,0.867,0.0,0.0,0.0,0.0,0.0,0.0,0.0,0.009,0.124,0.0,0.0,0.867,puan,0,0,1,0,0,0,,94.5
c14_92,28.87306,41.24806,0.968,0.724,0.976,0.683,0.97,C,0.969,0.97,0.967,0.683,0.756,0.051,0.0,0.0,0.0,0.002,0.0,0.0,0.0,0.022,0.907,0.018,0.0,0.053,kanıt yetersiz,0,0,1,0,0,0,,
c14_93,28.87306,41.25255,,0.0,1.0,,,C,,,,0.0,0.125,0.0,0.0,0.0,0.0,0.0,0.0,0.0,0.0,0.002,0.995,0.0,0.003,0.0,kanıt yetersiz,0,0,1,0,0,0,,
c14_94,28.87306,41.25704,1.0,0.083,1.0,0.56,1.0,C,1.0,1.0,1.0,0.56,0.839,0.034,0.0,0.0,0.0,0.0,0.0,0.0,0.0,0.027,0.558,0.008,0.373,0.034,kanıt yetersiz,0,0,1,0,0,0,,
c14_95,28.87306,41.26153,0.944,0.396,0.977,0.867,0.961,C,0.939,0.961,0.928,0.867,0.94,0.306,0.0,0.0,0.027,0.0,0.001,0.005,0.0,0.03,0.163,0.002,0.467,0.339,puan,0,0,1,0,0,0,,89.6
c15_88,28.87901,41.2301,,,,,,C,,,,0.0,,0.0,0.0,0.0,0.0,0.0,0.0,0.0,0.0,0.0,1.0,0.0,0.0,0.0,kanıt yetersiz,0,0,1,0,0,0,,
c15_89,28.87901,41.23459,,0.0,1.0,,,C,,,,0.0,0.125,0.0,0.0,0.0,0.0,0.0,0.0,0.0,0.0,0.058,0.907,0.002,0.032,0.0,kanıt yetersiz,1037,0,3,0,0,0,0.0,
c15_90,28.87901,41.23908,1.0,0.811,1.0,0.895,1.0,B,1.0,1.0,1.0,0.895,1.0,0.177,0.0,0.0,0.0,0.0,0.0,0.0,0.0,0.021,0.762,0.0,0.041,0.177,puan,0,0,1,0,0,0,,94.5
c15_91,28.87901,41.24357,1.0,0.993,1.0,0.92,1.0,A,1.0,1.0,1.0,0.92,0.994,0.32,0.0,0.0,0.0,0.0,0.0,0.0,0.0,0.028,0.65,0.002,0.0,0.32,puan,0,0,1,0,0,0,,94.5
c15_92,28.87901,41.24806,1.0,0.928,1.0,0.615,1.0,C,1.0,1.0,1.0,0.615,0.937,0.054,0.0,0.0,0.0,0.0,0.0,0.0,0.0,0.034,0.908,0.004,0.0,0.054,kanıt yetersiz,0,0,1,0,0,0,,
c15_93,28.87901,41.25255,1.0,1.0,1.0,0.306,1.0,C,1.0,1.0,1.0,0.306,1.0,0.007,0.0,0.0,0.0,0.0,0.0,0.0,0.0,0.016,0.978,0.0,0.0,0.007,kanıt yetersiz,0,0,2,0,0,0,,
c15_94,28.87901,41.25704,1.0,1.0,1.0,0.373,1.0,C,1.0,1.0,1.0,0.373,1.0,0.01,0.0,0.0,0.0,0.0,0.0,0.0,0.0,0.018,0.972,0.0,0.0,0.01,kanıt yetersiz,0,0,1,0,0,0,,
c15_95,28.87901,41.26153,1.0,0.036,1.0,0.4,1.0,C,1.0,1.0,1.0,0.4,1.0,0.001,0.0,0.0,0.0,0.0,0.0,0.0,0.0,0.002,0.965,0.0,0.032,0.001,kanıt yetersiz,0,0,1,0,0,0,,
c8_96,28.83736,41.26602,1.0,0.009,1.0,0.325,1.0,C,1.0,1.0,1.0,0.325,1.0,0.009,0.0,0.0,0.0,0.0,0.0,0.0,0.0,0.019,0.0,0.0,0.971,0.009,kanıt yetersiz,0,0,1,0,0,0,,
c8_97,28.83736,41.27051,1.0,0.003,1.0,0.367,1.0,C,1.0,1.0,1.0,0.367,1.0,0.003,0.0,0.0,0.0,0.0,0.0,0.0,0.0,0.005,0.0,0.0,0.992,0.003,kanıt yetersiz,0,0,1,0,0,0,,
c8_98,28.83736,41.275,,0.0,1.0,,,C,,,,0.0,,0.0,0.0,0.0,0.0,0.0,0.0,0.0,0.0,0.006,0.0,0.0,0.994,0.0,kanıt yetersiz,0,0,1,0,0,0,,
c8_99,28.83736,41.27949,1.0,0.011,1.0,0.364,1.0,C,1.0,1.0,1.0,0.364,1.0,0.01,0.0,0.0,0.0,0.0,0.0,0.0,0.0,0.018,0.0,0.0,0.971,0.01,kanıt yetersiz,0,0,1,0,0,0,,
c8_100,28.83736,41.28398,1.0,0.002,1.0,0.289,1.0,C,1.0,1.0,1.0,0.391,0.289,0.002,0.0,0.0,0.0,0.0,0.0,0.0,0.0,0.003,0.0,0.007,0.989,0.002,kanıt yetersiz,0,0,1,0,0,0,,
c9_96,28.84331,41.26602,,0.0,1.0,,,C,,,,0.0,,0.0,0.0,0.0,0.0,0.0,0.0,0.0,0.0,0.01,0.0,0.0,0.99,0.0,kanıt yetersiz,0,0,1,0,0,0,,
c9_97,28.84331,41.27051,,0.0,1.0,,,C,,,,,,0.0,0.0,0.0,0.0,0.0,0.0,0.0,0.0,0.0,0.0,0.0,1.0,0.0,kanıt yetersiz,0,0,1,0,0,0,,
c9_98,28.84331,41.275,1.0,0.121,1.0,1.0,1.0,C,1.0,1.0,1.0,1.0,1.0,0.121,0.0,0.0,0.0,0.0,0.0,0.0,0.0,0.0,0.0,0.0,0.879,0.121,puan,0,0,1,0,0,0,,94.5
c9_99,28.84331,41.27949,1.0,0.005,1.0,0.297,1.0,C,1.0,1.0,1.0,0.297,1.0,0.005,0.0,0.0,0.0,0.0,0.0,0.0,0.0,0.011,0.0,0.0,0.984,0.005,kanıt yetersiz,0,0,1,0,0,0,,
c9_100,28.84331,41.28398,1.0,0.01,1.0,0.351,1.0,C,1.0,1.0,1.0,0.351,0.925,0.009,0.0,0.0,0.0,0.0,0.0,0.0,0.001,0.019,0.0,0.001,0.97,0.01,kanıt yetersiz,0,0,1,0,0,0,,
c10_96,28.84926,41.26602,,0.0,1.0,,,C,,,,0.0,,0.0,0.0,0.0,0.0,0.0,0.0,0.0,0.0,0.007,0.0,0.0,0.993,0.0,kanıt yetersiz,0,0,1,0,0,0,,
c10_97,28.84926,41.27051,,0.0,1.0,,,C,,,,0.0,,0.0,0.0,0.0,0.0,0.0,0.0,0.0,0.0,0.01,0.019,0.0,0.971,0.0,kanıt yetersiz,0,0,1,0,0,0,,
c10_98,28.84926,41.275,1.0,0.252,1.0,0.955,1.0,C,1.0,1.0,1.0,0.955,1.0,0.218,0.0,0.0,0.0,0.0,0.0,0.0,0.0,0.01,0.123,0.0,0.648,0.218,puan,0,0,1,0,0,0,,94.5
c10_99,28.84926,41.27949,1.0,0.327,1.0,0.973,1.0,C,1.0,1.0,1.0,0.973,0.986,0.324,0.0,0.0,0.0,0.0,0.0,0.0,0.0,0.009,0.0,0.005,0.662,0.324,puan,0,0,1,0,0,0,,94.5
c10_100,28.84926,41.28398,1.0,0.134,1.0,0.856,1.0,C,1.0,1.0,1.0,0.856,1.0,0.015,0.0,0.0,0.0,0.0,0.0,0.0,0.116,0.022,0.0,0.0,0.847,0.131,puan,0,0,1,0,0,0,,94.5
c11_96,28.85521,41.26602,,0.0,1.0,,,C,,,,0.0,,0.0,0.0,0.0,0.0,0.0,0.0,0.0,0.0,0.012,0.566,0.0,0.422,0.0,kanıt yetersiz,0,0,1,0,0,0,,
c11_97,28.85521,41.27051,,0.0,1.0,,,C,,,,0.0,,0.0,0.0,0.0,0.0,0.0,0.0,0.0,0.0,0.014,0.716,0.0,0.27,0.0,kanıt yetersiz,0,0,1,0,0,0,,
c11_98,28.85521,41.275,,0.0,1.0,,,C,,,,,,0.0,0.0,0.0,0.0,0.0,0.0,0.0,0.0,0.0,0.592,0.0,0.408,0.0,kanıt yetersiz,0,0,1,0,0,0,,
c11_99,28.85521,41.27949,1.0,0.023,1.0,0.649,1.0,C,1.0,1.0,1.0,0.649,0.995,0.005,0.0,0.0,0.0,0.0,0.0,0.0,0.018,0.012,0.0,0.0,0.965,0.023,kanıt yetersiz,0,0,1,0,0,0,,
c12_96,28.86116,41.26602,,0.0,1.0,,,C,,,,,,0.0,0.0,0.0,0.0,0.0,0.0,0.0,0.0,0.0,0.158,0.0,0.842,0.0,kanıt yetersiz,0,0,1,0,0,0,,
c12_97,28.86116,41.27051,,0.0,1.0,,,C,,,,0.0,0.125,0.0,0.0,0.0,0.0,0.0,0.0,0.0,0.0,0.012,0.175,0.001,0.812,0.0,kanıt yetersiz,0,0,1,0,0,0,,
c12_98,28.86116,41.275,,0.0,1.0,,,C,,,,0.0,0.125,0.0,0.0,0.0,0.0,0.0,0.0,0.0,0.0,0.014,0.574,0.0,0.412,0.0,kanıt yetersiz,0,0,1,0,0,0,,
c12_99,28.86116,41.27949,1.0,0.098,1.0,0.791,1.0,C,1.0,1.0,1.0,0.791,1.0,0.012,0.0,0.0,0.0,0.0,0.0,0.0,0.081,0.024,0.03,0.0,0.853,0.093,kanıt yetersiz,0,0,1,0,0,0,,
c13_96,28.86711,41.26602,1.0,0.088,1.0,0.866,1.0,C,1.0,1.0,1.0,0.866,0.901,0.071,0.0,0.0,0.0,0.0,0.0,0.0,0.0,0.011,0.184,0.009,0.725,0.071,kanıt yetersiz,0,0,1,0,0,0,,
c13_97,28.86711,41.27051,0.674,0.073,0.965,0.469,0.692,C,0.68,0.692,0.655,0.469,0.597,0.06,0.0,0.0,0.0,0.0,0.0,0.035,0.0,0.042,0.068,0.015,0.778,0.096,kanıt yetersiz,0,0,1,0,0,0,,
c13_98,28.86711,41.275,0.731,0.425,0.844,0.706,0.746,C,0.737,0.746,0.716,0.706,0.709,0.37,0.0,0.0,0.0,0.001,0.0,0.163,0.0,0.019,0.062,0.02,0.365,0.534,puan,0,0,1,0,0,0,,79.5
c13_99,28.86711,41.27949,1.0,0.175,1.0,0.826,1.0,C,1.0,1.0,1.0,0.826,0.999,0.031,0.0,0.0,0.0,0.0,0.0,0.0,0.138,0.036,0.0,0.0,0.796,0.169,puan,0,0,1,0,0,0,,94.5
c14_96,28.87306,41.26602,0.41,0.145,0.791,0.365,0.452,C,0.418,0.452,0.368,0.365,0.377,0.103,0.0,0.0,0.016,0.011,0.0,0.207,0.0,0.041,0.006,0.043,0.571,0.338,puan,0,0,1,0,0,0,,45.7
c14_97,28.87306,41.27051,1.0,0.024,1.0,0.338,1.0,C,1.0,1.0,1.0,0.338,0.691,0.023,0.0,0.0,0.0,0.0,0.0,0.0,0.0,0.045,0.0,0.013,0.919,0.023,kanıt yetersiz,0,0,1,0,0,0,,
c14_98,28.87306,41.275,1.0,0.092,1.0,0.868,1.0,C,1.0,1.0,1.0,0.868,0.992,0.058,0.0,0.0,0.0,0.0,0.0,0.0,0.032,0.014,0.0,0.001,0.895,0.09,kanıt yetersiz,0,0,1,0,0,0,,
c15_96,28.87901,41.26602,0.071,0.01,0.869,0.064,0.075,C,0.071,0.071,0.07,0.064,0.075,0.008,0.0,0.0,0.0,0.0,0.104,0.0,0.0,0.012,0.192,0.01,0.674,0.112,puan,0,0,1,0,0,0,,8.6
c15_97,28.87901,41.27051,0.225,0.021,0.928,0.154,0.225,C,0.225,0.225,0.225,0.154,0.216,0.02,0.0,0.0,0.0,0.0,0.068,0.0,0.0,0.04,0.016,0.01,0.847,0.087,kanıt yetersiz,0,0,1,0,0,0,,
c15_98,28.87901,41.275,1.0,0.097,1.0,0.785,1.0,C,1.0,1.0,1.0,0.785,0.978,0.011,0.0,0.0,0.0,0.0,0.0,0.0,0.083,0.026,0.0,0.002,0.878,0.094,kanıt yetersiz,0,0,1,0,0,0,,
c8_28,28.83736,40.9607,0.533,0.308,0.73,0.429,0.629,C,0.511,0.629,0.438,0.429,0.517,0.146,0.002,0.001,0.203,0.149,0.003,0.0,0.003,0.123,0.0,0.021,0.35,0.506,puan,0,0,1,0,0,0,,64.0
c8_29,28.83736,40.96519,0.605,0.345,0.775,0.438,0.647,C,0.602,0.647,0.563,0.438,0.575,0.23,0.003,0.013,0.08,0.057,0.085,0.0,0.0,0.179,0.0,0.032,0.322,0.467,puan,1668,1796,4,2,0,2,0.6,71.0
c8_30,28.83736,40.96968,0.568,0.37,0.718,0.464,0.571,B,0.567,0.571,0.565,0.464,0.531,0.318,0.0,0.0,0.008,0.002,0.24,0.0,0.0,0.128,0.0,0.051,0.253,0.568,puan,1429,771,3,2,2,0,0.9,67.9
c8_31,28.83736,40.97417,0.095,0.059,0.435,0.078,0.099,B,0.098,0.099,0.09,0.078,0.095,0.043,0.002,0.009,0.009,0.001,0.484,0.0,0.0,0.121,0.0,0.014,0.317,0.549,puan,1222,0,2,0,0,0,0.0,9.3
c9_29,28.84331,40.96519,0.19,0.149,0.366,0.171,0.209,B,0.209,0.209,0.171,0.178,0.19,0.064,0.002,0.072,0.03,0.082,0.469,0.0,0.024,0.049,0.0,0.005,0.202,0.744,puan,0,0,1,0,0,0,,12.3
c9_30,28.84331,40.96968,0.094,0.093,0.112,0.087,0.094,A,0.094,0.094,0.094,0.087,0.094,0.085,0.0,0.0,0.0,0.0,0.82,0.0,0.0,0.077,0.0,0.0,0.018,0.905,puan,1013,685,3,0,0,0,0.0,9.2
c9_31,28.84331,40.97417,0.008,0.008,0.057,0.006,0.01,A,0.01,0.01,0.006,0.008,0.008,0.001,0.0,0.008,0.0,0.002,0.901,0.026,0.0,0.013,0.0,0.001,0.047,0.938,puan,217,1589,2,0,0,0,0.0,5.9
c10_31,28.84926,40.97417,0.22,0.206,0.268,0.171,0.268,A,0.231,0.268,0.171,0.193,0.218,0.049,0.004,0.014,0.061,0.051,0.135,0.489,0.028,0.114,0.0,0.015,0.04,0.831,puan,1620,0,2,3,3,0,1.9,14.0
c11_31,28.85521,40.97417,0.426,0.391,0.474,0.356,0.497,B,0.42,0.497,0.356,0.394,0.425,0.17,0.0,0.0,0.189,0.066,0.0,0.385,0.042,0.07,0.0,0.005,0.073,0.853,puan,702,0,2,1,1,0,1.4,48.9
c12_31,28.86116,40.97417,0.594,0.511,0.65,0.497,0.624,B,0.606,0.624,0.564,0.497,0.576,0.347,0.0,0.028,0.025,0.013,0.0,0.295,0.029,0.144,0.0,0.029,0.09,0.736,puan,826,0,2,0,0,0,0.0,70.2
c13_31,28.86711,40.97417,0.529,0.307,0.727,0.391,0.603,C,0.519,0.603,0.456,0.391,0.52,0.134,0.001,0.005,0.13,0.013,0.001,0.166,0.031,0.17,0.0,0.011,0.337,0.482,puan,2458,0,5,0,0,0,0.0,63.5
c14_30,28.87306,40.96968,0.769,0.482,0.855,0.678,0.814,B,0.814,0.812,0.726,0.678,0.744,0.066,0.025,0.129,0.079,0.0,0.0,0.0,0.279,0.077,0.0,0.023,0.321,0.578,puan,0,0,2,0,0,0,,81.8
c14_31,28.87306,40.97417,0.513,0.329,0.687,0.388,0.599,C,0.506,0.599,0.427,0.388,0.478,0.142,0.002,0.026,0.178,0.022,0.001,0.151,0.009,0.171,0.0,0.052,0.244,0.533,puan,1049,0,2,2,1,1,1.9,61.1
c15_31,28.87901,40.97417,0.682,0.577,0.731,0.563,0.732,B,0.716,0.732,0.632,0.563,0.622,0.256,0.082,0.045,0.093,0.037,0.004,0.085,0.116,0.152,0.0,0.086,0.044,0.718,puan,929,0,3,1,0,1,1.1,76.4
c8_32,28.83736,40.97866,0.054,0.048,0.151,0.044,0.064,A,0.05,0.064,0.044,0.051,0.055,0.025,0.0,0.0,0.043,0.0,0.789,0.0,0.0,0.045,0.0,0.016,0.082,0.857,puan,490,0,2,0,0,0,0.0,7.9
c8_33,28.83736,40.98315,0.699,0.165,0.929,0.375,0.744,C,0.744,0.735,0.663,0.375,0.603,0.106,0.0,0.053,0.022,0.0,0.015,0.0,0.0,0.169,0.0,0.039,0.596,0.196,puan,2782,0,7,0,0,0,0.0,77.6
c8_34,28.83736,40.98764,0.641,0.427,0.761,0.573,0.683,B,0.683,0.672,0.61,0.573,0.63,0.316,0.0,0.127,0.027,0.014,0.002,0.13,0.0,0.073,0.0,0.013,0.297,0.617,puan,0,0,1,0,0,0,,73.8
c8_35,28.83736,40.99213,0.537,0.484,0.582,0.424,0.604,B,0.529,0.604,0.47,0.424,0.525,0.264,0.002,0.016,0.182,0.058,0.035,0.171,0.0,0.194,0.0,0.021,0.058,0.727,puan,4345,0,5,20,17,3,4.6,64.4
c8_36,28.83736,40.99662,0.397,0.35,0.468,0.313,0.481,B,0.389,0.481,0.313,0.316,0.366,0.131,0.001,0.012,0.206,0.238,0.0,0.13,0.0,0.185,0.0,0.094,0.002,0.72,puan,21,0,1,0,0,0,,43.0
c8_37,28.83736,41.00111,0.402,0.353,0.475,0.322,0.475,B,0.402,0.475,0.329,0.322,0.379,0.154,0.006,0.013,0.159,0.256,0.0,0.132,0.0,0.18,0.0,0.066,0.034,0.72,puan,0,0,1,0,0,0,,44.1
c8_38,28.83736,41.0056,0.373,0.299,0.498,0.288,0.441,B,0.377,0.441,0.306,0.288,0.325,0.128,0.007,0.012,0.117,0.175,0.001,0.21,0.0,0.191,0.0,0.156,0.004,0.649,puan,0,0,1,0,0,0,,37.8
c8_39,28.83736,41.01009,0.402,0.315,0.531,0.322,0.472,B,0.404,0.472,0.332,0.322,0.345,0.143,0.004,0.018,0.135,0.135,0.0,0.221,0.0,0.163,0.0,0.168,0.012,0.656,puan,0,0,1,0,0,0,,44.1
c9_32,28.84331,40.97866,0.338,0.289,0.432,0.318,0.346,A,0.341,0.346,0.329,0.318,0.336,0.253,0.0,0.015,0.014,0.007,0.463,0.061,0.0,0.051,0.0,0.006,0.129,0.813,puan,691,817,3,0,0,0,0.0,29.3
c9_33,28.84331,40.98315,0.584,0.556,0.604,0.542,0.615,A,0.594,0.615,0.553,0.542,0.581,0.444,0.0,0.022,0.035,0.049,0.0,0.336,0.0,0.069,0.0,0.006,0.039,0.886,puan,68,0,2,0,0,0,0.0,69.3
c9_34,28.84331,40.98764,0.272,0.27,0.277,0.219,0.324,B,0.291,0.324,0.219,0.242,0.271,0.113,0.0,0.044,0.053,0.073,0.0,0.602,0.0,0.108,0.0,0.004,0.002,0.886,puan,0,0,1,0,0,0,,18.7
c9_35,28.84331,40.99213,0.537,0.514,0.558,0.439,0.618,B,0.529,0.618,0.457,0.439,0.537,0.258,0.001,0.028,0.245,0.08,0.0,0.176,0.0,0.176,0.0,0.0,0.036,0.788,puan,2291,0,3,1,0,1,0.4,64.4
c9_36,28.84331,40.99662,0.371,0.371,0.372,0.283,0.46,B,0.362,0.46,0.283,0.301,0.371,0.118,0.001,0.011,0.248,0.286,0.0,0.145,0.0,0.191,0.0,0.0,0.0,0.809,puan,0,0,1,0,0,0,,37.3
c9_37,28.84331,41.00111,0.299,0.296,0.306,0.233,0.365,B,0.303,0.365,0.233,0.246,0.298,0.106,0.002,0.012,0.134,0.359,0.036,0.167,0.0,0.175,0.0,0.006,0.002,0.816,puan,0,0,1,0,0,0,,21.8
c9_38,28.84331,41.0056,0.37,0.353,0.4,0.284,0.457,B,0.36,0.457,0.284,0.309,0.367,0.121,0.003,0.008,0.245,0.228,0.029,0.169,0.0,0.158,0.0,0.011,0.028,0.803,puan,0,0,1,0,0,0,,37.0
c9_39,28.84331,41.01009,0.334,0.322,0.36,0.26,0.409,B,0.336,0.409,0.26,0.29,0.332,0.12,0.004,0.016,0.175,0.365,0.0,0.159,0.0,0.128,0.0,0.011,0.022,0.839,puan,0,0,1,0,0,0,,28.5
c10_32,28.84926,40.97866,0.339,0.304,0.406,0.293,0.385,A,0.35,0.385,0.293,0.3,0.338,0.174,0.004,0.019,0.059,0.099,0.07,0.379,0.0,0.104,0.0,0.004,0.087,0.805,puan,1121,1866,2,4,1,3,1.3,29.7
c10_33,28.84926,40.98315,0.407,0.399,0.419,0.34,0.475,B,0.404,0.475,0.34,0.374,0.401,0.214,0.0,0.003,0.177,0.058,0.0,0.448,0.0,0.081,0.0,0.019,0.0,0.9,puan,349,0,2,0,0,0,0.0,45.2
c10_34,28.84926,40.98764,0.418,0.397,0.449,0.36,0.466,B,0.427,0.466,0.371,0.36,0.405,0.242,0.0,0.016,0.066,0.038,0.0,0.459,0.0,0.134,0.0,0.038,0.006,0.821,puan,395,0,1,0,0,0,0.0,47.3
c10_35,28.84926,40.99213,0.52,0.458,0.577,0.374,0.594,C,0.509,0.594,0.447,0.374,0.519,0.219,0.0,0.003,0.176,0.068,0.0,0.188,0.0,0.256,0.0,0.002,0.086,0.655,puan,5679,0,10,1,1,0,0.2,62.1
c10_36,28.84926,40.99662,0.47,0.462,0.479,0.375,0.553,B,0.462,0.553,0.387,0.375,0.466,0.201,0.002,0.021,0.24,0.13,0.001,0.192,0.0,0.199,0.0,0.01,0.004,0.786,puan,1316,0,3,5,5,0,3.8,55.8
c10_37,28.84926,41.00111,0.424,0.365,0.504,0.342,0.475,B,0.427,0.475,0.373,0.342,0.398,0.209,0.002,0.009,0.091,0.138,0.053,0.211,0.0,0.171,0.0,0.067,0.048,0.713,puan,1107,0,2,6,6,0,5.4,48.6
c10_38,28.84926,41.0056,0.368,0.334,0.426,0.297,0.428,B,0.377,0.428,0.307,0.297,0.35,0.152,0.001,0.034,0.108,0.25,0.01,0.192,0.0,0.177,0.0,0.059,0.017,0.747,puan,1050,0,2,1,0,1,1.0,36.5
c10_39,28.84926,41.01009,0.354,0.306,0.442,0.294,0.411,B,0.36,0.411,0.297,0.294,0.324,0.152,0.001,0.011,0.089,0.276,0.009,0.197,0.0,0.149,0.0,0.11,0.006,0.735,puan,1042,0,2,0,0,0,0.0,33.2
c11_32,28.85521,40.97866,0.283,0.248,0.371,0.228,0.338,B,0.298,0.338,0.228,0.235,0.278,0.1,0.0,0.036,0.071,0.06,0.042,0.435,0.0,0.153,0.0,0.023,0.081,0.743,puan,1424,1807,3,1,0,1,0.3,20.1
c11_33,28.85521,40.98315,0.313,0.285,0.372,0.266,0.359,A,0.332,0.359,0.266,0.277,0.301,0.15,0.0,0.038,0.033,0.068,0.001,0.526,0.0,0.105,0.0,0.054,0.024,0.817,puan,1560,0,3,6,6,0,3.8,24.3
c11_34,28.85521,40.98764,0.572,0.354,0.735,0.474,0.638,B,0.638,0.617,0.528,0.474,0.562,0.205,0.0,0.192,0.05,0.007,0.003,0.091,0.0,0.114,0.0,0.013,0.325,0.548,puan,1982,0,2,18,17,1,9.1,68.3
c11_35,28.85521,40.99213,0.478,0.246,0.731,0.35,0.542,C,0.475,0.542,0.413,0.35,0.471,0.135,0.009,0.004,0.097,0.012,0.042,0.134,0.0,0.158,0.0,0.009,0.4,0.433,puan,3643,0,5,1,1,0,0.3,56.7
c11_36,28.85521,40.99662,0.372,0.356,0.4,0.271,0.473,C,0.362,0.473,0.271,0.322,0.37,0.093,0.013,0.017,0.309,0.144,0.001,0.255,0.0,0.13,0.0,0.007,0.032,0.831,puan,1508,0,2,7,7,0,4.6,37.6
c11_37,28.85521,41.00111,0.337,0.337,0.339,0.259,0.416,B,0.334,0.416,0.259,0.284,0.337,0.116,0.003,0.006,0.198,0.311,0.002,0.204,0.0,0.158,0.0,0.0,0.001,0.84,puan,0,0,1,0,0,0,,29.0
c11_38,28.85521,41.0056,0.345,0.329,0.376,0.272,0.418,B,0.347,0.418,0.272,0.28,0.335,0.123,0.005,0.015,0.158,0.299,0.001,0.181,0.0,0.18,0.0,0.039,0.001,0.78,puan,0,0,1,0,0,0,,31.1
c11_39,28.85521,41.01009,0.367,0.3,0.484,0.292,0.437,B,0.368,0.437,0.297,0.292,0.323,0.126,0.001,0.014,0.131,0.054,0.0,0.348,0.0,0.174,0.0,0.151,0.001,0.674,puan,0,0,1,0,0,0,,36.1
c12_32,28.86116,40.97866,0.345,0.304,0.423,0.299,0.391,A,0.353,0.391,0.299,0.303,0.336,0.18,0.0,0.003,0.054,0.043,0.043,0.462,0.0,0.108,0.0,0.033,0.073,0.786,puan,944,1812,2,4,3,1,1.5,31.1
c12_33,28.86116,40.98315,0.301,0.282,0.348,0.246,0.357,B,0.32,0.357,0.246,0.271,0.29,0.123,0.001,0.052,0.074,0.068,0.0,0.526,0.0,0.095,0.0,0.057,0.003,0.845,puan,881,0,2,4,4,0,4.5,22.2
c12_34,28.86116,40.98764,0.517,0.484,0.547,0.336,0.698,C,0.455,0.698,0.336,0.512,0.514,0.058,0.004,0.001,0.83,0.014,0.0,0.021,0.0,0.008,0.0,0.007,0.055,0.929,puan,0,0,1,0,0,0,,61.6
c12_35,28.86116,40.99213,0.51,0.426,0.591,0.325,0.695,C,0.446,0.695,0.325,0.47,0.504,0.036,0.0,0.002,0.716,0.004,0.002,0.019,0.0,0.066,0.0,0.012,0.142,0.78,puan,1322,0,2,1,0,1,0.8,60.7
c12_36,28.86116,40.99662,0.314,0.308,0.326,0.227,0.4,B,0.315,0.4,0.227,0.276,0.314,0.076,0.015,0.02,0.23,0.135,0.0,0.389,0.0,0.119,0.0,0.002,0.014,0.865,puan,1352,0,3,0,0,0,0.0,24.6
c12_37,28.86116,41.00111,0.366,0.363,0.372,0.284,0.448,B,0.36,0.448,0.284,0.316,0.365,0.135,0.002,0.008,0.229,0.124,0.0,0.359,0.0,0.136,0.0,0.004,0.004,0.856,puan,1465,0,2,15,15,0,10.2,35.9
c12_38,28.86116,41.0056,0.325,0.32,0.335,0.25,0.4,B,0.323,0.4,0.25,0.279,0.322,0.115,0.0,0.007,0.18,0.152,0.0,0.395,0.0,0.138,0.0,0.013,0.0,0.849,puan,0,0,1,0,0,0,,26.4
c12_39,28.86116,41.01009,0.341,0.316,0.388,0.273,0.408,B,0.34,0.408,0.273,0.281,0.326,0.131,0.004,0.005,0.151,0.096,0.055,0.332,0.0,0.164,0.0,0.055,0.005,0.775,puan,0,0,1,0,0,0,,30.1
c13_32,28.86711,40.97866,0.373,0.338,0.432,0.326,0.42,A,0.386,0.42,0.326,0.327,0.362,0.195,0.0,0.036,0.065,0.032,0.041,0.434,0.0,0.114,0.0,0.036,0.047,0.803,puan,921,1765,3,15,15,0,5.6,37.8
c13_33,28.86711,40.98315,0.332,0.303,0.391,0.248,0.416,B,0.326,0.416,0.248,0.298,0.317,0.098,0.0,0.01,0.22,0.026,0.0,0.472,0.0,0.093,0.0,0.063,0.017,0.827,puan,0,0,1,0,0,0,,28.1
c13_34,28.86711,40.98764,0.451,0.416,0.493,0.355,0.547,B,0.432,0.547,0.355,0.416,0.427,0.181,0.001,0.002,0.327,0.045,0.017,0.285,0.0,0.072,0.0,0.068,0.003,0.857,puan,0,0,1,0,0,0,,53.3
c13_35,28.86711,40.99213,0.611,0.578,0.632,0.534,0.688,B,0.594,0.688,0.534,0.546,0.588,0.355,0.0,0.005,0.271,0.019,0.0,0.201,0.0,0.101,0.0,0.042,0.006,0.851,puan,0,0,1,0,0,0,,71.6
c13_36,28.86711,40.99662,0.426,0.399,0.463,0.333,0.51,B,0.43,0.51,0.342,0.333,0.422,0.151,0.043,0.009,0.208,0.08,0.028,0.222,0.0,0.208,0.0,0.011,0.04,0.741,puan,3011,0,3,4,3,1,1.3,48.9
c13_37,28.86711,41.00111,0.301,0.284,0.341,0.235,0.367,B,0.303,0.367,0.235,0.262,0.3,0.11,0.0,0.006,0.132,0.177,0.016,0.385,0.0,0.124,0.0,0.007,0.044,0.826,puan,765,0,2,1,1,0,1.3,22.2
c13_38,28.86711,41.0056,0.337,0.331,0.349,0.267,0.407,B,0.338,0.407,0.267,0.289,0.334,0.135,0.001,0.01,0.157,0.145,0.007,0.388,0.0,0.141,0.0,0.011,0.005,0.843,puan,1696,0,2,0,0,0,0.0,29.0
c13_39,28.86711,41.01009,0.359,0.353,0.369,0.288,0.43,B,0.355,0.43,0.288,0.296,0.357,0.146,0.001,0.003,0.172,0.171,0.026,0.295,0.0,0.172,0.0,0.006,0.007,0.815,puan,0,0,1,0,0,0,,34.6
c14_32,28.87306,40.97866,0.44,0.404,0.486,0.322,0.558,C,0.413,0.558,0.322,0.4,0.431,0.117,0.0,0.021,0.432,0.017,0.041,0.213,0.0,0.084,0.0,0.025,0.05,0.841,puan,0,1489,3,5,0,5,3.4,51.3
c14_33,28.87306,40.98315,0.408,0.373,0.459,0.348,0.468,B,0.414,0.468,0.348,0.375,0.397,0.21,0.0,0.029,0.128,0.146,0.001,0.33,0.0,0.075,0.0,0.035,0.045,0.845,puan,0,44,1,0,0,0,,45.4
c14_34,28.87306,40.98764,0.29,0.25,0.387,0.226,0.353,B,0.292,0.353,0.226,0.266,0.271,0.102,0.0,0.008,0.127,0.053,0.056,0.455,0.0,0.071,0.0,0.103,0.024,0.801,puan,0,0,1,0,0,0,,20.6
c14_35,28.87306,40.99213,0.312,0.288,0.365,0.239,0.385,B,0.312,0.385,0.239,0.271,0.299,0.103,0.0,0.009,0.158,0.048,0.0,0.494,0.0,0.12,0.0,0.061,0.007,0.812,puan,0,0,1,0,0,0,,24.0
c14_36,28.87306,40.99662,0.434,0.367,0.522,0.333,0.496,B,0.432,0.496,0.373,0.333,0.429,0.186,0.0,0.008,0.123,0.065,0.028,0.262,0.0,0.205,0.0,0.011,0.113,0.672,puan,3792,0,4,4,0,4,1.1,50.2
c14_37,28.87306,41.00111,0.313,0.307,0.326,0.241,0.386,B,0.317,0.386,0.241,0.276,0.313,0.108,0.0,0.026,0.171,0.124,0.017,0.419,0.0,0.118,0.0,0.003,0.013,0.865,puan,118,0,1,0,0,0,0.0,24.3
c14_38,28.87306,41.0056,0.37,0.36,0.387,0.311,0.428,B,0.376,0.428,0.311,0.317,0.368,0.183,0.0,0.018,0.109,0.133,0.003,0.392,0.0,0.14,0.0,0.006,0.018,0.837,puan,985,0,1,0,0,0,0.0,37.0
c14_39,28.87306,41.01009,0.415,0.405,0.43,0.333,0.498,B,0.408,0.498,0.333,0.34,0.415,0.164,0.005,0.009,0.227,0.198,0.0,0.2,0.0,0.177,0.0,0.001,0.019,0.803,puan,931,0,3,0,0,0,0.0,46.6
c15_32,28.87901,40.97866,0.372,0.294,0.504,0.287,0.457,B,0.369,0.457,0.287,0.306,0.322,0.101,0.002,0.024,0.191,0.117,0.0,0.239,0.0,0.146,0.0,0.172,0.008,0.674,puan,323,7,2,0,0,0,0.0,37.6
c15_33,28.87901,40.98315,0.418,0.342,0.524,0.354,0.479,B,0.422,0.479,0.358,0.354,0.38,0.183,0.001,0.028,0.124,0.031,0.039,0.306,0.0,0.13,0.0,0.107,0.051,0.712,puan,0,1525,2,2,0,2,1.3,47.3
c15_34,28.87901,40.98764,0.325,0.274,0.432,0.266,0.385,B,0.332,0.385,0.266,0.278,0.298,0.127,0.0,0.013,0.094,0.063,0.017,0.422,0.0,0.126,0.0,0.116,0.022,0.736,puan,0,0,1,0,0,0,,26.4
c15_35,28.87901,40.99213,0.299,0.268,0.372,0.234,0.363,B,0.309,0.363,0.234,0.257,0.281,0.099,0.001,0.035,0.112,0.067,0.014,0.454,0.0,0.128,0.0,0.091,0.0,0.782,puan,0,0,1,0,0,0,,21.8
c15_36,28.87901,40.99662,0.554,0.481,0.613,0.501,0.582,A,0.578,0.582,0.526,0.501,0.551,0.367,0.0,0.07,0.013,0.22,0.02,0.104,0.0,0.085,0.0,0.006,0.115,0.794,puan,975,0,1,2,2,0,2.1,66.5
c15_37,28.87901,41.00111,0.471,0.427,0.52,0.379,0.515,B,0.492,0.515,0.427,0.379,0.47,0.244,0.002,0.066,0.058,0.127,0.02,0.206,0.0,0.174,0.028,0.001,0.073,0.724,puan,2739,0,3,0,0,0,0.0,55.9
c15_38,28.87901,41.0056,0.335,0.32,0.366,0.294,0.376,A,0.349,0.376,0.295,0.294,0.335,0.188,0.003,0.032,0.053,0.129,0.13,0.306,0.0,0.119,0.0,0.003,0.037,0.841,puan,1639,585,3,1,1,0,0.4,28.8
c15_39,28.87901,41.01009,0.387,0.354,0.438,0.334,0.44,B,0.382,0.44,0.334,0.338,0.379,0.204,0.0,0.007,0.145,0.125,0.182,0.148,0.0,0.118,0.0,0.025,0.048,0.809,puan,1984,999,3,2,2,0,0.7,41.0
c8_40,28.83736,41.01458,0.669,0.579,0.713,0.555,0.706,B,0.667,0.706,0.632,0.555,0.623,0.422,0.0,0.003,0.082,0.074,0.012,0.141,0.0,0.151,0.0,0.068,0.046,0.735,puan,0,0,1,0,0,0,,75.7
c8_41,28.83736,41.01907,0.434,0.363,0.526,0.358,0.5,B,0.435,0.5,0.367,0.358,0.394,0.184,0.0,0.024,0.145,0.146,0.015,0.198,0.0,0.15,0.0,0.107,0.031,0.712,puan,0,0,1,0,0,0,,50.2
c8_42,28.83736,41.02356,0.359,0.274,0.512,0.286,0.432,B,0.355,0.432,0.287,0.286,0.318,0.112,0.001,0.004,0.143,0.119,0.032,0.224,0.0,0.165,0.0,0.139,0.061,0.636,puan,0,0,1,0,0,0,,34.6
c8_43,28.83736,41.02805,0.397,0.321,0.513,0.311,0.458,B,0.401,0.458,0.337,0.311,0.361,0.159,0.001,0.013,0.098,0.081,0.0,0.308,0.0,0.183,0.0,0.102,0.055,0.659,puan,0,0,1,0,0,0,,43.0
c8_44,28.83736,41.03254,0.418,0.313,0.563,0.324,0.47,B,0.423,0.47,0.365,0.324,0.35,0.174,0.002,0.01,0.07,0.029,0.009,0.323,0.0,0.177,0.0,0.187,0.019,0.617,puan,0,0,1,0,0,0,,47.3
c8_45,28.83736,41.03703,0.369,0.275,0.53,0.312,0.415,B,0.378,0.415,0.323,0.312,0.341,0.164,0.0,0.011,0.05,0.095,0.04,0.295,0.0,0.12,0.0,0.085,0.139,0.656,puan,0,0,1,0,0,0,,36.8
c8_46,28.83736,41.04152,0.371,0.303,0.486,0.308,0.427,B,0.382,0.427,0.316,0.308,0.343,0.156,0.0,0.027,0.08,0.127,0.007,0.304,0.0,0.142,0.0,0.09,0.066,0.701,puan,0,0,1,0,0,0,,37.3
c8_47,28.83736,41.04601,0.38,0.302,0.507,0.297,0.438,B,0.386,0.438,0.321,0.297,0.329,0.149,0.007,0.009,0.088,0.082,0.021,0.294,0.0,0.182,0.0,0.162,0.006,0.651,puan,0,0,1,0,0,0,,39.6
c9_40,28.84331,41.01458,0.352,0.294,0.459,0.281,0.424,B,0.357,0.424,0.281,0.296,0.326,0.117,0.001,0.03,0.145,0.262,0.009,0.157,0.0,0.137,0.0,0.092,0.05,0.72,puan,59,0,1,0,0,0,0.0,32.7
c9_41,28.84331,41.01907,0.37,0.295,0.498,0.303,0.437,B,0.371,0.437,0.303,0.305,0.334,0.136,0.003,0.007,0.122,0.128,0.005,0.281,0.0,0.144,0.0,0.116,0.058,0.682,puan,0,0,1,0,0,0,,37.0
c9_42,28.84331,41.02356,0.433,0.332,0.565,0.324,0.499,B,0.43,0.499,0.367,0.324,0.369,0.162,0.001,0.006,0.122,0.047,0.009,0.263,0.0,0.204,0.0,0.159,0.027,0.61,puan,0,0,1,0,0,0,,49.9
c9_43,28.84331,41.02805,0.359,0.283,0.494,0.273,0.412,B,0.367,0.412,0.306,0.273,0.31,0.141,0.002,0.007,0.059,0.101,0.0,0.322,0.0,0.198,0.0,0.166,0.003,0.633,puan,52,0,1,0,0,0,0.0,34.6
c9_44,28.84331,41.03254,0.421,0.272,0.625,0.311,0.478,B,0.429,0.478,0.363,0.311,0.351,0.14,0.001,0.022,0.076,0.017,0.01,0.262,0.0,0.185,0.0,0.163,0.125,0.527,puan,0,0,1,0,0,0,,48.0
c9_45,28.84331,41.03703,0.414,0.264,0.627,0.323,0.465,B,0.416,0.465,0.364,0.323,0.343,0.154,0.002,0.003,0.067,0.034,0.045,0.235,0.0,0.152,0.0,0.175,0.132,0.541,puan,29,0,1,0,0,0,,46.4
c9_46,28.84331,41.04152,0.401,0.28,0.581,0.3,0.458,B,0.405,0.458,0.343,0.3,0.319,0.144,0.003,0.004,0.075,0.034,0.0,0.306,0.0,0.19,0.0,0.24,0.004,0.567,puan,0,0,1,0,0,0,,44.0
c9_47,28.84331,41.04601,0.401,0.296,0.557,0.306,0.454,B,0.41,0.454,0.348,0.306,0.329,0.158,0.004,0.011,0.063,0.031,0.002,0.332,0.0,0.188,0.0,0.211,0.001,0.6,puan,0,0,1,0,0,0,,44.0
c10_40,28.84926,41.01458,0.4,0.304,0.544,0.302,0.456,B,0.414,0.456,0.344,0.302,0.35,0.151,0.008,0.027,0.072,0.152,0.002,0.198,0.0,0.197,0.0,0.135,0.058,0.61,puan,1908,0,4,0,0,0,0.0,43.8
c10_41,28.84926,41.01907,0.387,0.249,0.606,0.289,0.446,B,0.403,0.446,0.327,0.289,0.333,0.113,0.001,0.049,0.081,0.123,0.031,0.13,0.0,0.178,0.0,0.136,0.158,0.528,puan,1057,0,2,0,0,0,0.0,41.0
c10_42,28.84926,41.02356,0.505,0.344,0.663,0.359,0.546,B,0.514,0.546,0.464,0.359,0.406,0.211,0.0,0.013,0.039,0.049,0.001,0.219,0.0,0.218,0.0,0.187,0.063,0.532,puan,1400,0,2,1,0,1,0.7,60.0
c10_43,28.84926,41.02805,0.397,0.328,0.502,0.301,0.44,B,0.4,0.44,0.354,0.301,0.356,0.188,0.0,0.006,0.062,0.036,0.094,0.268,0.0,0.208,0.0,0.116,0.022,0.654,puan,1266,0,3,0,0,0,0.0,43.0
c10_44,28.84926,41.03254,0.405,0.307,0.548,0.291,0.455,B,0.411,0.455,0.354,0.291,0.34,0.161,0.002,0.01,0.06,0.064,0.019,0.27,0.0,0.229,0.0,0.177,0.008,0.586,puan,1144,0,2,0,0,0,0.0,44.6
c10_45,28.84926,41.03703,0.467,0.365,0.583,0.349,0.514,B,0.474,0.514,0.42,0.349,0.406,0.213,0.003,0.009,0.058,0.03,0.001,0.304,0.0,0.209,0.0,0.135,0.038,0.618,puan,1141,0,2,0,0,0,0.0,55.3
c10_46,28.84926,41.04152,0.438,0.361,0.538,0.324,0.495,B,0.441,0.495,0.382,0.324,0.388,0.187,0.006,0.002,0.088,0.052,0.0,0.301,0.0,0.226,0.0,0.121,0.016,0.637,puan,1154,0,2,0,0,0,0.0,50.9
c10_47,28.84926,41.04601,0.347,0.285,0.463,0.277,0.412,B,0.346,0.412,0.282,0.277,0.312,0.123,0.0,0.01,0.127,0.177,0.048,0.197,0.0,0.172,0.0,0.129,0.019,0.681,puan,1079,0,2,3,3,0,2.8,31.4
c11_40,28.85521,41.01458,0.417,0.335,0.531,0.319,0.477,B,0.422,0.477,0.356,0.319,0.362,0.167,0.0,0.018,0.1,0.104,0.001,0.254,0.0,0.198,0.0,0.148,0.01,0.644,puan,0,0,1,0,0,0,,47.0
c11_41,28.85521,41.01907,0.444,0.268,0.665,0.332,0.501,B,0.448,0.501,0.388,0.332,0.346,0.148,0.002,0.01,0.075,0.073,0.01,0.182,0.0,0.17,0.0,0.222,0.108,0.5,puan,0,0,1,0,0,0,,52.3
c11_42,28.85521,41.02356,0.431,0.288,0.619,0.321,0.504,B,0.429,0.504,0.357,0.321,0.331,0.131,0.006,0.01,0.127,0.036,0.001,0.235,0.0,0.186,0.0,0.262,0.007,0.545,puan,0,0,1,0,0,0,,49.7
c11_43,28.85521,41.02805,0.412,0.308,0.561,0.314,0.476,B,0.415,0.476,0.349,0.314,0.34,0.15,0.003,0.012,0.104,0.044,0.0,0.293,0.0,0.189,0.0,0.205,0.0,0.606,puan,0,0,1,0,0,0,,46.3
c11_44,28.85521,41.03254,0.466,0.396,0.547,0.381,0.527,B,0.465,0.527,0.405,0.381,0.424,0.22,0.004,0.009,0.132,0.043,0.019,0.287,0.0,0.159,0.0,0.101,0.026,0.714,puan,0,0,1,0,0,0,,55.2
c11_45,28.85521,41.03703,0.416,0.369,0.482,0.334,0.498,B,0.409,0.498,0.334,0.345,0.387,0.155,0.004,0.009,0.212,0.028,0.001,0.341,0.0,0.154,0.0,0.084,0.011,0.751,puan,0,0,1,0,0,0,,46.8
c11_46,28.85521,41.04152,0.511,0.365,0.651,0.402,0.562,B,0.516,0.562,0.461,0.408,0.402,0.229,0.003,0.012,0.078,0.044,0.0,0.238,0.0,0.153,0.0,0.238,0.005,0.604,puan,0,0,1,0,0,0,,60.8
c11_47,28.85521,41.04601,0.443,0.3,0.623,0.339,0.491,B,0.448,0.491,0.395,0.339,0.353,0.18,0.002,0.002,0.053,0.053,0.001,0.27,0.0,0.171,0.0,0.221,0.047,0.56,puan,0,0,1,0,0,0,,52.0
c12_40,28.86116,41.01458,0.399,0.369,0.446,0.313,0.482,B,0.397,0.482,0.316,0.313,0.378,0.133,0.002,0.03,0.205,0.116,0.0,0.25,0.0,0.202,0.0,0.061,0.0,0.736,puan,0,0,1,0,0,0,,43.7
c12_41,28.86116,41.01907,0.389,0.314,0.507,0.299,0.466,B,0.385,0.466,0.312,0.299,0.343,0.125,0.003,0.008,0.159,0.175,0.001,0.179,0.0,0.196,0.0,0.139,0.016,0.65,puan,0,0,1,0,0,0,,41.5
c12_42,28.86116,41.02356,0.315,0.256,0.445,0.246,0.374,B,0.322,0.374,0.257,0.246,0.28,0.11,0.005,0.004,0.076,0.275,0.016,0.174,0.0,0.187,0.0,0.151,0.003,0.659,puan,0,629,2,0,0,0,0.0,24.8
c12_43,28.86116,41.02805,0.374,0.359,0.399,0.304,0.425,B,0.382,0.425,0.323,0.304,0.364,0.19,0.003,0.012,0.075,0.273,0.026,0.205,0.0,0.183,0.0,0.032,0.0,0.785,puan,0,1039,2,2,2,0,1.9,38.1
c12_44,28.86116,41.03254,0.342,0.313,0.398,0.261,0.423,B,0.338,0.423,0.261,0.293,0.324,0.108,0.005,0.008,0.201,0.066,0.014,0.391,0.0,0.131,0.0,0.073,0.001,0.794,puan,0,643,1,0,0,0,0.0,30.3
c12_45,28.86116,41.03703,0.409,0.304,0.56,0.311,0.486,B,0.404,0.486,0.331,0.311,0.336,0.128,0.008,0.003,0.151,0.044,0.003,0.266,0.0,0.188,0.0,0.207,0.001,0.604,puan,0,0,1,0,0,0,,45.5
c12_46,28.86116,41.04152,0.496,0.28,0.715,0.338,0.571,C,0.489,0.571,0.42,0.342,0.338,0.135,0.004,0.008,0.12,0.047,0.0,0.136,0.0,0.203,0.0,0.334,0.013,0.45,puan,0,0,1,0,0,0,,58.9
c12_47,28.86116,41.04601,0.438,0.226,0.709,0.287,0.502,C,0.438,0.502,0.373,0.297,0.287,0.113,0.001,0.007,0.077,0.026,0.0,0.191,0.0,0.197,0.0,0.388,0.001,0.415,puan,0,0,1,0,0,0,,50.9
c13_40,28.86711,41.01458,0.342,0.34,0.346,0.264,0.42,B,0.341,0.42,0.264,0.279,0.341,0.116,0.006,0.01,0.188,0.322,0.0,0.171,0.0,0.183,0.0,0.004,0.002,0.812,puan,0,0,1,0,0,0,,30.3
c13_41,28.86711,41.01907,0.321,0.32,0.322,0.249,0.392,B,0.321,0.392,0.249,0.266,0.321,0.114,0.004,0.007,0.164,0.348,0.023,0.166,0.0,0.171,0.0,0.0,0.002,0.827,puan,0,950,2,0,0,0,0.0,25.8
c13_42,28.86711,41.02356,0.356,0.351,0.367,0.293,0.42,B,0.359,0.42,0.293,0.294,0.355,0.158,0.003,0.008,0.13,0.333,0.016,0.164,0.0,0.174,0.0,0.007,0.007,0.812,puan,0,651,2,0,0,0,0.0,33.7
c13_43,28.86711,41.02805,0.406,0.39,0.428,0.338,0.468,B,0.407,0.468,0.343,0.338,0.4,0.199,0.001,0.008,0.133,0.25,0.001,0.215,0.0,0.16,0.0,0.017,0.015,0.808,puan,0,0,1,0,0,0,,44.8
c13_44,28.86711,41.03254,0.542,0.447,0.622,0.449,0.592,B,0.543,0.592,0.491,0.449,0.479,0.289,0.002,0.011,0.098,0.07,0.002,0.231,0.0,0.146,0.0,0.125,0.025,0.704,puan,0,0,1,0,0,0,,64.9
c13_45,28.86711,41.03703,0.435,0.319,0.586,0.355,0.496,B,0.434,0.496,0.374,0.362,0.355,0.18,0.003,0.003,0.109,0.051,0.018,0.274,0.0,0.129,0.0,0.222,0.011,0.638,puan,0,0,1,0,0,0,,50.5
c13_46,28.86711,41.04152,0.462,0.219,0.745,0.285,0.52,C,0.465,0.52,0.403,0.31,0.285,0.119,0.002,0.007,0.061,0.032,0.001,0.163,0.0,0.189,0.0,0.426,0.0,0.385,puan,0,0,1,0,0,0,,54.5
c13_47,28.86711,41.04601,0.479,0.275,0.701,0.333,0.526,C,0.489,0.526,0.432,0.339,0.333,0.163,0.001,0.018,0.045,0.081,0.002,0.153,0.0,0.192,0.0,0.323,0.021,0.464,puan,0,0,1,0,0,0,,56.8
c14_40,28.87306,41.01458,0.35,0.349,0.352,0.274,0.426,B,0.347,0.426,0.274,0.286,0.35,0.128,0.003,0.008,0.188,0.271,0.02,0.197,0.0,0.183,0.0,0.0,0.003,0.815,puan,0,770,2,0,0,0,0.0,32.3
c14_41,28.87306,41.01907,0.364,0.362,0.368,0.281,0.447,B,0.358,0.447,0.281,0.302,0.364,0.127,0.002,0.009,0.226,0.25,0.011,0.2,0.0,0.169,0.0,0.003,0.003,0.826,puan,0,413,2,0,0,0,0.0,35.5
c14_42,28.87306,41.02356,0.404,0.396,0.416,0.331,0.477,B,0.416,0.477,0.331,0.338,0.402,0.162,0.002,0.078,0.18,0.222,0.003,0.176,0.0,0.16,0.0,0.004,0.013,0.823,puan,0,0,1,0,0,0,,44.4
c14_43,28.87306,41.02805,0.449,0.395,0.515,0.387,0.508,B,0.461,0.508,0.391,0.387,0.447,0.221,0.0,0.053,0.116,0.245,0.0,0.136,0.0,0.124,0.0,0.004,0.101,0.771,puan,0,0,1,0,0,0,,53.0
c14_44,28.87306,41.03254,0.543,0.489,0.588,0.451,0.597,B,0.543,0.597,0.489,0.451,0.538,0.308,0.002,0.009,0.121,0.194,0.0,0.125,0.0,0.155,0.0,0.009,0.075,0.761,puan,0,0,1,0,0,0,,65.1
c14_45,28.87306,41.03703,0.492,0.392,0.595,0.401,0.56,B,0.49,0.56,0.423,0.401,0.421,0.211,0.003,0.019,0.152,0.19,0.0,0.099,0.0,0.153,0.0,0.162,0.009,0.675,puan,0,0,1,0,0,0,,58.4
c14_46,28.87306,41.04152,0.458,0.298,0.648,0.342,0.515,B,0.463,0.515,0.402,0.349,0.342,0.166,0.0,0.02,0.085,0.071,0.02,0.177,0.0,0.17,0.0,0.291,0.0,0.539,puan,0,0,1,0,0,0,,54.2
c14_47,28.87306,41.04601,0.44,0.216,0.726,0.28,0.51,C,0.447,0.51,0.371,0.298,0.28,0.099,0.002,0.025,0.084,0.054,0.001,0.132,0.0,0.19,0.0,0.41,0.002,0.397,puan,68,0,1,1,1,0,14.6,51.3
c15_40,28.87901,41.01458,0.37,0.353,0.398,0.277,0.462,B,0.352,0.462,0.277,0.313,0.369,0.109,0.0,0.016,0.313,0.186,0.136,0.055,0.0,0.146,0.0,0.001,0.037,0.816,puan,3464,1329,8,3,3,0,0.6,37.0
c15_41,28.87901,41.01907,0.381,0.37,0.397,0.3,0.459,B,0.374,0.459,0.302,0.3,0.379,0.141,0.002,0.003,0.196,0.263,0.012,0.154,0.0,0.207,0.0,0.003,0.018,0.771,puan,307,0,1,0,0,0,0.0,39.9
c15_42,28.87901,41.02356,0.451,0.425,0.483,0.384,0.519,B,0.449,0.519,0.384,0.392,0.45,0.231,0.004,0.008,0.17,0.333,0.001,0.077,0.0,0.125,0.0,0.004,0.047,0.825,puan,0,0,1,0,0,0,,53.3
c15_43,28.87901,41.02805,0.343,0.319,0.389,0.275,0.411,B,0.349,0.411,0.275,0.29,0.337,0.132,0.009,0.018,0.134,0.28,0.0,0.223,0.0,0.146,0.0,0.022,0.038,0.795,puan,0,0,1,0,0,0,,30.6
c15_44,28.87901,41.03254,0.398,0.306,0.537,0.309,0.463,B,0.4,0.463,0.332,0.309,0.339,0.144,0.005,0.009,0.111,0.169,0.0,0.192,0.0,0.182,0.0,0.175,0.014,0.629,puan,0,0,1,0,0,0,,43.4
c15_45,28.87901,41.03703,0.472,0.257,0.712,0.316,0.546,C,0.467,0.546,0.398,0.334,0.316,0.125,0.001,0.01,0.113,0.043,0.0,0.153,0.0,0.184,0.0,0.362,0.01,0.445,puan,0,0,1,0,0,0,,56.0
c15_46,28.87901,41.04152,0.458,0.29,0.656,0.332,0.532,C,0.461,0.532,0.383,0.332,0.336,0.13,0.002,0.032,0.125,0.028,0.0,0.192,0.0,0.194,0.0,0.295,0.001,0.511,puan,0,0,1,0,0,0,,54.2
c15_47,28.87901,41.04601,0.465,0.31,0.644,0.314,0.535,C,0.463,0.535,0.395,0.314,0.36,0.143,0.005,0.008,0.114,0.057,0.0,0.177,0.0,0.243,0.0,0.225,0.028,0.504,puan,1724,0,2,0,0,0,0.0,55.0
c8_48,28.83736,41.0505,0.315,0.247,0.461,0.255,0.367,B,0.32,0.367,0.262,0.255,0.277,0.121,0.0,0.002,0.065,0.148,0.043,0.284,0.0,0.156,0.0,0.166,0.015,0.664,puan,0,0,1,0,0,0,,24.8
c8_49,28.83736,41.05499,0.411,0.293,0.58,0.31,0.477,B,0.412,0.477,0.345,0.31,0.334,0.139,0.002,0.013,0.11,0.078,0.011,0.226,0.0,0.187,0.0,0.214,0.02,0.579,puan,0,0,1,0,0,0,,46.0
c8_50,28.83736,41.05948,0.462,0.284,0.67,0.337,0.518,B,0.478,0.518,0.407,0.337,0.347,0.15,0.002,0.042,0.07,0.068,0.006,0.159,0.0,0.186,0.005,0.258,0.054,0.498,puan,229,0,1,0,0,0,0.0,54.5
c8_51,28.83736,41.06397,0.437,0.358,0.538,0.314,0.546,C,0.413,0.546,0.328,0.314,0.422,0.099,0.0,0.005,0.274,0.059,0.012,0.158,0.0,0.238,0.023,0.03,0.103,0.606,puan,4743,0,6,0,0,0,0.0,50.7
c8_52,28.83736,41.06846,0.193,0.177,0.261,0.163,0.222,A,0.182,0.222,0.163,0.171,0.193,0.097,0.0,0.0,0.122,0.001,0.602,0.0,0.0,0.103,0.0,0.0,0.075,0.822,puan,2916,0,8,0,0,0,0.0,12.4
c8_53,28.83736,41.07295,0.02,0.02,0.062,0.019,0.024,A,0.024,0.021,0.02,0.019,0.021,0.013,0.0,0.014,0.0,0.0,0.867,0.0,0.0,0.065,0.0,0.0,0.04,0.895,puan,1106,0,2,0,0,0,0.0,6.7
c8_54,28.83736,41.07744,0.04,0.039,0.063,0.037,0.04,A,0.04,0.04,0.04,0.037,0.04,0.036,0.0,0.0,0.0,0.0,0.874,0.0,0.0,0.068,0.0,0.0,0.022,0.91,puan,897,0,2,0,0,0,0.0,7.4
c8_55,28.83736,41.08193,0.0,0.0,0.0,0.0,0.0,A,0.0,0.0,0.0,0.0,0.0,0.0,0.0,0.0,0.0,0.0,1.0,0.0,0.0,0.0,0.0,0.0,0.0,1.0,puan,0,0,1,0,0,0,,0.0
c9_48,28.84331,41.0505,0.357,0.254,0.543,0.277,0.421,B,0.359,0.421,0.294,0.277,0.294,0.115,0.003,0.002,0.094,0.065,0.01,0.298,0.0,0.171,0.0,0.22,0.02,0.589,puan,0,0,1,0,0,0,,33.9
c9_49,28.84331,41.05499,0.388,0.281,0.556,0.291,0.444,B,0.393,0.444,0.332,0.291,0.316,0.143,0.005,0.003,0.075,0.041,0.015,0.302,0.0,0.194,0.0,0.22,0.002,0.584,puan,7,0,1,0,0,0,,41.2
c9_50,28.84331,41.05948,0.689,0.467,0.789,0.444,0.754,C,0.672,0.754,0.623,0.444,0.616,0.243,0.001,0.001,0.132,0.026,0.01,0.051,0.0,0.255,0.061,0.069,0.151,0.464,puan,4835,0,6,0,0,0,0.0,76.9
c9_51,28.84331,41.06397,0.423,0.371,0.495,0.335,0.463,B,0.434,0.463,0.383,0.335,0.423,0.219,0.0,0.043,0.072,0.012,0.139,0.226,0.0,0.186,0.001,0.0,0.101,0.712,puan,3204,0,4,0,0,0,0.0,48.4
c9_52,28.84331,41.06846,0.0,0.0,0.0,0.0,0.0,A,0.0,0.0,0.0,0.0,0.0,0.0,0.0,0.0,0.0,0.0,1.0,0.0,0.0,0.0,0.0,0.0,0.0,1.0,puan,0,0,1,0,0,0,,0.0
c9_53,28.84331,41.07295,0.022,0.022,0.022,0.022,0.022,A,0.022,0.022,0.022,0.022,0.022,0.022,0.0,0.0,0.0,0.0,0.978,0.0,0.0,0.0,0.0,0.0,0.0,1.0,puan,0,0,1,0,0,0,,6.8
c9_54,28.84331,41.07744,0.0,0.0,0.001,0.0,0.0,A,0.0,0.0,0.0,0.0,0.0,0.0,0.0,0.0,0.0,0.0,0.99,0.0,0.0,0.01,0.0,0.0,0.001,0.99,puan,176,0,1,0,0,0,0.0,0.0
c9_55,28.84331,41.08193,0.0,0.0,0.026,0.0,0.0,A,0.0,0.0,0.0,0.0,0.0,0.0,0.0,0.0,0.0,0.0,0.915,0.0,0.0,0.06,0.0,0.0,0.025,0.915,puan,1088,0,2,0,0,0,0.0,0.0
c10_48,28.84926,41.0505,0.425,0.322,0.564,0.325,0.517,B,0.412,0.517,0.333,0.325,0.356,0.119,0.006,0.0,0.209,0.056,0.0,0.225,0.0,0.189,0.0,0.184,0.011,0.615,puan,1113,0,2,3,3,0,2.7,48.8
c10_49,28.84926,41.05499,0.573,0.383,0.715,0.384,0.632,C,0.567,0.632,0.515,0.384,0.455,0.214,0.001,0.003,0.1,0.035,0.0,0.15,0.0,0.247,0.0,0.181,0.07,0.503,puan,3563,0,8,13,8,5,3.6,68.3
c10_50,28.84926,41.05948,0.423,0.329,0.552,0.363,0.473,B,0.438,0.473,0.372,0.363,0.383,0.193,0.0,0.045,0.069,0.282,0.008,0.092,0.0,0.113,0.0,0.107,0.091,0.689,puan,596,0,2,0,0,0,0.0,48.4
c10_51,28.84926,41.06397,0.635,0.521,0.701,0.493,0.712,C,0.617,0.712,0.558,0.493,0.564,0.292,0.0,0.004,0.219,0.113,0.004,0.031,0.0,0.192,0.0,0.107,0.038,0.663,puan,789,0,1,0,0,0,0.0,73.6
c10_52,28.84926,41.06846,0.211,0.203,0.242,0.152,0.271,B,0.191,0.271,0.152,0.189,0.21,0.053,0.0,0.001,0.254,0.001,0.542,0.012,0.0,0.101,0.0,0.012,0.023,0.865,puan,1658,0,2,0,0,0,0.0,13.5
c10_53,28.84926,41.07295,0.0,0.0,0.001,0.0,0.0,A,0.0,0.0,0.0,0.0,0.0,0.0,0.0,0.0,0.0,0.0,0.997,0.0,0.0,0.002,0.0,0.0,0.001,0.997,puan,39,0,1,0,0,0,,0.0
c10_54,28.84926,41.07744,0.0,0.0,0.0,0.0,0.0,A,0.0,0.0,0.0,0.0,0.0,0.0,0.0,0.0,0.0,0.0,1.0,0.0,0.0,0.0,0.0,0.0,0.0,1.0,puan,0,0,1,0,0,0,,0.0
c10_55,28.84926,41.08193,0.0,0.0,0.0,0.0,0.0,A,0.0,0.0,0.0,0.0,0.0,0.0,0.0,0.0,0.0,0.0,1.0,0.0,0.0,0.0,0.0,0.0,0.0,1.0,puan,0,0,1,0,0,0,,0.0
c11_48,28.85521,41.0505,0.357,0.291,0.475,0.275,0.412,B,0.364,0.412,0.301,0.275,0.314,0.14,0.0,0.011,0.071,0.068,0.0,0.366,0.0,0.195,0.0,0.148,0.0,0.657,puan,0,0,1,0,0,0,,33.9
c11_49,28.85521,41.05499,0.564,0.424,0.672,0.41,0.608,B,0.578,0.608,0.519,0.41,0.477,0.254,0.002,0.045,0.068,0.033,0.016,0.17,0.0,0.221,0.0,0.145,0.048,0.586,puan,2742,0,4,11,11,0,4.0,67.5
c11_50,28.85521,41.05948,0.355,0.198,0.641,0.253,0.421,C,0.35,0.421,0.29,0.263,0.253,0.086,0.006,0.008,0.111,0.019,0.113,0.122,0.0,0.164,0.0,0.37,0.001,0.465,puan,0,0,1,0,0,0,,33.4
c11_51,28.85521,41.06397,0.531,0.283,0.751,0.348,0.591,C,0.526,0.591,0.471,0.351,0.348,0.159,0.0,0.001,0.081,0.055,0.003,0.118,0.0,0.214,0.0,0.344,0.024,0.418,puan,566,0,2,1,0,1,1.8,63.8
c11_52,28.85521,41.06846,0.525,0.388,0.649,0.391,0.592,C,0.516,0.592,0.458,0.391,0.433,0.211,0.001,0.0,0.137,0.048,0.0,0.193,0.0,0.202,0.0,0.177,0.031,0.59,puan,807,0,3,3,3,0,3.7,63.1
c11_53,28.85521,41.07295,0.136,0.12,0.24,0.116,0.149,A,0.135,0.149,0.123,0.116,0.135,0.078,0.002,0.001,0.033,0.016,0.584,0.052,0.0,0.129,0.0,0.057,0.048,0.766,puan,1651,0,2,0,0,0,0.0,10.1
c11_54,28.85521,41.07744,0.0,0.0,0.0,0.0,0.0,A,0.0,0.0,0.0,0.0,0.0,0.0,0.0,0.0,0.0,0.0,1.0,0.0,0.0,0.0,0.0,0.0,0.0,1.0,puan,0,0,1,0,0,0,,0.0
c11_55,28.85521,41.08193,0.0,0.0,0.0,0.0,0.0,A,0.0,0.0,0.0,0.0,0.0,0.0,0.0,0.0,0.0,0.0,1.0,0.0,0.0,0.0,0.0,0.0,0.0,1.0,puan,0,0,1,0,0,0,,0.0
c12_48,28.86116,41.0505,0.465,0.264,0.696,0.325,0.532,C,0.46,0.532,0.397,0.338,0.325,0.137,0.001,0.003,0.1,0.037,0.0,0.189,0.0,0.175,0.0,0.327,0.03,0.468,puan,0,0,1,0,0,0,,55.0
c12_49,28.86116,41.05499,0.59,0.367,0.745,0.387,0.64,C,0.587,0.64,0.539,0.387,0.432,0.215,0.003,0.01,0.085,0.032,0.039,0.087,0.0,0.247,0.0,0.242,0.043,0.469,puan,2601,0,5,5,2,3,1.9,69.9
c12_50,28.86116,41.05948,0.424,0.184,0.75,0.255,0.484,C,0.424,0.484,0.364,0.27,0.255,0.094,0.005,0.005,0.066,0.023,0.041,0.115,0.0,0.198,0.0,0.453,0.001,0.348,puan,0,0,1,0,0,0,,48.6
c12_51,28.86116,41.06397,0.397,0.246,0.626,0.284,0.458,B,0.419,0.458,0.336,0.284,0.299,0.106,0.0,0.061,0.076,0.11,0.012,0.132,0.0,0.198,0.0,0.282,0.023,0.498,puan,1081,0,2,1,0,1,0.9,43.0
c12_52,28.86116,41.06846,0.567,0.371,0.717,0.392,0.649,C,0.548,0.649,0.484,0.392,0.544,0.183,0.0,0.0,0.17,0.141,0.0,0.012,0.0,0.225,0.0,0.028,0.24,0.507,puan,4962,0,7,1,1,0,0.2,67.7
c12_53,28.86116,41.07295,0.07,0.056,0.257,0.062,0.079,B,0.073,0.079,0.062,0.064,0.072,0.037,0.0,0.0,0.001,0.102,0.59,0.015,0.0,0.067,0.0,0.024,0.164,0.745,puan,924,0,2,0,0,0,0.0,8.5
c12_54,28.86116,41.07744,0.0,0.0,0.0,0.0,0.0,A,0.0,0.0,0.0,0.0,0.0,0.0,0.0,0.0,0.0,0.0,1.0,0.0,0.0,0.0,0.0,0.0,0.0,1.0,puan,0,0,1,0,0,0,,0.0
c12_55,28.86116,41.08193,0.0,0.0,0.0,0.0,0.0,A,0.0,0.0,0.0,0.0,0.0,0.0,0.0,0.0,0.0,0.0,0.993,0.0,0.0,0.0,0.007,0.0,0.0,0.993,puan,0,0,1,0,0,0,,0.0
c13_48,28.86711,41.0505,0.748,0.498,0.832,0.527,0.779,C,0.755,0.779,0.717,0.527,0.58,0.343,0.003,0.023,0.048,0.03,0.005,0.069,0.0,0.218,0.0,0.192,0.07,0.52,puan,1120,0,3,2,2,0,1.8,80.7
c13_49,28.86711,41.05499,0.568,0.383,0.709,0.403,0.622,C,0.568,0.622,0.514,0.403,0.43,0.227,0.003,0.008,0.088,0.074,0.0,0.129,0.0,0.216,0.0,0.239,0.017,0.528,puan,1985,0,4,5,4,1,2.5,67.9
c13_50,28.86711,41.05948,0.516,0.251,0.764,0.316,0.579,C,0.515,0.579,0.453,0.326,0.316,0.133,0.003,0.008,0.076,0.021,0.001,0.136,0.0,0.221,0.0,0.398,0.001,0.379,puan,0,0,1,0,0,0,,61.4
c13_51,28.86711,41.06397,0.411,0.292,0.58,0.293,0.528,C,0.383,0.528,0.293,0.326,0.342,0.07,0.0,0.001,0.296,0.133,0.012,0.088,0.0,0.156,0.0,0.189,0.054,0.601,puan,2224,0,2,0,0,0,0.0,46.0
c13_52,28.86711,41.06846,0.382,0.369,0.403,0.275,0.488,C,0.378,0.488,0.275,0.344,0.382,0.081,0.0,0.079,0.354,0.357,0.0,0.0,0.0,0.097,0.0,0.0,0.031,0.872,puan,2371,0,4,1,0,1,0.4,40.2
c13_53,28.86711,41.07295,0.276,0.18,0.529,0.222,0.3,B,0.275,0.3,0.253,0.222,0.276,0.122,0.0,0.0,0.038,0.114,0.287,0.0,0.0,0.139,0.0,0.003,0.298,0.561,puan,3390,0,4,4,2,2,1.2,19.1
c13_54,28.86711,41.07744,0.011,0.011,0.02,0.011,0.011,A,0.011,0.011,0.011,0.011,0.011,0.011,0.0,0.0,0.0,0.0,0.975,0.0,0.0,0.005,0.0,0.0,0.009,0.986,puan,215,0,2,0,0,0,0.0,6.3
c13_55,28.86711,41.08193,0.0,0.0,0.0,0.0,0.0,A,0.0,0.0,0.0,0.0,0.0,0.0,0.0,0.0,0.0,0.0,1.0,0.0,0.0,0.0,0.0,0.0,0.0,1.0,puan,0,0,1,0,0,0,,0.0
c14_48,28.87306,41.0505,0.578,0.325,0.763,0.352,0.633,C,0.586,0.633,0.523,0.352,0.393,0.174,0.0,0.029,0.072,0.015,0.0,0.122,0.0,0.265,0.0,0.284,0.038,0.413,puan,2386,0,2,8,8,0,3.4,68.7
c14_49,28.87306,41.05499,0.418,0.34,0.525,0.34,0.477,B,0.425,0.477,0.358,0.34,0.373,0.177,0.002,0.029,0.106,0.102,0.015,0.257,0.0,0.156,0.0,0.125,0.031,0.688,puan,1203,0,2,8,8,0,6.7,47.3
c14_50,28.87306,41.05948,0.436,0.336,0.565,0.351,0.469,B,0.442,0.469,0.403,0.351,0.376,0.229,0.0,0.003,0.031,0.037,0.088,0.262,0.0,0.157,0.0,0.157,0.036,0.65,puan,2414,0,2,1,0,1,0.4,50.5
c14_51,28.87306,41.06397,0.252,0.223,0.339,0.199,0.306,B,0.256,0.306,0.199,0.225,0.243,0.094,0.004,0.0,0.093,0.241,0.131,0.237,0.0,0.096,0.0,0.061,0.044,0.799,puan,1518,0,3,0,0,0,0.0,16.5
c14_52,28.87306,41.06846,0.181,0.18,0.187,0.126,0.235,B,0.187,0.235,0.126,0.174,0.18,0.042,0.0,0.0,0.091,0.501,0.145,0.176,0.0,0.038,0.0,0.007,0.0,0.955,puan,1014,0,2,0,0,0,0.0,11.7
c14_53,28.87306,41.07295,0.34,0.324,0.37,0.277,0.402,B,0.343,0.402,0.277,0.332,0.338,0.149,0.0,0.031,0.152,0.439,0.088,0.0,0.0,0.02,0.08,0.005,0.036,0.859,puan,1820,0,3,0,0,0,0.0,29.9
c14_54,28.87306,41.07744,0.539,0.405,0.653,0.411,0.55,B,0.535,0.55,0.527,0.411,0.534,0.309,0.0,0.001,0.032,0.008,0.256,0.0,0.0,0.187,0.007,0.006,0.193,0.606,puan,5521,0,9,1,0,1,0.2,64.7
c14_55,28.87306,41.08193,0.387,0.297,0.531,0.304,0.39,B,0.387,0.39,0.385,0.304,0.383,0.241,0.0,0.0,0.006,0.005,0.38,0.0,0.0,0.175,0.0,0.01,0.183,0.632,puan,5263,1014,7,13,6,7,2.1,41.0
c15_48,28.87901,41.0505,0.515,0.218,0.795,0.303,0.579,C,0.517,0.579,0.45,0.321,0.303,0.115,0.002,0.015,0.071,0.026,0.0,0.109,0.0,0.203,0.0,0.402,0.058,0.337,puan,234,0,1,1,1,0,4.3,61.3
c15_49,28.87901,41.05499,0.397,0.234,0.643,0.311,0.444,C,0.444,0.436,0.357,0.311,0.337,0.123,0.0,0.114,0.025,0.02,0.062,0.163,0.0,0.139,0.0,0.143,0.209,0.509,puan,1674,0,4,4,4,0,2.4,43.0
c15_50,28.87901,41.05948,0.78,0.753,0.787,0.737,0.791,A,0.787,0.791,0.769,0.737,0.769,0.682,0.0,0.027,0.014,0.031,0.078,0.082,0.0,0.053,0.0,0.015,0.018,0.915,puan,959,0,3,4,4,0,4.2,82.3
c15_51,28.87901,41.06397,0.06,0.057,0.097,0.056,0.063,A,0.061,0.063,0.056,0.058,0.062,0.048,0.0,0.0,0.0,0.021,0.824,0.047,0.0,0.021,0.0,0.034,0.005,0.94,puan,26,0,1,0,0,0,,8.1
c15_52,28.87901,41.06846,0.37,0.316,0.46,0.311,0.388,A,0.379,0.388,0.352,0.311,0.353,0.235,0.0,0.019,0.008,0.083,0.262,0.13,0.0,0.139,0.0,0.055,0.069,0.737,puan,2269,0,3,0,0,0,0.0,37.0
c15_53,28.87901,41.07295,0.235,0.215,0.302,0.212,0.239,A,0.239,0.239,0.232,0.212,0.229,0.183,0.0,0.012,0.003,0.014,0.587,0.024,0.0,0.092,0.006,0.053,0.026,0.823,puan,1119,0,2,0,0,0,0.0,15.1
c15_54,28.87901,41.07744,0.358,0.303,0.456,0.308,0.404,A,0.346,0.404,0.311,0.308,0.356,0.18,0.002,0.0,0.15,0.089,0.325,0.0,0.0,0.12,0.0,0.005,0.13,0.746,puan,1522,298,2,9,9,0,4.9,34.2
c15_55,28.87901,41.08193,0.483,0.365,0.608,0.388,0.574,B,0.482,0.574,0.391,0.388,0.479,0.148,0.002,0.056,0.224,0.205,0.002,0.0,0.0,0.156,0.001,0.006,0.199,0.638,puan,855,32,1,3,2,1,3.4,57.2
c8_56,28.83736,41.08642,0.0,0.0,0.0,0.0,0.0,A,0.0,0.0,0.0,0.0,0.0,0.0,0.0,0.0,0.0,0.0,1.0,0.0,0.0,0.0,0.0,0.0,0.0,1.0,puan,0,0,1,0,0,0,,0.0
c8_57,28.83736,41.09091,0.0,0.0,0.0,0.0,0.0,A,0.0,0.0,0.0,0.0,0.0,0.0,0.0,0.0,0.0,0.0,1.0,0.0,0.0,0.0,0.0,0.0,0.0,1.0,puan,0,0,1,0,0,0,,0.0
c8_58,28.83736,41.0954,0.0,0.0,0.0,0.0,0.0,A,0.0,0.0,0.0,0.0,0.0,0.0,0.0,0.0,0.0,0.0,1.0,0.0,0.0,0.0,0.0,0.0,0.0,1.0,puan,0,0,1,0,0,0,,0.0
c8_59,28.83736,41.09989,0.0,0.0,0.0,0.0,0.0,A,0.0,0.0,0.0,0.0,0.0,0.0,0.0,0.0,0.0,0.0,1.0,0.0,0.0,0.0,0.0,0.0,0.0,1.0,puan,0,0,1,0,0,0,,0.0
c8_60,28.83736,41.10438,0.0,0.0,0.0,0.0,0.0,A,0.0,0.0,0.0,0.0,0.0,0.0,0.0,0.0,0.0,0.0,1.0,0.0,0.0,0.0,0.0,0.0,0.0,1.0,puan,0,0,1,0,0,0,,0.0
c8_61,28.83736,41.10887,0.0,0.0,0.0,0.0,0.0,A,0.0,0.0,0.0,0.0,0.0,0.0,0.0,0.0,0.0,0.0,1.0,0.0,0.0,0.0,0.0,0.0,0.0,1.0,puan,0,0,1,0,0,0,,0.0
c8_62,28.83736,41.11336,0.0,0.0,0.0,0.0,0.0,A,0.0,0.0,0.0,0.0,0.0,0.0,0.0,0.0,0.0,0.0,1.0,0.0,0.0,0.0,0.0,0.0,0.0,1.0,puan,0,0,1,0,0,0,,0.0
c8_63,28.83736,41.11785,0.031,0.031,0.031,0.031,0.031,A,0.031,0.031,0.031,0.031,0.031,0.028,0.0,0.0,0.0,0.0,0.862,0.0,0.0,0.0,0.11,0.0,0.0,0.89,puan,0,0,1,0,0,0,,7.0
c9_56,28.84331,41.08642,0.0,0.0,0.034,0.0,0.0,A,0.0,0.0,0.0,0.0,0.0,0.0,0.0,0.0,0.0,0.0,0.912,0.0,0.0,0.056,0.0,0.0,0.032,0.912,puan,1013,0,2,0,0,0,0.0,0.0
c9_57,28.84331,41.09091,0.007,0.007,0.036,0.007,0.007,A,0.007,0.007,0.007,0.007,0.007,0.006,0.0,0.0,0.0,0.0,0.871,0.0,0.0,0.056,0.039,0.0,0.027,0.878,puan,1010,0,3,0,0,0,0.0,5.8
c9_58,28.84331,41.0954,0.006,0.006,0.01,0.006,0.006,A,0.006,0.006,0.006,0.006,0.006,0.006,0.0,0.0,0.0,0.0,0.981,0.0,0.0,0.01,0.0,0.0,0.003,0.987,puan,220,0,1,0,0,0,0.0,5.7
c9_59,28.84331,41.09989,0.0,0.0,0.0,0.0,0.0,A,0.0,0.0,0.0,0.0,0.0,0.0,0.0,0.0,0.0,0.0,1.0,0.0,0.0,0.0,0.0,0.0,0.0,1.0,puan,0,0,1,0,0,0,,0.0
c9_60,28.84331,41.10438,0.0,0.0,0.0,0.0,0.0,A,0.0,0.0,0.0,0.0,0.0,0.0,0.0,0.0,0.0,0.0,1.0,0.0,0.0,0.0,0.0,0.0,0.0,1.0,puan,0,0,1,0,0,0,,0.0
c9_61,28.84331,41.10887,0.0,0.0,0.0,0.0,0.0,A,0.0,0.0,0.0,0.0,0.0,0.0,0.0,0.0,0.0,0.0,1.0,0.0,0.0,0.0,0.0,0.0,0.0,1.0,puan,0,0,1,0,0,0,,0.0
c9_62,28.84331,41.11336,0.031,0.028,0.129,0.029,0.032,A,0.032,0.031,0.031,0.029,0.032,0.025,0.0,0.002,0.0,0.0,0.819,0.0,0.0,0.058,0.0,0.004,0.091,0.847,puan,923,0,3,0,0,0,0.0,7.0
c9_63,28.84331,41.11785,0.067,0.063,0.124,0.062,0.068,A,0.068,0.068,0.066,0.062,0.068,0.055,0.0,0.004,0.002,0.006,0.802,0.0,0.0,0.074,0.0,0.01,0.047,0.869,puan,1421,3,2,2,2,0,1.4,8.4
c10_56,28.84926,41.08642,0.0,0.0,0.0,0.0,0.0,A,0.0,0.0,0.0,0.0,0.0,0.0,0.0,0.0,0.0,0.0,1.0,0.0,0.0,0.0,0.0,0.0,0.0,1.0,puan,0,0,1,0,0,0,,0.0
c10_57,28.84926,41.09091,0.0,0.0,0.003,0.0,0.0,A,0.0,0.0,0.0,0.0,0.0,0.0,0.0,0.0,0.0,0.0,0.577,0.0,0.0,0.001,0.42,0.0,0.001,0.577,puan,16,0,1,0,0,0,,0.0
c10_58,28.84926,41.0954,0.045,0.042,0.107,0.041,0.046,A,0.045,0.046,0.044,0.041,0.045,0.024,0.0,0.0,0.003,0.0,0.534,0.0,0.0,0.058,0.343,0.0,0.039,0.56,puan,1218,0,3,0,0,0,0.0,7.5
c10_59,28.84926,41.09989,0.007,0.006,0.024,0.004,0.009,A,0.006,0.009,0.004,0.006,0.007,0.0,0.0,0.0,0.012,0.0,0.913,0.0,0.0,0.058,0.0,0.0,0.017,0.925,puan,1032,0,2,0,0,0,0.0,5.8
c10_60,28.84926,41.10438,0.004,0.004,0.042,0.004,0.005,A,0.004,0.004,0.004,0.004,0.005,0.004,0.0,0.0,0.0,0.0,0.886,0.0,0.0,0.075,0.0,0.002,0.033,0.89,puan,1460,0,2,0,0,0,0.0,5.5
c10_61,28.84926,41.10887,0.24,0.173,0.451,0.19,0.247,B,0.239,0.247,0.232,0.19,0.217,0.133,0.0,0.001,0.016,0.023,0.43,0.0,0.0,0.158,0.007,0.147,0.086,0.603,puan,2247,0,3,2,1,1,0.9,15.4
c10_62,28.84926,41.11336,0.683,0.294,0.863,0.424,0.724,C,0.68,0.724,0.642,0.424,0.439,0.195,0.004,0.002,0.05,0.062,0.024,0.0,0.0,0.206,0.011,0.263,0.182,0.337,puan,2260,0,5,10,9,1,4.4,76.5
c10_63,28.84926,41.11785,0.654,0.394,0.792,0.486,0.688,C,0.66,0.688,0.621,0.486,0.543,0.279,0.001,0.02,0.049,0.113,0.036,0.0,0.0,0.173,0.0,0.133,0.197,0.498,puan,3361,1368,5,9,9,0,1.9,74.4
c11_56,28.85521,41.08642,0.003,0.003,0.003,0.003,0.003,A,0.003,0.003,0.003,0.003,0.003,0.003,0.0,0.0,0.0,0.0,0.996,0.0,0.0,0.0,0.0,0.0,0.0,1.0,puan,0,0,1,0,0,0,,5.4
c11_57,28.85521,41.09091,0.0,0.0,0.0,0.0,0.0,A,0.0,0.0,0.0,0.0,0.0,0.0,0.0,0.0,0.0,0.0,0.565,0.0,0.0,0.005,0.43,0.0,0.0,0.565,puan,0,0,1,0,0,0,,0.0
c11_58,28.85521,41.0954,0.001,0.001,0.008,0.001,0.001,A,0.001,0.001,0.001,0.001,0.001,0.0,0.0,0.0,0.001,0.0,0.625,0.0,0.0,0.011,0.358,0.001,0.004,0.626,puan,195,0,1,0,0,0,0.0,5.0
c11_59,28.85521,41.09989,0.1,0.075,0.323,0.084,0.106,B,0.101,0.106,0.095,0.084,0.105,0.055,0.001,0.008,0.014,0.006,0.577,0.0,0.0,0.122,0.0,0.166,0.052,0.66,puan,1314,0,4,0,0,0,0.0,9.4
c11_60,28.85521,41.10438,0.45,0.155,0.81,0.247,0.483,C,0.448,0.483,0.417,0.247,0.266,0.097,0.002,0.005,0.035,0.027,0.102,0.0,0.0,0.221,0.0,0.353,0.158,0.268,puan,1848,0,3,8,8,0,4.3,53.1
c11_61,28.85521,41.10887,0.634,0.207,0.881,0.327,0.708,C,0.62,0.708,0.559,0.368,0.327,0.117,0.001,0.004,0.082,0.06,0.0,0.0,0.0,0.191,0.0,0.399,0.146,0.264,puan,15,6,1,1,1,0,,73.4
c11_62,28.85521,41.11336,0.586,0.315,0.778,0.412,0.655,C,0.576,0.655,0.517,0.412,0.425,0.177,0.0,0.016,0.127,0.08,0.037,0.0,0.0,0.185,0.0,0.235,0.141,0.438,puan,1729,1522,3,10,10,0,3.1,69.4
c11_63,28.85521,41.11785,0.742,0.507,0.824,0.56,0.763,C,0.746,0.763,0.722,0.56,0.693,0.366,0.0,0.003,0.018,0.142,0.001,0.0,0.0,0.173,0.05,0.046,0.2,0.53,puan,3445,0,6,0,0,0,0.0,80.5
c12_56,28.86116,41.08642,0.104,0.104,0.107,0.101,0.104,A,0.104,0.104,0.104,0.101,0.104,0.028,0.0,0.0,0.0,0.0,0.242,0.0,0.0,0.01,0.719,0.001,0.0,0.27,puan,0,0,1,0,0,0,,9.6
c12_57,28.86116,41.09091,0.4,0.229,0.656,0.216,0.444,C,0.394,0.444,0.357,0.216,0.306,0.027,0.0,0.002,0.017,0.013,0.035,0.0,0.0,0.081,0.755,0.049,0.021,0.094,kanıt yetersiz,1161,218,2,2,2,0,1.5,
c12_58,28.86116,41.0954,0.485,0.239,0.746,0.286,0.554,C,0.47,0.554,0.416,0.286,0.336,0.099,0.002,0.002,0.094,0.043,0.069,0.009,0.0,0.221,0.134,0.224,0.103,0.317,puan,1982,1003,3,4,4,0,1.3,57.5
c12_59,28.86116,41.09989,0.517,0.251,0.766,0.338,0.602,C,0.502,0.602,0.432,0.338,0.347,0.114,0.002,0.012,0.14,0.077,0.04,0.0,0.0,0.203,0.0,0.295,0.115,0.386,puan,1004,1005,2,12,12,0,6.0,61.6
c12_60,28.86116,41.10438,0.614,0.325,0.796,0.434,0.696,C,0.596,0.696,0.532,0.434,0.453,0.176,0.004,0.006,0.157,0.065,0.026,0.0,0.0,0.18,0.0,0.213,0.174,0.434,puan,1839,1084,2,13,13,0,4.4,72.0
c12_61,28.86116,41.10887,0.516,0.259,0.757,0.348,0.602,C,0.499,0.602,0.431,0.348,0.371,0.12,0.003,0.006,0.146,0.096,0.033,0.0,0.0,0.196,0.0,0.239,0.161,0.404,puan,1188,1053,2,10,10,0,4.5,61.4
c12_62,28.86116,41.11336,0.65,0.284,0.847,0.415,0.722,C,0.636,0.722,0.577,0.431,0.415,0.166,0.001,0.006,0.109,0.076,0.0,0.0,0.0,0.181,0.0,0.29,0.17,0.358,puan,430,9,2,0,0,0,0.0,74.3
c12_63,28.86116,41.11785,0.927,0.609,0.952,0.732,0.932,C,0.927,0.932,0.921,0.732,0.873,0.413,0.0,0.0,0.004,0.036,0.0,0.0,0.0,0.12,0.192,0.032,0.204,0.452,puan,1669,0,2,0,0,0,0.0,88.9
c13_56,28.86711,41.08642,0.092,0.079,0.22,0.081,0.101,A,0.096,0.101,0.083,0.081,0.094,0.042,0.001,0.014,0.016,0.033,0.55,0.0,0.0,0.089,0.147,0.049,0.059,0.657,puan,1961,1195,3,3,2,1,1.0,9.2
c13_57,28.86711,41.09091,0.568,0.254,0.807,0.357,0.653,C,0.548,0.653,0.483,0.357,0.367,0.122,0.0,0.005,0.129,0.063,0.026,0.0,0.0,0.204,0.024,0.287,0.139,0.345,puan,1113,837,2,3,3,0,1.5,67.9
c13_58,28.86711,41.0954,0.622,0.276,0.832,0.393,0.721,C,0.6,0.721,0.523,0.403,0.393,0.131,0.006,0.005,0.16,0.045,0.003,0.008,0.0,0.194,0.0,0.305,0.144,0.358,puan,0,0,1,0,0,0,,72.8
c13_59,28.86711,41.09989,0.483,0.286,0.694,0.352,0.561,C,0.476,0.561,0.405,0.352,0.363,0.137,0.003,0.007,0.134,0.127,0.0,0.075,0.0,0.181,0.0,0.244,0.091,0.485,puan,0,0,1,0,0,0,,57.2
c13_60,28.86711,41.10438,0.667,0.365,0.818,0.482,0.715,C,0.662,0.715,0.619,0.495,0.482,0.25,0.0,0.007,0.08,0.089,0.012,0.021,0.0,0.16,0.0,0.238,0.142,0.46,puan,2178,0,3,8,8,0,3.7,75.6
c13_61,28.86711,41.10887,0.689,0.301,0.864,0.421,0.751,C,0.682,0.751,0.627,0.456,0.421,0.188,0.006,0.008,0.092,0.051,0.012,0.0,0.0,0.182,0.0,0.322,0.139,0.357,puan,127,0,1,0,0,0,0.0,76.9
c13_62,28.86711,41.11336,0.92,0.533,0.954,0.664,0.938,C,0.917,0.938,0.902,0.699,0.664,0.428,0.001,0.003,0.038,0.02,0.0,0.0,0.0,0.155,0.0,0.233,0.122,0.49,puan,1217,0,2,0,0,0,0.0,88.6
c13_63,28.86711,41.11785,0.999,0.654,0.999,0.82,0.999,B,0.999,0.999,0.999,0.82,0.97,0.288,0.0,0.0,0.0,0.0,0.0,0.0,0.0,0.063,0.497,0.01,0.142,0.288,puan,1059,0,3,0,0,0,0.0,93.8
c14_56,28.87306,41.08642,0.605,0.266,0.826,0.427,0.638,C,0.638,0.635,0.575,0.427,0.49,0.179,0.0,0.069,0.028,0.042,0.052,0.0,0.0,0.155,0.0,0.117,0.356,0.372,puan,1862,519,3,5,5,0,2.1,71.0
c14_57,28.87306,41.09091,0.617,0.284,0.824,0.389,0.7,C,0.601,0.7,0.534,0.389,0.397,0.146,0.004,0.004,0.127,0.08,0.0,0.0,0.0,0.213,0.0,0.293,0.132,0.362,puan,197,0,1,2,2,0,10.1,72.4
c14_58,28.87306,41.0954,0.5,0.244,0.756,0.335,0.55,C,0.502,0.55,0.45,0.335,0.343,0.145,0.001,0.007,0.056,0.143,0.021,0.02,0.0,0.194,0.0,0.285,0.128,0.394,puan,28,0,1,0,0,0,,59.4
c14_59,28.87306,41.09989,0.523,0.388,0.645,0.43,0.567,B,0.531,0.567,0.478,0.43,0.456,0.26,0.019,0.003,0.064,0.2,0.029,0.066,0.0,0.137,0.0,0.129,0.092,0.641,puan,1230,0,2,2,2,0,1.6,62.6
c14_60,28.87306,41.10438,0.724,0.661,0.748,0.637,0.803,B,0.712,0.803,0.645,0.637,0.707,0.414,0.0,0.052,0.295,0.043,0.0,0.006,0.0,0.111,0.0,0.025,0.053,0.811,puan,912,0,2,10,10,0,11.0,78.9
c14_61,28.87306,41.10887,0.704,0.348,0.854,0.469,0.752,C,0.727,0.752,0.655,0.469,0.471,0.214,0.001,0.066,0.067,0.048,0.0,0.0,0.0,0.198,0.0,0.266,0.14,0.396,puan,1204,0,3,9,9,0,7.5,77.9
c14_62,28.87306,41.11336,0.912,0.677,0.935,0.731,0.92,B,0.913,0.92,0.904,0.731,0.814,0.529,0.0,0.001,0.01,0.053,0.0,0.0,0.0,0.147,0.055,0.084,0.121,0.593,puan,2107,0,3,0,0,0,0.0,88.2
c14_63,28.87306,41.11785,0.996,0.368,0.999,0.753,0.997,C,0.996,0.997,0.996,0.753,0.779,0.057,0.0,0.0,0.0,0.0,0.0,0.0,0.0,0.019,0.825,0.019,0.079,0.058,kanıt yetersiz,181,0,1,0,0,0,0.0,
c15_56,28.87901,41.08642,0.633,0.312,0.819,0.38,0.672,C,0.648,0.672,0.595,0.38,0.488,0.192,0.003,0.028,0.035,0.114,0.001,0.0,0.0,0.248,0.0,0.149,0.232,0.371,puan,3268,0,5,1,0,1,0.3,73.3
c15_57,28.87901,41.09091,0.556,0.443,0.646,0.421,0.591,B,0.564,0.591,0.521,0.421,0.514,0.277,0.001,0.007,0.033,0.276,0.001,0.0,0.0,0.192,0.062,0.065,0.087,0.595,puan,2006,0,4,6,5,1,3.0,66.7
c15_58,28.87901,41.0954,0.454,0.374,0.55,0.371,0.5,B,0.459,0.5,0.408,0.371,0.428,0.234,0.0,0.004,0.061,0.375,0.004,0.017,0.0,0.155,0.0,0.06,0.089,0.695,puan,1399,0,2,5,4,1,3.6,53.8
c15_59,28.87901,41.09989,0.727,0.243,0.909,0.39,0.788,C,0.718,0.788,0.667,0.429,0.39,0.154,0.003,0.005,0.07,0.03,0.001,0.009,0.0,0.189,0.0,0.344,0.197,0.271,puan,0,0,1,0,0,0,,79.3
c15_60,28.87901,41.10438,0.72,0.323,0.875,0.478,0.758,C,0.737,0.758,0.683,0.521,0.478,0.225,0.001,0.042,0.044,0.065,0.0,0.0,0.0,0.144,0.014,0.258,0.206,0.377,puan,463,0,2,1,1,0,2.2,78.7
c15_61,28.87901,41.10887,0.706,0.605,0.748,0.635,0.743,B,0.743,0.728,0.684,0.635,0.675,0.475,0.0,0.138,0.012,0.158,0.0,0.0,0.0,0.088,0.0,0.045,0.085,0.782,puan,1554,0,3,11,11,0,7.1,78.0
c15_62,28.87901,41.11336,0.979,0.785,0.983,0.789,0.98,B,0.979,0.98,0.978,0.789,0.887,0.244,0.0,0.0,0.0,0.006,0.0,0.0,0.0,0.06,0.627,0.03,0.031,0.25,puan,563,0,2,5,5,0,8.9,91.3
c15_63,28.87901,41.11785,0.893,0.377,0.955,0.253,0.899,C,0.895,0.899,0.887,0.253,0.449,0.011,0.0,0.0,0.0,0.002,0.0,0.0,0.0,0.032,0.937,0.017,0.0,0.013,kanıt yetersiz,0,0,1,0,0,0,,
c8_64,28.83736,41.12234,0.935,0.771,0.947,0.758,0.935,B,0.935,0.935,0.935,0.758,0.931,0.602,0.0,0.0,0.0,0.0,0.042,0.0,0.0,0.151,0.068,0.003,0.134,0.644,puan,4130,0,6,0,0,0,0.0,89.3
c8_65,28.83736,41.12683,0.616,0.498,0.69,0.537,0.644,B,0.626,0.644,0.589,0.537,0.573,0.391,0.0,0.015,0.023,0.292,0.0,0.0,0.0,0.106,0.0,0.069,0.103,0.721,puan,2788,0,7,3,3,0,1.1,72.2
c8_66,28.83736,41.13132,0.649,0.257,0.861,0.439,0.696,C,0.643,0.696,0.602,0.439,0.504,0.177,0.0,0.001,0.053,0.098,0.004,0.0,0.0,0.159,0.0,0.127,0.382,0.333,puan,1045,0,2,0,0,0,0.0,74.2
c8_67,28.83736,41.13581,0.839,0.097,0.981,0.425,0.855,C,0.847,0.855,0.822,0.433,0.425,0.082,0.0,0.004,0.004,0.013,0.0,0.001,0.0,0.098,0.0,0.144,0.654,0.104,puan,0,0,1,0,0,0,,85.2
c8_68,28.83736,41.1403,0.856,0.53,0.911,0.748,0.865,B,0.859,0.865,0.847,0.796,0.748,0.493,0.0,0.001,0.001,0.048,0.0,0.048,0.0,0.045,0.0,0.102,0.262,0.591,puan,0,0,1,0,0,0,,86.0
c8_69,28.83736,41.14479,0.515,0.389,0.635,0.477,0.543,B,0.525,0.543,0.488,0.477,0.487,0.176,0.0,0.0,0.001,0.218,0.0,0.0,0.0,0.032,0.444,0.031,0.098,0.395,puan,0,0,1,0,0,0,,61.3
c8_70,28.83736,41.14928,0.14,0.106,0.346,0.09,0.189,B,0.157,0.189,0.09,0.126,0.136,0.001,0.0,0.0,0.0,0.048,0.0,0.0,0.0,0.005,0.93,0.015,0.0,0.049,kanıt yetersiz,0,0,1,0,0,0,,
c8_71,28.83736,41.15377,0.125,0.115,0.193,0.075,0.175,A,0.143,0.175,0.075,0.084,0.125,0.0,0.0,0.0,0.0,0.0,0.0,0.001,0.0,0.001,0.998,0.0,0.0,0.001,kanıt yetersiz,0,0,1,0,0,0,,
c9_64,28.84331,41.12234,0.752,0.58,0.809,0.543,0.759,C,0.753,0.759,0.746,0.543,0.742,0.438,0.0,0.0,0.009,0.043,0.106,0.0,0.0,0.229,0.0,0.01,0.166,0.595,puan,6072,1581,10,1,1,0,0.1,80.9
c9_65,28.84331,41.12683,0.495,0.312,0.682,0.435,0.525,B,0.506,0.525,0.466,0.435,0.451,0.243,0.0,0.002,0.003,0.331,0.0,0.0,0.0,0.08,0.0,0.08,0.261,0.579,puan,1576,0,4,0,0,0,0.0,58.8
c9_66,28.84331,41.13132,0.905,0.149,0.984,0.533,0.911,C,0.907,0.911,0.9,0.57,0.533,0.134,0.0,0.0,0.0,0.016,0.0,0.0,0.0,0.088,0.0,0.137,0.626,0.15,puan,0,0,1,0,0,0,,88.1
c9_67,28.84331,41.13581,0.817,0.198,0.955,0.518,0.831,C,0.822,0.831,0.802,0.518,0.574,0.165,0.0,0.004,0.004,0.039,0.0,0.0,0.0,0.123,0.0,0.116,0.548,0.213,puan,0,0,1,0,0,0,,84.1
c9_68,28.84331,41.1403,0.95,0.497,0.974,0.867,0.953,C,0.95,0.953,0.946,0.867,0.886,0.469,0.0,0.0,0.001,0.028,0.0,0.0,0.0,0.048,0.0,0.041,0.413,0.498,puan,0,0,1,0,0,0,,89.9
c9_69,28.84331,41.14479,0.579,0.216,0.843,0.536,0.603,C,0.587,0.603,0.555,0.536,0.556,0.188,0.0,0.0,0.0,0.098,0.0,0.076,0.0,0.029,0.0,0.019,0.589,0.363,puan,0,0,1,0,0,0,,68.9
c9_70,28.84331,41.14928,0.755,0.411,0.867,0.643,0.788,C,0.754,0.788,0.722,0.643,0.72,0.262,0.004,0.0,0.041,0.022,0.0,0.062,0.0,0.068,0.212,0.023,0.305,0.391,puan,0,0,1,0,0,0,,81.2
c9_71,28.84331,41.15377,1.0,0.275,1.0,0.207,1.0,C,1.0,1.0,1.0,0.207,1.0,0.005,0.0,0.0,0.0,0.0,0.0,0.0,0.0,0.02,0.961,0.0,0.014,0.005,kanıt yetersiz,0,0,1,0,0,0,,
c10_64,28.84926,41.12234,0.737,0.484,0.827,0.568,0.742,B,0.741,0.742,0.732,0.568,0.728,0.397,0.0,0.007,0.0,0.051,0.096,0.0,0.0,0.163,0.0,0.008,0.279,0.55,puan,4438,5,8,1,0,1,0.2,80.0
c10_65,28.84926,41.12683,0.73,0.475,0.824,0.636,0.739,B,0.733,0.739,0.721,0.636,0.704,0.418,0.0,0.0,0.002,0.101,0.071,0.0,0.0,0.087,0.004,0.027,0.291,0.591,puan,827,0,2,0,0,0,0.0,79.5
c10_66,28.84926,41.13132,0.999,0.348,1.0,0.839,0.999,C,0.999,0.999,0.999,0.839,0.928,0.326,0.0,0.0,0.0,0.001,0.0,0.0,0.0,0.062,0.0,0.029,0.582,0.327,puan,0,0,1,0,0,0,,93.8
c10_67,28.84926,41.13581,0.967,0.55,0.981,0.849,0.969,C,0.969,0.969,0.965,0.849,0.901,0.506,0.0,0.004,0.0,0.017,0.0,0.0,0.0,0.074,0.0,0.045,0.355,0.527,puan,0,0,1,0,0,0,,90.6
c10_68,28.84926,41.1403,0.444,0.131,0.837,0.384,0.476,C,0.456,0.476,0.413,0.384,0.387,0.102,0.0,0.0,0.0,0.178,0.0,0.0,0.0,0.045,0.0,0.061,0.613,0.281,puan,0,0,1,0,0,0,,52.3
c10_69,28.84926,41.14479,0.145,0.112,0.336,0.096,0.194,B,0.163,0.194,0.096,0.14,0.144,0.017,0.0,0.0,0.0,0.659,0.0,0.079,0.0,0.027,0.0,0.039,0.179,0.755,puan,0,0,1,0,0,0,,10.3
c10_70,28.84926,41.14928,0.462,0.151,0.825,0.365,0.493,C,0.473,0.493,0.431,0.365,0.403,0.115,0.0,0.0,0.0,0.019,0.0,0.165,0.0,0.08,0.002,0.064,0.555,0.3,puan,0,0,1,0,0,0,,54.5
c10_71,28.84926,41.15377,0.349,0.165,0.693,0.254,0.386,C,0.362,0.386,0.312,0.254,0.339,0.031,0.0,0.0,0.0,0.0,0.0,0.091,0.0,0.046,0.694,0.005,0.132,0.123,puan,0,0,1,0,0,0,,32.0
c11_64,28.85521,41.12234,0.587,0.086,0.94,0.442,0.597,C,0.591,0.597,0.577,0.524,0.442,0.057,0.0,0.0,0.0,0.02,0.025,0.0,0.0,0.012,0.292,0.047,0.548,0.102,puan,159,0,1,0,0,0,0.0,69.5
c11_65,28.85521,41.12683,0.188,0.094,0.595,0.16,0.206,C,0.195,0.206,0.171,0.16,0.186,0.042,0.0,0.0,0.0,0.103,0.146,0.0,0.0,0.051,0.366,0.012,0.28,0.291,puan,0,0,1,0,0,0,,12.1
c11_66,28.85521,41.13132,0.851,0.434,0.924,0.719,0.86,C,0.854,0.86,0.842,0.719,0.769,0.357,0.0,0.0,0.001,0.07,0.0,0.003,0.0,0.079,0.076,0.055,0.36,0.431,puan,0,0,1,0,0,0,,85.7
c11_67,28.85521,41.13581,0.234,0.073,0.762,0.191,0.278,C,0.25,0.278,0.191,0.195,0.227,0.035,0.0,0.0,0.0,0.245,0.0,0.0,0.0,0.057,0.04,0.021,0.602,0.28,puan,0,0,1,0,0,0,,14.9
c11_68,28.85521,41.1403,0.129,0.118,0.202,0.079,0.178,A,0.147,0.178,0.079,0.128,0.129,0.004,0.0,0.0,0.0,0.906,0.0,0.0,0.0,0.006,0.001,0.004,0.079,0.91,puan,0,0,1,0,0,0,,9.9
c11_69,28.85521,41.14479,0.194,0.157,0.349,0.147,0.241,A,0.21,0.241,0.147,0.173,0.184,0.056,0.0,0.0,0.004,0.482,0.0,0.194,0.0,0.089,0.0,0.118,0.057,0.736,puan,0,0,1,0,0,0,,12.5
c11_70,28.85521,41.14928,0.313,0.233,0.486,0.247,0.355,B,0.325,0.355,0.27,0.247,0.266,0.107,0.0,0.0,0.01,0.024,0.0,0.377,0.0,0.137,0.171,0.171,0.004,0.518,puan,0,0,1,0,0,0,,24.3
c11_71,28.85521,41.15377,0.354,0.32,0.415,0.284,0.391,B,0.367,0.391,0.317,0.284,0.332,0.031,0.0,0.0,0.0,0.0,0.0,0.087,0.0,0.029,0.841,0.012,0.0,0.118,puan,0,0,1,0,0,0,,33.2
c12_64,28.86116,41.12234,0.996,0.247,0.999,0.609,0.997,C,0.996,0.997,0.996,0.609,0.732,0.018,0.0,0.0,0.0,0.0,0.0,0.0,0.0,0.011,0.918,0.008,0.046,0.018,kanıt yetersiz,0,0,1,0,0,0,,
c12_65,28.86116,41.12683,0.971,0.138,0.996,0.335,0.973,C,0.972,0.973,0.97,0.335,0.626,0.025,0.0,0.0,0.0,0.001,0.0,0.0,0.0,0.048,0.773,0.018,0.136,0.025,kanıt yetersiz,0,0,1,0,0,0,,
c12_66,28.86116,41.13132,0.792,0.455,0.881,0.609,0.804,C,0.797,0.804,0.78,0.609,0.729,0.227,0.0,0.0,0.0,0.0,0.0,0.071,0.0,0.09,0.391,0.031,0.19,0.298,puan,0,0,1,0,0,0,,82.9
c12_67,28.86116,41.13581,0.969,0.131,0.996,0.406,0.97,C,0.969,0.97,0.967,0.406,0.546,0.037,0.0,0.0,0.0,0.001,0.0,0.0,0.0,0.053,0.664,0.038,0.206,0.038,kanıt yetersiz,0,0,1,0,0,0,,
c12_68,28.86116,41.1403,0.269,0.203,0.447,0.227,0.31,B,0.284,0.31,0.227,0.261,0.267,0.11,0.0,0.0,0.0,0.549,0.0,0.013,0.0,0.018,0.092,0.007,0.21,0.672,puan,0,0,1,0,0,0,,18.4
c12_69,28.86116,41.14479,0.239,0.17,0.459,0.194,0.283,B,0.256,0.283,0.194,0.202,0.223,0.072,0.001,0.005,0.003,0.083,0.0,0.416,0.0,0.105,0.079,0.092,0.144,0.58,puan,0,0,1,0,0,0,,15.4
c12_70,28.86116,41.14928,0.483,0.394,0.577,0.394,0.512,B,0.493,0.512,0.453,0.394,0.418,0.064,0.0,0.0,0.0,0.008,0.0,0.085,0.0,0.035,0.772,0.035,0.0,0.157,puan,0,0,1,0,0,0,,57.2
c12_71,28.86116,41.15377,1.0,1.0,1.0,0.945,1.0,A,1.0,1.0,1.0,0.945,1.0,0.012,0.0,0.0,0.0,0.0,0.0,0.0,0.0,0.001,0.987,0.0,0.0,0.012,kanıt yetersiz,0,0,1,0,0,0,,
c13_64,28.86711,41.12234,0.125,0.031,0.783,0.024,0.175,C,0.143,0.175,0.075,0.024,0.125,0.0,0.0,0.0,0.0,0.002,0.0,0.0,0.0,0.008,0.985,0.006,0.0,0.002,kanıt yetersiz,0,0,3,0,0,0,,
c13_65,28.86711,41.12683,0.976,0.357,0.991,0.403,0.977,C,0.976,0.977,0.974,0.403,0.456,0.008,0.0,0.0,0.0,0.0,0.0,0.0,0.0,0.012,0.965,0.013,0.001,0.008,kanıt yetersiz,0,0,1,0,0,0,,
c13_66,28.86711,41.13132,1.0,0.825,1.0,0.581,1.0,C,1.0,1.0,1.0,0.581,0.994,0.061,0.0,0.0,0.0,0.0,0.0,0.0,0.0,0.044,0.882,0.0,0.013,0.061,kanıt yetersiz,0,0,1,0,0,0,,
c13_67,28.86711,41.13581,0.881,0.733,0.901,0.329,0.889,C,0.883,0.889,0.873,0.329,0.754,0.011,0.0,0.0,0.0,0.002,0.0,0.0,0.0,0.021,0.964,0.003,0.0,0.013,kanıt yetersiz,0,0,1,0,0,0,,
c13_68,28.86711,41.1403,0.218,0.069,0.751,0.163,0.26,C,0.233,0.26,0.175,0.163,0.203,0.008,0.0,0.0,0.0,0.0,0.003,0.06,0.0,0.024,0.753,0.013,0.139,0.071,kanıt yetersiz,0,0,1,0,0,0,,
c13_69,28.86711,41.14479,0.236,0.187,0.394,0.192,0.28,B,0.252,0.28,0.192,0.2,0.225,0.057,0.0,0.0,0.0,0.011,0.0,0.379,0.0,0.08,0.357,0.047,0.069,0.447,puan,0,0,1,0,0,0,,15.1
c13_70,28.86711,41.14928,0.15,0.104,0.411,0.1,0.201,B,0.167,0.201,0.1,0.128,0.143,0.002,0.0,0.0,0.001,0.068,0.0,0.0,0.0,0.012,0.887,0.031,0.0,0.07,kanıt yetersiz,0,0,1,0,0,0,,
c13_71,28.86711,41.15377,1.0,0.959,1.0,0.363,1.0,C,1.0,1.0,1.0,0.363,0.964,0.009,0.0,0.0,0.0,0.0,0.0,0.0,0.0,0.016,0.975,0.0,0.0,0.009,kanıt yetersiz,0,0,3,0,0,0,,
c14_64,28.87306,41.12234,0.125,0.032,0.779,0.075,0.175,C,0.143,0.175,0.075,0.125,0.125,0.0,0.0,0.0,0.0,0.013,0.0,0.0,0.0,0.0,0.949,0.038,0.0,0.013,kanıt yetersiz,0,0,2,0,0,0,,
c14_65,28.87306,41.12683,1.0,0.62,1.0,0.649,1.0,C,1.0,1.0,1.0,0.649,0.882,0.067,0.0,0.0,0.0,0.0,0.0,0.0,0.0,0.036,0.856,0.01,0.031,0.067,kanıt yetersiz,0,0,1,0,0,0,,
c14_66,28.87306,41.13132,1.0,0.908,1.0,0.486,1.0,C,1.0,1.0,1.0,0.486,1.0,0.003,0.0,0.0,0.0,0.0,0.0,0.0,0.0,0.004,0.993,0.0,0.0,0.003,kanıt yetersiz,0,0,1,0,0,0,,
c14_67,28.87306,41.13581,,0.0,1.0,,,C,,,,,0.125,0.0,0.0,0.0,0.0,0.0,0.0,0.0,0.0,0.0,0.99,0.01,0.0,0.0,kanıt yetersiz,0,0,1,0,0,0,,
c14_68,28.87306,41.1403,1.0,0.961,1.0,0.966,1.0,A,1.0,1.0,1.0,1.0,0.966,0.005,0.0,0.0,0.0,0.0,0.0,0.0,0.0,0.0,0.994,0.0,0.0,0.005,kanıt yetersiz,0,0,1,0,0,0,,
c14_69,28.87306,41.14479,1.0,0.999,1.0,0.938,1.0,A,1.0,1.0,1.0,0.938,1.0,0.02,0.0,0.0,0.0,0.0,0.0,0.0,0.0,0.001,0.979,0.0,0.0,0.02,kanıt yetersiz,0,0,2,0,0,0,,
c14_70,28.87306,41.14928,,,,,,C,,,,0.0,,0.0,0.0,0.0,0.0,0.0,0.0,0.0,0.0,0.016,0.984,0.0,0.0,0.0,kanıt yetersiz,0,0,1,0,0,0,,
c14_71,28.87306,41.15377,1.0,1.0,1.0,0.158,1.0,C,1.0,1.0,1.0,0.158,1.0,0.003,0.0,0.0,0.0,0.0,0.0,0.0,0.0,0.015,0.982,0.0,0.0,0.003,kanıt yetersiz,0,0,2,0,0,0,,
c15_64,28.87901,41.12234,0.262,0.182,0.487,0.21,0.306,B,0.276,0.306,0.217,0.21,0.238,0.043,0.0,0.0,0.004,0.008,0.0,0.234,0.0,0.071,0.513,0.061,0.066,0.289,puan,0,0,1,0,0,0,,17.7
c15_65,28.87901,41.12683,0.692,0.413,0.816,0.479,0.709,C,0.698,0.709,0.674,0.479,0.573,0.041,0.0,0.0,0.0,0.0,0.0,0.022,0.0,0.028,0.866,0.017,0.026,0.063,kanıt yetersiz,0,0,1,0,0,0,,
c15_66,28.87901,41.13132,1.0,0.186,1.0,0.29,1.0,C,1.0,1.0,1.0,0.29,0.379,0.014,0.0,0.0,0.0,0.0,0.0,0.0,0.0,0.035,0.887,0.035,0.028,0.014,kanıt yetersiz,0,0,1,0,0,0,,
c15_67,28.87901,41.13581,1.0,0.953,1.0,0.645,1.0,C,1.0,1.0,1.0,0.645,0.959,0.023,0.0,0.0,0.0,0.0,0.0,0.0,0.0,0.013,0.963,0.001,0.0,0.023,kanıt yetersiz,0,0,1,0,0,0,,
c15_68,28.87901,41.1403,1.0,1.0,1.0,0.637,1.0,C,1.0,1.0,1.0,0.637,1.0,0.035,0.0,0.0,0.0,0.0,0.0,0.0,0.0,0.02,0.945,0.0,0.0,0.035,kanıt yetersiz,0,0,1,0,0,0,,
c15_69,28.87901,41.14479,,0.0,1.0,,,C,,,,0.0,0.125,0.0,0.0,0.0,0.0,0.0,0.0,0.0,0.0,0.017,0.983,0.0,0.0,0.0,kanıt yetersiz,0,0,2,0,0,0,,
c15_70,28.87901,41.14928,1.0,0.963,1.0,0.188,1.0,C,1.0,1.0,1.0,0.188,0.967,0.006,0.0,0.0,0.0,0.0,0.0,0.0,0.0,0.026,0.968,0.0,0.0,0.006,kanıt yetersiz,0,0,1,0,0,0,,
c15_71,28.87901,41.15377,,0.0,1.0,,,C,,,,0.0,0.125,0.0,0.0,0.0,0.0,0.0,0.0,0.0,0.0,0.026,0.974,0.0,0.0,0.0,kanıt yetersiz,0,0,1,0,0,0,,
c8_72,28.83736,41.15826,0.125,0.117,0.184,0.075,0.175,A,0.143,0.175,0.075,0.12,0.125,0.0,0.0,0.0,0.0,0.0,0.0,0.032,0.0,0.001,0.964,0.002,0.0,0.032,kanıt yetersiz,0,0,1,0,0,0,,
c8_73,28.83736,41.16275,0.487,0.471,0.504,0.338,0.517,B,0.498,0.517,0.458,0.338,0.475,0.006,0.0,0.0,0.0,0.0,0.0,0.008,0.0,0.006,0.98,0.0,0.0,0.014,kanıt yetersiz,0,0,1,0,0,0,,
c8_74,28.83736,41.16724,1.0,0.316,1.0,0.314,1.0,C,1.0,1.0,1.0,0.314,0.442,0.015,0.0,0.0,0.0,0.0,0.0,0.0,0.0,0.033,0.919,0.027,0.006,0.015,kanıt yetersiz,0,0,1,0,0,0,,
c8_75,28.83736,41.17173,1.0,1.0,1.0,0.292,1.0,C,1.0,1.0,1.0,0.292,1.0,0.011,0.0,0.0,0.0,0.0,0.0,0.0,0.0,0.027,0.963,0.0,0.0,0.011,kanıt yetersiz,0,0,1,0,0,0,,
c8_76,28.83736,41.17622,,,,,,C,,,,0.0,,0.0,0.0,0.0,0.0,0.0,0.0,0.0,0.0,0.002,0.998,0.0,0.0,0.0,kanıt yetersiz,0,0,1,0,0,0,,
c8_77,28.83736,41.18071,,0.0,1.0,,,C,,,,0.0,,0.0,0.0,0.0,0.0,0.0,0.0,0.0,0.0,0.007,0.989,0.0,0.004,0.0,kanıt yetersiz,0,0,1,0,0,0,,
c8_78,28.83736,41.1852,,0.0,1.0,,,C,,,,0.0,,0.0,0.0,0.0,0.0,0.0,0.0,0.0,0.0,0.016,0.894,0.0,0.09,0.0,kanıt yetersiz,0,0,1,0,0,0,,
c8_79,28.83736,41.18969,,,,,,C,,,,0.0,,0.0,0.0,0.0,0.0,0.0,0.0,0.0,0.0,0.007,0.993,0.0,0.0,0.0,kanıt yetersiz,0,0,1,0,0,0,,
c9_72,28.84331,41.15826,1.0,0.938,1.0,0.2,1.0,C,1.0,1.0,1.0,0.2,0.945,0.003,0.0,0.0,0.0,0.0,0.0,0.0,0.0,0.011,0.986,0.0,0.0,0.003,kanıt yetersiz,0,0,1,0,0,0,,
c9_73,28.84331,41.16275,1.0,0.963,1.0,0.831,1.0,B,1.0,1.0,1.0,0.831,0.967,0.017,0.0,0.0,0.0,0.0,0.0,0.0,0.0,0.004,0.978,0.001,0.0,0.017,kanıt yetersiz,0,0,1,0,0,0,,
c9_74,28.84331,41.16724,1.0,0.34,1.0,0.366,1.0,C,1.0,1.0,1.0,0.366,0.448,0.023,0.0,0.0,0.0,0.0,0.0,0.0,0.0,0.04,0.893,0.039,0.005,0.023,kanıt yetersiz,0,0,1,0,0,0,,
c9_75,28.84331,41.17173,1.0,0.754,1.0,0.354,1.0,C,1.0,1.0,1.0,0.354,1.0,0.011,0.0,0.0,0.0,0.0,0.0,0.0,0.0,0.02,0.965,0.0,0.004,0.011,kanıt yetersiz,0,0,1,0,0,0,,
c9_76,28.84331,41.17622,,,,,,C,,,,0.0,,0.0,0.0,0.0,0.0,0.0,0.0,0.0,0.0,0.007,0.993,0.0,0.0,0.0,kanıt yetersiz,0,0,1,0,0,0,,
c9_77,28.84331,41.18071,,0.0,1.0,,,C,,,,0.0,0.125,0.0,0.0,0.0,0.0,0.0,0.0,0.0,0.0,0.018,0.982,0.0,0.0,0.0,kanıt yetersiz,0,0,1,0,0,0,,
c9_78,28.84331,41.1852,,,,,,C,,,,0.0,,0.0,0.0,0.0,0.0,0.0,0.0,0.0,0.0,0.008,0.992,0.0,0.0,0.0,kanıt yetersiz,0,0,1,0,0,0,,
c9_79,28.84331,41.18969,,,,,,C,,,,0.0,,0.0,0.0,0.0,0.0,0.0,0.0,0.0,0.0,0.001,0.999,0.0,0.0,0.0,kanıt yetersiz,0,0,1,0,0,0,,
c10_72,28.84926,41.15826,1.0,0.865,1.0,0.477,1.0,C,1.0,1.0,1.0,0.477,1.0,0.028,0.0,0.0,0.0,0.0,0.0,0.0,0.0,0.031,0.936,0.0,0.004,0.028,kanıt yetersiz,0,0,1,0,0,0,,
c10_73,28.84926,41.16275,0.398,0.315,0.523,0.295,0.435,B,0.409,0.435,0.361,0.295,0.341,0.06,0.0,0.0,0.003,0.006,0.0,0.129,0.0,0.069,0.682,0.052,0.0,0.198,puan,0,0,1,0,0,0,,43.4
c10_74,28.84926,41.16724,0.975,0.593,0.985,0.499,0.976,C,0.976,0.976,0.974,0.499,0.777,0.043,0.0,0.0,0.0,0.001,0.0,0.0,0.0,0.042,0.886,0.013,0.015,0.044,kanıt yetersiz,0,0,1,0,0,0,,
c10_75,28.84926,41.17173,1.0,0.729,1.0,0.245,1.0,C,1.0,1.0,1.0,0.245,1.0,0.009,0.0,0.0,0.0,0.0,0.0,0.0,0.0,0.028,0.959,0.0,0.003,0.009,kanıt yetersiz,0,0,1,0,0,0,,
c10_76,28.84926,41.17622,,,,,,C,,,,0.0,,0.0,0.0,0.0,0.0,0.0,0.0,0.0,0.0,0.02,0.98,0.0,0.0,0.0,kanıt yetersiz,0,0,1,0,0,0,,
c10_77,28.84926,41.18071,,0.0,1.0,,,C,,,,0.0,0.125,0.0,0.0,0.0,0.0,0.0,0.0,0.0,0.0,0.017,0.983,0.0,0.0,0.0,kanıt yetersiz,0,0,1,0,0,0,,
c10_78,28.84926,41.1852,,,,,,C,,,,0.0,,0.0,0.0,0.0,0.0,0.0,0.0,0.0,0.0,0.012,0.988,0.0,0.0,0.0,kanıt yetersiz,0,0,1,0,0,0,,
c10_79,28.84926,41.18969,,,,,,C,,,,0.0,,0.0,0.0,0.0,0.0,0.0,0.0,0.0,0.0,0.001,0.999,0.0,0.0,0.0,kanıt yetersiz,0,0,1,0,0,0,,
c11_72,28.85521,41.15826,1.0,1.0,1.0,0.489,1.0,C,1.0,1.0,1.0,0.489,1.0,0.008,0.0,0.0,0.0,0.0,0.0,0.0,0.0,0.008,0.984,0.0,0.0,0.008,kanıt yetersiz,0,0,1,0,0,0,,
c11_73,28.85521,41.16275,0.339,0.28,0.453,0.228,0.378,B,0.357,0.378,0.3,0.228,0.305,0.029,0.0,0.003,0.001,0.011,0.0,0.079,0.0,0.059,0.793,0.023,0.003,0.122,puan,0,0,1,0,0,0,,29.7
c11_74,28.85521,41.16724,0.5,0.416,0.584,0.275,0.529,C,0.51,0.529,0.472,0.275,0.443,0.018,0.0,0.0,0.0,0.025,0.0,0.0,0.0,0.035,0.913,0.008,0.001,0.043,kanıt yetersiz,0,0,1,0,0,0,,
c11_75,28.85521,41.17173,0.197,0.184,0.249,0.151,0.243,A,0.214,0.243,0.151,0.156,0.192,0.007,0.0,0.0,0.0,0.073,0.0,0.0,0.0,0.021,0.894,0.006,0.0,0.08,kanıt yetersiz,0,0,1,0,0,0,,
c11_76,28.85521,41.17622,,,,,,C,,,,0.0,,0.0,0.0,0.0,0.0,0.0,0.0,0.0,0.0,0.014,0.986,0.0,0.0,0.0,kanıt yetersiz,0,0,1,0,0,0,,
c11_77,28.85521,41.18071,,,,,,C,,,,0.0,,0.0,0.0,0.0,0.0,0.0,0.0,0.0,0.0,0.016,0.984,0.0,0.0,0.0,kanıt yetersiz,0,0,1,0,0,0,,
c11_78,28.85521,41.1852,,0.0,1.0,,,C,,,,0.0,0.125,0.0,0.0,0.0,0.0,0.0,0.0,0.0,0.0,0.011,0.988,0.001,0.0,0.0,kanıt yetersiz,0,0,1,0,0,0,,
c11_79,28.85521,41.18969,1.0,0.99,1.0,0.195,1.0,C,1.0,1.0,1.0,0.195,0.991,0.008,0.0,0.0,0.0,0.0,0.0,0.0,0.0,0.035,0.957,0.0,0.0,0.008,kanıt yetersiz,0,0,1,0,0,0,,
c12_72,28.86116,41.15826,1.0,0.478,1.0,0.366,1.0,C,1.0,1.0,1.0,0.366,1.0,0.015,0.0,0.0,0.0,0.0,0.0,0.0,0.0,0.025,0.944,0.0,0.016,0.015,kanıt yetersiz,0,0,1,0,0,0,,
c12_73,28.86116,41.16275,0.935,0.579,0.96,0.292,0.939,C,0.936,0.939,0.931,0.292,0.811,0.016,0.0,0.0,0.0,0.001,0.0,0.0,0.0,0.039,0.932,0.003,0.008,0.018,kanıt yetersiz,0,0,1,0,0,0,,
c12_74,28.86116,41.16724,0.338,0.29,0.433,0.215,0.378,B,0.351,0.378,0.299,0.215,0.322,0.022,0.0,0.0,0.001,0.069,0.0,0.0,0.0,0.053,0.839,0.007,0.008,0.092,kanıt yetersiz,0,0,1,0,0,0,,
c12_75,28.86116,41.17173,0.136,0.127,0.19,0.085,0.186,B,0.153,0.186,0.085,0.128,0.135,0.002,0.0,0.0,0.001,0.223,0.0,0.0,0.0,0.014,0.744,0.015,0.0,0.227,puan,0,0,1,0,0,0,,10.1
c12_76,28.86116,41.17622,0.447,0.408,0.495,0.2,0.478,C,0.458,0.478,0.415,0.2,0.419,0.004,0.0,0.0,0.0,0.007,0.0,0.0,0.0,0.014,0.973,0.001,0.0,0.011,kanıt yetersiz,0,0,1,0,0,0,,
c12_77,28.86116,41.18071,0.395,0.093,0.858,0.188,0.43,C,0.408,0.43,0.361,0.269,0.188,0.001,0.0,0.0,0.0,0.0,0.0,0.002,0.0,0.001,0.986,0.01,0.0,0.003,kanıt yetersiz,0,0,1,0,0,0,,
c12_78,28.86116,41.1852,1.0,0.553,1.0,0.307,1.0,C,1.0,1.0,1.0,0.307,0.609,0.011,0.0,0.0,0.0,0.0,0.0,0.0,0.0,0.025,0.956,0.009,0.0,0.011,kanıt yetersiz,0,0,1,0,0,0,,
c12_79,28.86116,41.18969,1.0,1.0,1.0,0.089,1.0,C,1.0,1.0,1.0,0.089,1.0,0.003,0.0,0.0,0.0,0.0,0.0,0.0,0.0,0.03,0.967,0.0,0.0,0.003,kanıt yetersiz,0,0,1,0,0,0,,
c13_72,28.86711,41.15826,1.0,0.659,1.0,0.409,1.0,C,1.0,1.0,1.0,0.409,0.972,0.017,0.0,0.0,0.0,0.0,0.0,0.0,0.0,0.025,0.948,0.001,0.008,0.017,kanıt yetersiz,0,0,2,0,0,0,,
c13_73,28.86711,41.16275,0.785,0.384,0.895,0.295,0.798,C,0.79,0.798,0.773,0.295,0.535,0.011,0.0,0.0,0.0,0.004,0.0,0.0,0.0,0.024,0.946,0.009,0.006,0.015,kanıt yetersiz,0,0,1,0,0,0,,
c13_74,28.86711,41.16724,1.0,0.793,1.0,0.35,1.0,C,1.0,1.0,1.0,0.35,1.0,0.019,0.0,0.0,0.0,0.0,0.0,0.0,0.0,0.035,0.941,0.0,0.005,0.019,kanıt yetersiz,0,0,1,0,0,0,,
c13_75,28.86711,41.17173,1.0,0.579,1.0,0.306,1.0,C,1.0,1.0,1.0,0.306,0.886,0.015,0.0,0.0,0.0,0.0,0.0,0.0,0.0,0.034,0.941,0.002,0.009,0.015,kanıt yetersiz,0,0,1,0,0,0,,
c13_76,28.86711,41.17622,0.389,0.383,0.399,0.34,0.577,C,0.577,0.438,0.34,0.368,0.387,0.011,0.0,0.378,0.0,0.0,0.0,0.006,0.0,0.022,0.576,0.003,0.003,0.395,puan,0,0,1,0,0,0,,41.5
c13_77,28.86711,41.18071,0.408,0.402,0.417,0.359,0.58,C,0.58,0.454,0.362,0.359,0.404,0.02,0.0,0.235,0.0,0.0,0.0,0.015,0.0,0.036,0.69,0.004,0.0,0.27,puan,0,0,1,0,0,0,,45.4
c13_78,28.86711,41.1852,1.0,0.858,1.0,0.457,1.0,C,1.0,1.0,1.0,0.457,1.0,0.014,0.0,0.0,0.0,0.0,0.0,0.0,0.0,0.017,0.967,0.0,0.002,0.014,kanıt yetersiz,46,0,1,0,0,0,,
c13_79,28.86711,41.18969,1.0,0.417,1.0,0.323,1.0,C,1.0,1.0,1.0,0.323,0.998,0.029,0.0,0.0,0.0,0.0,0.0,0.0,0.0,0.061,0.869,0.0,0.041,0.029,kanıt yetersiz,980,0,3,0,0,0,0.0,
c14_72,28.87306,41.15826,0.526,0.484,0.564,0.262,0.716,C,0.459,0.716,0.336,0.262,0.494,0.002,0.0,0.0,0.037,0.0,0.0,0.0,0.0,0.039,0.919,0.003,0.0,0.039,kanıt yetersiz,0,0,1,0,0,0,,
c14_73,28.87306,41.16275,1.0,0.55,1.0,0.645,1.0,C,1.0,1.0,1.0,0.645,0.977,0.088,0.0,0.0,0.0,0.0,0.0,0.0,0.0,0.048,0.792,0.002,0.07,0.088,kanıt yetersiz,0,0,1,0,0,0,,
c14_74,28.87306,41.16724,1.0,0.556,1.0,0.421,1.0,C,1.0,1.0,1.0,0.421,1.0,0.005,0.0,0.0,0.0,0.0,0.0,0.0,0.0,0.007,0.983,0.0,0.004,0.005,kanıt yetersiz,0,0,1,0,0,0,,
c14_75,28.87306,41.17173,0.083,0.079,0.131,0.051,0.116,A,0.095,0.116,0.051,0.075,0.085,0.0,0.0,0.0,0.0,0.086,0.046,0.0,0.0,0.014,0.846,0.007,0.0,0.133,puan,0,0,1,0,0,0,,8.8
c14_76,28.87306,41.17622,0.375,0.351,0.415,0.325,0.571,C,0.571,0.425,0.325,0.352,0.375,0.0,0.0,0.112,0.0,0.0,0.0,0.0,0.0,0.007,0.873,0.0,0.008,0.112,puan,0,0,1,0,0,0,,38.3
c14_77,28.87306,41.18071,0.529,0.129,0.885,0.253,0.556,C,0.543,0.556,0.502,0.253,0.422,0.039,0.0,0.002,0.0,0.016,0.0,0.028,0.0,0.092,0.561,0.03,0.231,0.085,kanıt yetersiz,1135,0,2,0,0,0,0.0,
c14_78,28.87306,41.1852,0.543,0.148,0.875,0.333,0.576,C,0.576,0.571,0.515,0.333,0.449,0.091,0.0,0.026,0.0,0.013,0.0,0.076,0.0,0.13,0.116,0.06,0.488,0.206,puan,1639,0,3,0,0,0,0.0,65.1
c14_79,28.87306,41.18969,0.404,0.177,0.738,0.302,0.444,C,0.444,0.441,0.366,0.302,0.376,0.061,0.0,0.035,0.002,0.001,0.0,0.126,0.0,0.076,0.414,0.025,0.261,0.224,puan,791,0,2,0,0,0,0.0,44.4
c15_72,28.87901,41.15826,1.0,0.839,1.0,0.096,1.0,C,1.0,1.0,1.0,0.096,0.859,0.004,0.0,0.0,0.0,0.0,0.0,0.0,0.0,0.04,0.955,0.001,0.0,0.004,kanıt yetersiz,0,0,1,0,0,0,,
c15_73,28.87901,41.16275,1.0,0.567,1.0,0.213,1.0,C,1.0,1.0,1.0,0.213,0.931,0.016,0.0,0.0,0.0,0.0,0.0,0.0,0.0,0.059,0.913,0.001,0.011,0.016,kanıt yetersiz,0,0,1,0,0,0,,
c15_74,28.87901,41.16724,1.0,0.392,1.0,0.269,1.0,C,1.0,1.0,1.0,0.269,0.938,0.014,0.0,0.0,0.0,0.0,0.0,0.0,0.0,0.037,0.928,0.001,0.02,0.014,kanıt yetersiz,0,0,1,0,0,0,,
c15_75,28.87901,41.17173,1.0,0.076,1.0,0.093,1.0,C,1.0,1.0,1.0,0.093,1.0,0.002,0.0,0.0,0.0,0.0,0.0,0.0,0.0,0.016,0.963,0.0,0.02,0.002,kanıt yetersiz,39,0,1,0,0,0,,
c15_76,28.87901,41.17622,0.933,0.362,0.974,0.582,0.944,C,0.932,0.944,0.923,0.582,0.906,0.204,0.0,0.0,0.009,0.012,0.0,0.0,0.0,0.136,0.285,0.008,0.347,0.225,puan,2866,0,6,0,0,0,0.0,89.2
c15_77,28.87901,41.18071,0.274,0.102,0.729,0.218,0.319,C,0.291,0.319,0.228,0.218,0.266,0.05,0.0,0.008,0.007,0.07,0.0,0.188,0.0,0.083,0.051,0.017,0.525,0.322,puan,333,0,2,0,0,0,0.0,18.9
c15_78,28.87901,41.1852,0.275,0.142,0.626,0.214,0.336,C,0.286,0.336,0.214,0.227,0.256,0.054,0.0,0.013,0.052,0.086,0.0,0.259,0.0,0.098,0.001,0.068,0.369,0.464,puan,652,0,2,0,0,0,0.0,19.0
c15_79,28.87901,41.18969,0.803,0.212,0.948,0.379,0.826,C,0.801,0.826,0.779,0.379,0.628,0.02,0.0,0.0,0.002,0.005,0.0,0.0,0.0,0.03,0.867,0.009,0.066,0.027,kanıt yetersiz,112,0,2,0,0,0,0.0,
c16_80,28.88496,41.19418,1.0,0.89,1.0,0.325,1.0,C,1.0,1.0,1.0,0.325,0.904,0.006,0.0,0.0,0.0,0.0,0.0,0.0,0.0,0.013,0.98,0.001,0.0,0.006,kanıt yetersiz,0,0,1,0,0,0,,
c16_81,28.88496,41.19867,1.0,0.294,1.0,0.258,1.0,C,1.0,1.0,1.0,0.258,1.0,0.009,0.0,0.0,0.0,0.0,0.0,0.0,0.0,0.025,0.945,0.0,0.021,0.009,kanıt yetersiz,0,0,1,0,0,0,,
c16_82,28.88496,41.20316,1.0,1.0,1.0,0.13,1.0,C,1.0,1.0,1.0,0.13,1.0,0.001,0.0,0.0,0.0,0.0,0.0,0.0,0.0,0.004,0.995,0.0,0.0,0.001,kanıt yetersiz,0,0,1,0,0,0,,
c16_83,28.88496,41.20765,1.0,1.0,1.0,0.954,1.0,A,1.0,1.0,1.0,0.954,1.0,0.029,0.0,0.0,0.0,0.0,0.0,0.0,0.0,0.001,0.969,0.0,0.0,0.029,kanıt yetersiz,0,0,1,0,0,0,,
c16_84,28.88496,41.21214,1.0,1.0,1.0,0.039,1.0,C,1.0,1.0,1.0,0.039,1.0,0.001,0.0,0.0,0.0,0.0,0.0,0.0,0.0,0.015,0.984,0.0,0.0,0.001,kanıt yetersiz,0,0,1,0,0,0,,
c16_85,28.88496,41.21663,,,,,,C,,,,0.0,,0.0,0.0,0.0,0.0,0.0,0.0,0.0,0.0,0.01,0.99,0.0,0.0,0.0,kanıt yetersiz,0,0,1,0,0,0,,
c16_86,28.88496,41.22112,,,,,,C,,,,,,0.0,0.0,0.0,0.0,0.0,0.0,0.0,0.0,0.0,1.0,0.0,0.0,0.0,kanıt yetersiz,0,0,1,0,0,0,,
c16_87,28.88496,41.22561,1.0,1.0,1.0,0.996,1.0,A,1.0,1.0,1.0,0.996,1.0,0.27,0.0,0.0,0.0,0.0,0.0,0.0,0.0,0.001,0.728,0.0,0.0,0.27,puan,0,0,1,0,0,0,,94.5
c17_80,28.89091,41.19418,,0.0,1.0,,,C,,,,0.0,0.125,0.0,0.0,0.0,0.0,0.0,0.0,0.0,0.0,0.019,0.981,0.0,0.0,0.0,kanıt yetersiz,0,0,1,0,0,0,,
c17_81,28.89091,41.19867,,0.0,1.0,,,C,,,,0.0,,0.0,0.0,0.0,0.0,0.0,0.0,0.0,0.0,0.022,0.959,0.0,0.019,0.0,kanıt yetersiz,0,0,1,0,0,0,,
c17_82,28.89091,41.20316,,,,,,C,,,,0.0,,0.0,0.0,0.0,0.0,0.0,0.0,0.0,0.0,0.03,0.97,0.0,0.0,0.0,kanıt yetersiz,0,0,1,0,0,0,,
c17_83,28.89091,41.20765,1.0,1.0,1.0,0.07,1.0,C,1.0,1.0,1.0,0.07,1.0,0.001,0.0,0.0,0.0,0.0,0.0,0.0,0.0,0.007,0.992,0.0,0.0,0.001,kanıt yetersiz,0,0,1,0,0,0,,
c17_84,28.89091,41.21214,1.0,1.0,1.0,0.08,1.0,C,1.0,1.0,1.0,0.08,1.0,0.001,0.0,0.0,0.0,0.0,0.0,0.0,0.0,0.014,0.985,0.0,0.0,0.001,kanıt yetersiz,0,0,1,0,0,0,,
c17_85,28.89091,41.21663,1.0,0.998,1.0,0.717,1.0,C,1.0,1.0,1.0,0.717,0.998,0.047,0.0,0.0,0.0,0.0,0.0,0.0,0.0,0.019,0.934,0.0,0.0,0.047,kanıt yetersiz,0,0,1,0,0,0,,
c17_86,28.89091,41.22112,,0.0,1.0,,,C,,,,0.0,0.125,0.0,0.0,0.0,0.0,0.0,0.0,0.0,0.0,0.015,0.985,0.0,0.0,0.0,kanıt yetersiz,0,0,1,0,0,0,,
c17_87,28.89091,41.22561,,,,,,C,,,,0.0,,0.0,0.0,0.0,0.0,0.0,0.0,0.0,0.0,0.011,0.989,0.0,0.0,0.0,kanıt yetersiz,0,0,1,0,0,0,,
c18_80,28.89686,41.19418,0.88,0.032,0.996,0.117,0.887,C,0.883,0.887,0.873,0.117,0.205,0.006,0.0,0.0,0.0,0.001,0.0,0.0,0.0,0.047,0.753,0.061,0.131,0.007,kanıt yetersiz,0,0,3,0,0,0,,
c18_81,28.89686,41.19867,,0.0,1.0,,,C,,,,0.0,0.125,0.0,0.0,0.0,0.0,0.0,0.0,0.0,0.0,0.036,0.92,0.045,0.0,0.0,kanıt yetersiz,0,0,2,0,0,0,,
c18_82,28.89686,41.20316,0.375,0.008,0.987,0.009,0.571,C,0.571,0.425,0.325,0.009,0.13,0.0,0.0,0.001,0.0,0.0,0.0,0.0,0.0,0.03,0.933,0.036,0.0,0.001,kanıt yetersiz,0,0,1,0,0,0,,
c18_83,28.89686,41.20765,,0.0,1.0,,,C,,,,0.0,0.125,0.0,0.0,0.0,0.0,0.0,0.0,0.0,0.0,0.036,0.947,0.017,0.0,0.0,kanıt yetersiz,0,0,1,0,0,0,,
c18_84,28.89686,41.21214,,0.0,1.0,,,C,,,,0.0,0.125,0.0,0.0,0.0,0.0,0.0,0.0,0.0,0.0,0.03,0.97,0.0,0.0,0.0,kanıt yetersiz,0,0,1,0,0,0,,
c18_85,28.89686,41.21663,,,,,,C,,,,0.0,,0.0,0.0,0.0,0.0,0.0,0.0,0.0,0.0,0.019,0.981,0.0,0.0,0.0,kanıt yetersiz,0,0,1,0,0,0,,
c18_86,28.89686,41.22112,,,,,,C,,,,0.0,,0.0,0.0,0.0,0.0,0.0,0.0,0.0,0.0,0.018,0.982,0.0,0.0,0.0,kanıt yetersiz,0,0,1,0,0,0,,
c18_87,28.89686,41.22561,,,,,,C,,,,0.0,,0.0,0.0,0.0,0.0,0.0,0.0,0.0,0.0,0.001,0.999,0.0,0.0,0.0,kanıt yetersiz,0,0,1,0,0,0,,
c19_80,28.90281,41.19418,0.489,0.219,0.771,0.387,0.537,C,0.51,0.537,0.44,0.387,0.451,0.05,0.0,0.016,0.015,0.002,0.0,0.064,0.0,0.038,0.637,0.017,0.162,0.146,puan,0,0,1,0,0,0,,58.0
c19_81,28.90281,41.19867,0.955,0.545,0.974,0.725,0.971,C,0.95,0.971,0.94,0.725,0.791,0.069,0.0,0.0,0.006,0.001,0.0,0.0,0.0,0.024,0.844,0.019,0.038,0.076,kanıt yetersiz,0,0,1,0,0,0,,
c19_82,28.90281,41.20316,,0.0,1.0,,,C,,,,0.0,0.125,0.0,0.0,0.0,0.0,0.0,0.0,0.0,0.0,0.027,0.951,0.022,0.0,0.0,kanıt yetersiz,0,0,1,0,0,0,,
c19_83,28.90281,41.20765,,0.0,1.0,,,C,,,,0.0,0.125,0.0,0.0,0.0,0.0,0.0,0.0,0.0,0.0,0.017,0.979,0.004,0.0,0.0,kanıt yetersiz,0,0,1,0,0,0,,
c19_84,28.90281,41.21214,,,,,,C,,,,0.0,,0.0,0.0,0.0,0.0,0.0,0.0,0.0,0.0,0.02,0.98,0.0,0.0,0.0,kanıt yetersiz,0,0,1,0,0,0,,
c19_85,28.90281,41.21663,,,,,,C,,,,0.0,,0.0,0.0,0.0,0.0,0.0,0.0,0.0,0.0,0.009,0.991,0.0,0.0,0.0,kanıt yetersiz,0,0,1,0,0,0,,
c19_86,28.90281,41.22112,,,,,,C,,,,0.0,,0.0,0.0,0.0,0.0,0.0,0.0,0.0,0.0,0.009,0.991,0.0,0.0,0.0,kanıt yetersiz,0,0,1,0,0,0,,
c19_87,28.90281,41.22561,1.0,1.0,1.0,0.173,1.0,C,1.0,1.0,1.0,0.173,1.0,0.001,0.0,0.0,0.0,0.0,0.0,0.0,0.0,0.006,0.993,0.0,0.0,0.001,kanıt yetersiz,0,0,1,0,0,0,,
c20_80,28.90876,41.19418,,,,,,C,,,,0.0,,0.0,0.0,0.0,0.0,0.0,0.0,0.0,0.0,0.006,0.994,0.0,0.0,0.0,kanıt yetersiz,0,0,1,0,0,0,,
c20_81,28.90876,41.19867,,,,,,C,,,,0.0,,0.0,0.0,0.0,0.0,0.0,0.0,0.0,0.0,0.002,0.998,0.0,0.0,0.0,kanıt yetersiz,0,0,1,0,0,0,,
c20_82,28.90876,41.20316,,,,,,C,,,,0.0,,0.0,0.0,0.0,0.0,0.0,0.0,0.0,0.0,0.007,0.993,0.0,0.0,0.0,kanıt yetersiz,0,0,1,0,0,0,,
c20_83,28.90876,41.20765,1.0,1.0,1.0,0.007,1.0,C,1.0,1.0,1.0,0.007,1.0,0.0,0.0,0.0,0.0,0.0,0.0,0.0,0.0,0.016,0.984,0.0,0.0,0.0,kanıt yetersiz,0,0,1,0,0,0,,
c20_84,28.90876,41.21214,1.0,1.0,1.0,0.114,1.0,C,1.0,1.0,1.0,0.114,1.0,0.002,0.0,0.0,0.0,0.0,0.0,0.0,0.0,0.014,0.984,0.0,0.0,0.002,kanıt yetersiz,0,0,1,0,0,0,,
c20_85,28.90876,41.21663,,,,,,C,,,,0.0,,0.0,0.0,0.0,0.0,0.0,0.0,0.0,0.0,0.007,0.993,0.0,0.0,0.0,kanıt yetersiz,0,0,1,0,0,0,,
c20_86,28.90876,41.22112,,,,,,C,,,,,,0.0,0.0,0.0,0.0,0.0,0.0,0.0,0.0,0.0,1.0,0.0,0.0,0.0,kanıt yetersiz,0,0,1,0,0,0,,
c20_87,28.90876,41.22561,1.0,0.984,1.0,0.52,1.0,C,1.0,1.0,1.0,0.52,0.986,0.013,0.0,0.0,0.0,0.0,0.0,0.0,0.0,0.012,0.974,0.0,0.0,0.013,kanıt yetersiz,0,0,1,0,0,0,,
c21_80,28.91471,41.19418,0.206,0.199,0.232,0.16,0.253,A,0.222,0.253,0.16,0.178,0.204,0.012,0.0,0.0,0.001,0.105,0.0,0.019,0.0,0.022,0.836,0.005,0.0,0.137,puan,0,0,1,0,0,0,,13.2
c21_81,28.91471,41.19867,0.973,0.825,0.977,0.202,0.975,C,0.974,0.975,0.972,0.202,0.844,0.004,0.0,0.0,0.0,0.0,0.0,0.0,0.0,0.018,0.977,0.001,0.0,0.005,kanıt yetersiz,0,0,1,0,0,0,,
c21_82,28.91471,41.20316,1.0,1.0,1.0,0.453,1.0,C,1.0,1.0,1.0,0.453,1.0,0.018,0.0,0.0,0.0,0.0,0.0,0.0,0.0,0.022,0.959,0.0,0.0,0.018,kanıt yetersiz,0,0,1,0,0,0,,
c21_83,28.91471,41.20765,1.0,1.0,1.0,0.541,1.0,C,1.0,1.0,1.0,0.541,1.0,0.019,0.0,0.0,0.0,0.0,0.0,0.0,0.0,0.016,0.965,0.0,0.0,0.019,kanıt yetersiz,0,0,1,0,0,0,,
c21_84,28.91471,41.21214,1.0,1.0,1.0,0.574,1.0,C,1.0,1.0,1.0,0.574,1.0,0.022,0.0,0.0,0.0,0.0,0.0,0.0,0.0,0.016,0.961,0.0,0.0,0.022,kanıt yetersiz,0,0,1,0,0,0,,
c21_85,28.91471,41.21663,1.0,1.0,1.0,0.501,1.0,C,1.0,1.0,1.0,0.501,1.0,0.018,0.0,0.0,0.0,0.0,0.0,0.0,0.0,0.018,0.965,0.0,0.0,0.018,kanıt yetersiz,0,0,1,0,0,0,,
c21_86,28.91471,41.22112,1.0,1.0,1.0,0.407,1.0,C,1.0,1.0,1.0,0.407,1.0,0.014,0.0,0.0,0.0,0.0,0.0,0.0,0.0,0.021,0.965,0.0,0.0,0.014,kanıt yetersiz,0,0,1,0,0,0,,
c21_87,28.91471,41.22561,1.0,1.0,1.0,0.717,1.0,C,1.0,1.0,1.0,0.717,1.0,0.017,0.0,0.0,0.0,0.0,0.0,0.0,0.0,0.007,0.976,0.0,0.0,0.017,kanıt yetersiz,0,0,1,0,0,0,,
c22_80,28.92066,41.19418,0.596,0.588,0.601,0.572,0.619,A,0.604,0.619,0.572,0.58,0.589,0.181,0.0,0.0,0.0,0.156,0.0,0.0,0.0,0.009,0.649,0.005,0.0,0.337,puan,0,0,1,0,0,0,,70.4
c22_81,28.92066,41.19867,0.991,0.99,0.991,0.936,0.992,A,0.991,0.992,0.99,0.936,0.99,0.567,0.0,0.0,0.002,0.005,0.0,0.0,0.0,0.034,0.392,0.0,0.0,0.574,puan,0,0,1,0,0,0,,92.2
c22_82,28.92066,41.20316,1.0,1.0,1.0,0.998,1.0,A,1.0,1.0,1.0,0.998,1.0,0.741,0.0,0.0,0.0,0.0,0.0,0.0,0.0,0.002,0.257,0.0,0.0,0.741,puan,0,0,1,0,0,0,,94.5
c22_83,28.92066,41.20765,1.0,1.0,1.0,0.854,1.0,B,1.0,1.0,1.0,0.854,1.0,0.036,0.0,0.0,0.0,0.0,0.0,0.0,0.0,0.006,0.958,0.0,0.0,0.036,kanıt yetersiz,0,0,1,0,0,0,,
c22_84,28.92066,41.21214,1.0,1.0,1.0,0.73,1.0,C,1.0,1.0,1.0,0.73,1.0,0.019,0.0,0.0,0.0,0.0,0.0,0.0,0.0,0.007,0.974,0.0,0.0,0.019,kanıt yetersiz,0,0,1,0,0,0,,
c22_85,28.92066,41.21663,1.0,1.0,1.0,0.599,1.0,C,1.0,1.0,1.0,0.599,1.0,0.012,0.0,0.0,0.0,0.0,0.0,0.0,0.0,0.008,0.979,0.0,0.0,0.012,kanıt yetersiz,0,0,1,0,0,0,,
c22_86,28.92066,41.22112,1.0,1.0,1.0,0.549,1.0,C,1.0,1.0,1.0,0.549,1.0,0.008,0.0,0.0,0.0,0.0,0.0,0.0,0.0,0.006,0.986,0.0,0.0,0.008,kanıt yetersiz,0,0,1,0,0,0,,
c22_87,28.92066,41.22561,1.0,1.0,1.0,0.476,1.0,C,1.0,1.0,1.0,0.476,1.0,0.01,0.0,0.0,0.0,0.0,0.0,0.0,0.0,0.011,0.98,0.0,0.0,0.01,kanıt yetersiz,0,0,1,0,0,0,,
c23_80,28.92661,41.19418,1.0,1.0,1.0,0.849,1.0,B,1.0,1.0,1.0,0.849,1.0,0.065,0.0,0.0,0.0,0.0,0.0,0.0,0.0,0.012,0.924,0.0,0.0,0.065,kanıt yetersiz,0,0,1,0,0,0,,
c23_81,28.92661,41.19867,1.0,1.0,1.0,0.904,1.0,A,1.0,1.0,1.0,0.904,1.0,0.158,0.0,0.0,0.0,0.0,0.0,0.0,0.0,0.017,0.825,0.0,0.0,0.158,puan,0,0,1,0,0,0,,94.5
c23_82,28.92661,41.20316,1.0,1.0,1.0,0.991,1.0,A,1.0,1.0,1.0,0.991,1.0,0.71,0.0,0.0,0.0,0.0,0.0,0.0,0.0,0.006,0.283,0.0,0.0,0.71,puan,0,0,1,0,0,0,,94.5
c23_83,28.92661,41.20765,1.0,1.0,1.0,0.969,1.0,A,1.0,1.0,1.0,0.969,1.0,0.116,0.0,0.0,0.0,0.0,0.0,0.0,0.0,0.004,0.88,0.0,0.0,0.116,puan,0,0,1,0,0,0,,94.5
c23_84,28.92661,41.21214,1.0,1.0,1.0,0.07,1.0,C,1.0,1.0,1.0,0.07,1.0,0.001,0.0,0.0,0.0,0.0,0.0,0.0,0.0,0.013,0.986,0.0,0.0,0.001,kanıt yetersiz,0,0,1,0,0,0,,
c23_85,28.92661,41.21663,1.0,1.0,1.0,0.048,1.0,C,1.0,1.0,1.0,0.048,1.0,0.001,0.0,0.0,0.0,0.0,0.0,0.0,0.0,0.015,0.985,0.0,0.0,0.001,kanıt yetersiz,0,0,1,0,0,0,,
c23_86,28.92661,41.22112,1.0,1.0,1.0,0.248,1.0,C,1.0,1.0,1.0,0.248,1.0,0.002,0.0,0.0,0.0,0.0,0.0,0.0,0.0,0.007,0.991,0.0,0.0,0.002,kanıt yetersiz,0,0,1,0,0,0,,
c23_87,28.92661,41.22561,1.0,1.0,1.0,0.609,1.0,C,1.0,1.0,1.0,0.609,1.0,0.005,0.0,0.0,0.0,0.0,0.0,0.0,0.0,0.003,0.993,0.0,0.0,0.005,kanıt yetersiz,0,0,1,0,0,0,,
c16_88,28.88496,41.2301,1.0,0.993,1.0,0.645,1.0,C,1.0,1.0,1.0,0.645,0.994,0.016,0.0,0.0,0.0,0.0,0.0,0.0,0.0,0.009,0.975,0.0,0.0,0.016,kanıt yetersiz,0,0,1,0,0,0,,
c16_89,28.88496,41.23459,0.734,0.378,0.863,0.364,0.81,C,0.81,0.761,0.708,0.364,0.721,0.042,0.0,0.03,0.002,0.0,0.0,0.0,0.0,0.076,0.78,0.002,0.068,0.074,kanıt yetersiz,1013,0,3,0,0,0,0.0,
c16_90,28.88496,41.23908,1.0,0.365,1.0,0.411,1.0,C,1.0,1.0,1.0,0.411,1.0,0.005,0.0,0.0,0.0,0.0,0.0,0.0,0.0,0.007,0.979,0.0,0.009,0.005,kanıt yetersiz,0,0,1,0,0,0,,
c16_91,28.88496,41.24357,,,,,,C,,,,,,0.0,0.0,0.0,0.0,0.0,0.0,0.0,0.0,0.0,1.0,0.0,0.0,0.0,kanıt yetersiz,0,0,1,0,0,0,,
c16_92,28.88496,41.24806,,0.0,1.0,,,C,,,,0.0,0.125,0.0,0.0,0.0,0.0,0.0,0.0,0.0,0.0,0.008,0.992,0.0,0.0,0.0,kanıt yetersiz,0,0,1,0,0,0,,
c16_93,28.88496,41.25255,,,,,,C,,,,,,0.0,0.0,0.0,0.0,0.0,0.0,0.0,0.0,0.0,1.0,0.0,0.0,0.0,kanıt yetersiz,0,0,1,0,0,0,,
c16_94,28.88496,41.25704,,0.0,1.0,,,C,,,,0.0,0.125,0.0,0.0,0.0,0.0,0.0,0.0,0.0,0.0,0.007,0.993,0.0,0.0,0.0,kanıt yetersiz,0,0,1,0,0,0,,
c16_95,28.88496,41.26153,,0.0,1.0,,,C,,,,0.0,0.125,0.0,0.0,0.0,0.0,0.0,0.0,0.0,0.0,0.007,0.993,0.0,0.0,0.0,kanıt yetersiz,0,0,1,0,0,0,,
c17_88,28.89091,41.2301,,,,,,C,,,,0.0,,0.0,0.0,0.0,0.0,0.0,0.0,0.0,0.0,0.012,0.988,0.0,0.0,0.0,kanıt yetersiz,0,0,1,0,0,0,,
c17_89,28.89091,41.23459,0.942,0.259,0.984,0.258,0.965,C,0.934,0.965,0.919,0.258,0.907,0.033,0.0,0.0,0.004,0.0,0.0,0.0,0.0,0.099,0.764,0.002,0.097,0.038,kanıt yetersiz,996,0,3,0,0,0,0.0,
c17_90,28.89091,41.23908,1.0,0.165,1.0,0.022,1.0,C,1.0,1.0,1.0,0.022,1.0,0.0,0.0,0.0,0.0,0.0,0.0,0.0,0.0,0.007,0.992,0.0,0.001,0.0,kanıt yetersiz,0,0,1,0,0,0,,
c17_91,28.89091,41.24357,,,,,,C,,,,0.0,,0.0,0.0,0.0,0.0,0.0,0.0,0.0,0.0,0.01,0.99,0.0,0.0,0.0,kanıt yetersiz,0,0,1,0,0,0,,
c17_92,28.89091,41.24806,,,,,,C,,,,0.0,,0.0,0.0,0.0,0.0,0.0,0.0,0.0,0.0,0.003,0.997,0.0,0.0,0.0,kanıt yetersiz,0,0,1,0,0,0,,
c17_93,28.89091,41.25255,,,,,,C,,,,,,0.0,0.0,0.0,0.0,0.0,0.0,0.0,0.0,0.0,1.0,0.0,0.0,0.0,kanıt yetersiz,0,0,1,0,0,0,,
c17_94,28.89091,41.25704,,0.0,1.0,,,C,,,,,,0.0,0.0,0.0,0.0,0.0,0.0,0.0,0.0,0.0,0.95,0.0,0.05,0.0,kanıt yetersiz,0,0,1,0,0,0,,
c17_95,28.89091,41.26153,,0.0,1.0,,,C,,,,0.0,0.125,0.0,0.0,0.0,0.0,0.0,0.0,0.0,0.0,0.0,0.762,0.0,0.238,0.0,kanıt yetersiz,0,0,1,0,0,0,,
c18_88,28.89686,41.2301,,,,,,C,,,,0.0,,0.0,0.0,0.0,0.0,0.0,0.0,0.0,0.0,0.015,0.985,0.0,0.0,0.0,kanıt yetersiz,0,0,1,0,0,0,,
c18_89,28.89686,41.23459,1.0,0.069,1.0,0.028,1.0,C,1.0,1.0,1.0,0.028,0.481,0.002,0.0,0.0,0.0,0.0,0.0,0.0,0.0,0.074,0.895,0.003,0.026,0.002,kanıt yetersiz,996,0,3,0,0,0,0.0,
c18_90,28.89686,41.23908,1.0,0.53,1.0,0.191,1.0,C,1.0,1.0,1.0,0.191,0.589,0.008,0.0,0.0,0.0,0.0,0.0,0.0,0.0,0.035,0.95,0.007,0.0,0.008,kanıt yetersiz,0,0,1,0,0,0,,
c18_91,28.89686,41.24357,,0.0,1.0,,,C,,,,0.0,0.125,0.0,0.0,0.0,0.0,0.0,0.0,0.0,0.0,0.017,0.983,0.0,0.0,0.0,kanıt yetersiz,0,0,1,0,0,0,,
c18_92,28.89686,41.24806,,0.0,1.0,,,C,,,,0.0,0.125,0.0,0.0,0.0,0.0,0.0,0.0,0.0,0.0,0.012,0.985,0.003,0.0,0.0,kanıt yetersiz,0,0,1,0,0,0,,
c18_93,28.89686,41.25255,,0.0,1.0,,,C,,,,0.0,0.125,0.0,0.0,0.0,0.0,0.0,0.0,0.0,0.0,0.007,0.687,0.0,0.306,0.0,kanıt yetersiz,0,0,1,0,0,0,,
c18_94,28.89686,41.25704,,0.0,1.0,,,C,,,,0.0,0.125,0.0,0.0,0.0,0.0,0.0,0.0,0.0,0.0,0.009,0.261,0.0,0.73,0.0,kanıt yetersiz,0,0,2,0,0,0,,
c18_95,28.89686,41.26153,,0.0,1.0,,,C,,,,0.0,,0.0,0.0,0.0,0.0,0.0,0.0,0.0,0.0,0.013,0.747,0.0,0.241,0.0,kanıt yetersiz,0,0,1,0,0,0,,
c19_88,28.90281,41.2301,1.0,1.0,1.0,1.0,1.0,A,1.0,1.0,1.0,1.0,1.0,0.004,0.0,0.0,0.0,0.0,0.0,0.0,0.0,0.0,0.996,0.0,0.0,0.004,kanıt yetersiz,0,0,1,0,0,0,,
c19_89,28.90281,41.23459,0.718,0.104,0.959,0.119,0.8,C,0.722,0.8,0.636,0.119,0.682,0.008,0.0,0.003,0.006,0.0,0.0,0.0,0.0,0.083,0.803,0.001,0.096,0.017,kanıt yetersiz,996,0,3,0,0,0,0.0,
c19_90,28.90281,41.23908,,0.0,1.0,,,C,,,,0.0,,0.0,0.0,0.0,0.0,0.0,0.0,0.0,0.0,0.015,0.984,0.0,0.001,0.0,kanıt yetersiz,0,0,1,0,0,0,,
c19_91,28.90281,41.24357,1.0,1.0,1.0,0.176,1.0,C,1.0,1.0,1.0,0.176,1.0,0.006,0.0,0.0,0.0,0.0,0.0,0.0,0.0,0.026,0.968,0.0,0.0,0.006,kanıt yetersiz,0,0,1,0,0,0,,
c19_92,28.90281,41.24806,1.0,0.081,1.0,0.044,1.0,C,1.0,1.0,1.0,0.044,0.196,0.002,0.0,0.0,0.0,0.0,0.0,0.0,0.0,0.045,0.93,0.024,0.0,0.002,kanıt yetersiz,0,0,1,0,0,0,,
c19_93,28.90281,41.25255,,0.0,1.0,,,C,,,,0.0,0.125,0.0,0.0,0.0,0.0,0.0,0.0,0.0,0.0,0.032,0.201,0.015,0.752,0.0,kanıt yetersiz,0,0,1,0,0,0,,
c19_94,28.90281,41.25704,,0.0,1.0,,,C,,,,0.0,,0.0,0.0,0.0,0.0,0.0,0.0,0.0,0.0,0.012,0.0,0.0,0.988,0.0,kanıt yetersiz,0,0,2,0,0,0,,
c19_95,28.90281,41.26153,,0.0,1.0,,,C,,,,0.0,0.125,0.0,0.0,0.0,0.0,0.0,0.0,0.0,0.0,0.005,0.0,0.0,0.995,0.0,kanıt yetersiz,0,0,1,0,0,0,,
c20_88,28.90876,41.2301,1.0,1.0,1.0,0.535,1.0,C,1.0,1.0,1.0,0.535,1.0,0.023,0.0,0.0,0.0,0.0,0.0,0.0,0.0,0.02,0.958,0.0,0.0,0.023,kanıt yetersiz,0,0,1,0,0,0,,
c20_89,28.90876,41.23459,0.478,0.15,0.836,0.207,0.616,C,0.616,0.539,0.418,0.207,0.455,0.01,0.0,0.054,0.009,0.0,0.0,0.0,0.0,0.096,0.67,0.005,0.155,0.073,kanıt yetersiz,999,0,3,0,0,0,0.0,
c20_90,28.90876,41.23908,0.375,0.011,0.981,0.025,0.571,C,0.571,0.425,0.325,0.025,0.208,0.0,0.0,0.0,0.0,0.0,0.0,0.0,0.0,0.004,0.987,0.001,0.008,0.0,kanıt yetersiz,0,0,1,0,0,0,,
c20_91,28.90876,41.24357,1.0,0.017,1.0,0.174,1.0,C,1.0,1.0,1.0,0.174,1.0,0.002,0.0,0.0,0.0,0.0,0.0,0.0,0.0,0.008,0.89,0.0,0.1,0.002,kanıt yetersiz,0,0,1,0,0,0,,
c20_92,28.90876,41.24806,0.82,0.02,0.996,0.266,0.83,C,0.823,0.83,0.809,0.266,0.502,0.015,0.0,0.0,0.0,0.004,0.0,0.0,0.0,0.038,0.205,0.015,0.723,0.018,kanıt yetersiz,0,0,2,0,0,0,,
c20_93,28.90876,41.25255,0.199,0.047,0.813,0.153,0.245,C,0.216,0.245,0.153,0.172,0.191,0.019,0.0,0.0,0.0,0.0,0.0,0.204,0.0,0.035,0.009,0.028,0.705,0.224,puan,0,0,1,0,0,0,,12.7
c20_94,28.90876,41.25704,0.288,0.018,0.957,0.21,0.329,C,0.302,0.329,0.246,0.21,0.27,0.011,0.0,0.0,0.0,0.001,0.0,0.048,0.0,0.022,0.0,0.007,0.911,0.06,kanıt yetersiz,0,0,1,0,0,0,,
c20_95,28.90876,41.26153,,0.0,1.0,,,C,,,,0.0,,0.0,0.0,0.0,0.0,0.0,0.0,0.0,0.0,0.0,0.0,0.0,1.0,0.0,kanıt yetersiz,0,0,2,0,0,0,,
c21_88,28.91471,41.2301,1.0,1.0,1.0,1.0,1.0,A,1.0,1.0,1.0,1.0,1.0,0.013,0.0,0.0,0.0,0.0,0.0,0.0,0.0,0.0,0.987,0.0,0.0,0.013,kanıt yetersiz,0,0,1,0,0,0,,
c21_89,28.91471,41.23459,1.0,0.267,1.0,0.178,1.0,C,1.0,1.0,1.0,0.178,0.996,0.017,0.0,0.0,0.0,0.0,0.0,0.0,0.0,0.079,0.857,0.0,0.047,0.017,kanıt yetersiz,1011,0,3,0,0,0,0.0,
c21_90,28.91471,41.23908,1.0,1.0,1.0,0.171,1.0,C,1.0,1.0,1.0,0.171,1.0,0.002,0.0,0.0,0.0,0.0,0.0,0.0,0.0,0.012,0.986,0.0,0.0,0.002,kanıt yetersiz,0,0,1,0,0,0,,
c21_91,28.91471,41.24357,1.0,0.524,1.0,0.323,1.0,C,1.0,1.0,1.0,0.323,1.0,0.02,0.0,0.0,0.0,0.0,0.0,0.0,0.0,0.042,0.92,0.0,0.018,0.02,kanıt yetersiz,0,0,1,0,0,0,,
c21_92,28.91471,41.24806,,0.0,1.0,,,C,,,,0.0,,0.0,0.0,0.0,0.0,0.0,0.0,0.0,0.0,0.019,0.38,0.0,0.601,0.0,kanıt yetersiz,0,0,1,0,0,0,,
c21_93,28.91471,41.25255,0.325,0.005,0.99,0.186,0.363,C,0.339,0.363,0.286,0.186,0.21,0.003,0.0,0.0,0.0,0.0,0.0,0.011,0.0,0.011,0.0,0.02,0.955,0.014,kanıt yetersiz,0,0,1,0,0,0,,
c21_94,28.91471,41.25704,0.575,0.068,0.95,0.521,0.6,C,0.583,0.6,0.55,0.521,0.547,0.06,0.0,0.0,0.001,0.002,0.0,0.055,0.0,0.012,0.0,0.008,0.863,0.117,puan,0,0,1,0,0,0,,68.7
c21_95,28.91471,41.26153,,0.0,1.0,,,C,,,,0.0,0.125,0.0,0.0,0.0,0.0,0.0,0.0,0.0,0.0,0.008,0.0,0.0,0.992,0.0,kanıt yetersiz,0,0,1,0,0,0,,
c22_88,28.92066,41.2301,1.0,1.0,1.0,0.776,1.0,C,1.0,1.0,1.0,0.776,1.0,0.02,0.0,0.0,0.0,0.0,0.0,0.0,0.0,0.006,0.975,0.0,0.0,0.02,kanıt yetersiz,0,0,1,0,0,0,,
c22_89,28.92066,41.23459,1.0,0.24,1.0,0.142,1.0,C,1.0,1.0,1.0,0.142,0.994,0.014,0.0,0.0,0.0,0.0,0.0,0.0,0.0,0.082,0.862,0.0,0.043,0.014,kanıt yetersiz,1035,0,3,1,0,1,1.0,
c22_90,28.92066,41.23908,1.0,0.539,1.0,0.33,1.0,C,1.0,1.0,1.0,0.33,1.0,0.011,0.0,0.0,0.0,0.0,0.0,0.0,0.0,0.022,0.959,0.0,0.009,0.011,kanıt yetersiz,0,0,1,0,0,0,,
c22_91,28.92066,41.24357,1.0,0.474,1.0,0.36,1.0,C,1.0,1.0,1.0,0.36,1.0,0.01,0.0,0.0,0.0,0.0,0.0,0.0,0.0,0.019,0.959,0.0,0.012,0.01,kanıt yetersiz,0,0,1,0,0,0,,
c22_92,28.92066,41.24806,1.0,0.001,1.0,0.032,1.0,C,1.0,1.0,1.0,0.032,1.0,0.001,0.0,0.0,0.0,0.0,0.0,0.0,0.0,0.017,0.318,0.0,0.665,0.001,kanıt yetersiz,0,0,1,0,0,0,,
c22_93,28.92066,41.25255,,0.0,1.0,,,C,,,,0.0,0.125,0.0,0.0,0.0,0.0,0.0,0.0,0.0,0.0,0.011,0.0,0.001,0.988,0.0,kanıt yetersiz,0,0,1,0,0,0,,
c22_94,28.92066,41.25704,,0.0,1.0,,,C,,,,0.0,0.125,0.0,0.0,0.0,0.0,0.0,0.0,0.0,0.0,0.004,0.0,0.0,0.996,0.0,kanıt yetersiz,0,0,2,0,0,0,,
c22_95,28.92066,41.26153,,0.0,1.0,,,C,,,,,0.125,0.0,0.0,0.0,0.0,0.0,0.0,0.0,0.0,0.0,0.0,0.0,1.0,0.0,kanıt yetersiz,0,0,2,0,0,0,,
c23_88,28.92661,41.2301,1.0,0.247,1.0,0.159,1.0,C,1.0,1.0,1.0,0.159,0.948,0.008,0.0,0.0,0.0,0.0,0.0,0.0,0.0,0.043,0.923,0.001,0.024,0.008,kanıt yetersiz,651,0,3,0,0,0,0.0,
c23_89,28.92661,41.23459,1.0,0.245,1.0,0.202,1.0,C,1.0,1.0,1.0,0.202,0.979,0.007,0.0,0.0,0.0,0.0,0.0,0.0,0.0,0.027,0.945,0.0,0.021,0.007,kanıt yetersiz,410,0,2,0,0,0,0.0,
c23_90,28.92661,41.23908,1.0,0.023,1.0,0.36,1.0,C,1.0,1.0,1.0,0.36,0.992,0.009,0.0,0.0,0.0,0.0,0.0,0.0,0.0,0.016,0.606,0.0,0.37,0.009,kanıt yetersiz,0,0,1,0,0,0,,
c23_91,28.92661,41.24357,1.0,0.006,1.0,0.195,1.0,C,1.0,1.0,1.0,0.195,0.823,0.004,0.0,0.0,0.0,0.0,0.0,0.0,0.0,0.016,0.333,0.001,0.646,0.004,kanıt yetersiz,0,0,1,0,0,0,,
c23_92,28.92661,41.24806,1.0,0.016,1.0,0.303,1.0,C,1.0,1.0,1.0,0.303,1.0,0.012,0.0,0.0,0.0,0.0,0.0,0.0,0.0,0.028,0.201,0.0,0.759,0.012,kanıt yetersiz,0,0,1,0,0,0,,
c23_93,28.92661,41.25255,,0.0,1.0,,,C,,,,0.0,,0.0,0.0,0.0,0.0,0.0,0.0,0.0,0.0,0.011,0.0,0.0,0.989,0.0,kanıt yetersiz,0,0,1,0,0,0,,
c23_94,28.92661,41.25704,,0.0,1.0,,,C,,,,0.0,,0.0,0.0,0.0,0.0,0.0,0.0,0.0,0.0,0.008,0.0,0.0,0.992,0.0,kanıt yetersiz,0,0,1,0,0,0,,
c23_95,28.92661,41.26153,,0.0,1.0,,,C,,,,0.0,0.125,0.0,0.0,0.0,0.0,0.0,0.0,0.0,0.0,0.014,0.0,0.003,0.983,0.0,kanıt yetersiz,0,0,1,0,0,0,,
c16_96,28.88496,41.26602,,,,,,C,,,,0.0,,0.0,0.0,0.0,0.0,0.0,0.0,0.0,0.0,0.006,0.994,0.0,0.0,0.0,kanıt yetersiz,0,0,1,0,0,0,,
c16_97,28.88496,41.27051,0.895,0.04,0.995,0.358,0.906,C,0.891,0.906,0.885,0.358,0.691,0.016,0.0,0.0,0.001,0.0,0.001,0.0,0.0,0.027,0.57,0.007,0.378,0.018,kanıt yetersiz,0,0,1,0,0,0,,
c16_98,28.88496,41.275,1.0,0.156,1.0,0.832,1.0,C,1.0,1.0,1.0,0.832,0.994,0.017,0.0,0.0,0.0,0.0,0.0,0.0,0.134,0.03,0.0,0.001,0.817,0.151,puan,0,0,1,0,0,0,,94.5
c17_96,28.89091,41.26602,,,,,,C,,,,,,0.0,0.0,0.0,0.0,0.0,0.0,0.0,0.0,0.0,1.0,0.0,0.0,0.0,kanıt yetersiz,0,0,1,0,0,0,,
c17_97,28.89091,41.27051,0.125,0.001,0.994,0.009,0.175,C,0.143,0.175,0.075,0.009,0.125,0.0,0.0,0.0,0.0,0.002,0.0,0.0,0.0,0.02,0.752,0.0,0.226,0.002,kanıt yetersiz,0,0,1,0,0,0,,
c17_98,28.89091,41.275,1.0,0.174,1.0,0.998,1.0,C,1.0,1.0,1.0,1.0,0.998,0.0,0.0,0.0,0.0,0.0,0.0,0.0,0.174,0.0,0.0,0.0,0.825,0.174,puan,0,0,1,0,0,0,,94.5
c18_96,28.89686,41.26602,,0.0,1.0,,,C,,,,0.0,,0.0,0.0,0.0,0.0,0.0,0.0,0.0,0.0,0.017,0.933,0.0,0.05,0.0,kanıt yetersiz,0,0,1,0,0,0,,
c18_97,28.89686,41.27051,,0.0,1.0,,,C,,,,0.0,0.125,0.0,0.0,0.0,0.0,0.0,0.0,0.0,0.0,0.02,0.228,0.002,0.75,0.0,kanıt yetersiz,0,0,1,0,0,0,,
c18_98,28.89686,41.275,1.0,0.171,1.0,0.999,1.0,C,1.0,1.0,1.0,1.0,0.999,0.0,0.0,0.0,0.0,0.0,0.0,0.0,0.171,0.0,0.0,0.0,0.829,0.171,puan,0,0,1,0,0,0,,94.5
c19_96,28.90281,41.26602,0.125,0.0,1.0,0.005,0.175,C,0.143,0.175,0.075,0.005,0.125,0.0,0.0,0.0,0.0,0.001,0.0,0.0,0.0,0.013,0.034,0.002,0.95,0.001,kanıt yetersiz,0,0,1,0,0,0,,
c19_97,28.90281,41.27051,1.0,0.022,1.0,0.629,1.0,C,1.0,1.0,1.0,0.629,0.993,0.0,0.0,0.0,0.0,0.0,0.0,0.0,0.019,0.011,0.125,0.0,0.845,0.019,kanıt yetersiz,0,0,1,0,0,0,,
c20_96,28.90876,41.26602,,0.0,1.0,,,C,,,,0.0,0.125,0.0,0.0,0.0,0.0,0.0,0.0,0.0,0.0,0.008,0.0,0.0,0.992,0.0,kanıt yetersiz,0,0,1,0,0,0,,
c20_97,28.90876,41.27051,1.0,0.191,1.0,0.951,1.0,C,1.0,1.0,1.0,0.951,0.999,0.0,0.0,0.0,0.0,0.0,0.0,0.0,0.189,0.01,0.0,0.0,0.801,0.189,puan,0,0,1,0,0,0,,94.5
c21_96,28.91471,41.26602,,0.0,1.0,,,C,,,,0.0,0.125,0.0,0.0,0.0,0.0,0.0,0.0,0.0,0.0,0.018,0.0,0.0,0.982,0.0,kanıt yetersiz,0,0,2,0,0,0,,
c21_97,28.91471,41.27051,1.0,0.121,1.0,0.923,1.0,C,1.0,1.0,1.0,0.923,1.0,0.0,0.0,0.0,0.0,0.0,0.0,0.0,0.12,0.01,0.0,0.0,0.87,0.12,puan,0,0,1,0,0,0,,94.5
c22_96,28.92066,41.26602,,0.0,1.0,,,C,,,,0.0,0.125,0.0,0.0,0.0,0.0,0.0,0.0,0.0,0.0,0.014,0.0,0.002,0.984,0.0,kanıt yetersiz,0,0,2,0,0,0,,
c22_97,28.92066,41.27051,1.0,0.085,1.0,0.906,1.0,C,1.0,1.0,1.0,0.906,1.0,0.0,0.0,0.0,0.0,0.0,0.0,0.0,0.085,0.009,0.0,0.0,0.907,0.085,kanıt yetersiz,0,0,1,0,0,0,,
c23_96,28.92661,41.26602,1.0,0.011,1.0,0.655,1.0,C,1.0,1.0,1.0,0.655,0.88,0.0,0.0,0.0,0.0,0.0,0.0,0.0,0.011,0.006,0.0,0.002,0.982,0.011,kanıt yetersiz,0,0,1,0,0,0,,
c23_97,28.92661,41.27051,1.0,0.207,1.0,0.982,1.0,C,1.0,1.0,1.0,0.982,1.0,0.0,0.0,0.0,0.0,0.0,0.0,0.0,0.206,0.004,0.0,0.0,0.79,0.206,puan,0,0,1,0,0,0,,94.5
c16_32,28.88496,40.97866,0.634,0.493,0.716,0.477,0.698,C,0.622,0.698,0.57,0.477,0.582,0.242,0.001,0.002,0.155,0.027,0.0,0.142,0.051,0.203,0.0,0.071,0.107,0.619,puan,2943,0,3,9,7,2,3.1,73.4
c16_33,28.88496,40.98315,0.544,0.324,0.728,0.479,0.586,C,0.544,0.586,0.502,0.479,0.513,0.235,0.0,0.031,0.095,0.006,0.14,0.045,0.0,0.075,0.0,0.044,0.329,0.552,puan,1035,1941,2,2,2,0,0.7,65.3
c16_34,28.88496,40.98764,0.48,0.346,0.626,0.423,0.514,B,0.505,0.514,0.447,0.423,0.463,0.24,0.0,0.083,0.046,0.047,0.119,0.121,0.0,0.088,0.0,0.033,0.222,0.657,puan,1186,0,3,7,7,0,5.9,56.9
c16_35,28.88496,40.99213,0.439,0.376,0.519,0.367,0.509,B,0.436,0.509,0.369,0.367,0.421,0.188,0.001,0.02,0.169,0.019,0.024,0.313,0.0,0.145,0.0,0.045,0.077,0.733,puan,906,0,2,0,0,0,0.0,51.1
c16_36,28.88496,40.99662,0.517,0.38,0.645,0.422,0.613,B,0.526,0.613,0.422,0.43,0.503,0.153,0.0,0.103,0.244,0.06,0.0,0.08,0.0,0.13,0.0,0.025,0.205,0.639,puan,1089,0,4,6,6,0,5.5,61.6
c16_37,28.88496,41.00111,0.719,0.596,0.767,0.551,0.757,C,0.729,0.757,0.68,0.551,0.712,0.396,0.0,0.065,0.098,0.019,0.053,0.03,0.0,0.202,0.0,0.008,0.128,0.662,puan,6272,131,12,5,4,1,0.8,78.6
c16_38,28.88496,41.0056,0.312,0.308,0.321,0.242,0.381,B,0.313,0.381,0.242,0.293,0.312,0.127,0.002,0.005,0.167,0.158,0.015,0.454,0.0,0.059,0.0,0.002,0.01,0.929,puan,475,471,2,2,2,0,2.1,24.0
c16_39,28.88496,41.01009,0.357,0.349,0.371,0.246,0.468,C,0.335,0.468,0.246,0.329,0.357,0.071,0.0,0.002,0.391,0.399,0.0,0.041,0.0,0.077,0.0,0.0,0.02,0.904,puan,0,0,1,0,0,0,,33.9
c17_33,28.89091,40.98315,0.66,0.468,0.759,0.553,0.682,B,0.67,0.682,0.638,0.553,0.622,0.343,0.0,0.041,0.04,0.017,0.106,0.052,0.025,0.121,0.0,0.049,0.207,0.623,puan,1616,2298,2,14,13,1,3.6,75.0
c17_34,28.89091,40.98764,0.841,0.688,0.87,0.776,0.856,A,0.854,0.856,0.826,0.776,0.821,0.602,0.0,0.05,0.023,0.036,0.0,0.054,0.0,0.064,0.0,0.022,0.148,0.766,puan,1057,0,2,0,0,0,0.0,85.4
c17_35,28.89091,40.99213,0.386,0.203,0.677,0.298,0.444,C,0.406,0.444,0.328,0.298,0.329,0.095,0.0,0.059,0.075,0.02,0.058,0.148,0.0,0.134,0.0,0.127,0.283,0.456,puan,1206,0,2,5,5,0,4.1,40.9
c17_36,28.89091,40.99662,0.52,0.473,0.564,0.5,0.541,A,0.528,0.541,0.5,0.507,0.504,0.413,0.0,0.017,0.016,0.279,0.164,0.0,0.0,0.023,0.0,0.039,0.049,0.889,puan,380,0,3,1,1,0,2.6,62.1
c17_37,28.89091,41.00111,0.728,0.594,0.778,0.638,0.742,B,0.742,0.742,0.713,0.638,0.701,0.491,0.0,0.06,0.03,0.033,0.117,0.0,0.0,0.103,0.0,0.034,0.131,0.732,puan,2617,3713,7,5,4,1,0.8,79.4
c17_38,28.89091,41.0056,0.417,0.398,0.444,0.338,0.497,B,0.416,0.497,0.338,0.339,0.416,0.161,0.002,0.038,0.216,0.083,0.025,0.258,0.0,0.181,0.0,0.003,0.035,0.782,puan,2123,81,6,1,1,0,0.5,47.0
c17_39,28.89091,41.01009,0.372,0.353,0.403,0.288,0.456,B,0.362,0.456,0.288,0.338,0.369,0.14,0.001,0.002,0.25,0.217,0.021,0.237,0.0,0.087,0.0,0.011,0.034,0.868,puan,0,0,1,0,0,0,,37.6
c18_32,28.89686,40.97866,0.955,0.484,0.977,0.586,0.963,C,0.963,0.957,0.952,0.586,0.916,0.103,0.0,0.017,0.0,0.0,0.006,0.0,0.257,0.242,0.0,0.019,0.355,0.384,puan,825,0,2,1,1,0,1.2,90.0
c18_33,28.89686,40.98315,0.376,0.279,0.538,0.285,0.44,B,0.374,0.44,0.312,0.285,0.354,0.125,0.002,0.008,0.119,0.147,0.066,0.129,0.002,0.192,0.0,0.058,0.152,0.599,puan,832,3058,3,5,5,0,1.3,38.5
c18_34,28.89686,40.98764,0.337,0.326,0.357,0.263,0.41,B,0.335,0.41,0.263,0.273,0.33,0.12,0.003,0.003,0.161,0.307,0.0,0.197,0.0,0.185,0.0,0.025,0.0,0.791,puan,0,0,1,0,0,0,,29.0
c18_35,28.89686,40.99213,0.288,0.279,0.31,0.222,0.354,B,0.295,0.354,0.222,0.24,0.284,0.095,0.001,0.018,0.118,0.319,0.0,0.261,0.0,0.162,0.0,0.02,0.006,0.812,puan,1213,0,3,0,0,0,0.0,20.5
c18_36,28.89686,40.99662,0.31,0.274,0.389,0.249,0.371,B,0.32,0.371,0.249,0.253,0.302,0.102,0.0,0.054,0.126,0.255,0.114,0.086,0.0,0.167,0.0,0.033,0.063,0.737,puan,1146,0,2,3,3,0,2.6,23.6
c18_37,28.89686,41.00111,0.308,0.291,0.347,0.246,0.37,B,0.311,0.37,0.246,0.251,0.303,0.116,0.003,0.007,0.12,0.335,0.057,0.139,0.0,0.178,0.0,0.022,0.024,0.776,puan,893,1554,4,2,2,0,0.8,23.1
c18_38,28.89686,41.0056,0.376,0.323,0.465,0.305,0.448,B,0.378,0.448,0.305,0.307,0.364,0.136,0.0,0.025,0.152,0.348,0.014,0.043,0.0,0.162,0.0,0.036,0.083,0.719,puan,2177,329,3,6,5,1,2.4,38.5
c18_39,28.89686,41.01009,0.368,0.322,0.448,0.29,0.447,B,0.36,0.447,0.29,0.318,0.364,0.128,0.0,0.017,0.216,0.151,0.084,0.171,0.0,0.121,0.0,0.013,0.098,0.768,puan,1425,0,2,4,4,0,2.8,36.5
c19_32,28.90281,40.97866,0.886,0.428,0.945,0.575,0.907,C,0.905,0.907,0.866,0.575,0.886,0.151,0.0,0.048,0.028,0.0,0.0,0.0,0.157,0.208,0.0,0.0,0.409,0.383,puan,1354,0,2,3,3,0,2.2,87.4
c19_33,28.90281,40.98315,0.32,0.199,0.577,0.24,0.4,B,0.313,0.4,0.24,0.26,0.313,0.064,0.001,0.006,0.147,0.095,0.05,0.181,0.0,0.127,0.0,0.021,0.309,0.544,puan,263,2188,1,0,0,0,0.0,25.6
c19_34,28.90281,40.98764,0.358,0.347,0.379,0.272,0.445,B,0.351,0.445,0.272,0.291,0.358,0.108,0.003,0.015,0.236,0.258,0.027,0.142,0.0,0.185,0.0,0.002,0.024,0.789,puan,0,328,1,1,0,1,3.0,34.2
c19_35,28.90281,40.99213,0.37,0.366,0.376,0.287,0.453,B,0.362,0.453,0.287,0.29,0.37,0.124,0.002,0.005,0.213,0.295,0.0,0.14,0.0,0.213,0.0,0.0,0.008,0.779,puan,0,0,1,0,0,0,,37.0
c19_36,28.90281,40.99662,0.414,0.385,0.455,0.342,0.483,B,0.41,0.483,0.345,0.342,0.41,0.186,0.001,0.008,0.169,0.269,0.031,0.113,0.0,0.164,0.0,0.011,0.047,0.777,puan,0,0,1,0,0,0,,46.4
c19_37,28.90281,41.00111,0.347,0.345,0.349,0.277,0.417,B,0.346,0.417,0.277,0.288,0.346,0.141,0.002,0.005,0.159,0.392,0.013,0.114,0.0,0.17,0.0,0.002,0.001,0.827,puan,0,1,1,0,0,0,,31.4
c19_38,28.90281,41.0056,0.318,0.242,0.481,0.242,0.394,B,0.309,0.394,0.242,0.259,0.277,0.082,0.0,0.002,0.169,0.216,0.085,0.095,0.0,0.147,0.0,0.174,0.031,0.649,puan,0,1013,2,1,0,1,1.0,25.3
c19_39,28.90281,41.01009,0.27,0.248,0.329,0.231,0.304,A,0.261,0.304,0.235,0.231,0.267,0.146,0.0,0.004,0.124,0.047,0.476,0.002,0.0,0.132,0.0,0.016,0.055,0.798,puan,3502,0,7,0,0,0,0.0,18.5
c20_33,28.90876,40.98315,0.557,0.436,0.653,0.447,0.608,B,0.558,0.608,0.506,0.447,0.538,0.239,0.0,0.016,0.098,0.021,0.009,0.233,0.04,0.162,0.0,0.03,0.152,0.656,puan,1606,0,1,0,0,0,0.0,66.9
c20_34,28.90876,40.98764,0.659,0.508,0.738,0.511,0.702,B,0.662,0.702,0.616,0.511,0.635,0.34,0.001,0.028,0.094,0.067,0.029,0.071,0.0,0.183,0.0,0.029,0.159,0.629,puan,1770,805,2,3,2,1,1.2,74.9
c20_35,28.90876,40.99213,0.368,0.353,0.393,0.293,0.443,B,0.366,0.443,0.293,0.301,0.367,0.14,0.001,0.014,0.179,0.272,0.008,0.177,0.0,0.176,0.0,0.003,0.03,0.791,puan,0,324,1,0,0,0,0.0,36.5
c20_36,28.90876,40.99662,0.536,0.502,0.566,0.457,0.614,B,0.522,0.614,0.458,0.457,0.529,0.273,0.004,0.006,0.251,0.163,0.036,0.072,0.0,0.14,0.0,0.014,0.041,0.805,puan,0,0,1,0,0,0,,64.3
c20_37,28.90876,41.00111,0.358,0.353,0.368,0.273,0.443,B,0.353,0.443,0.273,0.295,0.358,0.113,0.003,0.016,0.228,0.305,0.0,0.148,0.0,0.174,0.0,0.001,0.012,0.813,puan,0,0,1,0,0,0,,34.2
c20_38,28.90876,41.0056,0.417,0.323,0.548,0.329,0.482,B,0.414,0.482,0.351,0.329,0.372,0.16,0.002,0.007,0.129,0.105,0.032,0.206,0.0,0.172,0.0,0.117,0.069,0.641,puan,0,1425,2,1,0,1,0.7,47.0
c20_39,28.90876,41.01009,0.392,0.318,0.506,0.319,0.454,B,0.389,0.454,0.33,0.319,0.368,0.161,0.0,0.004,0.125,0.069,0.048,0.278,0.0,0.155,0.0,0.068,0.092,0.685,puan,497,1022,2,0,0,0,0.0,42.1
c21_34,28.91471,40.98764,0.814,0.64,0.854,0.684,0.824,B,0.818,0.824,0.803,0.684,0.813,0.536,0.0,0.0,0.0,0.142,0.0,0.003,0.002,0.129,0.0,0.001,0.186,0.684,puan,1797,0,2,1,0,1,0.6,84.0
c21_35,28.91471,40.99213,0.448,0.352,0.567,0.404,0.493,B,0.493,0.493,0.404,0.411,0.444,0.201,0.0,0.181,0.081,0.146,0.116,0.008,0.0,0.067,0.0,0.009,0.191,0.732,puan,0,1516,1,1,0,1,0.7,52.8
c21_36,28.91471,40.99662,0.481,0.455,0.508,0.366,0.595,C,0.453,0.595,0.366,0.419,0.479,0.16,0.0,0.008,0.41,0.196,0.002,0.055,0.0,0.122,0.0,0.003,0.043,0.832,puan,0,0,1,0,0,0,,57.0
c21_37,28.91471,41.00111,0.371,0.365,0.38,0.255,0.486,C,0.342,0.486,0.255,0.328,0.37,0.07,0.001,0.007,0.438,0.163,0.108,0.083,0.0,0.112,0.005,0.004,0.009,0.87,puan,0,0,1,0,0,0,,37.3
c21_38,28.91471,41.0056,0.792,0.636,0.833,0.703,0.818,B,0.791,0.818,0.767,0.703,0.77,0.521,0.0,0.008,0.065,0.05,0.024,0.05,0.0,0.091,0.014,0.025,0.152,0.718,puan,0,0,1,0,0,0,,82.9
c21_39,28.91471,41.01009,0.741,0.608,0.788,0.659,0.765,B,0.742,0.765,0.717,0.659,0.687,0.505,0.0,0.012,0.053,0.038,0.048,0.089,0.0,0.093,0.0,0.071,0.092,0.744,puan,0,0,1,0,0,0,,80.3
c22_34,28.92066,40.98764,0.877,0.8,0.888,0.727,0.884,B,0.879,0.884,0.87,0.727,0.874,0.615,0.0,0.0,0.0,0.108,0.0,0.0,0.044,0.158,0.0,0.003,0.071,0.768,puan,1546,0,3,3,2,1,1.9,87.0
c22_35,28.92066,40.99213,0.538,0.424,0.636,0.462,0.565,B,0.542,0.565,0.511,0.462,0.514,0.312,0.0,0.008,0.036,0.197,0.104,0.009,0.0,0.109,0.045,0.042,0.138,0.666,puan,1247,1470,3,14,14,0,5.2,64.5
c22_36,28.92066,40.99662,0.487,0.349,0.633,0.37,0.605,C,0.5,0.605,0.37,0.44,0.456,0.083,0.0,0.142,0.302,0.026,0.0,0.058,0.0,0.066,0.081,0.057,0.186,0.612,puan,1007,0,2,2,2,0,2.0,57.7
c22_37,28.92066,41.00111,0.467,0.298,0.659,0.383,0.518,B,0.482,0.518,0.415,0.383,0.433,0.152,0.0,0.065,0.092,0.037,0.108,0.045,0.0,0.109,0.111,0.054,0.227,0.499,puan,1124,0,2,4,4,0,3.6,55.3
c22_38,28.92066,41.0056,0.805,0.669,0.838,0.717,0.82,B,0.812,0.82,0.79,0.717,0.783,0.536,0.0,0.019,0.014,0.068,0.0,0.067,0.0,0.087,0.066,0.023,0.119,0.704,puan,1034,0,2,6,6,0,5.8,83.3
c22_39,28.92066,41.01009,0.927,0.814,0.936,0.864,0.932,A,0.929,0.932,0.923,0.864,0.9,0.702,0.0,0.0,0.003,0.054,0.0,0.008,0.0,0.056,0.07,0.027,0.08,0.767,puan,999,0,2,1,1,0,1.0,88.9
c23_35,28.92661,40.99213,0.521,0.334,0.694,0.409,0.549,B,0.534,0.549,0.493,0.409,0.448,0.187,0.003,0.013,0.011,0.041,0.035,0.199,0.054,0.15,0.0,0.124,0.182,0.544,puan,1287,923,5,2,0,2,0.9,62.3
c23_36,28.92661,40.99662,0.357,0.228,0.589,0.278,0.417,B,0.36,0.417,0.296,0.289,0.278,0.113,0.002,0.004,0.081,0.042,0.02,0.292,0.0,0.131,0.0,0.288,0.027,0.555,puan,0,222,1,0,0,0,0.0,33.9
c23_37,28.92661,41.00111,0.369,0.224,0.616,0.279,0.43,B,0.382,0.43,0.307,0.3,0.279,0.107,0.003,0.03,0.075,0.025,0.0,0.293,0.0,0.123,0.0,0.312,0.032,0.533,puan,0,0,1,0,0,0,,36.8
c23_38,28.92661,41.0056,0.376,0.267,0.557,0.306,0.446,B,0.379,0.446,0.306,0.311,0.31,0.119,0.003,0.016,0.122,0.039,0.001,0.317,0.0,0.13,0.0,0.22,0.033,0.617,puan,0,0,1,0,0,0,,38.5
c23_39,28.92661,41.01009,0.375,0.248,0.588,0.3,0.437,B,0.387,0.437,0.314,0.303,0.3,0.118,0.001,0.033,0.082,0.057,0.0,0.278,0.0,0.137,0.0,0.244,0.049,0.57,puan,0,0,1,0,0,0,,38.3
c16_40,28.88496,41.01458,0.327,0.316,0.348,0.227,0.426,B,0.314,0.426,0.227,0.303,0.325,0.068,0.0,0.011,0.319,0.423,0.0,0.08,0.0,0.07,0.0,0.005,0.024,0.901,puan,0,0,1,0,0,0,,27.1
c16_41,28.88496,41.01907,0.343,0.332,0.363,0.241,0.444,C,0.323,0.444,0.241,0.304,0.342,0.077,0.001,0.001,0.343,0.352,0.072,0.017,0.0,0.108,0.0,0.001,0.028,0.864,puan,1901,0,1,0,0,0,0.0,30.6
c16_42,28.88496,41.02356,0.366,0.361,0.376,0.271,0.461,B,0.451,0.461,0.271,0.352,0.366,0.056,0.345,0.0,0.161,0.384,0.0,0.0,0.0,0.039,0.0,0.0,0.014,0.947,puan,0,0,1,0,0,0,,35.9
c16_43,28.88496,41.02805,0.452,0.445,0.461,0.362,0.6,C,0.6,0.541,0.362,0.421,0.451,0.103,0.535,0.025,0.052,0.145,0.0,0.057,0.0,0.068,0.0,0.001,0.014,0.917,puan,0,0,1,0,0,0,,53.5
c16_44,28.88496,41.03254,0.409,0.353,0.49,0.326,0.492,B,0.476,0.492,0.326,0.343,0.38,0.107,0.199,0.02,0.12,0.168,0.014,0.111,0.0,0.144,0.0,0.086,0.031,0.739,puan,0,0,1,0,0,0,,45.5
c16_45,28.88496,41.03703,0.519,0.329,0.696,0.404,0.606,C,0.529,0.606,0.433,0.404,0.424,0.147,0.017,0.052,0.172,0.029,0.002,0.118,0.0,0.153,0.0,0.17,0.14,0.536,puan,259,0,1,0,0,0,0.0,62.0
c16_46,28.88496,41.04152,0.587,0.3,0.789,0.394,0.65,C,0.614,0.65,0.524,0.394,0.47,0.154,0.002,0.077,0.086,0.018,0.0,0.068,0.0,0.198,0.012,0.136,0.25,0.404,puan,3055,0,5,0,0,0,0.0,69.5
c16_47,28.88496,41.04601,0.7,0.571,0.755,0.536,0.778,C,0.681,0.778,0.622,0.536,0.672,0.326,0.0,0.014,0.231,0.01,0.0,0.072,0.0,0.2,0.0,0.033,0.114,0.653,puan,4952,0,10,0,0,0,0.0,77.6
c17_40,28.89091,41.01458,0.294,0.288,0.307,0.236,0.351,B,0.298,0.351,0.236,0.257,0.291,0.125,0.002,0.016,0.119,0.131,0.108,0.36,0.0,0.122,0.0,0.011,0.006,0.861,puan,0,0,1,0,0,0,,21.2
c17_41,28.89091,41.01907,0.389,0.385,0.395,0.286,0.491,C,0.419,0.491,0.286,0.362,0.387,0.087,0.186,0.0,0.306,0.137,0.096,0.11,0.0,0.067,0.0,0.007,0.002,0.923,puan,1476,0,1,3,2,1,2.0,41.5
c17_42,28.89091,41.02356,0.733,0.733,0.733,0.685,0.83,B,0.83,0.781,0.685,0.733,0.733,0.539,0.389,0.002,0.007,0.063,0.0,0.0,0.0,0.0,0.0,0.0,0.0,1.0,puan,0,0,1,0,0,0,,79.8
c17_43,28.89091,41.02805,0.534,0.528,0.539,0.461,0.669,C,0.669,0.607,0.461,0.525,0.53,0.241,0.514,0.016,0.018,0.179,0.0,0.005,0.0,0.017,0.0,0.01,0.001,0.972,puan,0,0,1,0,0,0,,64.0
c17_44,28.89091,41.03254,0.489,0.264,0.724,0.322,0.557,C,0.526,0.557,0.421,0.345,0.322,0.127,0.067,0.006,0.067,0.048,0.001,0.125,0.0,0.185,0.0,0.374,0.001,0.441,puan,0,0,1,0,0,0,,58.0
c17_45,28.89091,41.03703,0.713,0.438,0.824,0.509,0.746,C,0.733,0.746,0.681,0.509,0.6,0.254,0.0,0.047,0.034,0.043,0.0,0.041,0.0,0.169,0.149,0.1,0.163,0.419,puan,2713,0,2,5,3,2,1.8,78.2
c17_46,28.89091,41.04152,0.688,0.482,0.781,0.609,0.766,B,0.69,0.766,0.609,0.629,0.678,0.265,0.0,0.076,0.198,0.007,0.0,0.031,0.0,0.054,0.121,0.01,0.237,0.578,puan,18,0,1,0,0,0,,76.8
c17_47,28.89091,41.04601,0.676,0.55,0.737,0.546,0.785,C,0.641,0.785,0.568,0.546,0.676,0.276,0.0,0.003,0.357,0.017,0.0,0.029,0.0,0.162,0.0,0.001,0.155,0.682,puan,2662,0,2,1,1,0,0.4,76.1
c18_40,28.89686,41.01458,0.468,0.419,0.523,0.437,0.498,A,0.475,0.498,0.437,0.439,0.454,0.323,0.0,0.033,0.063,0.145,0.199,0.083,0.0,0.056,0.0,0.036,0.062,0.847,puan,0,0,1,0,0,0,,55.5
c18_41,28.89686,41.01907,0.438,0.415,0.467,0.378,0.543,B,0.543,0.497,0.378,0.391,0.431,0.175,0.358,0.017,0.031,0.052,0.204,0.016,0.0,0.101,0.0,0.018,0.028,0.852,puan,1364,0,3,3,3,0,2.2,50.9
c18_42,28.89686,41.02356,0.488,0.427,0.552,0.403,0.656,C,0.656,0.573,0.403,0.414,0.479,0.084,0.376,0.025,0.008,0.059,0.0,0.032,0.0,0.105,0.227,0.016,0.067,0.585,puan,858,0,2,0,0,0,0.0,57.9
c18_43,28.89686,41.02805,0.491,0.316,0.673,0.355,0.543,B,0.507,0.543,0.438,0.355,0.371,0.169,0.021,0.016,0.061,0.065,0.012,0.151,0.0,0.189,0.043,0.239,0.034,0.494,puan,1298,0,3,1,0,1,0.8,58.2
c18_44,28.89686,41.03254,0.512,0.322,0.693,0.37,0.571,C,0.516,0.571,0.452,0.37,0.391,0.178,0.002,0.021,0.09,0.043,0.0,0.172,0.0,0.194,0.0,0.229,0.069,0.507,puan,1743,0,2,7,6,1,4.0,61.0
c18_45,28.89686,41.03703,0.594,0.48,0.672,0.481,0.635,B,0.592,0.635,0.553,0.481,0.513,0.333,0.0,0.004,0.083,0.059,0.042,0.158,0.0,0.159,0.0,0.141,0.02,0.68,puan,2129,0,4,8,8,0,3.8,70.2
c18_46,28.89686,41.04152,0.815,0.649,0.853,0.66,0.846,B,0.811,0.846,0.784,0.66,0.741,0.492,0.0,0.007,0.081,0.011,0.006,0.073,0.0,0.158,0.0,0.081,0.091,0.67,puan,1503,0,3,7,7,0,4.7,84.0
c18_47,28.89686,41.04601,0.616,0.45,0.719,0.487,0.745,C,0.581,0.745,0.487,0.512,0.611,0.179,0.0,0.027,0.397,0.009,0.002,0.022,0.0,0.129,0.0,0.007,0.228,0.636,puan,239,0,1,3,3,0,12.5,72.2
c19_40,28.90281,41.01458,0.527,0.409,0.633,0.432,0.603,B,0.528,0.603,0.451,0.432,0.517,0.216,0.028,0.009,0.176,0.112,0.008,0.113,0.0,0.146,0.0,0.018,0.173,0.663,puan,1725,0,2,0,0,0,0.0,63.3
c19_41,28.90281,41.01907,0.334,0.288,0.426,0.278,0.39,B,0.343,0.39,0.278,0.288,0.325,0.131,0.006,0.017,0.087,0.365,0.053,0.043,0.0,0.111,0.076,0.033,0.079,0.701,puan,1565,0,3,4,3,1,2.6,28.5
c19_42,28.90281,41.02356,0.309,0.255,0.429,0.244,0.373,B,0.315,0.373,0.244,0.283,0.296,0.108,0.0,0.022,0.119,0.308,0.03,0.178,0.0,0.071,0.002,0.056,0.106,0.766,puan,505,0,1,0,0,0,0.0,23.3
c19_43,28.90281,41.02805,0.275,0.242,0.361,0.209,0.341,B,0.285,0.341,0.209,0.255,0.261,0.082,0.001,0.031,0.116,0.567,0.0,0.028,0.0,0.064,0.0,0.084,0.028,0.825,puan,149,0,1,3,3,0,20.2,19.0
c19_44,28.90281,41.03254,0.37,0.26,0.557,0.295,0.445,B,0.366,0.445,0.295,0.305,0.299,0.111,0.002,0.002,0.139,0.253,0.004,0.1,0.0,0.13,0.0,0.249,0.01,0.612,puan,0,0,1,0,0,0,,37.0
c19_45,28.90281,41.03703,0.471,0.249,0.721,0.317,0.534,C,0.49,0.534,0.409,0.324,0.317,0.122,0.001,0.049,0.076,0.018,0.0,0.16,0.0,0.193,0.0,0.343,0.038,0.426,puan,0,0,1,0,0,0,,55.9
c19_46,28.90281,41.04152,0.355,0.252,0.54,0.279,0.418,B,0.351,0.418,0.291,0.279,0.307,0.114,0.001,0.013,0.129,0.057,0.114,0.17,0.0,0.161,0.0,0.157,0.084,0.597,puan,1174,0,2,0,0,0,0.0,33.4
c19_47,28.90281,41.04601,0.336,0.219,0.566,0.29,0.382,B,0.342,0.382,0.29,0.294,0.297,0.127,0.003,0.019,0.073,0.098,0.147,0.13,0.0,0.086,0.0,0.137,0.18,0.597,puan,24,0,1,1,1,0,,28.9
c20_40,28.90876,41.01458,0.417,0.367,0.486,0.318,0.482,B,0.445,0.482,0.351,0.318,0.409,0.157,0.089,0.004,0.11,0.06,0.068,0.204,0.0,0.214,0.0,0.02,0.073,0.693,puan,3153,1013,4,4,3,1,1.0,47.0
c20_41,28.90876,41.01907,0.295,0.265,0.367,0.199,0.392,B,0.288,0.392,0.199,0.272,0.289,0.04,0.028,0.0,0.286,0.319,0.077,0.084,0.0,0.072,0.0,0.031,0.064,0.833,puan,692,0,2,0,0,0,0.0,21.3
c20_42,28.90876,41.02356,0.223,0.21,0.267,0.161,0.285,B,0.23,0.285,0.161,0.216,0.218,0.06,0.0,0.009,0.107,0.647,0.044,0.049,0.0,0.028,0.0,0.045,0.01,0.917,puan,0,0,1,0,0,0,,14.2
c20_43,28.90876,41.02805,0.276,0.255,0.33,0.205,0.346,B,0.278,0.346,0.205,0.256,0.266,0.084,0.007,0.0,0.148,0.611,0.014,0.0,0.0,0.065,0.0,0.058,0.013,0.864,puan,0,0,1,0,0,0,,19.1
c20_44,28.90876,41.03254,0.318,0.209,0.552,0.238,0.399,B,0.312,0.399,0.238,0.261,0.272,0.066,0.0,0.006,0.148,0.26,0.029,0.066,0.0,0.125,0.0,0.179,0.121,0.575,puan,0,0,1,0,0,0,,25.3
c20_45,28.90876,41.03703,0.459,0.29,0.659,0.341,0.545,C,0.456,0.545,0.374,0.341,0.343,0.119,0.003,0.027,0.164,0.05,0.005,0.149,0.0,0.18,0.0,0.278,0.025,0.517,puan,144,0,1,0,0,0,0.0,54.3
c20_46,28.90876,41.04152,0.598,0.34,0.771,0.43,0.662,C,0.591,0.662,0.535,0.43,0.457,0.202,0.002,0.009,0.113,0.083,0.015,0.042,0.0,0.182,0.0,0.198,0.154,0.465,puan,1513,0,2,4,3,1,2.6,70.6
c20_47,28.90876,41.04601,0.615,0.318,0.801,0.464,0.674,C,0.612,0.674,0.555,0.482,0.464,0.205,0.0,0.022,0.104,0.102,0.019,0.0,0.0,0.124,0.0,0.201,0.223,0.453,puan,789,0,3,13,13,0,16.5,72.2
c21_40,28.91471,41.01458,0.275,0.241,0.365,0.231,0.319,A,0.278,0.319,0.231,0.256,0.269,0.134,0.009,0.0,0.085,0.24,0.227,0.127,0.0,0.061,0.0,0.035,0.082,0.823,puan,55,501,2,0,0,0,0.0,19.0
c21_41,28.91471,41.01907,0.385,0.314,0.498,0.298,0.446,B,0.401,0.446,0.324,0.298,0.38,0.144,0.04,0.005,0.091,0.258,0.03,0.091,0.0,0.192,0.0,0.013,0.135,0.659,puan,4854,1432,7,4,2,2,0.6,40.7
c21_42,28.91471,41.02356,0.315,0.292,0.365,0.212,0.418,C,0.299,0.418,0.212,0.295,0.31,0.045,0.0,0.02,0.351,0.329,0.086,0.039,0.0,0.059,0.0,0.026,0.043,0.872,puan,653,0,2,0,0,0,0.0,24.8
c21_43,28.91471,41.02805,0.3,0.269,0.372,0.221,0.378,B,0.296,0.378,0.221,0.286,0.283,0.089,0.001,0.0,0.193,0.569,0.003,0.005,0.0,0.041,0.0,0.092,0.007,0.86,puan,598,0,2,2,2,0,3.3,21.9
c21_44,28.91471,41.03254,0.362,0.315,0.444,0.278,0.447,B,0.349,0.447,0.278,0.307,0.339,0.113,0.001,0.001,0.229,0.293,0.057,0.058,0.0,0.136,0.0,0.082,0.029,0.753,puan,1875,0,4,5,5,0,2.7,35.2
c21_45,28.91471,41.03703,0.47,0.33,0.628,0.327,0.55,C,0.462,0.55,0.39,0.327,0.389,0.14,0.003,0.009,0.151,0.101,0.001,0.124,0.0,0.231,0.016,0.162,0.062,0.528,puan,3587,0,7,5,5,0,1.4,55.8
c21_46,28.91471,41.04152,0.398,0.236,0.643,0.312,0.483,C,0.384,0.483,0.314,0.312,0.378,0.094,0.001,0.001,0.158,0.217,0.034,0.0,0.0,0.14,0.009,0.04,0.306,0.504,puan,1511,0,2,8,8,0,5.3,43.4
c21_47,28.91471,41.04601,0.429,0.275,0.634,0.349,0.509,B,0.438,0.509,0.349,0.354,0.418,0.115,0.0,0.058,0.151,0.238,0.002,0.0,0.0,0.119,0.0,0.021,0.295,0.565,puan,1534,0,3,11,11,0,7.2,49.4
c22_40,28.92066,41.01458,0.847,0.615,0.889,0.739,0.861,B,0.848,0.861,0.832,0.739,0.794,0.506,0.0,0.003,0.02,0.023,0.0,0.073,0.0,0.091,0.048,0.049,0.187,0.625,puan,930,0,1,5,5,0,5.4,85.7
c22_41,28.92066,41.01907,0.869,0.681,0.898,0.768,0.886,B,0.874,0.886,0.853,0.768,0.858,0.58,0.001,0.03,0.048,0.009,0.042,0.0,0.0,0.094,0.0,0.011,0.186,0.709,puan,2666,1628,1,6,2,4,1.4,86.4
c22_42,28.92066,41.02356,0.821,0.639,0.86,0.677,0.864,B,0.815,0.864,0.778,0.677,0.799,0.471,0.0,0.022,0.126,0.049,0.0,0.0,0.0,0.142,0.0,0.021,0.169,0.668,puan,3933,0,5,7,7,0,1.8,84.4
c22_43,28.92066,41.02805,0.433,0.352,0.538,0.36,0.491,B,0.432,0.491,0.374,0.36,0.422,0.2,0.0,0.0,0.105,0.392,0.0,0.0,0.0,0.142,0.0,0.024,0.136,0.699,puan,3783,0,6,1,1,0,0.3,49.9
c22_44,28.92066,41.03254,0.286,0.235,0.415,0.232,0.321,A,0.287,0.321,0.251,0.232,0.281,0.134,0.0,0.014,0.073,0.169,0.294,0.004,0.0,0.16,0.0,0.025,0.127,0.688,puan,3178,0,4,3,3,0,0.9,20.3
c22_45,28.92066,41.03703,0.417,0.228,0.681,0.293,0.485,C,0.412,0.485,0.348,0.293,0.4,0.107,0.003,0.004,0.098,0.21,0.022,0.001,0.0,0.188,0.0,0.026,0.342,0.444,puan,2599,598,4,6,5,1,1.9,47.0
c22_46,28.92066,41.04152,0.417,0.228,0.681,0.323,0.503,C,0.409,0.503,0.331,0.323,0.374,0.092,0.0,0.013,0.146,0.215,0.006,0.0,0.0,0.137,0.0,0.082,0.309,0.472,puan,1221,0,2,10,10,0,8.2,47.0
c22_47,28.92066,41.04601,0.608,0.293,0.811,0.472,0.661,C,0.626,0.661,0.554,0.472,0.483,0.187,0.002,0.054,0.071,0.108,0.001,0.0,0.0,0.122,0.0,0.147,0.308,0.423,puan,0,0,1,0,0,0,,71.4
c23_40,28.92661,41.01458,0.37,0.261,0.556,0.295,0.446,B,0.381,0.446,0.295,0.304,0.299,0.098,0.001,0.051,0.136,0.08,0.001,0.244,0.0,0.134,0.0,0.25,0.005,0.611,puan,0,48,1,0,0,0,,37.0
c23_41,28.92661,41.01907,0.524,0.372,0.662,0.422,0.587,B,0.538,0.587,0.461,0.422,0.49,0.203,0.0,0.078,0.134,0.041,0.04,0.111,0.0,0.146,0.0,0.056,0.191,0.606,puan,1991,1575,3,12,12,0,3.4,62.8
c23_42,28.92661,41.02356,0.817,0.64,0.857,0.719,0.828,B,0.818,0.828,0.806,0.719,0.773,0.558,0.0,0.003,0.017,0.037,0.048,0.043,0.0,0.097,0.0,0.048,0.148,0.707,puan,2120,666,4,5,4,1,1.8,84.1
c23_43,28.92661,41.02805,0.915,0.472,0.956,0.653,0.922,C,0.922,0.921,0.909,0.653,0.877,0.381,0.0,0.013,0.002,0.03,0.001,0.0,0.0,0.172,0.0,0.022,0.38,0.427,puan,3895,0,4,2,1,1,0.5,88.4
c23_44,28.92661,41.03254,0.764,0.63,0.806,0.667,0.773,B,0.773,0.772,0.756,0.667,0.739,0.543,0.022,0.001,0.004,0.05,0.116,0.0,0.0,0.107,0.0,0.03,0.127,0.735,puan,2643,561,6,4,2,2,1.2,81.5
c23_45,28.92661,41.03703,0.685,0.414,0.81,0.534,0.727,B,0.682,0.727,0.643,0.534,0.56,0.295,0.001,0.017,0.088,0.063,0.052,0.0,0.0,0.146,0.0,0.148,0.19,0.516,puan,1968,672,3,5,5,0,1.9,76.6
c23_46,28.92661,41.04152,0.651,0.223,0.88,0.403,0.706,C,0.648,0.706,0.596,0.403,0.412,0.143,0.0,0.009,0.057,0.051,0.0,0.024,0.0,0.174,0.0,0.237,0.306,0.283,puan,1131,0,2,6,6,0,5.3,74.3
c23_47,28.92661,41.04601,0.666,0.211,0.894,0.407,0.721,C,0.683,0.721,0.61,0.441,0.407,0.134,0.001,0.038,0.054,0.025,0.0,0.02,0.0,0.139,0.0,0.249,0.339,0.273,puan,56,0,1,0,0,0,0.0,75.5
c16_48,28.88496,41.0505,0.562,0.42,0.672,0.453,0.67,C,0.529,0.67,0.453,0.481,0.531,0.192,0.0,0.003,0.339,0.023,0.043,0.065,0.0,0.111,0.0,0.05,0.173,0.665,puan,1723,0,2,2,1,1,1.2,67.3
c16_49,28.88496,41.05499,0.581,0.456,0.67,0.476,0.616,B,0.568,0.616,0.545,0.476,0.581,0.33,0.0,0.0,0.118,0.004,0.219,0.0,0.0,0.147,0.0,0.0,0.183,0.671,puan,4116,0,10,0,0,0,0.0,69.0
c16_50,28.88496,41.05948,0.483,0.469,0.499,0.427,0.487,A,0.485,0.487,0.48,0.427,0.48,0.406,0.0,0.009,0.012,0.0,0.432,0.0,0.0,0.114,0.0,0.008,0.019,0.859,puan,2599,0,6,0,0,0,0.0,57.2
c16_51,28.88496,41.06397,0.515,0.496,0.533,0.466,0.564,A,0.564,0.545,0.485,0.466,0.51,0.326,0.0,0.239,0.065,0.009,0.224,0.012,0.0,0.092,0.0,0.012,0.021,0.875,puan,2002,0,3,2,2,0,1.0,61.3
c16_52,28.88496,41.06846,0.508,0.391,0.621,0.404,0.572,B,0.505,0.572,0.443,0.404,0.436,0.22,0.004,0.011,0.135,0.149,0.004,0.122,0.0,0.164,0.0,0.149,0.044,0.643,puan,2751,0,6,10,10,0,3.6,60.5
c16_53,28.88496,41.07295,0.607,0.401,0.74,0.473,0.66,B,0.608,0.66,0.554,0.473,0.511,0.258,0.003,0.02,0.099,0.07,0.007,0.099,0.0,0.157,0.0,0.138,0.148,0.557,puan,1166,0,2,7,7,0,6.0,71.2
c16_54,28.88496,41.07744,0.377,0.295,0.514,0.29,0.44,B,0.379,0.44,0.314,0.29,0.377,0.137,0.002,0.005,0.101,0.385,0.002,0.0,0.0,0.19,0.0,0.002,0.175,0.632,puan,116,0,1,2,2,0,17.3,38.9
c16_55,28.88496,41.08193,0.391,0.29,0.547,0.292,0.446,B,0.395,0.446,0.335,0.292,0.385,0.149,0.002,0.003,0.07,0.369,0.001,0.0,0.0,0.201,0.0,0.014,0.191,0.594,puan,0,0,1,0,0,0,,41.9
c17_48,28.89091,41.0505,0.605,0.387,0.747,0.465,0.745,C,0.562,0.745,0.465,0.483,0.586,0.137,0.0,0.014,0.377,0.014,0.0,0.009,0.0,0.139,0.0,0.024,0.287,0.551,puan,2089,0,2,0,0,0,0.0,71.0
c17_49,28.89091,41.05499,0.528,0.332,0.703,0.379,0.623,C,0.505,0.623,0.433,0.379,0.482,0.146,0.0,0.001,0.204,0.05,0.011,0.092,0.0,0.199,0.0,0.064,0.234,0.503,puan,2974,0,3,0,0,0,0.0,63.3
c17_50,28.89091,41.05948,0.67,0.555,0.727,0.529,0.708,B,0.669,0.708,0.632,0.529,0.607,0.388,0.001,0.011,0.085,0.044,0.036,0.114,0.0,0.18,0.0,0.089,0.052,0.678,puan,2840,0,5,14,13,1,4.9,75.7
c17_51,28.89091,41.06397,0.542,0.414,0.65,0.416,0.611,B,0.534,0.611,0.473,0.416,0.447,0.225,0.0,0.013,0.156,0.083,0.005,0.138,0.0,0.188,0.0,0.182,0.01,0.62,puan,1252,0,3,10,10,0,8.0,64.9
c17_52,28.89091,41.06846,0.503,0.351,0.654,0.38,0.59,C,0.488,0.59,0.416,0.38,0.39,0.16,0.004,0.004,0.194,0.049,0.0,0.158,0.0,0.185,0.0,0.243,0.004,0.568,puan,741,0,3,2,2,0,2.7,59.6
c17_53,28.89091,41.07295,0.606,0.267,0.826,0.39,0.694,C,0.589,0.694,0.517,0.392,0.39,0.134,0.003,0.009,0.135,0.056,0.0,0.019,0.0,0.194,0.0,0.288,0.163,0.355,puan,1084,0,3,5,5,0,4.6,71.2
c17_54,28.89091,41.07744,0.338,0.254,0.503,0.258,0.392,B,0.346,0.392,0.284,0.258,0.337,0.121,0.003,0.007,0.063,0.394,0.021,0.0,0.0,0.19,0.0,0.004,0.198,0.609,puan,0,0,1,0,0,0,,29.3
c17_55,28.89091,41.08193,0.407,0.305,0.555,0.316,0.454,B,0.415,0.454,0.36,0.316,0.404,0.176,0.0,0.009,0.048,0.378,0.005,0.0,0.0,0.177,0.0,0.005,0.201,0.617,puan,1619,0,4,18,17,1,11.1,45.2
c18_48,28.89686,41.0505,0.545,0.414,0.655,0.445,0.596,B,0.549,0.596,0.495,0.445,0.48,0.268,0.001,0.018,0.09,0.025,0.0,0.247,0.0,0.146,0.0,0.119,0.086,0.649,puan,369,0,2,4,4,0,10.8,65.5
c18_49,28.89686,41.05499,0.442,0.336,0.575,0.35,0.496,B,0.454,0.496,0.387,0.35,0.377,0.185,0.003,0.035,0.079,0.059,0.0,0.275,0.0,0.166,0.0,0.163,0.036,0.635,puan,1189,0,2,11,11,0,9.3,51.9
c18_50,28.89686,41.05948,0.48,0.363,0.607,0.364,0.54,B,0.48,0.54,0.42,0.364,0.4,0.198,0.001,0.013,0.109,0.063,0.007,0.22,0.0,0.194,0.0,0.177,0.019,0.61,puan,2241,0,4,7,4,3,3.1,56.9
c18_51,28.89686,41.06397,0.455,0.289,0.654,0.335,0.543,C,0.446,0.543,0.368,0.335,0.336,0.119,0.008,0.007,0.166,0.035,0.0,0.182,0.0,0.187,0.0,0.292,0.005,0.517,puan,709,0,3,2,2,0,2.8,53.9
c18_52,28.89686,41.06846,0.571,0.344,0.742,0.429,0.691,C,0.537,0.691,0.451,0.429,0.442,0.134,0.002,0.005,0.28,0.03,0.003,0.048,0.0,0.166,0.0,0.204,0.128,0.502,puan,1167,0,2,6,6,0,5.1,68.2
c18_53,28.89686,41.07295,0.628,0.251,0.852,0.383,0.709,C,0.615,0.709,0.547,0.389,0.383,0.133,0.003,0.01,0.112,0.051,0.01,0.0,0.0,0.197,0.0,0.304,0.178,0.32,puan,0,0,1,0,0,0,,73.0
c18_54,28.89686,41.07744,0.358,0.278,0.502,0.292,0.412,B,0.388,0.412,0.304,0.292,0.345,0.126,0.0,0.086,0.059,0.379,0.002,0.009,0.0,0.15,0.0,0.039,0.151,0.66,puan,1800,0,3,5,5,0,2.8,34.2
c18_55,28.89686,41.08193,0.324,0.257,0.465,0.264,0.38,B,0.33,0.38,0.269,0.264,0.322,0.124,0.0,0.001,0.071,0.46,0.015,0.0,0.0,0.153,0.0,0.007,0.169,0.671,puan,2020,0,6,12,12,0,5.9,26.2
c19_48,28.90281,41.0505,0.586,0.254,0.821,0.385,0.64,C,0.584,0.64,0.533,0.396,0.385,0.161,0.001,0.006,0.062,0.047,0.0,0.082,0.0,0.172,0.0,0.278,0.192,0.359,puan,680,0,2,5,5,0,7.4,69.4
c19_49,28.90281,41.05499,0.497,0.3,0.697,0.364,0.549,B,0.499,0.549,0.446,0.364,0.369,0.181,0.001,0.003,0.065,0.039,0.0,0.204,0.0,0.181,0.0,0.261,0.065,0.494,puan,0,0,1,0,0,0,,59.0
c19_50,28.90281,41.05948,0.447,0.258,0.682,0.317,0.502,C,0.446,0.502,0.392,0.317,0.341,0.143,0.001,0.004,0.075,0.048,0.037,0.157,0.0,0.192,0.0,0.229,0.113,0.465,puan,2829,1031,3,12,11,1,3.1,52.7
c19_51,28.90281,41.06397,0.567,0.238,0.818,0.351,0.66,C,0.547,0.66,0.474,0.37,0.351,0.113,0.003,0.006,0.14,0.031,0.02,0.029,0.0,0.183,0.0,0.327,0.147,0.343,puan,964,743,2,4,4,0,2.3,67.7
c19_52,28.90281,41.06846,0.637,0.231,0.868,0.367,0.726,C,0.621,0.726,0.547,0.382,0.367,0.117,0.005,0.008,0.114,0.047,0.0,0.0,0.0,0.195,0.0,0.325,0.189,0.292,puan,0,0,1,0,0,0,,73.7
c19_53,28.90281,41.07295,0.587,0.343,0.759,0.431,0.671,C,0.578,0.671,0.504,0.431,0.494,0.175,0.005,0.021,0.163,0.096,0.002,0.016,0.0,0.173,0.009,0.121,0.219,0.478,puan,1861,0,4,13,13,0,7.0,69.5
c19_54,28.90281,41.07744,0.504,0.227,0.776,0.356,0.556,C,0.501,0.556,0.451,0.356,0.383,0.138,0.0,0.012,0.071,0.088,0.059,0.009,0.0,0.157,0.007,0.175,0.284,0.377,puan,1204,0,3,4,4,0,3.3,59.7
c19_55,28.90281,41.08193,0.737,0.156,0.944,0.388,0.762,C,0.735,0.762,0.713,0.398,0.388,0.121,0.0,0.0,0.014,0.03,0.013,0.0,0.0,0.153,0.0,0.239,0.429,0.18,puan,1257,0,2,8,8,0,6.4,80.0
c20_48,28.90876,41.0505,0.481,0.282,0.696,0.369,0.559,C,0.471,0.559,0.404,0.369,0.425,0.142,0.001,0.004,0.139,0.212,0.0,0.0,0.0,0.151,0.0,0.093,0.258,0.498,puan,683,0,2,3,3,0,4.4,57.0
c20_49,28.90876,41.05499,0.672,0.366,0.822,0.552,0.737,C,0.661,0.737,0.608,0.552,0.552,0.247,0.006,0.003,0.129,0.083,0.011,0.006,0.0,0.106,0.0,0.137,0.27,0.486,puan,1254,492,2,8,8,0,4.6,76.0
c20_50,28.90876,41.05948,0.702,0.349,0.852,0.497,0.776,C,0.688,0.776,0.628,0.578,0.497,0.227,0.001,0.019,0.153,0.025,0.021,0.002,0.0,0.096,0.0,0.248,0.207,0.449,puan,1648,280,3,11,11,0,5.7,77.8
c20_51,28.90876,41.06397,0.694,0.186,0.918,0.324,0.767,C,0.684,0.767,0.621,0.4,0.324,0.112,0.002,0.009,0.07,0.03,0.0,0.0,0.0,0.164,0.0,0.418,0.194,0.224,puan,0,0,1,0,0,0,,77.3
c20_52,28.90876,41.06846,0.655,0.239,0.874,0.39,0.733,C,0.639,0.733,0.576,0.39,0.412,0.118,0.002,0.005,0.088,0.048,0.0,0.0,0.0,0.177,0.109,0.221,0.232,0.261,puan,547,0,2,9,9,0,16.5,74.6
c20_53,28.90876,41.07295,0.439,0.243,0.69,0.321,0.492,C,0.444,0.492,0.387,0.321,0.404,0.134,0.0,0.009,0.055,0.188,0.006,0.053,0.0,0.165,0.031,0.057,0.302,0.445,puan,758,0,3,1,1,0,1.3,51.1
c20_54,28.90876,41.07744,0.671,0.269,0.868,0.429,0.701,C,0.679,0.701,0.641,0.429,0.466,0.192,0.001,0.012,0.024,0.085,0.013,0.0,0.0,0.184,0.0,0.197,0.292,0.327,puan,1534,0,4,12,12,0,7.8,75.8
c20_55,28.90876,41.08193,0.611,0.256,0.837,0.386,0.669,C,0.606,0.669,0.552,0.386,0.427,0.155,0.003,0.004,0.069,0.106,0.0,0.0,0.0,0.196,0.0,0.205,0.262,0.336,puan,1094,0,2,6,6,0,5.5,71.6
c21_48,28.91471,41.0505,0.654,0.47,0.751,0.593,0.713,B,0.653,0.713,0.595,0.593,0.636,0.327,0.003,0.046,0.163,0.069,0.048,0.013,0.0,0.068,0.0,0.023,0.239,0.669,puan,819,0,3,1,1,0,1.2,74.4
c21_49,28.91471,41.05499,0.556,0.299,0.762,0.453,0.635,C,0.546,0.635,0.478,0.453,0.484,0.17,0.004,0.007,0.145,0.152,0.0,0.0,0.0,0.109,0.0,0.097,0.315,0.479,puan,98,0,1,0,0,0,0.0,66.7
c21_50,28.91471,41.05948,0.649,0.33,0.822,0.468,0.756,C,0.62,0.756,0.543,0.468,0.49,0.16,0.002,0.007,0.213,0.041,0.0,0.0,0.0,0.165,0.0,0.186,0.225,0.424,puan,985,0,1,8,8,0,8.1,74.2
c21_51,28.91471,41.06397,0.602,0.221,0.854,0.354,0.675,C,0.595,0.675,0.53,0.382,0.354,0.124,0.001,0.014,0.089,0.043,0.006,0.027,0.0,0.174,0.0,0.328,0.195,0.303,puan,0,0,1,0,0,0,,70.8
c21_52,28.91471,41.06846,0.652,0.324,0.827,0.456,0.687,C,0.662,0.687,0.618,0.456,0.53,0.211,0.002,0.018,0.034,0.027,0.012,0.077,0.0,0.164,0.07,0.115,0.271,0.381,puan,1530,0,3,14,14,0,9.2,74.4
c21_53,28.91471,41.07295,0.714,0.357,0.857,0.551,0.741,C,0.74,0.741,0.688,0.551,0.596,0.259,0.004,0.053,0.022,0.062,0.012,0.008,0.0,0.124,0.035,0.106,0.314,0.421,puan,1052,0,2,0,0,0,0.0,78.3
c21_54,28.91471,41.07744,0.702,0.25,0.894,0.417,0.763,C,0.693,0.763,0.642,0.438,0.417,0.16,0.003,0.004,0.074,0.052,0.001,0.0,0.0,0.177,0.0,0.287,0.243,0.293,puan,0,0,1,0,0,0,,77.8
c21_55,28.91471,41.08193,0.68,0.285,0.866,0.418,0.762,C,0.658,0.762,0.598,0.418,0.44,0.157,0.001,0.002,0.123,0.049,0.0,0.0,0.0,0.208,0.0,0.252,0.207,0.332,puan,1793,0,4,12,11,1,6.7,76.3
c22_48,28.92066,41.0505,0.507,0.283,0.725,0.406,0.566,C,0.516,0.566,0.448,0.433,0.406,0.171,0.003,0.046,0.105,0.13,0.055,0.0,0.0,0.087,0.0,0.184,0.22,0.51,puan,0,0,1,0,0,0,,60.3
c22_49,28.92066,41.05499,0.361,0.182,0.677,0.286,0.409,C,0.37,0.409,0.312,0.286,0.301,0.104,0.001,0.01,0.04,0.092,0.03,0.169,0.0,0.117,0.0,0.151,0.287,0.446,puan,0,0,1,0,0,0,,35.0
c22_50,28.92066,41.05948,0.591,0.193,0.867,0.337,0.648,C,0.579,0.648,0.534,0.352,0.337,0.119,0.001,0.003,0.066,0.014,0.041,0.024,0.0,0.181,0.0,0.319,0.233,0.267,puan,1016,0,2,12,12,0,11.8,69.9
c22_51,28.92066,41.06397,0.476,0.317,0.651,0.406,0.498,B,0.479,0.498,0.453,0.406,0.414,0.245,0.0,0.007,0.03,0.043,0.166,0.099,0.0,0.101,0.013,0.126,0.171,0.59,puan,0,0,1,0,0,0,,56.3
c22_52,28.92066,41.06846,0.673,0.582,0.718,0.575,0.747,B,0.747,0.699,0.647,0.575,0.662,0.368,0.0,0.27,0.011,0.011,0.011,0.045,0.0,0.122,0.05,0.015,0.098,0.716,puan,1351,0,4,7,7,0,5.2,76.1
c22_53,28.92066,41.07295,0.488,0.297,0.689,0.408,0.565,B,0.53,0.565,0.411,0.417,0.408,0.118,0.004,0.167,0.158,0.025,0.07,0.0,0.0,0.093,0.016,0.155,0.194,0.543,puan,0,0,1,0,0,0,,57.9
c22_54,28.92066,41.07744,0.707,0.263,0.891,0.446,0.773,C,0.699,0.773,0.642,0.466,0.446,0.166,0.004,0.01,0.086,0.046,0.0,0.0,0.0,0.162,0.0,0.254,0.272,0.312,puan,0,0,1,0,0,0,,78.1
c22_55,28.92066,41.08193,0.715,0.371,0.852,0.527,0.756,C,0.707,0.756,0.674,0.527,0.587,0.266,0.002,0.007,0.081,0.024,0.057,0.0,0.0,0.156,0.0,0.121,0.285,0.438,puan,1265,0,3,15,12,3,11.9,78.4
c23_48,28.92661,41.0505,0.572,0.236,0.823,0.417,0.643,C,0.569,0.643,0.501,0.44,0.417,0.14,0.001,0.018,0.097,0.11,0.0,0.0,0.0,0.11,0.003,0.195,0.325,0.367,puan,0,0,1,0,0,0,,68.3
c23_49,28.92661,41.05499,0.457,0.123,0.854,0.255,0.489,C,0.454,0.489,0.426,0.293,0.255,0.087,0.0,0.004,0.03,0.02,0.091,0.0,0.0,0.13,0.005,0.361,0.272,0.232,puan,0,0,1,0,0,0,,54.1
c23_50,28.92661,41.05948,0.616,0.223,0.861,0.366,0.697,C,0.593,0.697,0.535,0.381,0.366,0.121,0.0,0.006,0.114,0.018,0.037,0.0,0.0,0.182,0.0,0.308,0.214,0.296,puan,1075,0,2,5,5,0,4.7,72.2
c23_51,28.92661,41.06397,0.472,0.162,0.819,0.294,0.501,C,0.469,0.501,0.444,0.327,0.294,0.119,0.001,0.004,0.034,0.029,0.112,0.0,0.0,0.132,0.0,0.314,0.255,0.298,puan,0,0,1,0,0,0,,56.0
c23_52,28.92661,41.06846,0.726,0.394,0.851,0.57,0.763,C,0.763,0.744,0.708,0.57,0.628,0.296,0.0,0.091,0.015,0.02,0.046,0.0,0.0,0.128,0.009,0.092,0.303,0.468,puan,1420,0,4,3,3,0,2.1,79.2
c23_53,28.92661,41.07295,0.515,0.338,0.681,0.446,0.625,B,0.625,0.56,0.469,0.446,0.462,0.154,0.0,0.341,0.034,0.063,0.002,0.003,0.0,0.092,0.0,0.093,0.219,0.597,puan,0,54,1,0,0,0,0.0,61.3
c23_54,28.92661,41.07744,0.547,0.261,0.784,0.405,0.601,C,0.54,0.601,0.493,0.405,0.47,0.167,0.004,0.003,0.084,0.088,0.059,0.003,0.0,0.143,0.0,0.092,0.357,0.408,puan,404,0,1,12,5,7,29.7,65.7
c23_55,28.92661,41.08193,0.664,0.293,0.852,0.472,0.742,C,0.656,0.742,0.587,0.472,0.507,0.17,0.001,0.025,0.127,0.039,0.009,0.002,0.0,0.152,0.0,0.153,0.321,0.373,puan,936,0,2,13,11,2,13.9,75.4
c16_56,28.88496,41.08642,0.342,0.237,0.545,0.263,0.391,B,0.351,0.391,0.294,0.263,0.332,0.127,0.001,0.001,0.036,0.405,0.003,0.0,0.0,0.172,0.0,0.029,0.225,0.574,puan,2320,0,6,6,5,1,2.6,30.3
c16_57,28.88496,41.09091,0.532,0.373,0.672,0.393,0.596,C,0.524,0.596,0.468,0.393,0.496,0.208,0.0,0.004,0.129,0.196,0.023,0.0,0.0,0.199,0.002,0.055,0.183,0.561,puan,4984,0,9,16,16,0,3.2,63.9
c16_58,28.88496,41.0954,0.454,0.317,0.619,0.373,0.515,B,0.453,0.515,0.393,0.396,0.373,0.189,0.002,0.005,0.109,0.328,0.0,0.0,0.0,0.093,0.0,0.207,0.067,0.633,puan,60,0,1,2,2,0,33.6,53.8
c16_59,28.88496,41.09989,0.719,0.257,0.899,0.417,0.742,C,0.718,0.742,0.695,0.443,0.417,0.192,0.001,0.003,0.025,0.033,0.039,0.0,0.0,0.182,0.0,0.303,0.222,0.293,puan,464,0,2,0,0,0,0.0,78.6
c16_60,28.88496,41.10438,0.761,0.16,0.95,0.37,0.801,C,0.754,0.801,0.72,0.37,0.459,0.09,0.0,0.001,0.021,0.025,0.0,0.0,0.0,0.145,0.202,0.124,0.391,0.137,puan,1866,0,3,12,12,0,6.4,81.4
c16_61,28.88496,41.10887,0.741,0.371,0.87,0.542,0.755,C,0.746,0.755,0.727,0.542,0.663,0.051,0.0,0.0,0.0,0.02,0.001,0.0,0.0,0.026,0.83,0.01,0.061,0.072,kanıt yetersiz,0,0,1,0,0,0,,
c16_62,28.88496,41.11336,0.256,0.06,0.826,0.117,0.284,C,0.252,0.284,0.229,0.117,0.156,0.001,0.0,0.0,0.001,0.001,0.004,0.0,0.0,0.007,0.967,0.02,0.0,0.006,kanıt yetersiz,0,0,1,0,0,0,,
c16_63,28.88496,41.11785,0.999,0.874,0.999,0.876,0.999,B,0.999,0.999,0.999,0.876,0.928,0.074,0.0,0.0,0.0,0.0,0.0,0.0,0.0,0.01,0.905,0.007,0.004,0.074,kanıt yetersiz,0,0,1,0,0,0,,
c17_56,28.89091,41.08642,0.287,0.243,0.397,0.228,0.347,B,0.293,0.347,0.228,0.258,0.285,0.106,0.0,0.001,0.084,0.579,0.0,0.0,0.0,0.089,0.0,0.009,0.131,0.771,puan,1173,0,4,5,5,0,4.3,20.4
c17_57,28.89091,41.09091,0.385,0.29,0.537,0.305,0.428,B,0.394,0.428,0.342,0.305,0.35,0.17,0.002,0.017,0.053,0.293,0.082,0.012,0.0,0.165,0.0,0.099,0.108,0.628,puan,3156,0,6,5,5,0,1.6,40.7
c17_58,28.89091,41.0954,0.771,0.411,0.878,0.539,0.805,C,0.768,0.805,0.738,0.539,0.552,0.297,0.001,0.002,0.052,0.081,0.001,0.0,0.0,0.187,0.0,0.223,0.157,0.433,puan,2238,0,4,9,9,0,4.0,82.0
c17_59,28.89091,41.09989,0.549,0.345,0.717,0.398,0.601,C,0.551,0.601,0.498,0.398,0.438,0.211,0.001,0.009,0.074,0.21,0.001,0.0,0.0,0.193,0.0,0.179,0.122,0.506,puan,1930,0,4,15,15,0,7.8,66.1
c17_60,28.89091,41.10438,0.619,0.196,0.88,0.372,0.652,C,0.622,0.652,0.586,0.372,0.398,0.129,0.0,0.004,0.021,0.072,0.016,0.0,0.0,0.161,0.074,0.196,0.327,0.242,puan,1421,0,3,11,11,0,7.7,72.5
c17_61,28.89091,41.10887,0.738,0.131,0.953,0.413,0.755,C,0.744,0.755,0.721,0.413,0.448,0.056,0.0,0.001,0.002,0.018,0.003,0.0,0.0,0.064,0.479,0.073,0.303,0.081,kanıt yetersiz,449,0,2,4,4,0,8.9,
c17_62,28.89091,41.11336,1.0,0.426,1.0,0.498,1.0,C,1.0,1.0,1.0,0.987,0.498,0.012,0.0,0.0,0.0,0.0,0.0,0.0,0.0,0.0,0.971,0.017,0.0,0.012,kanıt yetersiz,0,0,2,0,0,0,,
c17_63,28.89091,41.11785,0.986,0.885,0.988,0.88,0.987,B,0.986,0.987,0.985,0.88,0.952,0.235,0.0,0.0,0.0,0.004,0.0,0.0,0.0,0.029,0.704,0.01,0.017,0.239,puan,0,0,1,0,0,0,,91.8
c18_56,28.89686,41.08642,0.433,0.277,0.638,0.338,0.502,B,0.427,0.502,0.364,0.338,0.43,0.14,0.001,0.0,0.117,0.279,0.002,0.001,0.0,0.153,0.0,0.005,0.301,0.542,puan,209,0,1,0,0,0,0.0,49.9
c18_57,28.89686,41.09091,0.631,0.429,0.749,0.455,0.664,C,0.636,0.664,0.599,0.455,0.572,0.295,0.002,0.004,0.035,0.131,0.004,0.066,0.0,0.209,0.0,0.071,0.182,0.538,puan,3899,0,5,6,6,0,1.5,73.1
c18_58,28.89686,41.0954,0.737,0.522,0.814,0.606,0.765,B,0.738,0.765,0.709,0.606,0.633,0.408,0.0,0.006,0.047,0.132,0.005,0.015,0.0,0.133,0.0,0.126,0.128,0.613,puan,429,0,2,4,4,0,9.3,80.0
c18_59,28.89686,41.09989,0.611,0.38,0.758,0.443,0.653,C,0.608,0.653,0.568,0.443,0.49,0.251,0.001,0.007,0.074,0.122,0.047,0.0,0.0,0.19,0.004,0.166,0.139,0.501,puan,724,0,2,2,2,0,2.8,71.6
c18_60,28.89686,41.10438,0.667,0.254,0.874,0.388,0.737,C,0.651,0.737,0.597,0.401,0.388,0.149,0.0,0.003,0.092,0.054,0.006,0.0,0.0,0.202,0.001,0.323,0.172,0.303,puan,1099,0,2,4,4,0,3.6,75.6
c18_61,28.89686,41.10887,0.88,0.34,0.954,0.554,0.904,C,0.873,0.904,0.857,0.554,0.582,0.239,0.0,0.0,0.033,0.004,0.015,0.0,0.0,0.172,0.076,0.19,0.271,0.291,puan,685,0,2,0,0,0,0.0,87.1
c18_62,28.89686,41.11336,0.967,0.73,0.975,0.785,0.976,B,0.976,0.969,0.964,0.785,0.928,0.287,0.0,0.014,0.0,0.002,0.0,0.0,0.0,0.07,0.529,0.015,0.084,0.303,puan,0,0,1,0,0,0,,90.6
c18_63,28.89686,41.11785,0.981,0.948,0.982,0.765,0.989,C,0.979,0.989,0.974,0.765,0.962,0.065,0.0,0.0,0.003,0.0,0.0,0.0,0.0,0.019,0.911,0.002,0.001,0.067,kanıt yetersiz,0,0,1,0,0,0,,
c19_56,28.90281,41.08642,0.372,0.214,0.639,0.271,0.433,C,0.375,0.433,0.311,0.271,0.317,0.102,0.001,0.006,0.071,0.102,0.005,0.188,0.0,0.176,0.0,0.137,0.213,0.474,puan,1298,0,2,10,10,0,7.7,37.6
c19_57,28.90281,41.09091,0.534,0.405,0.647,0.457,0.587,B,0.538,0.587,0.481,0.457,0.528,0.264,0.003,0.022,0.1,0.041,0.0,0.242,0.0,0.113,0.0,0.009,0.206,0.672,puan,1691,0,5,0,0,0,0.0,64.0
c19_58,28.90281,41.0954,0.801,0.492,0.877,0.592,0.836,C,0.8,0.836,0.766,0.592,0.621,0.356,0.008,0.012,0.072,0.036,0.021,0.0,0.0,0.178,0.0,0.182,0.134,0.505,puan,1833,0,3,10,10,0,5.5,83.2
c19_59,28.90281,41.09989,0.726,0.304,0.885,0.443,0.798,C,0.707,0.798,0.654,0.443,0.445,0.18,0.001,0.002,0.109,0.033,0.005,0.0,0.0,0.211,0.0,0.291,0.167,0.331,puan,428,0,2,2,2,0,4.7,79.2
c19_60,28.90281,41.10438,0.86,0.175,0.971,0.382,0.889,C,0.858,0.889,0.83,0.406,0.382,0.129,0.002,0.002,0.019,0.013,0.0,0.0,0.0,0.185,0.0,0.308,0.341,0.166,puan,0,0,1,0,0,0,,86.1
c19_61,28.90281,41.10887,0.964,0.147,0.995,0.385,0.974,C,0.963,0.974,0.955,0.409,0.385,0.11,0.0,0.001,0.005,0.002,0.0,0.0,0.0,0.158,0.075,0.261,0.39,0.117,puan,0,0,1,0,0,0,,90.4
c19_62,28.90281,41.11336,0.989,0.313,0.996,0.511,0.989,C,0.989,0.989,0.988,0.511,0.603,0.101,0.0,0.0,0.0,0.001,0.0,0.0,0.0,0.095,0.581,0.083,0.139,0.102,puan,0,0,1,0,0,0,,92.1
c19_63,28.90281,41.11785,0.963,0.818,0.969,0.592,0.975,C,0.975,0.966,0.96,0.592,0.9,0.074,0.0,0.005,0.0,0.0,0.0,0.0,0.0,0.05,0.857,0.006,0.008,0.079,kanıt yetersiz,0,0,1,0,0,0,,
c20_56,28.90876,41.08642,0.545,0.331,0.725,0.408,0.6,B,0.564,0.6,0.491,0.408,0.514,0.191,0.0,0.06,0.078,0.072,0.0,0.101,0.0,0.17,0.0,0.041,0.287,0.503,puan,3272,0,6,27,18,9,8.3,65.5
c20_57,28.90876,41.09091,0.727,0.566,0.788,0.568,0.748,B,0.726,0.748,0.706,0.568,0.719,0.401,0.0,0.016,0.057,0.012,0.115,0.0,0.0,0.169,0.059,0.008,0.163,0.601,puan,4402,0,8,9,9,0,2.0,79.3
c20_58,28.90876,41.0954,0.703,0.266,0.887,0.4,0.749,C,0.695,0.749,0.656,0.403,0.4,0.152,0.003,0.005,0.054,0.018,0.031,0.0,0.0,0.195,0.113,0.288,0.143,0.262,puan,802,0,2,0,0,0,0.0,77.8
c20_59,28.90876,41.09989,0.736,0.278,0.9,0.414,0.791,C,0.725,0.791,0.682,0.43,0.414,0.177,0.0,0.003,0.068,0.049,0.0,0.0,0.0,0.211,0.006,0.331,0.157,0.296,puan,0,0,1,0,0,0,,79.9
c20_60,28.90876,41.10438,0.973,0.209,0.994,0.483,0.982,C,0.969,0.982,0.963,0.485,0.483,0.125,0.0,0.0,0.006,0.001,0.0,0.0,0.0,0.133,0.254,0.18,0.301,0.132,puan,0,0,1,0,0,0,,90.9
c20_61,28.90876,41.10887,0.837,0.412,0.92,0.498,0.842,C,0.838,0.842,0.833,0.498,0.643,0.098,0.0,0.001,0.003,0.0,0.017,0.0,0.0,0.081,0.676,0.045,0.079,0.119,puan,0,0,1,0,0,0,,85.1
c20_62,28.90876,41.11336,1.0,0.996,1.0,0.426,1.0,C,1.0,1.0,1.0,0.426,0.997,0.023,0.0,0.0,0.0,0.0,0.0,0.0,0.0,0.031,0.946,0.0,0.0,0.023,kanıt yetersiz,0,0,1,0,0,0,,
c20_63,28.90876,41.11785,0.974,0.913,0.975,0.443,0.974,C,0.974,0.974,0.974,0.443,0.921,0.007,0.0,0.0,0.0,0.0,0.0,0.0,0.0,0.008,0.985,0.0,0.0,0.007,kanıt yetersiz,0,0,1,0,0,0,,
c21_56,28.91471,41.08642,0.613,0.316,0.801,0.45,0.664,C,0.653,0.664,0.562,0.45,0.484,0.184,0.001,0.103,0.065,0.074,0.002,0.004,0.0,0.158,0.0,0.156,0.253,0.434,puan,14,0,1,1,1,0,,71.8
c21_57,28.91471,41.09091,0.704,0.48,0.799,0.589,0.725,B,0.702,0.725,0.683,0.589,0.686,0.391,0.0,0.004,0.048,0.055,0.103,0.0,0.0,0.118,0.0,0.02,0.261,0.601,puan,1215,0,3,0,0,0,0.0,77.9
c21_58,28.91471,41.0954,0.284,0.156,0.606,0.222,0.288,C,0.286,0.288,0.28,0.222,0.265,0.083,0.003,0.0,0.003,0.007,0.21,0.0,0.0,0.086,0.358,0.043,0.207,0.306,puan,1296,0,2,0,0,0,0.0,20.1
c21_59,28.91471,41.09989,0.895,0.444,0.948,0.63,0.914,C,0.892,0.914,0.876,0.668,0.63,0.303,0.0,0.001,0.027,0.027,0.0,0.0,0.0,0.122,0.157,0.188,0.175,0.357,puan,115,0,2,0,0,0,0.0,87.7
c21_60,28.91471,41.10438,0.995,0.571,0.997,0.793,0.996,C,0.996,0.995,0.994,0.815,0.793,0.213,0.001,0.0,0.0,0.0,0.0,0.0,0.0,0.047,0.578,0.065,0.095,0.215,puan,0,0,1,0,0,0,,93.0
c21_61,28.91471,41.10887,0.334,0.334,0.334,0.181,0.347,B,0.347,0.338,0.331,0.181,0.334,0.013,0.0,0.003,0.0,0.0,0.026,0.0,0.0,0.035,0.924,0.0,0.0,0.041,kanıt yetersiz,0,0,1,0,0,0,,
c21_62,28.91471,41.11336,0.666,0.642,0.678,0.155,0.771,C,0.771,0.693,0.639,0.155,0.647,0.006,0.0,0.007,0.0,0.0,0.0,0.0,0.0,0.04,0.947,0.0,0.0,0.012,kanıt yetersiz,0,0,1,0,0,0,,
c21_63,28.91471,41.11785,0.0,0.0,0.0,0.0,0.0,A,0.0,0.0,0.0,0.0,0.0,0.0,0.0,0.0,0.0,0.0,1.0,0.0,0.0,0.0,0.0,0.0,0.0,1.0,puan,0,0,1,0,0,0,,0.0
c22_56,28.92066,41.08642,0.649,0.27,0.854,0.45,0.691,C,0.646,0.691,0.607,0.45,0.512,0.191,0.0,0.002,0.046,0.079,0.002,0.033,0.0,0.156,0.0,0.124,0.368,0.352,puan,1028,0,2,2,2,0,1.9,74.2
c22_57,28.92066,41.09091,0.685,0.266,0.878,0.484,0.721,C,0.682,0.721,0.649,0.484,0.56,0.197,0.0,0.009,0.05,0.017,0.047,0.014,0.0,0.139,0.0,0.096,0.431,0.334,puan,1459,0,2,5,5,0,3.4,76.6
c22_58,28.92066,41.0954,0.725,0.295,0.888,0.482,0.727,C,0.725,0.727,0.722,0.482,0.672,0.232,0.0,0.0,0.002,0.011,0.079,0.0,0.0,0.163,0.043,0.031,0.44,0.323,puan,1963,0,2,2,2,0,1.0,79.1
c22_59,28.92066,41.09989,0.993,0.637,0.995,0.937,0.995,B,0.994,0.995,0.991,0.937,0.969,0.497,0.004,0.0,0.002,0.001,0.0,0.0,0.0,0.03,0.185,0.014,0.267,0.503,puan,0,0,1,0,0,0,,92.5
c22_61,28.92066,41.10887,0.0,0.0,0.0,0.0,0.0,A,0.0,0.0,0.0,0.0,0.0,0.0,0.0,0.0,0.0,0.0,0.036,0.0,0.0,0.039,0.925,0.0,0.0,0.036,kanıt yetersiz,0,0,3,0,0,0,,
c22_63,28.92066,41.11785,0.0,0.0,0.0,0.0,0.0,A,0.0,0.0,0.0,0.0,0.0,0.0,0.0,0.0,0.0,0.0,1.0,0.0,0.0,0.0,0.0,0.0,0.0,1.0,puan,0,0,1,0,0,0,,0.0
c23_56,28.92661,41.08642,0.523,0.23,0.79,0.376,0.576,C,0.523,0.576,0.469,0.376,0.39,0.145,0.0,0.006,0.056,0.086,0.0,0.083,0.0,0.146,0.0,0.188,0.29,0.375,puan,0,0,1,0,0,0,,62.6
c23_57,28.92661,41.09091,0.738,0.595,0.789,0.656,0.818,B,0.715,0.818,0.658,0.656,0.693,0.391,0.0,0.014,0.285,0.018,0.023,0.003,0.0,0.092,0.0,0.058,0.118,0.732,puan,1861,0,3,7,7,0,3.8,80.2
c23_58,28.92661,41.0954,0.99,0.681,0.993,0.78,0.994,C,0.989,0.994,0.987,0.78,0.973,0.526,0.0,0.0,0.01,0.0,0.0,0.0,0.0,0.145,0.075,0.011,0.233,0.537,puan,2476,0,4,0,0,0,0.0,92.2
c23_59,28.92661,41.09989,0.555,0.517,0.586,0.546,0.555,A,0.555,0.555,0.555,0.546,0.553,0.268,0.0,0.0,0.0,0.0,0.215,0.0,0.0,0.008,0.474,0.002,0.033,0.482,puan,0,0,1,0,0,0,,66.6
c23_60,28.92661,41.10438,0.086,0.085,0.094,0.085,0.086,A,0.086,0.086,0.086,0.085,0.086,0.082,0.0,0.0,0.0,0.0,0.874,0.0,0.0,0.005,0.03,0.0,0.009,0.956,puan,0,0,1,0,0,0,,8.9
c23_61,28.92661,41.10887,0.0,0.0,0.0,0.0,0.0,A,0.0,0.0,0.0,0.0,0.0,0.0,0.0,0.0,0.0,0.0,1.0,0.0,0.0,0.0,0.0,0.0,0.0,1.0,puan,0,0,1,0,0,0,,0.0
c23_62,28.92661,41.11336,0.0,0.0,0.0,0.0,0.0,A,0.0,0.0,0.0,0.0,0.0,0.0,0.0,0.0,0.0,0.0,1.0,0.0,0.0,0.0,0.0,0.0,0.0,1.0,puan,0,0,1,0,0,0,,0.0
c23_63,28.92661,41.11785,0.0,0.0,0.0,0.0,0.0,A,0.0,0.0,0.0,0.0,0.0,0.0,0.0,0.0,0.0,0.0,1.0,0.0,0.0,0.0,0.0,0.0,0.0,1.0,puan,0,0,2,0,0,0,,0.0
c16_64,28.88496,41.12234,0.763,0.4,0.876,0.527,0.776,C,0.768,0.776,0.749,0.527,0.645,0.064,0.0,0.0,0.0,0.005,0.0,0.019,0.0,0.039,0.794,0.02,0.059,0.087,kanıt yetersiz,0,0,1,0,0,0,,
c16_65,28.88496,41.12683,0.529,0.423,0.623,0.144,0.556,C,0.539,0.556,0.502,0.144,0.448,0.003,0.0,0.0,0.0,0.0,0.0,0.003,0.0,0.016,0.977,0.001,0.0,0.006,kanıt yetersiz,0,0,1,0,0,0,,
c16_66,28.88496,41.13132,0.984,0.384,0.994,0.328,0.985,C,0.984,0.985,0.983,0.328,0.533,0.008,0.0,0.0,0.0,0.0,0.0,0.0,0.0,0.017,0.962,0.009,0.004,0.008,kanıt yetersiz,0,0,1,0,0,0,,
c16_67,28.88496,41.13581,1.0,1.0,1.0,0.273,1.0,C,1.0,1.0,1.0,0.273,1.0,0.003,0.0,0.0,0.0,0.0,0.0,0.0,0.0,0.008,0.989,0.0,0.0,0.003,kanıt yetersiz,0,0,1,0,0,0,,
c16_68,28.88496,41.1403,1.0,1.0,1.0,0.413,1.0,C,1.0,1.0,1.0,0.413,1.0,0.005,0.0,0.0,0.0,0.0,0.0,0.0,0.0,0.008,0.987,0.0,0.0,0.005,kanıt yetersiz,0,0,1,0,0,0,,
c16_70,28.88496,41.14928,1.0,0.866,1.0,0.189,1.0,C,1.0,1.0,1.0,0.189,0.882,0.007,0.0,0.0,0.0,0.0,0.0,0.0,0.0,0.031,0.96,0.001,0.0,0.007,kanıt yetersiz,0,0,1,0,0,0,,
c16_71,28.88496,41.15377,1.0,0.975,1.0,0.702,1.0,C,1.0,1.0,1.0,0.702,0.978,0.04,0.0,0.0,0.0,0.0,0.0,0.0,0.0,0.017,0.942,0.001,0.0,0.04,kanıt yetersiz,0,0,1,0,0,0,,
c17_64,28.89091,41.12234,0.275,0.145,0.617,0.167,0.316,C,0.29,0.316,0.234,0.167,0.269,0.006,0.0,0.0,0.0,0.014,0.0,0.014,0.0,0.022,0.914,0.001,0.029,0.034,kanıt yetersiz,0,0,1,0,0,0,,
c17_65,28.89091,41.12683,0.228,0.208,0.294,0.131,0.272,B,0.243,0.272,0.183,0.131,0.219,0.005,0.0,0.0,0.0,0.001,0.0,0.035,0.0,0.03,0.925,0.004,0.0,0.041,kanıt yetersiz,0,0,1,0,0,0,,
c17_66,28.89091,41.13132,1.0,1.0,1.0,0.334,1.0,C,1.0,1.0,1.0,0.334,1.0,0.009,0.0,0.0,0.0,0.0,0.0,0.0,0.0,0.018,0.973,0.0,0.0,0.009,kanıt yetersiz,0,0,1,0,0,0,,
c17_67,28.89091,41.13581,1.0,1.0,1.0,0.572,1.0,C,1.0,1.0,1.0,0.572,1.0,0.026,0.0,0.0,0.0,0.0,0.0,0.0,0.0,0.02,0.954,0.0,0.0,0.026,kanıt yetersiz,0,0,3,0,0,0,,
c17_68,28.89091,41.1403,1.0,0.978,1.0,0.368,1.0,C,1.0,1.0,1.0,0.368,0.98,0.017,0.0,0.0,0.0,0.0,0.0,0.0,0.0,0.028,0.955,0.0,0.0,0.017,kanıt yetersiz,0,0,1,0,0,0,,
c17_69,28.89091,41.14479,1.0,0.997,1.0,0.997,1.0,A,1.0,1.0,1.0,0.997,0.997,0.347,0.0,0.0,0.0,0.0,0.0,0.0,0.0,0.001,0.651,0.001,0.0,0.347,puan,0,0,2,0,0,0,,94.5
c17_70,28.89091,41.14928,1.0,0.995,1.0,0.995,1.0,A,1.0,1.0,1.0,0.995,0.996,0.099,0.0,0.0,0.0,0.0,0.0,0.0,0.0,0.0,0.9,0.0,0.0,0.099,kanıt yetersiz,0,0,2,0,0,0,,
c17_71,28.89091,41.15377,0.9,0.883,0.902,0.777,0.931,B,0.931,0.908,0.892,0.777,0.885,0.097,0.0,0.019,0.0,0.0,0.0,0.0,0.0,0.018,0.864,0.002,0.0,0.116,puan,0,0,1,0,0,0,,87.9
c18_64,28.89686,41.12234,1.0,1.0,1.0,0.395,1.0,C,1.0,1.0,1.0,0.395,1.0,0.012,0.0,0.0,0.0,0.0,0.0,0.0,0.0,0.018,0.97,0.0,0.0,0.012,kanıt yetersiz,0,0,1,0,0,0,,
c18_65,28.89686,41.12683,1.0,1.0,1.0,0.076,1.0,C,1.0,1.0,1.0,0.076,1.0,0.002,0.0,0.0,0.0,0.0,0.0,0.0,0.0,0.022,0.976,0.0,0.0,0.002,kanıt yetersiz,0,0,1,0,0,0,,
c18_66,28.89686,41.13132,1.0,1.0,1.0,0.032,1.0,C,1.0,1.0,1.0,0.032,1.0,0.001,0.0,0.0,0.0,0.0,0.0,0.0,0.0,0.029,0.97,0.0,0.0,0.001,kanıt yetersiz,0,0,1,0,0,0,,
c18_67,28.89686,41.13581,0.0,0.0,0.0,0.0,0.0,A,0.0,0.0,0.0,0.0,0.0,0.0,0.0,0.0,0.0,0.0,0.794,0.0,0.0,0.005,0.201,0.0,0.0,0.794,puan,0,0,2,0,0,0,,0.0
c18_68,28.89686,41.1403,0.008,0.008,0.008,0.008,0.008,A,0.008,0.008,0.008,0.008,0.008,0.001,0.0,0.0,0.0,0.0,0.162,0.0,0.0,0.007,0.83,0.0,0.0,0.164,puan,0,0,2,0,0,0,,5.9
c18_69,28.89686,41.14479,0.98,0.928,0.981,0.662,0.981,C,0.98,0.981,0.979,0.662,0.935,0.056,0.0,0.0,0.0,0.001,0.0,0.0,0.0,0.027,0.913,0.003,0.0,0.057,kanıt yetersiz,0,0,1,0,0,0,,
c18_70,28.89686,41.14928,1.0,0.908,1.0,0.359,1.0,C,1.0,1.0,1.0,0.359,0.919,0.006,0.0,0.0,0.0,0.0,0.0,0.0,0.0,0.011,0.982,0.001,0.0,0.006,kanıt yetersiz,0,0,1,0,0,0,,
c18_71,28.89686,41.15377,1.0,0.094,1.0,0.079,1.0,C,1.0,1.0,1.0,0.079,0.696,0.005,0.0,0.0,0.0,0.0,0.0,0.0,0.0,0.056,0.893,0.003,0.044,0.005,kanıt yetersiz,709,0,2,0,0,0,0.0,
c19_64,28.90281,41.12234,1.0,1.0,1.0,0.484,1.0,C,1.0,1.0,1.0,0.484,1.0,0.025,0.0,0.0,0.0,0.0,0.0,0.0,0.0,0.027,0.948,0.0,0.0,0.025,kanıt yetersiz,0,0,2,0,0,0,,
c19_65,28.90281,41.12683,0.0,0.0,0.0,0.0,0.0,A,0.0,0.0,0.0,0.0,0.0,0.0,0.0,0.0,0.0,0.0,0.274,0.0,0.0,0.018,0.708,0.0,0.0,0.274,puan,0,0,2,0,0,0,,0.0
c19_66,28.90281,41.13132,0.0,0.0,0.0,0.0,0.0,A,0.0,0.0,0.0,0.0,0.0,0.0,0.0,0.0,0.0,0.0,0.998,0.0,0.0,0.0,0.002,0.0,0.0,0.998,puan,0,0,1,0,0,0,,0.0
c19_67,28.90281,41.13581,0.0,0.0,0.0,0.0,0.0,A,0.0,0.0,0.0,0.0,0.0,0.0,0.0,0.0,0.0,0.0,1.0,0.0,0.0,0.0,0.0,0.0,0.0,1.0,puan,0,0,1,0,0,0,,0.0
c19_68,28.90281,41.1403,0.001,0.001,0.079,0.001,0.004,A,0.001,0.001,0.001,0.001,0.004,0.001,0.0,0.0,0.0,0.0,0.694,0.0,0.0,0.009,0.237,0.017,0.042,0.695,puan,0,0,1,0,0,0,,5.0
c19_69,28.90281,41.14479,1.0,0.824,1.0,0.729,1.0,C,1.0,1.0,1.0,0.729,0.999,0.234,0.0,0.0,0.0,0.0,0.0,0.0,0.0,0.087,0.629,0.0,0.05,0.234,puan,1023,0,2,0,0,0,0.0,94.5
c19_70,28.90281,41.14928,1.0,0.774,1.0,0.809,1.0,B,1.0,1.0,1.0,0.809,1.0,0.391,0.0,0.0,0.0,0.0,0.0,0.0,0.0,0.092,0.402,0.0,0.114,0.391,puan,1017,0,2,0,0,0,0.0,94.5
c19_71,28.90281,41.15377,0.963,0.443,0.983,0.695,0.968,C,0.962,0.968,0.957,0.695,0.913,0.209,0.0,0.0,0.005,0.003,0.0,0.003,0.0,0.085,0.436,0.014,0.245,0.221,puan,450,0,2,0,0,0,0.0,90.4
c20_64,28.90876,41.12234,0.009,0.009,0.009,0.009,0.009,A,0.009,0.009,0.009,0.009,0.009,0.007,0.0,0.0,0.0,0.0,0.715,0.0,0.0,0.016,0.263,0.0,0.0,0.721,puan,0,0,2,0,0,0,,6.1
c20_65,28.90876,41.12683,0.0,0.0,0.0,0.0,0.0,A,0.0,0.0,0.0,0.0,0.0,0.0,0.0,0.0,0.0,0.0,1.0,0.0,0.0,0.0,0.0,0.0,0.0,1.0,puan,0,0,2,0,0,0,,0.0
c20_66,28.90876,41.13132,0.0,0.0,0.0,0.0,0.0,A,0.0,0.0,0.0,0.0,0.0,0.0,0.0,0.0,0.0,0.0,1.0,0.0,0.0,0.0,0.0,0.0,0.0,1.0,puan,0,0,1,0,0,0,,0.0
c20_67,28.90876,41.13581,0.0,0.0,0.0,0.0,0.0,A,0.0,0.0,0.0,0.0,0.0,0.0,0.0,0.0,0.0,0.0,1.0,0.0,0.0,0.0,0.0,0.0,0.0,1.0,puan,0,0,1,0,0,0,,0.0
c20_68,28.90876,41.1403,0.12,0.116,0.153,0.111,0.12,A,0.12,0.12,0.12,0.111,0.12,0.094,0.0,0.0,0.0,0.0,0.687,0.0,0.0,0.065,0.124,0.01,0.02,0.781,puan,962,0,2,0,0,0,0.0,9.7
c20_69,28.90876,41.14479,0.919,0.737,0.936,0.774,0.927,B,0.927,0.925,0.914,0.774,0.899,0.26,0.0,0.01,0.0,0.02,0.0,0.0,0.0,0.054,0.584,0.008,0.064,0.29,puan,260,0,2,0,0,0,0.0,88.5
c20_70,28.90876,41.14928,0.494,0.045,0.954,0.327,0.56,C,0.56,0.535,0.454,0.327,0.366,0.019,0.0,0.019,0.002,0.02,0.0,0.0,0.0,0.031,0.304,0.032,0.573,0.06,kanıt yetersiz,0,0,1,0,0,0,,
c20_71,28.90876,41.15377,0.955,0.041,0.998,0.38,0.958,C,0.956,0.958,0.952,0.38,0.655,0.038,0.0,0.0,0.0,0.002,0.0,0.0,0.0,0.061,0.002,0.023,0.873,0.04,kanıt yetersiz,462,0,2,0,0,0,0.0,
c21_64,28.91471,41.12234,0.0,0.0,0.0,0.0,0.0,A,0.0,0.0,0.0,0.0,0.0,0.0,0.0,0.0,0.0,0.0,1.0,0.0,0.0,0.0,0.0,0.0,0.0,1.0,puan,0,0,1,0,0,0,,0.0
c21_65,28.91471,41.12683,0.0,0.0,0.0,0.0,0.0,A,0.0,0.0,0.0,0.0,0.0,0.0,0.0,0.0,0.0,0.0,1.0,0.0,0.0,0.0,0.0,0.0,0.0,1.0,puan,0,0,1,0,0,0,,0.0
c21_66,28.91471,41.13132,0.0,0.0,0.0,0.0,0.0,A,0.0,0.0,0.0,0.0,0.0,0.0,0.0,0.0,0.0,0.0,1.0,0.0,0.0,0.0,0.0,0.0,0.0,1.0,puan,0,0,1,0,0,0,,0.0
c21_67,28.91471,41.13581,0.0,0.0,0.0,0.0,0.0,A,0.0,0.0,0.0,0.0,0.0,0.0,0.0,0.0,0.0,0.0,1.0,0.0,0.0,0.0,0.0,0.0,0.0,1.0,puan,0,0,1,0,0,0,,0.0
c21_68,28.91471,41.1403,0.155,0.143,0.219,0.118,0.155,A,0.155,0.155,0.155,0.118,0.155,0.048,0.0,0.0,0.0,0.0,0.261,0.0,0.0,0.095,0.57,0.0,0.025,0.309,puan,1062,0,2,0,0,0,0.0,10.6
c21_69,28.91471,41.14479,0.602,0.06,0.96,0.312,0.644,C,0.609,0.644,0.56,0.312,0.425,0.02,0.0,0.002,0.004,0.015,0.0,0.0,0.0,0.039,0.542,0.025,0.353,0.042,kanıt yetersiz,0,0,1,0,0,0,,
c21_70,28.91471,41.14928,0.403,0.068,0.9,0.311,0.495,C,0.435,0.495,0.311,0.312,0.334,0.018,0.0,0.04,0.051,0.052,0.0,0.0,0.0,0.047,0.0,0.053,0.74,0.16,puan,524,0,2,3,3,0,5.7,44.2
c21_71,28.91471,41.15377,0.548,0.222,0.817,0.391,0.658,C,0.52,0.658,0.438,0.391,0.468,0.094,0.0,0.005,0.171,0.077,0.0,0.002,0.0,0.139,0.0,0.082,0.43,0.349,puan,862,0,2,0,0,0,0.0,65.9
c22_64,28.92066,41.12234,0.0,0.0,0.0,0.0,0.0,A,0.0,0.0,0.0,0.0,0.0,0.0,0.0,0.0,0.0,0.0,1.0,0.0,0.0,0.0,0.0,0.0,0.0,1.0,puan,0,0,1,0,0,0,,0.0
c22_65,28.92066,41.12683,0.0,0.0,0.0,0.0,0.0,A,0.0,0.0,0.0,0.0,0.0,0.0,0.0,0.0,0.0,0.0,1.0,0.0,0.0,0.0,0.0,0.0,0.0,1.0,puan,0,0,1,0,0,0,,0.0
c22_66,28.92066,41.13132,0.0,0.0,0.0,0.0,0.0,A,0.0,0.0,0.0,0.0,0.0,0.0,0.0,0.0,0.0,0.0,1.0,0.0,0.0,0.0,0.0,0.0,0.0,1.0,puan,0,0,1,0,0,0,,0.0
c22_67,28.92066,41.13581,0.029,0.028,0.051,0.027,0.029,A,0.029,0.029,0.029,0.027,0.029,0.027,0.0,0.0,0.0,0.0,0.893,0.0,0.0,0.046,0.013,0.0,0.021,0.92,puan,912,0,3,0,0,0,0.0,7.0
c22_68,28.92066,41.1403,0.594,0.401,0.726,0.179,0.594,C,0.594,0.594,0.594,0.179,0.594,0.014,0.0,0.0,0.0,0.0,0.009,0.0,0.0,0.054,0.912,0.0,0.011,0.023,kanıt yetersiz,491,0,2,0,0,0,0.0,
c22_69,28.92066,41.14479,0.497,0.11,0.888,0.276,0.572,C,0.485,0.572,0.422,0.276,0.417,0.009,0.0,0.0,0.008,0.013,0.0,0.0,0.0,0.024,0.841,0.008,0.097,0.03,kanıt yetersiz,0,0,1,0,0,0,,
c22_70,28.92066,41.14928,0.406,0.13,0.81,0.309,0.479,C,0.402,0.479,0.333,0.309,0.377,0.062,0.0,0.003,0.064,0.15,0.0,0.003,0.0,0.088,0.03,0.032,0.568,0.282,puan,1548,0,2,4,3,1,2.6,44.8
c22_71,28.92066,41.15377,0.367,0.183,0.684,0.305,0.447,C,0.447,0.411,0.323,0.305,0.321,0.075,0.0,0.168,0.007,0.002,0.0,0.202,0.0,0.093,0.0,0.107,0.347,0.453,puan,0,0,1,0,0,0,,36.1
c23_64,28.92661,41.12234,0.0,0.0,0.0,0.0,0.0,A,0.0,0.0,0.0,0.0,0.0,0.0,0.0,0.0,0.0,0.0,1.0,0.0,0.0,0.0,0.0,0.0,0.0,1.0,puan,0,0,1,0,0,0,,0.0
c23_65,28.92661,41.12683,0.0,0.0,0.0,0.0,0.0,A,0.0,0.0,0.0,0.0,0.0,0.0,0.0,0.0,0.0,0.0,1.0,0.0,0.0,0.0,0.0,0.0,0.0,1.0,puan,0,0,1,0,0,0,,0.0
c23_66,28.92661,41.13132,0.0,0.0,0.0,0.0,0.0,A,0.0,0.0,0.0,0.0,0.0,0.0,0.0,0.0,0.0,0.0,1.0,0.0,0.0,0.0,0.0,0.0,0.0,1.0,puan,0,0,1,0,0,0,,0.0
c23_67,28.92661,41.13581,0.104,0.095,0.186,0.093,0.105,A,0.105,0.105,0.104,0.093,0.104,0.079,0.0,0.0,0.0,0.011,0.677,0.0,0.0,0.092,0.064,0.003,0.074,0.766,puan,1694,0,3,0,0,0,0.0,9.6
c23_68,28.92661,41.1403,0.587,0.54,0.62,0.546,0.587,A,0.587,0.587,0.587,0.546,0.586,0.289,0.0,0.0,0.0,0.0,0.204,0.0,0.0,0.037,0.427,0.001,0.042,0.493,puan,0,0,1,0,0,0,,69.5
c23_69,28.92661,41.14479,0.245,0.105,0.677,0.18,0.275,C,0.255,0.275,0.216,0.18,0.231,0.019,0.0,0.0,0.001,0.061,0.029,0.0,0.0,0.04,0.704,0.014,0.133,0.11,puan,0,0,1,0,0,0,,15.8
c23_70,28.92661,41.14928,0.915,0.096,0.991,0.382,0.947,C,0.903,0.947,0.882,0.382,0.609,0.026,0.0,0.0,0.005,0.0,0.0,0.0,0.0,0.044,0.652,0.02,0.252,0.032,kanıt yetersiz,781,0,2,3,3,0,3.8,
c23_71,28.92661,41.15377,0.616,0.064,0.96,0.363,0.702,C,0.702,0.644,0.588,0.363,0.574,0.032,0.0,0.031,0.0,0.001,0.0,0.009,0.0,0.051,0.243,0.007,0.626,0.073,kanıt yetersiz,0,0,1,0,0,0,,
c16_72,28.88496,41.15826,1.0,0.499,1.0,0.307,1.0,C,1.0,1.0,1.0,0.307,0.63,0.013,0.0,0.0,0.0,0.0,0.0,0.0,0.0,0.03,0.943,0.01,0.004,0.013,kanıt yetersiz,0,0,1,0,0,0,,
c16_73,28.88496,41.16275,0.913,0.801,0.924,0.776,0.94,B,0.94,0.92,0.906,0.776,0.879,0.19,0.0,0.031,0.0,0.0,0.0,0.0,0.0,0.039,0.709,0.01,0.021,0.221,puan,0,0,1,0,0,0,,88.2
c16_74,28.88496,41.16724,,0.0,1.0,,,C,,,,0.0,,0.0,0.0,0.0,0.0,0.0,0.0,0.0,0.0,0.015,0.98,0.0,0.006,0.0,kanıt yetersiz,0,0,1,0,0,0,,
c16_75,28.88496,41.17173,1.0,0.688,1.0,0.823,1.0,B,1.0,1.0,1.0,0.823,0.998,0.39,0.0,0.0,0.0,0.0,0.0,0.0,0.0,0.084,0.349,0.001,0.176,0.39,puan,1348,0,3,0,0,0,0.0,94.5
c16_76,28.88496,41.17622,0.826,0.715,0.85,0.772,0.843,A,0.827,0.843,0.809,0.772,0.785,0.639,0.0,0.0,0.034,0.005,0.001,0.136,0.0,0.057,0.0,0.051,0.076,0.816,puan,500,0,2,4,4,0,8.0,84.7
c16_77,28.88496,41.18071,0.286,0.231,0.425,0.213,0.359,B,0.289,0.359,0.213,0.244,0.283,0.071,0.002,0.009,0.132,0.116,0.0,0.379,0.0,0.122,0.0,0.014,0.157,0.708,puan,879,0,3,9,9,0,10.2,20.3
c16_78,28.88496,41.1852,0.387,0.212,0.664,0.291,0.446,C,0.387,0.446,0.328,0.291,0.372,0.109,0.0,0.009,0.079,0.097,0.048,0.121,0.0,0.152,0.005,0.027,0.354,0.462,puan,0,0,1,0,0,0,,41.0
c16_79,28.88496,41.18969,0.371,0.128,0.783,0.232,0.39,C,0.377,0.39,0.352,0.232,0.329,0.03,0.0,0.0,0.001,0.033,0.029,0.0,0.0,0.054,0.682,0.019,0.154,0.091,kanıt yetersiz,0,0,1,0,0,0,,
c17_72,28.89091,41.15826,0.874,0.838,0.879,0.826,0.91,A,0.91,0.885,0.862,0.826,0.856,0.31,0.0,0.073,0.003,0.002,0.0,0.0,0.0,0.022,0.574,0.009,0.007,0.388,puan,277,0,1,0,0,0,0.0,86.7
c17_73,28.89091,41.16275,0.931,0.653,0.951,0.629,0.931,C,0.931,0.931,0.931,0.629,0.924,0.238,0.0,0.0,0.0,0.0,0.018,0.0,0.0,0.123,0.513,0.002,0.107,0.256,puan,2818,0,3,0,0,0,0.0,89.2
c17_74,28.89091,41.16724,0.865,0.331,0.948,0.633,0.866,C,0.865,0.866,0.863,0.633,0.858,0.202,0.0,0.0,0.001,0.0,0.031,0.0,0.0,0.086,0.302,0.002,0.375,0.235,puan,1290,0,3,0,0,0,0.0,86.2
c17_75,28.89091,41.17173,0.773,0.553,0.838,0.733,0.788,B,0.778,0.788,0.759,0.733,0.751,0.507,0.001,0.001,0.005,0.04,0.0,0.134,0.0,0.038,0.0,0.025,0.25,0.688,puan,80,0,1,0,0,0,0.0,82.1
c17_76,28.89091,41.17622,0.34,0.278,0.459,0.272,0.407,B,0.342,0.407,0.272,0.295,0.33,0.122,0.004,0.006,0.125,0.201,0.0,0.27,0.0,0.111,0.0,0.036,0.125,0.728,puan,779,0,2,4,4,0,5.1,29.9
c17_77,28.89091,41.18071,0.38,0.245,0.599,0.298,0.448,B,0.383,0.448,0.312,0.298,0.356,0.111,0.002,0.015,0.102,0.091,0.0,0.228,0.0,0.149,0.0,0.055,0.245,0.55,puan,0,0,1,0,0,0,,39.6
c17_78,28.89091,41.1852,0.358,0.217,0.611,0.269,0.407,B,0.369,0.407,0.309,0.269,0.349,0.09,0.0,0.007,0.027,0.132,0.0,0.132,0.0,0.128,0.233,0.015,0.236,0.388,puan,0,0,1,0,0,0,,34.2
c17_79,28.89091,41.18969,0.97,0.038,0.999,0.198,0.972,C,0.971,0.972,0.969,0.198,0.557,0.006,0.0,0.0,0.0,0.0,0.0,0.0,0.0,0.024,0.821,0.006,0.143,0.006,kanıt yetersiz,0,0,1,0,0,0,,
c18_72,28.89686,41.15826,0.168,0.117,0.423,0.113,0.223,B,0.181,0.223,0.113,0.117,0.162,0.006,0.0,0.0,0.01,0.001,0.0,0.198,0.0,0.095,0.595,0.036,0.06,0.215,puan,1150,0,2,0,0,0,0.0,11.1
c18_73,28.89686,41.16275,0.078,0.059,0.304,0.071,0.079,B,0.078,0.078,0.078,0.071,0.079,0.04,0.0,0.0,0.0,0.001,0.479,0.002,0.0,0.052,0.257,0.018,0.151,0.522,puan,639,0,2,0,0,0,0.0,8.7
c18_74,28.89686,41.16724,0.485,0.395,0.58,0.484,0.485,A,0.485,0.485,0.485,0.485,0.484,0.395,0.0,0.0,0.0,0.0,0.42,0.0,0.0,0.0,0.0,0.003,0.182,0.815,puan,0,0,1,0,0,0,,57.5
c18_75,28.89686,41.17173,0.583,0.476,0.659,0.531,0.606,A,0.591,0.606,0.559,0.568,0.531,0.418,0.0,0.0,0.0,0.011,0.0,0.371,0.0,0.021,0.0,0.103,0.077,0.8,puan,459,0,3,1,1,0,2.2,69.1
c18_76,28.89686,41.17622,0.249,0.186,0.439,0.203,0.295,B,0.263,0.295,0.203,0.211,0.226,0.088,0.0,0.0,0.012,0.048,0.0,0.511,0.0,0.119,0.0,0.153,0.069,0.659,puan,818,0,2,5,5,0,6.1,16.1
c18_77,28.89686,41.18071,0.22,0.173,0.385,0.17,0.269,B,0.234,0.269,0.17,0.185,0.203,0.066,0.0,0.001,0.018,0.065,0.0,0.535,0.0,0.13,0.0,0.146,0.039,0.685,puan,0,0,1,0,0,0,,14.0
c18_78,28.89686,41.1852,0.245,0.169,0.478,0.197,0.292,B,0.261,0.292,0.197,0.2,0.237,0.053,0.002,0.004,0.01,0.099,0.0,0.267,0.0,0.098,0.272,0.028,0.167,0.436,puan,0,0,1,0,0,0,,15.8
c18_79,28.89686,41.18969,0.973,0.177,0.995,0.635,0.975,C,0.974,0.975,0.972,0.635,0.837,0.062,0.0,0.0,0.0,0.002,0.0,0.0,0.0,0.034,0.613,0.012,0.277,0.064,kanıt yetersiz,0,0,1,0,0,0,,
c19_72,28.90281,41.15826,0.228,0.094,0.681,0.176,0.28,C,0.243,0.28,0.176,0.188,0.208,0.021,0.0,0.004,0.01,0.011,0.0,0.178,0.0,0.047,0.411,0.052,0.266,0.224,puan,0,0,1,0,0,0,,14.5
c19_73,28.90281,41.16275,0.127,0.034,0.766,0.106,0.145,C,0.134,0.145,0.109,0.106,0.127,0.02,0.0,0.003,0.003,0.056,0.152,0.021,0.0,0.05,0.001,0.043,0.651,0.255,puan,0,0,1,0,0,0,,9.8
c19_74,28.90281,41.16724,0.827,0.055,0.988,0.552,0.862,C,0.819,0.862,0.792,0.552,0.683,0.048,0.0,0.0,0.009,0.007,0.0,0.0,0.0,0.032,0.0,0.017,0.887,0.064,kanıt yetersiz,120,0,1,0,0,0,0.0,
c19_75,28.90281,41.17173,0.251,0.126,0.624,0.2,0.302,C,0.263,0.302,0.2,0.219,0.233,0.057,0.0,0.002,0.022,0.011,0.0,0.376,0.0,0.069,0.0,0.077,0.386,0.468,puan,1401,0,2,3,3,0,2.1,16.4
c19_76,28.90281,41.17622,0.189,0.158,0.321,0.14,0.238,A,0.208,0.238,0.14,0.171,0.179,0.044,0.0,0.014,0.008,0.002,0.0,0.63,0.0,0.075,0.092,0.128,0.007,0.698,puan,0,0,1,0,0,0,,12.2
c19_77,28.90281,41.18071,0.18,0.15,0.318,0.133,0.228,A,0.197,0.228,0.133,0.165,0.171,0.036,0.0,0.0,0.001,0.0,0.0,0.544,0.0,0.054,0.248,0.117,0.0,0.581,puan,0,0,1,0,0,0,,11.6
c19_78,28.90281,41.1852,0.255,0.118,0.653,0.212,0.297,C,0.27,0.297,0.212,0.213,0.242,0.016,0.0,0.0,0.0,0.001,0.0,0.089,0.0,0.021,0.753,0.012,0.109,0.105,puan,0,0,1,0,0,0,,16.8
c19_79,28.90281,41.18969,0.167,0.088,0.564,0.117,0.218,C,0.204,0.218,0.117,0.149,0.161,0.003,0.0,0.027,0.002,0.019,0.0,0.202,0.0,0.031,0.483,0.046,0.186,0.254,puan,0,0,1,0,0,0,,11.0
c20_72,28.90876,41.15826,0.38,0.084,0.864,0.296,0.421,C,0.388,0.421,0.339,0.296,0.341,0.057,0.0,0.0,0.011,0.126,0.013,0.0,0.0,0.059,0.0,0.037,0.697,0.207,puan,1319,0,2,10,8,2,7.6,39.6
c20_73,28.90876,41.16275,0.634,0.226,0.87,0.491,0.678,C,0.633,0.678,0.589,0.491,0.552,0.162,0.0,0.005,0.042,0.103,0.0,0.0,0.0,0.091,0.035,0.059,0.504,0.311,puan,1424,0,3,0,0,0,0.0,73.4
c20_74,28.90876,41.16724,0.813,0.155,0.964,0.485,0.829,C,0.814,0.829,0.796,0.485,0.777,0.093,0.0,0.0,0.004,0.024,0.0,0.0,0.0,0.082,0.285,0.007,0.506,0.121,puan,949,0,2,0,0,0,0.0,83.9
c20_75,28.90876,41.17173,0.721,0.06,0.977,0.348,0.745,C,0.736,0.745,0.697,0.348,0.401,0.028,0.0,0.003,0.002,0.011,0.0,0.0,0.0,0.047,0.423,0.051,0.434,0.044,kanıt yetersiz,0,0,1,0,0,0,,
c20_76,28.90876,41.17622,0.776,0.089,0.974,0.349,0.802,C,0.788,0.802,0.75,0.349,0.429,0.033,0.0,0.003,0.003,0.008,0.0,0.0,0.0,0.058,0.533,0.054,0.308,0.047,kanıt yetersiz,0,0,1,0,0,0,,
c20_77,28.90876,41.18071,1.0,1.0,1.0,0.135,1.0,C,1.0,1.0,1.0,0.135,1.0,0.002,0.0,0.0,0.0,0.0,0.0,0.0,0.0,0.015,0.983,0.0,0.0,0.002,kanıt yetersiz,0,0,1,0,0,0,,
c20_78,28.90876,41.1852,0.842,0.711,0.866,0.254,0.851,C,0.845,0.851,0.833,0.254,0.731,0.004,0.0,0.0,0.0,0.001,0.0,0.0,0.0,0.011,0.984,0.001,0.0,0.005,kanıt yetersiz,0,0,1,0,0,0,,
c20_79,28.90876,41.18969,0.125,0.125,0.125,0.001,0.175,B,0.143,0.175,0.075,0.001,0.125,0.0,0.0,0.0,0.0,0.0,0.0,0.0,0.0,0.006,0.994,0.0,0.0,0.0,kanıt yetersiz,0,0,1,0,0,0,,
c21_72,28.91471,41.15826,0.729,0.244,0.909,0.454,0.785,C,0.72,0.785,0.673,0.454,0.528,0.162,0.0,0.007,0.065,0.041,0.002,0.0,0.0,0.168,0.0,0.138,0.416,0.278,puan,0,0,1,0,0,0,,79.4
c21_73,28.91471,41.16275,0.764,0.279,0.914,0.578,0.774,C,0.764,0.774,0.755,0.578,0.615,0.232,0.0,0.003,0.013,0.008,0.059,0.0,0.0,0.101,0.038,0.096,0.452,0.314,puan,0,0,1,0,0,0,,81.5
c21_74,28.91471,41.16724,0.787,0.471,0.872,0.687,0.787,C,0.787,0.787,0.787,0.687,0.767,0.275,0.0,0.0,0.0,0.0,0.074,0.0,0.0,0.051,0.366,0.011,0.223,0.349,puan,0,0,1,0,0,0,,82.6
c21_75,28.91471,41.17173,1.0,1.0,1.0,0.082,1.0,C,1.0,1.0,1.0,0.082,1.0,0.002,0.0,0.0,0.0,0.0,0.0,0.0,0.0,0.025,0.973,0.0,0.0,0.002,kanıt yetersiz,0,0,1,0,0,0,,
c21_76,28.91471,41.17622,0.811,0.049,0.989,0.225,0.822,C,0.817,0.822,0.8,0.225,0.411,0.012,0.0,0.0,0.0,0.003,0.0,0.0,0.0,0.042,0.696,0.022,0.224,0.016,kanıt yetersiz,0,0,1,0,0,0,,
c21_77,28.91471,41.18071,0.707,0.045,0.981,0.307,0.766,C,0.766,0.732,0.682,0.307,0.421,0.025,0.0,0.013,0.001,0.005,0.0,0.0,0.0,0.058,0.238,0.043,0.617,0.044,kanıt yetersiz,0,0,1,0,0,0,,
c21_78,28.91471,41.1852,0.838,0.113,0.978,0.383,0.848,C,0.848,0.848,0.828,0.383,0.743,0.026,0.0,0.001,0.0,0.005,0.0,0.0,0.0,0.039,0.72,0.005,0.204,0.032,kanıt yetersiz,0,0,1,0,0,0,,
c21_79,28.91471,41.18969,1.0,1.0,1.0,0.382,1.0,C,1.0,1.0,1.0,0.382,1.0,0.017,0.0,0.0,0.0,0.0,0.0,0.0,0.0,0.028,0.955,0.0,0.0,0.017,kanıt yetersiz,0,0,1,0,0,0,,
c22_72,28.92066,41.15826,0.537,0.219,0.811,0.435,0.647,C,0.647,0.582,0.493,0.435,0.466,0.105,0.0,0.213,0.021,0.025,0.0,0.008,0.0,0.088,0.0,0.078,0.462,0.372,puan,0,0,1,0,0,0,,64.4
c22_73,28.92066,41.16275,0.553,0.106,0.914,0.317,0.575,C,0.569,0.575,0.53,0.317,0.392,0.077,0.0,0.009,0.002,0.015,0.018,0.039,0.0,0.119,0.052,0.096,0.574,0.16,puan,0,0,1,0,0,0,,66.4
c22_74,28.92066,41.16724,0.435,0.033,0.957,0.224,0.437,C,0.435,0.437,0.434,0.224,0.33,0.026,0.0,0.0,0.0,0.0,0.034,0.0,0.0,0.057,0.139,0.031,0.711,0.061,kanıt yetersiz,0,0,1,0,0,0,,
c22_75,28.92066,41.17173,1.0,0.271,1.0,0.031,1.0,C,1.0,1.0,1.0,0.031,0.964,0.002,0.0,0.0,0.0,0.0,0.0,0.0,0.0,0.049,0.945,0.0,0.004,0.002,kanıt yetersiz,0,0,1,0,0,0,,
c22_76,28.92066,41.17622,,0.0,1.0,,,C,,,,0.0,0.125,0.0,0.0,0.0,0.0,0.0,0.0,0.0,0.0,0.02,0.98,0.0,0.0,0.0,kanıt yetersiz,0,0,1,0,0,0,,
c22_77,28.92066,41.18071,,0.0,1.0,,,C,,,,0.0,0.125,0.0,0.0,0.0,0.0,0.0,0.0,0.0,0.0,0.02,0.978,0.0,0.002,0.0,kanıt yetersiz,0,0,1,0,0,0,,
c22_78,28.92066,41.1852,,0.0,1.0,,,C,,,,0.0,0.125,0.0,0.0,0.0,0.0,0.0,0.0,0.0,0.0,0.026,0.974,0.0,0.0,0.0,kanıt yetersiz,0,0,1,0,0,0,,
c22_79,28.92066,41.18969,,,,,,C,,,,,,0.0,0.0,0.0,0.0,0.0,0.0,0.0,0.0,0.0,1.0,0.0,0.0,0.0,kanıt yetersiz,0,0,1,0,0,0,,
c23_72,28.92661,41.15826,0.451,0.07,0.915,0.303,0.519,C,0.519,0.487,0.415,0.303,0.383,0.04,0.0,0.043,0.0,0.001,0.0,0.057,0.0,0.069,0.014,0.038,0.739,0.141,puan,0,0,1,0,0,0,,53.3
c23_73,28.92661,41.16275,0.881,0.371,0.95,0.687,0.889,C,0.883,0.889,0.873,0.687,0.777,0.122,0.0,0.0,0.001,0.0,0.0,0.019,0.0,0.04,0.622,0.022,0.173,0.142,puan,0,0,1,0,0,0,,87.1
c23_74,28.92661,41.16724,1.0,0.288,1.0,0.697,1.0,C,1.0,1.0,1.0,0.697,0.968,0.081,0.0,0.0,0.0,0.0,0.0,0.0,0.0,0.035,0.684,0.003,0.197,0.081,kanıt yetersiz,0,0,1,0,0,0,,
c23_75,28.92661,41.17173,1.0,0.023,1.0,0.175,1.0,C,1.0,1.0,1.0,0.175,0.959,0.002,0.0,0.0,0.0,0.0,0.0,0.0,0.0,0.009,0.91,0.0,0.079,0.002,kanıt yetersiz,0,0,1,0,0,0,,
c23_76,28.92661,41.17622,1.0,0.999,1.0,0.867,1.0,B,1.0,1.0,1.0,0.867,1.0,0.166,0.0,0.0,0.0,0.0,0.0,0.0,0.0,0.025,0.809,0.0,0.0,0.166,puan,0,0,1,0,0,0,,94.5
c23_77,28.92661,41.18071,1.0,1.0,1.0,0.859,1.0,B,1.0,1.0,1.0,0.859,1.0,0.15,0.0,0.0,0.0,0.0,0.0,0.0,0.0,0.025,0.825,0.0,0.0,0.15,puan,0,0,1,0,0,0,,94.5
c23_78,28.92661,41.1852,1.0,1.0,1.0,0.697,1.0,C,1.0,1.0,1.0,0.697,1.0,0.035,0.0,0.0,0.0,0.0,0.0,0.0,0.0,0.015,0.95,0.0,0.0,0.035,kanıt yetersiz,0,0,1,0,0,0,,
c23_79,28.92661,41.18969,,,,,,C,,,,0.0,,0.0,0.0,0.0,0.0,0.0,0.0,0.0,0.0,0.0,1.0,0.0,0.0,0.0,kanıt yetersiz,0,0,1,0,0,0,,
c24_80,28.93256,41.19418,1.0,1.0,1.0,0.939,1.0,A,1.0,1.0,1.0,0.939,1.0,0.101,0.0,0.0,0.0,0.0,0.0,0.0,0.0,0.007,0.893,0.0,0.0,0.101,puan,0,0,1,0,0,0,,94.5
c24_81,28.93256,41.19867,1.0,1.0,1.0,0.088,1.0,C,1.0,1.0,1.0,0.088,1.0,0.001,0.0,0.0,0.0,0.0,0.0,0.0,0.0,0.013,0.986,0.0,0.0,0.001,kanıt yetersiz,0,0,1,0,0,0,,
c24_82,28.93256,41.20316,1.0,1.0,1.0,0.482,1.0,C,1.0,1.0,1.0,0.482,1.0,0.009,0.0,0.0,0.0,0.0,0.0,0.0,0.0,0.01,0.981,0.0,0.0,0.009,kanıt yetersiz,0,0,1,0,0,0,,
c24_83,28.93256,41.20765,1.0,1.0,1.0,0.071,1.0,C,1.0,1.0,1.0,0.071,1.0,0.001,0.0,0.0,0.0,0.0,0.0,0.0,0.0,0.014,0.985,0.0,0.0,0.001,kanıt yetersiz,0,0,1,0,0,0,,
c24_84,28.93256,41.21214,1.0,1.0,1.0,0.815,1.0,B,1.0,1.0,1.0,0.815,1.0,0.092,0.0,0.0,0.0,0.0,0.0,0.0,0.0,0.021,0.887,0.0,0.0,0.092,kanıt yetersiz,0,0,1,0,0,0,,
c24_85,28.93256,41.21663,1.0,1.0,1.0,0.722,1.0,C,1.0,1.0,1.0,0.722,1.0,0.063,0.0,0.0,0.0,0.0,0.0,0.0,0.0,0.024,0.913,0.0,0.0,0.063,kanıt yetersiz,0,0,1,0,0,0,,
c24_86,28.93256,41.22112,,,,,,C,,,,0.0,,0.0,0.0,0.0,0.0,0.0,0.0,0.0,0.0,0.012,0.988,0.0,0.0,0.0,kanıt yetersiz,0,0,1,0,0,0,,
c24_87,28.93256,41.22561,,,,,,C,,,,0.0,,0.0,0.0,0.0,0.0,0.0,0.0,0.0,0.0,0.014,0.986,0.0,0.0,0.0,kanıt yetersiz,0,0,1,0,0,0,,
c25_80,28.93851,41.19418,1.0,1.0,1.0,0.158,1.0,C,1.0,1.0,1.0,0.158,1.0,0.002,0.0,0.0,0.0,0.0,0.0,0.0,0.0,0.008,0.99,0.0,0.0,0.002,kanıt yetersiz,0,0,1,0,0,0,,
c25_81,28.93851,41.19867,,,,,,C,,,,0.0,,0.0,0.0,0.0,0.0,0.0,0.0,0.0,0.0,0.017,0.983,0.0,0.0,0.0,kanıt yetersiz,0,0,1,0,0,0,,
c25_82,28.93851,41.20316,,,,,,C,,,,0.0,,0.0,0.0,0.0,0.0,0.0,0.0,0.0,0.0,0.021,0.979,0.0,0.0,0.0,kanıt yetersiz,0,0,1,0,0,0,,
c25_83,28.93851,41.20765,1.0,1.0,1.0,0.35,1.0,C,1.0,1.0,1.0,0.35,1.0,0.006,0.0,0.0,0.0,0.0,0.0,0.0,0.0,0.011,0.984,0.0,0.0,0.006,kanıt yetersiz,0,0,1,0,0,0,,
c25_84,28.93851,41.21214,1.0,1.0,1.0,0.905,1.0,A,1.0,1.0,1.0,0.905,1.0,0.224,0.0,0.0,0.0,0.0,0.0,0.0,0.0,0.024,0.752,0.0,0.0,0.224,puan,0,0,1,0,0,0,,94.5
c25_85,28.93851,41.21663,1.0,1.0,1.0,0.947,1.0,A,1.0,1.0,1.0,0.947,1.0,0.7,0.0,0.0,0.0,0.0,0.0,0.0,0.0,0.04,0.26,0.0,0.0,0.7,puan,0,0,1,0,0,0,,94.5
c25_86,28.93851,41.22112,1.0,1.0,1.0,0.878,1.0,B,1.0,1.0,1.0,0.878,1.0,0.247,0.0,0.0,0.0,0.0,0.0,0.0,0.0,0.035,0.718,0.0,0.0,0.247,puan,0,0,1,0,0,0,,94.5
c25_87,28.93851,41.22561,,,,,,C,,,,0.0,,0.0,0.0,0.0,0.0,0.0,0.0,0.0,0.0,0.025,0.975,0.0,0.0,0.0,kanıt yetersiz,0,0,1,0,0,0,,
c26_80,28.94446,41.19418,,,,,,C,,,,0.0,,0.0,0.0,0.0,0.0,0.0,0.0,0.0,0.0,0.008,0.992,0.0,0.0,0.0,kanıt yetersiz,0,0,1,0,0,0,,
c26_81,28.94446,41.19867,1.0,1.0,1.0,0.061,1.0,C,1.0,1.0,1.0,0.061,1.0,0.0,0.0,0.0,0.0,0.0,0.0,0.0,0.0,0.006,0.993,0.0,0.0,0.0,kanıt yetersiz,0,0,1,0,0,0,,
c26_82,28.94446,41.20316,1.0,1.0,1.0,0.251,1.0,C,1.0,1.0,1.0,0.251,1.0,0.003,0.0,0.0,0.0,0.0,0.0,0.0,0.0,0.008,0.99,0.0,0.0,0.003,kanıt yetersiz,0,0,1,0,0,0,,
c26_83,28.94446,41.20765,1.0,1.0,1.0,1.0,1.0,A,1.0,1.0,1.0,1.0,1.0,0.006,0.0,0.0,0.0,0.0,0.0,0.0,0.0,0.0,0.994,0.0,0.0,0.006,kanıt yetersiz,0,0,1,0,0,0,,
c26_84,28.94446,41.21214,,,,,,C,,,,0.0,,0.0,0.0,0.0,0.0,0.0,0.0,0.0,0.0,0.005,0.995,0.0,0.0,0.0,kanıt yetersiz,0,0,1,0,0,0,,
c26_85,28.94446,41.21663,,,,,,C,,,,0.0,,0.0,0.0,0.0,0.0,0.0,0.0,0.0,0.0,0.026,0.974,0.0,0.0,0.0,kanıt yetersiz,0,0,1,0,0,0,,
c26_86,28.94446,41.22112,1.0,1.0,1.0,0.713,1.0,C,1.0,1.0,1.0,0.713,1.0,0.103,0.0,0.0,0.0,0.0,0.0,0.0,0.0,0.041,0.856,0.0,0.0,0.103,puan,0,0,1,0,0,0,,94.5
c26_87,28.94446,41.22561,,,,,,C,,,,0.0,,0.0,0.0,0.0,0.0,0.0,0.0,0.0,0.0,0.022,0.978,0.0,0.0,0.0,kanıt yetersiz,0,0,1,0,0,0,,
c27_80,28.95041,41.19418,1.0,1.0,1.0,0.932,1.0,A,1.0,1.0,1.0,0.932,1.0,0.249,0.0,0.0,0.0,0.0,0.0,0.0,0.0,0.018,0.733,0.0,0.0,0.249,puan,0,0,1,0,0,0,,94.5
c27_81,28.95041,41.19867,1.0,1.0,1.0,0.986,1.0,A,1.0,1.0,1.0,0.986,1.0,0.788,0.0,0.0,0.0,0.0,0.0,0.0,0.0,0.011,0.201,0.0,0.0,0.788,puan,0,0,1,0,0,0,,94.5
c27_82,28.95041,41.20316,1.0,1.0,1.0,0.973,1.0,A,1.0,1.0,1.0,0.973,1.0,0.412,0.0,0.0,0.0,0.0,0.0,0.0,0.0,0.011,0.577,0.0,0.0,0.412,puan,0,0,1,0,0,0,,94.5
c27_83,28.95041,41.20765,1.0,0.998,1.0,0.707,1.0,C,1.0,1.0,1.0,0.707,0.998,0.039,0.0,0.0,0.0,0.0,0.0,0.0,0.0,0.016,0.945,0.0,0.0,0.039,kanıt yetersiz,0,0,1,0,0,0,,
c27_84,28.95041,41.21214,1.0,1.0,1.0,0.021,1.0,C,1.0,1.0,1.0,0.021,1.0,0.0,0.0,0.0,0.0,0.0,0.0,0.0,0.0,0.017,0.983,0.0,0.0,0.0,kanıt yetersiz,0,0,1,0,0,0,,
c27_85,28.95041,41.21663,,,,,,C,,,,0.0,,0.0,0.0,0.0,0.0,0.0,0.0,0.0,0.0,0.019,0.981,0.0,0.0,0.0,kanıt yetersiz,0,0,1,0,0,0,,
c27_86,28.95041,41.22112,,,,,,C,,,,0.0,,0.0,0.0,0.0,0.0,0.0,0.0,0.0,0.0,0.033,0.967,0.0,0.0,0.0,kanıt yetersiz,0,0,1,0,0,0,,
c27_87,28.95041,41.22561,1.0,1.0,1.0,0.057,1.0,C,1.0,1.0,1.0,0.057,1.0,0.001,0.0,0.0,0.0,0.0,0.0,0.0,0.0,0.009,0.99,0.0,0.0,0.001,kanıt yetersiz,0,0,1,0,0,0,,
c28_80,28.95636,41.19418,1.0,0.998,1.0,0.979,1.0,A,1.0,1.0,1.0,0.979,0.998,0.61,0.0,0.0,0.0,0.0,0.0,0.0,0.0,0.013,0.376,0.001,0.0,0.61,puan,0,0,1,0,0,0,,94.5
c28_81,28.95636,41.19867,1.0,0.999,1.0,0.999,1.0,A,1.0,1.0,1.0,1.0,0.999,0.999,0.0,0.0,0.0,0.0,0.0,0.0,0.0,0.0,0.0,0.001,0.0,0.999,puan,0,0,1,0,0,0,,94.5
c28_82,28.95636,41.20316,1.0,1.0,1.0,0.939,1.0,A,1.0,1.0,1.0,0.939,1.0,0.408,0.0,0.0,0.0,0.0,0.0,0.0,0.0,0.026,0.565,0.0,0.0,0.408,puan,0,0,1,0,0,0,,94.5
c28_83,28.95636,41.20765,1.0,1.0,1.0,0.508,1.0,C,1.0,1.0,1.0,0.508,1.0,0.041,0.0,0.0,0.0,0.0,0.0,0.0,0.0,0.04,0.919,0.0,0.0,0.041,kanıt yetersiz,0,0,1,0,0,0,,
c28_84,28.95636,41.21214,1.0,1.0,1.0,0.188,1.0,C,1.0,1.0,1.0,0.188,1.0,0.003,0.0,0.0,0.0,0.0,0.0,0.0,0.0,0.014,0.982,0.0,0.0,0.003,kanıt yetersiz,0,0,1,0,0,0,,
c28_85,28.95636,41.21663,,,,,,C,,,,0.0,,0.0,0.0,0.0,0.0,0.0,0.0,0.0,0.0,0.023,0.977,0.0,0.0,0.0,kanıt yetersiz,0,0,1,0,0,0,,
c28_86,28.95636,41.22112,,,,,,C,,,,0.0,,0.0,0.0,0.0,0.0,0.0,0.0,0.0,0.0,0.009,0.991,0.0,0.0,0.0,kanıt yetersiz,0,0,1,0,0,0,,
c28_87,28.95636,41.22561,1.0,1.0,1.0,0.043,1.0,C,1.0,1.0,1.0,0.043,1.0,0.001,0.0,0.0,0.0,0.0,0.0,0.0,0.0,0.02,0.98,0.0,0.0,0.001,kanıt yetersiz,0,0,1,0,0,0,,
c29_80,28.96231,41.19418,1.0,0.998,1.0,0.983,1.0,A,1.0,1.0,0.999,0.983,0.998,0.899,0.0,0.0,0.0,0.0,0.0,0.0,0.0,0.015,0.084,0.001,0.0,0.899,puan,0,0,1,0,0,0,,94.5
c29_81,28.96231,41.19867,1.0,1.0,1.0,0.853,1.0,B,1.0,1.0,1.0,0.853,1.0,0.17,0.0,0.0,0.0,0.0,0.0,0.0,0.0,0.029,0.801,0.0,0.0,0.17,puan,0,0,1,0,0,0,,94.5
c29_82,28.96231,41.20316,1.0,1.0,1.0,0.681,1.0,C,1.0,1.0,1.0,0.681,1.0,0.062,0.0,0.0,0.0,0.0,0.0,0.0,0.0,0.029,0.91,0.0,0.0,0.062,kanıt yetersiz,0,0,1,0,0,0,,
c29_83,28.96231,41.20765,1.0,0.996,1.0,0.822,1.0,B,1.0,1.0,1.0,0.822,0.997,0.143,0.0,0.0,0.0,0.0,0.0,0.0,0.0,0.031,0.825,0.001,0.0,0.143,puan,0,0,1,0,0,0,,94.5
c29_84,28.96231,41.21214,1.0,1.0,1.0,0.23,1.0,C,1.0,1.0,1.0,0.23,1.0,0.003,0.0,0.0,0.0,0.0,0.0,0.0,0.0,0.009,0.988,0.0,0.0,0.003,kanıt yetersiz,0,0,1,0,0,0,,
c29_85,28.96231,41.21663,1.0,1.0,1.0,0.147,1.0,C,1.0,1.0,1.0,0.147,1.0,0.002,0.0,0.0,0.0,0.0,0.0,0.0,0.0,0.012,0.986,0.0,0.0,0.002,kanıt yetersiz,0,0,1,0,0,0,,
c29_86,28.96231,41.22112,,,,,,C,,,,0.0,,0.0,0.0,0.0,0.0,0.0,0.0,0.0,0.0,0.014,0.986,0.0,0.0,0.0,kanıt yetersiz,0,0,1,0,0,0,,
c29_87,28.96231,41.22561,,,,,,C,,,,0.0,,0.0,0.0,0.0,0.0,0.0,0.0,0.0,0.0,0.005,0.995,0.0,0.0,0.0,kanıt yetersiz,0,0,1,0,0,0,,
c30_80,28.96826,41.19418,1.0,1.0,1.0,0.971,1.0,A,1.0,1.0,1.0,0.971,1.0,0.457,0.0,0.0,0.0,0.0,0.0,0.0,0.0,0.013,0.53,0.0,0.0,0.457,puan,0,0,1,0,0,0,,94.5
c30_81,28.96826,41.19867,1.0,1.0,1.0,0.062,1.0,C,1.0,1.0,1.0,0.062,1.0,0.002,0.0,0.0,0.0,0.0,0.0,0.0,0.0,0.03,0.968,0.0,0.0,0.002,kanıt yetersiz,0,0,1,0,0,0,,
c30_82,28.96826,41.20316,1.0,1.0,1.0,0.012,1.0,C,1.0,1.0,1.0,0.012,1.0,0.0,0.0,0.0,0.0,0.0,0.0,0.0,0.0,0.019,0.981,0.0,0.0,0.0,kanıt yetersiz,0,0,1,0,0,0,,
c30_83,28.96826,41.20765,1.0,0.968,1.0,0.261,1.0,C,1.0,1.0,1.0,0.261,0.972,0.008,0.0,0.0,0.0,0.0,0.0,0.0,0.0,0.024,0.968,0.0,0.0,0.008,kanıt yetersiz,0,0,1,0,0,0,,
c30_84,28.96826,41.21214,1.0,0.912,1.0,0.252,1.0,C,1.0,1.0,1.0,0.252,0.923,0.005,0.0,0.0,0.0,0.0,0.0,0.0,0.0,0.014,0.981,0.0,0.0,0.005,kanıt yetersiz,0,0,1,0,0,0,,
c30_85,28.96826,41.21663,1.0,1.0,1.0,0.351,1.0,C,1.0,1.0,1.0,0.351,1.0,0.007,0.0,0.0,0.0,0.0,0.0,0.0,0.0,0.013,0.98,0.0,0.0,0.007,kanıt yetersiz,0,0,1,0,0,0,,
c30_86,28.96826,41.22112,1.0,0.997,1.0,0.495,1.0,C,1.0,1.0,1.0,0.495,0.997,0.035,0.0,0.0,0.0,0.0,0.0,0.0,0.0,0.036,0.929,0.0,0.0,0.035,kanıt yetersiz,0,0,1,0,0,0,,
c30_87,28.96826,41.22561,,,,,,C,,,,0.0,,0.0,0.0,0.0,0.0,0.0,0.0,0.0,0.0,0.044,0.956,0.0,0.0,0.0,kanıt yetersiz,0,0,1,0,0,0,,
c31_80,28.97421,41.19418,1.0,1.0,1.0,0.982,1.0,A,1.0,1.0,1.0,0.982,1.0,0.007,0.0,0.0,0.0,0.0,0.0,0.0,0.0,0.0,0.993,0.0,0.0,0.007,kanıt yetersiz,0,0,1,0,0,0,,
c31_81,28.97421,41.19867,1.0,1.0,1.0,0.024,1.0,C,1.0,1.0,1.0,0.024,1.0,0.001,0.0,0.0,0.0,0.0,0.0,0.0,0.0,0.026,0.973,0.0,0.0,0.001,kanıt yetersiz,0,0,1,0,0,0,,
c31_82,28.97421,41.20316,1.0,1.0,1.0,0.191,1.0,C,1.0,1.0,1.0,0.191,1.0,0.006,0.0,0.0,0.0,0.0,0.0,0.0,0.0,0.026,0.968,0.0,0.0,0.006,kanıt yetersiz,0,0,1,0,0,0,,
c31_83,28.97421,41.20765,1.0,0.988,1.0,0.256,1.0,C,1.0,1.0,1.0,0.256,0.989,0.008,0.0,0.0,0.0,0.0,0.0,0.0,0.0,0.025,0.967,0.0,0.0,0.008,kanıt yetersiz,0,0,1,0,0,0,,
c31_84,28.97421,41.21214,1.0,0.979,1.0,0.394,1.0,C,1.0,1.0,1.0,0.394,0.982,0.015,0.0,0.0,0.0,0.0,0.0,0.0,0.0,0.023,0.961,0.0,0.0,0.015,kanıt yetersiz,0,0,1,0,0,0,,
c31_85,28.97421,41.21663,1.0,1.0,1.0,0.216,1.0,C,1.0,1.0,1.0,0.216,1.0,0.006,0.0,0.0,0.0,0.0,0.0,0.0,0.0,0.023,0.971,0.0,0.0,0.006,kanıt yetersiz,0,0,1,0,0,0,,
c31_86,28.97421,41.22112,1.0,0.988,1.0,0.37,1.0,C,1.0,1.0,1.0,0.37,0.99,0.014,0.0,0.0,0.0,0.0,0.0,0.0,0.0,0.023,0.963,0.0,0.0,0.014,kanıt yetersiz,0,0,1,0,0,0,,
c31_87,28.97421,41.22561,1.0,1.0,1.0,0.299,1.0,C,1.0,1.0,1.0,0.299,1.0,0.009,0.0,0.0,0.0,0.0,0.0,0.0,0.0,0.022,0.969,0.0,0.0,0.009,kanıt yetersiz,0,0,1,0,0,0,,
c24_88,28.93256,41.2301,1.0,0.073,1.0,0.042,1.0,C,1.0,1.0,1.0,0.042,0.929,0.003,0.0,0.0,0.0,0.0,0.0,0.0,0.0,0.077,0.877,0.0,0.042,0.003,kanıt yetersiz,1018,0,3,0,0,0,0.0,
c24_89,28.93256,41.23459,1.0,1.0,1.0,1.0,1.0,A,1.0,1.0,1.0,1.0,1.0,0.003,0.0,0.0,0.0,0.0,0.0,0.0,0.0,0.0,0.997,0.0,0.0,0.003,kanıt yetersiz,0,0,1,0,0,0,,
c24_90,28.93256,41.23908,1.0,0.139,1.0,0.207,1.0,C,1.0,1.0,1.0,0.207,1.0,0.003,0.0,0.0,0.0,0.0,0.0,0.0,0.0,0.01,0.972,0.0,0.016,0.003,kanıt yetersiz,0,0,2,0,0,0,,
c24_91,28.93256,41.24357,1.0,0.025,1.0,0.333,1.0,C,1.0,1.0,1.0,0.333,1.0,0.016,0.0,0.0,0.0,0.0,0.0,0.0,0.0,0.031,0.339,0.0,0.613,0.016,kanıt yetersiz,0,0,1,0,0,0,,
c24_92,28.93256,41.24806,1.0,0.01,1.0,0.259,1.0,C,1.0,1.0,1.0,0.259,0.85,0.009,0.0,0.0,0.0,0.0,0.0,0.0,0.0,0.027,0.0,0.002,0.962,0.009,kanıt yetersiz,0,0,1,0,0,0,,
c24_93,28.93256,41.25255,1.0,0.002,1.0,0.22,1.0,C,1.0,1.0,1.0,0.22,0.319,0.002,0.0,0.0,0.0,0.0,0.0,0.0,0.0,0.009,0.0,0.009,0.98,0.002,kanıt yetersiz,0,0,1,0,0,0,,
c24_94,28.93256,41.25704,,0.0,1.0,,,C,,,,,,0.0,0.0,0.0,0.0,0.0,0.0,0.0,0.0,0.0,0.0,0.0,1.0,0.0,kanıt yetersiz,0,0,1,0,0,0,,
c24_95,28.93256,41.26153,1.0,0.001,1.0,0.099,1.0,C,1.0,1.0,1.0,0.099,1.0,0.001,0.0,0.0,0.0,0.0,0.0,0.0,0.0,0.008,0.0,0.0,0.992,0.001,kanıt yetersiz,0,0,1,0,0,0,,
c25_88,28.93851,41.2301,1.0,0.516,1.0,0.395,1.0,C,1.0,1.0,1.0,0.395,0.981,0.044,0.0,0.0,0.0,0.0,0.0,0.0,0.0,0.068,0.846,0.001,0.041,0.044,kanıt yetersiz,1001,0,3,0,0,0,0.0,
c25_89,28.93851,41.23459,1.0,1.0,1.0,0.3,1.0,C,1.0,1.0,1.0,0.3,1.0,0.009,0.0,0.0,0.0,0.0,0.0,0.0,0.0,0.021,0.97,0.0,0.0,0.009,kanıt yetersiz,0,0,1,0,0,0,,
c25_90,28.93851,41.23908,1.0,1.0,1.0,0.394,1.0,C,1.0,1.0,1.0,0.394,1.0,0.005,0.0,0.0,0.0,0.0,0.0,0.0,0.0,0.008,0.987,0.0,0.0,0.005,kanıt yetersiz,0,0,2,0,0,0,,
c25_91,28.93851,41.24357,1.0,0.364,1.0,0.827,1.0,C,1.0,1.0,1.0,0.827,1.0,0.044,0.0,0.0,0.0,0.0,0.0,0.0,0.0,0.009,0.871,0.0,0.076,0.044,kanıt yetersiz,0,0,1,0,0,0,,
c25_92,28.93851,41.24806,1.0,0.276,1.0,0.931,1.0,C,1.0,1.0,1.0,0.931,1.0,0.27,0.0,0.0,0.0,0.0,0.0,0.0,0.0,0.02,0.0,0.0,0.71,0.27,puan,0,0,1,0,0,0,,94.5
c25_93,28.93851,41.25255,1.0,0.02,1.0,0.419,1.0,C,1.0,1.0,1.0,0.419,1.0,0.02,0.0,0.0,0.0,0.0,0.0,0.0,0.0,0.027,0.0,0.0,0.953,0.02,kanıt yetersiz,0,0,1,0,0,0,,
c25_94,28.93851,41.25704,1.0,0.018,1.0,0.363,1.0,C,1.0,1.0,1.0,0.363,0.866,0.017,0.0,0.0,0.0,0.0,0.0,0.0,0.0,0.03,0.0,0.003,0.95,0.017,kanıt yetersiz,0,0,1,0,0,0,,
c25_95,28.93851,41.26153,0.976,0.067,0.998,0.719,0.983,C,0.973,0.983,0.968,0.719,0.849,0.058,0.0,0.0,0.002,0.0,0.0,0.0,0.006,0.024,0.0,0.012,0.897,0.067,kanıt yetersiz,0,0,1,0,0,0,,
c26_88,28.94446,41.2301,1.0,0.728,1.0,0.634,1.0,C,1.0,1.0,1.0,0.634,0.992,0.103,0.0,0.0,0.0,0.0,0.0,0.0,0.0,0.06,0.799,0.001,0.038,0.103,puan,1019,0,3,0,0,0,0.0,94.5
c26_89,28.94446,41.23459,1.0,1.0,1.0,0.174,1.0,C,1.0,1.0,1.0,0.174,1.0,0.001,0.0,0.0,0.0,0.0,0.0,0.0,0.0,0.004,0.995,0.0,0.0,0.001,kanıt yetersiz,0,0,1,0,0,0,,
c26_90,28.94446,41.23908,,,,,,C,,,,0.0,,0.0,0.0,0.0,0.0,0.0,0.0,0.0,0.0,0.011,0.989,0.0,0.0,0.0,kanıt yetersiz,0,0,1,0,0,0,,
c26_91,28.94446,41.24357,1.0,0.071,1.0,0.147,1.0,C,1.0,1.0,1.0,0.147,1.0,0.002,0.0,0.0,0.0,0.0,0.0,0.0,0.0,0.009,0.969,0.0,0.02,0.002,kanıt yetersiz,0,0,2,0,0,0,,
c26_92,28.94446,41.24806,1.0,0.552,1.0,0.977,1.0,C,1.0,1.0,1.0,0.977,1.0,0.538,0.0,0.0,0.0,0.0,0.0,0.0,0.0,0.013,0.012,0.0,0.437,0.538,puan,0,0,1,0,0,0,,94.5
c26_93,28.94446,41.25255,1.0,0.635,1.0,1.0,1.0,B,1.0,1.0,1.0,1.0,1.0,0.635,0.0,0.0,0.0,0.0,0.0,0.0,0.0,0.0,0.0,0.0,0.365,0.635,puan,0,0,2,0,0,0,,94.5
c26_94,28.94446,41.25704,1.0,0.313,1.0,0.872,1.0,C,1.0,1.0,1.0,0.872,0.994,0.3,0.0,0.0,0.0,0.0,0.0,0.0,0.0,0.044,0.0,0.002,0.654,0.3,puan,0,0,1,0,0,0,,94.5
c26_95,28.94446,41.26153,0.995,0.627,0.997,0.984,0.996,B,0.996,0.995,0.994,0.984,0.984,0.524,0.0,0.005,0.0,0.0,0.0,0.0,0.097,0.007,0.0,0.007,0.359,0.626,puan,0,0,1,0,0,0,,93.0
c27_88,28.95041,41.2301,1.0,0.159,1.0,0.038,1.0,C,1.0,1.0,1.0,0.038,0.858,0.002,0.0,0.0,0.0,0.0,0.0,0.0,0.0,0.053,0.934,0.0,0.011,0.002,kanıt yetersiz,179,0,1,0,0,0,0.0,
c27_89,28.95041,41.23459,,0.0,1.0,,,C,,,,0.0,0.125,0.0,0.0,0.0,0.0,0.0,0.0,0.0,0.0,0.032,0.962,0.001,0.005,0.0,kanıt yetersiz,0,0,1,0,0,0,,
c27_90,28.95041,41.23908,,,,,,C,,,,0.0,,0.0,0.0,0.0,0.0,0.0,0.0,0.0,0.0,0.007,0.993,0.0,0.0,0.0,kanıt yetersiz,0,0,1,0,0,0,,
c27_91,28.95041,41.24357,1.0,0.016,1.0,0.063,1.0,C,1.0,1.0,1.0,0.063,0.787,0.001,0.0,0.0,0.0,0.0,0.0,0.0,0.0,0.012,0.937,0.0,0.05,0.001,kanıt yetersiz,0,0,1,0,0,0,,
c27_92,28.95041,41.24806,1.0,0.003,1.0,0.147,1.0,C,1.0,1.0,1.0,0.147,1.0,0.003,0.0,0.0,0.0,0.0,0.0,0.0,0.0,0.019,0.002,0.0,0.977,0.003,kanıt yetersiz,0,0,1,0,0,0,,
c27_93,28.95041,41.25255,1.0,0.469,1.0,0.983,1.0,C,1.0,1.0,1.0,0.983,1.0,0.465,0.0,0.0,0.0,0.0,0.0,0.0,0.0,0.008,0.0,0.0,0.526,0.465,puan,0,0,1,0,0,0,,94.5
c27_94,28.95041,41.25704,1.0,0.341,1.0,0.858,1.0,C,1.0,1.0,1.0,0.858,0.904,0.323,0.0,0.0,0.0,0.0,0.0,0.0,0.0,0.053,0.0,0.04,0.583,0.323,puan,0,0,1,0,0,0,,94.5
c27_95,28.95041,41.26153,1.0,0.225,1.0,0.839,1.0,C,1.0,1.0,1.0,0.839,0.922,0.104,0.0,0.0,0.0,0.0,0.0,0.0,0.111,0.041,0.0,0.021,0.722,0.215,puan,0,0,1,0,0,0,,94.5
c28_88,28.95636,41.2301,1.0,0.745,1.0,0.082,1.0,C,1.0,1.0,1.0,0.082,0.777,0.002,0.0,0.0,0.0,0.0,0.0,0.0,0.0,0.017,0.981,0.001,0.0,0.002,kanıt yetersiz,0,0,1,0,0,0,,
c28_89,28.95636,41.23459,1.0,0.006,1.0,0.004,1.0,C,1.0,1.0,1.0,0.004,0.587,0.0,0.0,0.0,0.0,0.0,0.0,0.0,0.0,0.058,0.904,0.0,0.037,0.0,kanıt yetersiz,870,0,1,0,0,0,0.0,
c28_90,28.95636,41.23908,,,,,,C,,,,0.0,,0.0,0.0,0.0,0.0,0.0,0.0,0.0,0.0,0.007,0.993,0.0,0.0,0.0,kanıt yetersiz,0,0,1,0,0,0,,
c28_91,28.95636,41.24357,1.0,0.042,1.0,0.288,1.0,C,1.0,1.0,1.0,0.288,0.99,0.011,0.0,0.0,0.0,0.0,0.0,0.0,0.0,0.026,0.726,0.0,0.237,0.011,kanıt yetersiz,0,0,1,0,0,0,,
c28_92,28.95636,41.24806,1.0,0.0,1.0,0.001,1.0,C,1.0,1.0,1.0,0.001,0.176,0.0,0.0,0.0,0.0,0.0,0.0,0.0,0.0,0.013,0.0,0.0,0.987,0.0,kanıt yetersiz,0,0,1,0,0,0,,
c28_93,28.95636,41.25255,1.0,0.007,1.0,0.301,1.0,C,1.0,1.0,1.0,0.301,1.0,0.006,0.0,0.0,0.0,0.0,0.0,0.0,0.0,0.015,0.0,0.0,0.978,0.006,kanıt yetersiz,0,0,1,0,0,0,,
c28_94,28.95636,41.25704,1.0,0.017,1.0,0.178,1.0,C,1.0,1.0,1.0,0.178,0.328,0.01,0.0,0.0,0.0,0.0,0.0,0.0,0.006,0.071,0.0,0.051,0.863,0.015,kanıt yetersiz,0,0,1,0,0,0,,
c28_95,28.95636,41.26153,1.0,0.234,1.0,0.869,1.0,C,1.0,1.0,1.0,0.869,0.957,0.0,0.0,0.0,0.0,0.0,0.0,0.0,0.226,0.034,0.0,0.012,0.729,0.226,puan,0,0,1,0,0,0,,94.5
c29_88,28.96231,41.2301,,,,,,C,,,,0.0,,0.0,0.0,0.0,0.0,0.0,0.0,0.0,0.0,0.007,0.993,0.0,0.0,0.0,kanıt yetersiz,0,0,1,0,0,0,,
c29_89,28.96231,41.23459,,0.0,1.0,,,C,,,,0.0,0.125,0.0,0.0,0.0,0.0,0.0,0.0,0.0,0.0,0.067,0.889,0.001,0.043,0.0,kanıt yetersiz,969,0,1,0,0,0,0.0,
c29_90,28.96231,41.23908,1.0,0.007,1.0,0.27,1.0,C,1.0,1.0,1.0,0.27,1.0,0.003,0.0,0.0,0.0,0.0,0.0,0.0,0.0,0.009,0.485,0.0,0.503,0.003,kanıt yetersiz,0,0,1,0,0,0,,
c29_91,28.96231,41.24357,1.0,0.001,1.0,0.013,1.0,C,1.0,1.0,1.0,0.013,0.251,0.0,0.0,0.0,0.0,0.0,0.0,0.0,0.0,0.008,0.822,0.001,0.169,0.0,kanıt yetersiz,0,0,1,0,0,0,,
c29_92,28.96231,41.24806,1.0,0.019,1.0,0.367,1.0,C,1.0,1.0,1.0,0.367,0.692,0.017,0.0,0.0,0.0,0.0,0.0,0.0,0.0,0.03,0.071,0.009,0.872,0.017,kanıt yetersiz,0,0,1,0,0,0,,
c29_93,28.96231,41.25255,1.0,0.07,1.0,0.65,1.0,C,1.0,1.0,1.0,0.65,0.994,0.068,0.0,0.0,0.0,0.0,0.0,0.0,0.0,0.037,0.0,0.0,0.895,0.068,kanıt yetersiz,0,0,1,0,0,0,,
c29_94,28.96231,41.25704,1.0,0.149,1.0,0.666,1.0,C,1.0,1.0,1.0,0.666,0.733,0.037,0.0,0.0,0.0,0.0,0.0,0.0,0.102,0.07,0.0,0.061,0.73,0.139,puan,0,0,1,0,0,0,,94.5
c30_88,28.96826,41.2301,1.0,0.023,1.0,0.005,1.0,C,1.0,1.0,1.0,0.005,0.395,0.0,0.0,0.0,0.0,0.0,0.0,0.0,0.0,0.084,0.898,0.001,0.017,0.0,kanıt yetersiz,384,0,1,0,0,0,0.0,
c30_89,28.96826,41.23459,1.0,0.012,1.0,0.034,1.0,C,1.0,1.0,1.0,0.034,0.587,0.001,0.0,0.0,0.0,0.0,0.0,0.0,0.0,0.033,0.867,0.001,0.098,0.001,kanıt yetersiz,0,0,1,0,0,0,,
c30_90,28.96826,41.23908,0.943,0.007,1.0,0.273,0.961,C,0.961,0.948,0.939,0.273,0.432,0.006,0.0,0.001,0.0,0.0,0.0,0.0,0.0,0.017,0.115,0.011,0.851,0.007,kanıt yetersiz,0,0,1,0,0,0,,
c30_91,28.96826,41.24357,1.0,0.036,1.0,0.388,1.0,C,1.0,1.0,1.0,0.388,0.747,0.009,0.0,0.0,0.0,0.0,0.0,0.0,0.0,0.014,0.734,0.004,0.239,0.009,kanıt yetersiz,0,0,1,0,0,0,,
c30_92,28.96826,41.24806,1.0,0.018,1.0,0.504,1.0,C,1.0,1.0,1.0,0.6,0.504,0.012,0.0,0.0,0.0,0.0,0.0,0.0,0.0,0.008,0.321,0.015,0.644,0.012,kanıt yetersiz,0,0,1,0,0,0,,
c30_93,28.96826,41.25255,1.0,0.381,1.0,0.916,1.0,C,1.0,1.0,1.0,0.916,0.985,0.368,0.0,0.0,0.0,0.0,0.0,0.0,0.0,0.034,0.0,0.006,0.592,0.368,puan,0,0,1,0,0,0,,94.5
c31_88,28.97421,41.2301,1.0,0.12,1.0,0.058,1.0,C,1.0,1.0,1.0,0.058,0.968,0.005,0.0,0.0,0.0,0.0,0.0,0.0,0.0,0.085,0.872,0.0,0.038,0.005,kanıt yetersiz,715,0,1,0,0,0,0.0,
c31_89,28.97421,41.23459,0.508,0.04,0.961,0.266,0.536,C,0.518,0.536,0.48,0.266,0.341,0.015,0.0,0.0,0.0,0.02,0.0,0.0,0.0,0.032,0.526,0.027,0.38,0.035,kanıt yetersiz,0,0,1,0,0,0,,
c31_90,28.97421,41.23908,0.837,0.018,0.997,0.258,0.848,C,0.84,0.848,0.827,0.258,0.488,0.016,0.0,0.0,0.0,0.004,0.0,0.0,0.0,0.045,0.009,0.019,0.907,0.02,kanıt yetersiz,0,0,1,0,0,0,,
c31_91,28.97421,41.24357,0.945,0.007,1.0,0.25,0.948,C,0.946,0.948,0.942,0.25,0.482,0.007,0.0,0.0,0.0,0.0,0.0,0.0,0.0,0.02,0.066,0.009,0.898,0.007,kanıt yetersiz,0,0,1,0,0,0,,
c31_92,28.97421,41.24806,0.976,0.019,1.0,0.346,0.981,C,0.979,0.981,0.971,0.346,0.646,0.018,0.0,0.0,0.0,0.0,0.0,0.0,0.0,0.035,0.004,0.012,0.93,0.019,kanıt yetersiz,0,0,1,0,0,0,,
c31_93,28.97421,41.25255,0.972,0.212,0.994,0.727,0.979,C,0.979,0.975,0.968,0.727,0.913,0.171,0.0,0.008,0.001,0.0,0.0,0.0,0.023,0.068,0.0,0.015,0.713,0.204,puan,0,0,1,0,0,0,,90.9
c24_96,28.93256,41.26602,1.0,0.09,1.0,0.894,1.0,C,1.0,1.0,1.0,0.894,1.0,0.001,0.0,0.0,0.0,0.0,0.0,0.0,0.088,0.011,0.0,0.0,0.901,0.089,kanıt yetersiz,0,0,1,0,0,0,,
c25_96,28.93851,41.26602,1.0,0.267,1.0,0.911,1.0,C,1.0,1.0,1.0,0.911,1.0,0.017,0.0,0.0,0.0,0.0,0.0,0.0,0.244,0.025,0.0,0.0,0.714,0.261,puan,0,0,1,0,0,0,,94.5
c24_36,28.93256,40.99662,0.657,0.389,0.797,0.479,0.681,C,0.669,0.681,0.633,0.479,0.521,0.243,0.001,0.028,0.024,0.015,0.038,0.098,0.039,0.181,0.0,0.166,0.168,0.485,puan,1470,810,2,2,0,2,0.9,74.7
c24_37,28.93256,41.00111,0.504,0.345,0.661,0.371,0.576,C,0.502,0.576,0.433,0.371,0.39,0.163,0.002,0.024,0.14,0.029,0.014,0.167,0.009,0.198,0.0,0.238,0.016,0.549,puan,844,404,3,2,0,2,1.6,59.7
c24_38,28.93256,41.0056,0.391,0.309,0.518,0.311,0.47,B,0.387,0.47,0.311,0.327,0.337,0.127,0.003,0.015,0.177,0.035,0.0,0.327,0.0,0.134,0.0,0.174,0.008,0.685,puan,0,0,1,0,0,0,,41.9
c24_39,28.93256,41.01009,0.486,0.408,0.569,0.408,0.552,B,0.484,0.552,0.42,0.408,0.428,0.228,0.006,0.011,0.151,0.044,0.0,0.282,0.0,0.138,0.0,0.138,0.001,0.723,puan,0,0,1,0,0,0,,57.7
c25_37,28.93851,41.00111,0.748,0.656,0.779,0.629,0.795,B,0.755,0.795,0.701,0.629,0.708,0.406,0.0,0.078,0.146,0.025,0.029,0.02,0.049,0.141,0.0,0.051,0.055,0.753,puan,2441,503,4,4,1,3,1.4,80.7
c25_38,28.93851,41.0056,0.442,0.399,0.497,0.34,0.544,C,0.526,0.544,0.34,0.403,0.415,0.093,0.308,0.017,0.189,0.089,0.0,0.131,0.0,0.082,0.0,0.078,0.012,0.829,puan,0,0,1,0,0,0,,51.9
c25_39,28.93851,41.01009,0.395,0.303,0.536,0.314,0.469,B,0.396,0.469,0.321,0.314,0.338,0.128,0.001,0.024,0.15,0.046,0.014,0.276,0.0,0.166,0.0,0.173,0.021,0.639,puan,503,442,2,7,7,0,7.4,42.6
c26_36,28.94446,40.99662,0.965,0.964,0.965,0.958,0.979,A,0.979,0.971,0.958,0.965,0.964,0.906,0.059,0.0,0.0,0.0,0.004,0.0,0.031,0.0,0.0,0.001,0.0,0.999,puan,0,0,1,0,0,0,,90.4
c26_37,28.94446,41.00111,0.676,0.551,0.736,0.578,0.708,B,0.708,0.692,0.659,0.578,0.656,0.429,0.043,0.071,0.015,0.004,0.151,0.003,0.0,0.121,0.0,0.026,0.136,0.716,puan,2663,241,3,0,0,0,0.0,76.1
c26_38,28.94446,41.0056,0.341,0.258,0.502,0.261,0.421,B,0.355,0.421,0.261,0.294,0.304,0.082,0.052,0.014,0.166,0.094,0.073,0.194,0.0,0.107,0.0,0.14,0.078,0.675,puan,0,324,2,0,0,0,0.0,30.1
c26_39,28.94446,41.01009,0.345,0.28,0.47,0.276,0.413,B,0.344,0.413,0.278,0.276,0.313,0.112,0.002,0.025,0.154,0.051,0.115,0.213,0.0,0.17,0.0,0.116,0.042,0.672,puan,1222,1055,2,14,14,0,6.1,31.1
c27_36,28.95041,40.99662,0.996,0.981,0.996,0.983,0.996,A,0.996,0.996,0.996,0.996,0.983,0.938,0.0,0.0,0.0,0.0,0.004,0.0,0.043,0.0,0.0,0.015,0.0,0.985,puan,0,0,1,0,0,0,,93.3
c27_37,28.95041,41.00111,0.813,0.685,0.842,0.695,0.826,B,0.826,0.82,0.806,0.695,0.775,0.548,0.001,0.048,0.008,0.007,0.09,0.008,0.027,0.126,0.0,0.043,0.094,0.737,puan,2921,0,1,0,0,0,0.0,83.9
c27_38,28.95041,41.0056,0.363,0.208,0.636,0.297,0.429,C,0.371,0.429,0.297,0.299,0.328,0.086,0.0,0.057,0.129,0.018,0.135,0.084,0.0,0.109,0.0,0.089,0.292,0.51,puan,99,659,1,1,0,1,1.3,35.4
c27_39,28.95041,41.01009,0.532,0.438,0.614,0.408,0.608,C,0.515,0.608,0.455,0.408,0.507,0.223,0.0,0.007,0.212,0.028,0.066,0.123,0.0,0.2,0.0,0.042,0.099,0.659,puan,3858,1005,6,12,9,3,2.5,63.9
c28_37,28.95636,41.00111,0.789,0.546,0.854,0.634,0.829,B,0.821,0.829,0.75,0.634,0.778,0.18,0.0,0.125,0.085,0.002,0.002,0.0,0.198,0.145,0.0,0.011,0.252,0.592,puan,356,0,2,0,0,0,0.0,82.7
c28_38,28.95636,41.0056,0.607,0.566,0.634,0.471,0.743,C,0.567,0.743,0.471,0.521,0.606,0.209,0.0,0.03,0.537,0.014,0.018,0.0,0.0,0.133,0.0,0.002,0.057,0.808,puan,3075,570,1,10,8,2,2.7,71.2
c28_39,28.95636,41.01009,0.569,0.541,0.59,0.412,0.726,C,0.514,0.726,0.412,0.522,0.569,0.154,0.0,0.002,0.686,0.013,0.023,0.0,0.0,0.078,0.0,0.0,0.044,0.877,puan,850,1000,2,14,13,1,7.6,68.0
c29_37,28.96231,41.00111,0.809,0.55,0.87,0.522,0.852,C,0.819,0.852,0.766,0.522,0.777,0.155,0.0,0.058,0.092,0.0,0.012,0.0,0.177,0.272,0.0,0.025,0.209,0.494,puan,2009,125,2,1,0,1,0.5,83.7
c29_38,28.96231,41.0056,0.565,0.552,0.575,0.407,0.722,C,0.513,0.722,0.407,0.544,0.564,0.158,0.005,0.009,0.731,0.017,0.021,0.0,0.0,0.037,0.0,0.002,0.021,0.941,puan,260,835,1,1,0,1,0.9,67.6
c29_39,28.96231,41.01009,0.613,0.576,0.636,0.526,0.7,B,0.606,0.7,0.526,0.584,0.612,0.343,0.055,0.003,0.322,0.151,0.024,0.0,0.0,0.044,0.0,0.002,0.056,0.898,puan,334,1005,2,8,6,2,6.0,71.8
c30_37,28.96826,41.00111,0.793,0.681,0.822,0.539,0.836,C,0.781,0.836,0.75,0.539,0.791,0.361,0.0,0.009,0.13,0.0,0.056,0.0,0.056,0.288,0.0,0.001,0.1,0.611,puan,2441,570,3,2,1,1,0.7,82.9
c30_38,28.96826,41.0056,0.558,0.555,0.561,0.403,0.714,C,0.506,0.714,0.403,0.541,0.557,0.162,0.002,0.002,0.731,0.066,0.0,0.0,0.0,0.031,0.0,0.003,0.003,0.963,puan,0,0,1,0,0,0,,67.0
c30_39,28.96826,41.01009,0.67,0.659,0.676,0.552,0.788,C,0.63,0.788,0.552,0.665,0.67,0.366,0.004,0.0,0.571,0.01,0.026,0.0,0.0,0.007,0.0,0.0,0.017,0.976,puan,0,1203,2,4,4,0,3.3,75.7
c31_37,28.97421,41.00111,0.765,0.656,0.798,0.694,0.836,B,0.745,0.836,0.694,0.706,0.76,0.449,0.0,0.018,0.279,0.002,0.035,0.0,0.017,0.067,0.0,0.006,0.127,0.8,puan,1353,559,2,9,9,0,4.7,81.6
c31_38,28.97421,41.0056,0.654,0.589,0.688,0.534,0.773,C,0.617,0.773,0.534,0.625,0.652,0.304,0.002,0.012,0.501,0.046,0.0,0.0,0.0,0.04,0.0,0.003,0.093,0.865,puan,0,0,1,0,0,0,,74.4
c31_39,28.97421,41.01009,0.526,0.496,0.553,0.38,0.673,C,0.482,0.673,0.38,0.504,0.526,0.141,0.001,0.017,0.637,0.082,0.027,0.0,0.0,0.04,0.0,0.0,0.054,0.905,puan,0,1017,2,5,5,0,4.9,63.2
c24_40,28.93256,41.01458,0.409,0.316,0.543,0.327,0.486,B,0.402,0.486,0.332,0.327,0.364,0.135,0.006,0.014,0.181,0.113,0.067,0.131,0.0,0.163,0.0,0.121,0.069,0.647,puan,1197,1147,2,14,14,0,6.0,45.5
c24_41,28.93256,41.01907,0.38,0.299,0.512,0.295,0.465,B,0.39,0.465,0.295,0.32,0.347,0.091,0.001,0.093,0.219,0.063,0.083,0.135,0.0,0.129,0.0,0.101,0.085,0.685,puan,473,102,3,2,2,0,3.5,39.6
c24_42,28.93256,41.02356,0.408,0.311,0.549,0.329,0.458,B,0.434,0.458,0.358,0.329,0.369,0.163,0.001,0.077,0.062,0.122,0.025,0.195,0.0,0.154,0.0,0.103,0.098,0.644,puan,1440,0,4,9,7,2,6.3,45.4
c24_43,28.93256,41.02805,0.691,0.4,0.821,0.54,0.716,C,0.699,0.716,0.665,0.54,0.585,0.308,0.001,0.018,0.027,0.056,0.017,0.073,0.0,0.139,0.0,0.115,0.247,0.499,puan,2482,446,4,7,7,0,2.4,77.1
c24_44,28.93256,41.03254,0.966,0.866,0.97,0.856,0.967,B,0.967,0.967,0.965,0.856,0.954,0.774,0.0,0.001,0.001,0.001,0.017,0.01,0.0,0.103,0.0,0.012,0.081,0.804,puan,3331,559,7,17,14,3,4.4,90.5
c24_45,28.93256,41.03703,0.533,0.349,0.695,0.395,0.593,B,0.532,0.593,0.474,0.395,0.471,0.201,0.0,0.014,0.102,0.176,0.001,0.038,0.0,0.187,0.0,0.096,0.185,0.532,puan,1762,0,4,1,1,0,0.6,64.0
c24_46,28.93256,41.04152,0.693,0.176,0.922,0.389,0.743,C,0.693,0.743,0.643,0.441,0.389,0.123,0.001,0.009,0.041,0.037,0.0,0.011,0.0,0.127,0.0,0.255,0.396,0.222,puan,0,0,1,0,0,0,,77.2
c24_47,28.93256,41.04601,0.732,0.346,0.873,0.589,0.787,C,0.756,0.787,0.676,0.589,0.611,0.23,0.0,0.084,0.093,0.017,0.0,0.0,0.0,0.103,0.0,0.105,0.368,0.424,puan,1213,0,2,11,11,0,9.1,79.7
c25_40,28.93851,41.01458,0.366,0.324,0.439,0.287,0.446,B,0.367,0.446,0.287,0.306,0.351,0.117,0.001,0.04,0.199,0.191,0.041,0.166,0.0,0.148,0.0,0.051,0.047,0.754,puan,1132,732,2,13,13,0,7.0,35.9
c25_41,28.93851,41.01907,0.384,0.299,0.521,0.316,0.433,B,0.425,0.433,0.335,0.316,0.366,0.136,0.0,0.155,0.081,0.106,0.124,0.064,0.0,0.144,0.0,0.051,0.139,0.666,puan,1412,0,3,8,7,1,5.7,40.5
c25_42,28.93851,41.02356,0.391,0.25,0.61,0.297,0.467,B,0.393,0.467,0.315,0.298,0.297,0.101,0.003,0.021,0.125,0.075,0.0,0.209,0.0,0.166,0.0,0.293,0.008,0.533,puan,341,0,2,4,4,0,11.7,41.9
c25_43,28.93851,41.02805,0.415,0.296,0.583,0.32,0.486,B,0.407,0.486,0.344,0.32,0.337,0.137,0.003,0.01,0.156,0.038,0.087,0.157,0.0,0.175,0.0,0.217,0.019,0.589,puan,1301,0,2,10,10,0,7.7,46.6
c25_44,28.93851,41.03254,0.677,0.475,0.774,0.544,0.714,B,0.684,0.714,0.641,0.544,0.571,0.343,0.0,0.027,0.061,0.014,0.0,0.152,0.0,0.147,0.0,0.142,0.113,0.598,puan,1444,0,3,7,7,0,4.8,76.2
c25_45,28.93851,41.03703,0.664,0.459,0.768,0.487,0.689,C,0.671,0.689,0.639,0.487,0.573,0.33,0.0,0.007,0.018,0.039,0.0,0.157,0.0,0.201,0.0,0.113,0.134,0.552,puan,3555,0,3,11,7,4,3.1,75.4
c25_46,28.93851,41.04152,0.749,0.457,0.847,0.547,0.769,C,0.768,0.769,0.728,0.547,0.667,0.335,0.039,0.005,0.023,0.016,0.074,0.001,0.003,0.184,0.0,0.076,0.242,0.498,puan,3496,860,6,15,15,0,3.4,80.7
c25_47,28.93851,41.04601,0.696,0.516,0.775,0.585,0.741,B,0.727,0.741,0.651,0.585,0.677,0.304,0.051,0.069,0.092,0.03,0.05,0.005,0.047,0.123,0.0,0.023,0.205,0.65,puan,1989,812,5,6,6,0,2.1,77.4
c26_40,28.94446,41.01458,0.463,0.354,0.589,0.357,0.558,C,0.446,0.558,0.368,0.357,0.42,0.139,0.002,0.005,0.233,0.066,0.0,0.18,0.0,0.184,0.0,0.091,0.1,0.625,puan,1479,0,3,18,18,0,12.2,54.8
c26_41,28.94446,41.01907,0.404,0.354,0.477,0.305,0.503,B,0.39,0.503,0.305,0.328,0.372,0.11,0.003,0.014,0.274,0.099,0.0,0.231,0.0,0.167,0.0,0.092,0.011,0.73,puan,434,0,2,5,5,0,11.5,44.4
c26_42,28.94446,41.02356,0.464,0.336,0.612,0.358,0.563,C,0.452,0.563,0.365,0.358,0.371,0.122,0.002,0.027,0.235,0.049,0.0,0.161,0.0,0.176,0.0,0.226,0.002,0.596,puan,1075,0,2,7,7,0,6.5,54.9
c26_43,28.94446,41.02805,0.377,0.236,0.61,0.283,0.441,B,0.381,0.441,0.313,0.283,0.283,0.11,0.001,0.009,0.085,0.055,0.0,0.258,0.0,0.173,0.0,0.308,0.0,0.518,puan,0,0,1,0,0,0,,38.9
c26_44,28.94446,41.03254,0.381,0.256,0.584,0.287,0.443,B,0.383,0.443,0.319,0.287,0.299,0.123,0.0,0.006,0.087,0.018,0.001,0.317,0.0,0.179,0.0,0.258,0.012,0.551,puan,351,34,3,0,0,0,0.0,39.9
c26_45,28.94446,41.03703,0.52,0.406,0.625,0.419,0.565,B,0.529,0.565,0.475,0.419,0.444,0.245,0.002,0.028,0.075,0.022,0.031,0.239,0.015,0.158,0.0,0.156,0.028,0.657,puan,1156,1107,3,2,2,0,0.9,62.1
c26_46,28.94446,41.04152,0.881,0.771,0.896,0.821,0.888,A,0.886,0.888,0.875,0.821,0.859,0.642,0.0,0.019,0.013,0.002,0.046,0.035,0.064,0.06,0.0,0.024,0.093,0.822,puan,575,583,4,2,2,0,1.7,87.1
c26_47,28.94446,41.04601,0.573,0.395,0.705,0.446,0.628,B,0.627,0.628,0.518,0.446,0.55,0.19,0.112,0.031,0.06,0.11,0.038,0.003,0.032,0.164,0.0,0.03,0.229,0.577,puan,2612,0,3,17,16,1,6.5,68.3
c27_40,28.95041,41.01458,0.505,0.399,0.609,0.405,0.592,B,0.492,0.592,0.418,0.405,0.453,0.185,0.001,0.016,0.226,0.069,0.0,0.164,0.0,0.164,0.0,0.104,0.071,0.661,puan,1401,0,3,13,13,0,9.3,60.0
c27_41,28.95041,41.01907,0.578,0.499,0.636,0.471,0.685,C,0.551,0.685,0.471,0.49,0.517,0.23,0.004,0.009,0.358,0.049,0.0,0.098,0.0,0.134,0.0,0.116,0.003,0.747,puan,841,0,2,12,12,0,14.3,68.7
c27_42,28.95041,41.02356,0.405,0.292,0.571,0.324,0.475,B,0.404,0.475,0.336,0.324,0.33,0.139,0.003,0.006,0.124,0.136,0.0,0.202,0.0,0.154,0.0,0.225,0.011,0.61,puan,0,0,1,0,0,0,,44.6
c27_43,28.95041,41.02805,0.434,0.299,0.61,0.346,0.485,B,0.439,0.485,0.383,0.346,0.348,0.176,0.001,0.013,0.069,0.046,0.023,0.257,0.001,0.149,0.0,0.225,0.041,0.586,puan,517,425,2,3,3,0,3.2,50.2
c27_44,28.95041,41.03254,0.637,0.501,0.714,0.509,0.672,B,0.64,0.672,0.601,0.509,0.581,0.282,0.0,0.026,0.078,0.015,0.069,0.116,0.071,0.165,0.0,0.081,0.097,0.657,puan,1365,850,5,6,6,0,2.7,73.7
c27_45,28.95041,41.03703,0.601,0.48,0.681,0.543,0.605,B,0.604,0.605,0.597,0.543,0.554,0.288,0.001,0.011,0.006,0.025,0.262,0.0,0.143,0.079,0.0,0.081,0.105,0.736,puan,590,0,5,0,0,0,0.0,70.7
c27_46,28.95041,41.04152,0.69,0.439,0.803,0.551,0.752,C,0.703,0.752,0.628,0.551,0.61,0.254,0.002,0.081,0.139,0.033,0.014,0.007,0.018,0.138,0.0,0.091,0.222,0.549,puan,926,0,3,0,0,0,0.0,77.0
c27_47,28.95041,41.04601,0.785,0.358,0.902,0.562,0.835,C,0.777,0.835,0.735,0.562,0.599,0.252,0.001,0.009,0.083,0.039,0.0,0.0,0.0,0.153,0.0,0.152,0.31,0.386,puan,25,0,1,0,0,0,,82.5
c28_40,28.95636,41.01458,0.676,0.619,0.703,0.583,0.758,B,0.657,0.758,0.594,0.583,0.672,0.371,0.008,0.01,0.292,0.113,0.002,0.001,0.0,0.127,0.001,0.005,0.068,0.799,puan,3484,0,3,21,18,3,6.0,76.1
c28_41,28.95636,41.01907,0.483,0.357,0.617,0.38,0.586,C,0.462,0.586,0.38,0.387,0.405,0.138,0.002,0.009,0.266,0.027,0.0,0.183,0.0,0.156,0.0,0.174,0.046,0.625,puan,973,0,2,3,2,1,3.1,57.2
c28_42,28.95636,41.02356,0.317,0.213,0.542,0.246,0.372,B,0.326,0.372,0.261,0.246,0.257,0.098,0.0,0.008,0.053,0.059,0.0,0.344,0.0,0.161,0.0,0.257,0.019,0.563,puan,155,6,1,0,0,0,0.0,25.1
c28_43,28.95636,41.02805,0.523,0.412,0.624,0.398,0.568,B,0.526,0.568,0.477,0.398,0.441,0.24,0.001,0.018,0.082,0.016,0.056,0.205,0.014,0.198,0.0,0.164,0.007,0.632,puan,1332,1325,3,5,5,0,1.9,62.6
c28_45,28.95636,41.03703,0.634,0.422,0.757,0.588,0.662,B,0.634,0.662,0.606,0.588,0.606,0.336,0.001,0.015,0.066,0.068,0.123,0.004,0.012,0.049,0.01,0.036,0.279,0.626,puan,90,0,1,0,0,0,0.0,73.4
c28_46,28.95636,41.04152,0.7,0.246,0.894,0.422,0.759,C,0.713,0.759,0.64,0.422,0.51,0.148,0.002,0.038,0.066,0.032,0.0,0.0,0.0,0.188,0.0,0.14,0.386,0.285,puan,160,0,1,0,0,0,0.0,77.6
c28_47,28.95636,41.04601,0.676,0.232,0.889,0.45,0.764,C,0.652,0.764,0.588,0.45,0.454,0.132,0.001,0.002,0.118,0.038,0.0,0.001,0.0,0.147,0.0,0.197,0.364,0.292,puan,0,0,1,0,0,0,,76.1
c29_40,28.96231,41.01458,0.595,0.558,0.62,0.508,0.682,B,0.598,0.682,0.508,0.568,0.594,0.319,0.057,0.035,0.302,0.183,0.0,0.0,0.0,0.041,0.005,0.001,0.058,0.895,puan,0,0,1,0,0,0,,70.3
c29_41,28.96231,41.01907,0.589,0.577,0.597,0.444,0.734,C,0.543,0.734,0.444,0.568,0.589,0.195,0.0,0.022,0.674,0.026,0.014,0.0,0.013,0.034,0.0,0.0,0.02,0.945,puan,825,585,2,6,6,0,4.3,69.8
c29_42,28.96231,41.02356,0.737,0.599,0.786,0.572,0.775,C,0.731,0.775,0.699,0.572,0.71,0.363,0.001,0.006,0.101,0.032,0.047,0.049,0.059,0.189,0.0,0.031,0.121,0.659,puan,2873,842,5,24,20,4,6.5,80.0
c29_44,28.96231,41.03254,0.394,0.262,0.597,0.32,0.424,B,0.39,0.424,0.364,0.32,0.355,0.12,0.0,0.005,0.065,0.03,0.241,0.053,0.062,0.134,0.0,0.097,0.193,0.576,puan,328,0,1,0,0,0,0.0,42.4
c29_45,28.96231,41.03703,0.817,0.393,0.912,0.604,0.858,C,0.809,0.858,0.775,0.604,0.664,0.291,0.002,0.005,0.074,0.018,0.0,0.021,0.0,0.145,0.0,0.117,0.327,0.411,puan,0,0,1,0,0,0,,84.1
c29_46,28.96231,41.04152,0.738,0.354,0.875,0.56,0.79,C,0.753,0.79,0.687,0.56,0.591,0.239,0.003,0.055,0.083,0.036,0.0,0.0,0.0,0.132,0.0,0.132,0.32,0.416,puan,0,0,1,0,0,0,,80.2
c29_47,28.96231,41.04601,0.662,0.225,0.885,0.398,0.736,C,0.65,0.736,0.588,0.398,0.414,0.13,0.002,0.008,0.086,0.043,0.0,0.008,0.0,0.184,0.0,0.238,0.3,0.277,puan,0,0,1,0,0,0,,75.2
c30_40,28.96826,41.01458,0.566,0.564,0.566,0.403,0.728,C,0.52,0.728,0.403,0.554,0.566,0.147,0.041,0.002,0.769,0.012,0.007,0.0,0.0,0.021,0.0,0.0,0.002,0.977,puan,0,0,1,0,0,0,,67.7
c30_41,28.96826,41.01907,0.743,0.68,0.765,0.663,0.823,B,0.715,0.823,0.663,0.684,0.741,0.404,0.0,0.003,0.337,0.008,0.041,0.0,0.056,0.073,0.0,0.003,0.076,0.849,puan,1463,974,2,9,8,1,3.7,80.5
c30_42,28.96826,41.02356,0.766,0.525,0.839,0.626,0.818,B,0.769,0.818,0.713,0.626,0.725,0.267,0.0,0.053,0.132,0.045,0.0,0.0,0.095,0.132,0.004,0.04,0.231,0.592,puan,446,0,1,1,1,0,2.2,81.7
c30_43,28.96826,41.02805,0.43,0.326,0.567,0.353,0.488,B,0.431,0.488,0.372,0.353,0.413,0.171,0.0,0.009,0.102,0.341,0.017,0.0,0.012,0.141,0.0,0.037,0.169,0.652,puan,2466,0,4,5,5,0,2.0,49.5
c30_44,28.96826,41.03254,0.508,0.334,0.677,0.37,0.574,C,0.494,0.574,0.442,0.37,0.485,0.172,0.0,0.017,0.161,0.036,0.137,0.0,0.005,0.197,0.0,0.034,0.241,0.528,puan,1659,0,4,7,7,0,4.2,60.5
c30_45,28.96826,41.03703,0.582,0.246,0.823,0.386,0.655,C,0.564,0.655,0.509,0.386,0.481,0.138,0.001,0.006,0.117,0.032,0.055,0.0,0.0,0.177,0.0,0.098,0.376,0.349,puan,1650,0,4,6,4,2,3.6,69.0
c30_46,28.96826,41.04152,0.494,0.202,0.793,0.34,0.56,C,0.49,0.56,0.429,0.34,0.404,0.112,0.0,0.008,0.079,0.04,0.017,0.088,0.0,0.157,0.0,0.112,0.385,0.345,puan,1176,0,2,0,0,0,0.0,58.7
c30_47,28.96826,41.04601,0.764,0.516,0.84,0.626,0.774,B,0.764,0.774,0.753,0.626,0.713,0.432,0.0,0.006,0.023,0.03,0.098,0.0,0.0,0.129,0.0,0.051,0.231,0.589,puan,1889,0,3,1,0,1,0.5,81.5
c31_40,28.97421,41.01458,0.548,0.538,0.557,0.405,0.691,C,0.504,0.691,0.405,0.531,0.548,0.169,0.0,0.023,0.663,0.038,0.05,0.0,0.006,0.031,0.0,0.0,0.018,0.951,puan,384,1040,3,13,13,0,9.1,65.9
c31_42,28.97421,41.02356,0.583,0.432,0.69,0.474,0.691,C,0.556,0.691,0.474,0.488,0.553,0.164,0.0,0.022,0.327,0.073,0.029,0.0,0.033,0.125,0.0,0.045,0.181,0.649,puan,891,864,1,14,11,3,8.0,69.1
c31_43,28.97421,41.02805,0.564,0.353,0.728,0.44,0.688,C,0.532,0.688,0.44,0.447,0.533,0.132,0.0,0.02,0.312,0.065,0.009,0.0,0.0,0.141,0.0,0.042,0.28,0.537,puan,524,315,2,8,5,3,9.5,67.5
c31_44,28.97421,41.03254,0.598,0.399,0.732,0.489,0.689,C,0.612,0.689,0.507,0.489,0.567,0.185,0.001,0.119,0.224,0.039,0.013,0.0,0.0,0.129,0.0,0.041,0.249,0.58,puan,1226,389,3,2,2,0,1.2,70.6
c31_45,28.97421,41.03703,0.712,0.336,0.864,0.464,0.789,C,0.696,0.789,0.635,0.464,0.575,0.193,0.0,0.014,0.131,0.039,0.0,0.0,0.0,0.201,0.0,0.114,0.308,0.377,puan,1327,0,3,13,12,1,9.8,78.2
c31_46,28.97421,41.04152,0.477,0.326,0.643,0.373,0.533,B,0.493,0.533,0.421,0.373,0.41,0.184,0.024,0.019,0.074,0.049,0.0,0.224,0.0,0.159,0.0,0.136,0.131,0.574,puan,523,0,2,6,6,0,11.5,56.5
c31_47,28.97421,41.04601,0.516,0.392,0.633,0.409,0.559,B,0.522,0.559,0.473,0.409,0.448,0.256,0.001,0.008,0.055,0.03,0.0,0.281,0.0,0.167,0.0,0.133,0.068,0.633,puan,0,0,1,0,0,0,,61.4
c24_48,28.93256,41.0505,0.823,0.621,0.866,0.77,0.846,B,0.836,0.846,0.799,0.77,0.771,0.528,0.007,0.053,0.053,0.059,0.012,0.0,0.005,0.05,0.0,0.058,0.175,0.717,puan,1122,471,2,5,5,0,3.1,84.6
c24_49,28.93256,41.05499,0.865,0.434,0.932,0.64,0.885,C,0.87,0.885,0.845,0.686,0.64,0.357,0.0,0.019,0.031,0.037,0.0,0.0,0.0,0.116,0.0,0.193,0.247,0.444,puan,196,0,1,0,0,0,0.0,86.2
c24_50,28.93256,41.05948,0.716,0.175,0.93,0.334,0.787,C,0.699,0.787,0.645,0.387,0.334,0.109,0.0,0.003,0.064,0.027,0.0,0.0,0.0,0.172,0.0,0.372,0.253,0.203,puan,1233,0,2,3,3,0,2.4,78.5
c24_51,28.93256,41.06397,0.714,0.166,0.933,0.344,0.782,C,0.699,0.782,0.645,0.393,0.344,0.104,0.0,0.005,0.06,0.021,0.004,0.0,0.0,0.158,0.009,0.327,0.311,0.194,puan,31,0,1,0,0,0,,78.3
c24_52,28.93256,41.06846,0.631,0.265,0.845,0.454,0.664,C,0.634,0.664,0.599,0.454,0.484,0.193,0.0,0.01,0.035,0.014,0.036,0.067,0.0,0.139,0.013,0.146,0.345,0.356,puan,1170,0,2,5,5,0,4.3,73.1
c24_53,28.93256,41.07295,0.685,0.24,0.89,0.475,0.719,C,0.689,0.719,0.65,0.477,0.475,0.179,0.002,0.007,0.028,0.057,0.0,0.03,0.0,0.132,0.0,0.182,0.382,0.303,puan,111,0,1,0,0,0,0.0,76.6
c24_54,28.93256,41.07744,0.689,0.361,0.837,0.498,0.743,C,0.683,0.743,0.635,0.498,0.557,0.233,0.002,0.012,0.094,0.067,0.018,0.001,0.0,0.163,0.025,0.131,0.256,0.425,puan,0,0,1,0,0,0,,76.9
c24_55,28.93256,41.08193,0.529,0.273,0.757,0.378,0.57,C,0.538,0.57,0.489,0.378,0.414,0.18,0.0,0.015,0.035,0.048,0.01,0.139,0.0,0.171,0.0,0.172,0.23,0.427,puan,1102,0,2,16,15,1,14.5,63.5
c25_48,28.93851,41.0505,0.666,0.539,0.729,0.584,0.741,B,0.741,0.696,0.635,0.584,0.655,0.262,0.0,0.284,0.028,0.0,0.012,0.046,0.096,0.102,0.0,0.014,0.156,0.727,puan,481,140,3,0,0,0,0.0,75.5
c25_49,28.93851,41.05499,0.881,0.678,0.908,0.791,0.893,B,0.882,0.893,0.868,0.791,0.799,0.561,0.0,0.015,0.037,0.014,0.044,0.0,0.037,0.08,0.0,0.086,0.126,0.708,puan,1422,1394,6,5,5,0,1.8,87.1
c25_50,28.93851,41.05948,0.48,0.198,0.785,0.337,0.553,C,0.473,0.553,0.406,0.337,0.339,0.101,0.002,0.004,0.086,0.148,0.0,0.004,0.0,0.146,0.019,0.227,0.264,0.345,puan,0,0,1,1,1,0,,56.9
c25_51,28.93851,41.06397,0.547,0.215,0.822,0.375,0.596,C,0.555,0.596,0.498,0.375,0.387,0.133,0.003,0.012,0.041,0.132,0.0,0.0,0.0,0.148,0.036,0.197,0.298,0.321,puan,1140,0,2,5,5,0,4.4,65.7
c25_52,28.93851,41.06846,0.637,0.173,0.901,0.346,0.693,C,0.637,0.693,0.58,0.356,0.346,0.109,0.004,0.006,0.044,0.061,0.0,0.0,0.0,0.176,0.0,0.294,0.306,0.224,puan,0,0,1,0,0,0,,73.7
c25_53,28.93851,41.07295,0.602,0.251,0.834,0.38,0.664,C,0.599,0.664,0.54,0.38,0.424,0.146,0.0,0.013,0.075,0.1,0.0,0.0,0.0,0.195,0.004,0.199,0.269,0.334,puan,1472,0,2,14,14,0,9.5,70.8
c25_54,28.93851,41.07744,0.633,0.251,0.855,0.426,0.694,C,0.63,0.694,0.572,0.429,0.426,0.155,0.001,0.014,0.076,0.085,0.0,0.0,0.0,0.157,0.011,0.226,0.276,0.33,puan,0,0,1,0,0,0,,73.3
c25_55,28.93851,41.08193,0.659,0.289,0.85,0.454,0.713,C,0.667,0.713,0.604,0.454,0.494,0.18,0.0,0.034,0.071,0.073,0.002,0.0,0.0,0.163,0.013,0.161,0.301,0.362,puan,449,0,1,10,6,4,22.3,74.9
c26_48,28.94446,41.0505,0.548,0.425,0.648,0.41,0.586,B,0.553,0.586,0.509,0.41,0.484,0.277,0.004,0.006,0.048,0.054,0.019,0.209,0.0,0.206,0.0,0.109,0.068,0.617,puan,1663,0,2,7,6,1,4.2,65.9
c26_49,28.94446,41.05499,0.77,0.719,0.785,0.653,0.791,B,0.772,0.791,0.748,0.653,0.744,0.562,0.0,0.009,0.042,0.009,0.012,0.157,0.009,0.143,0.0,0.034,0.023,0.8,puan,1216,267,3,3,3,0,2.0,82.0
c26_50,28.94446,41.05948,0.826,0.621,0.869,0.722,0.848,B,0.824,0.848,0.804,0.722,0.765,0.502,0.002,0.006,0.06,0.049,0.039,0.0,0.011,0.097,0.013,0.064,0.157,0.669,puan,1412,1213,3,9,9,0,3.4,84.7
c26_51,28.94446,41.06397,0.681,0.653,0.695,0.621,0.749,B,0.749,0.721,0.642,0.621,0.675,0.459,0.204,0.045,0.02,0.109,0.036,0.0,0.0,0.085,0.004,0.01,0.028,0.873,puan,1562,1140,5,7,7,0,2.6,76.4
c26_52,28.94446,41.06846,0.519,0.374,0.653,0.445,0.598,B,0.598,0.583,0.454,0.445,0.495,0.186,0.175,0.047,0.059,0.14,0.026,0.01,0.0,0.107,0.001,0.041,0.208,0.643,puan,2122,1041,7,12,12,0,3.8,62.0
c26_53,28.94446,41.07295,0.697,0.397,0.827,0.545,0.743,C,0.743,0.728,0.665,0.545,0.61,0.272,0.0,0.127,0.04,0.022,0.031,0.0,0.0,0.137,0.0,0.088,0.283,0.492,puan,2078,1234,4,16,16,0,4.8,77.5
c26_54,28.94446,41.07744,0.738,0.347,0.877,0.508,0.815,C,0.717,0.815,0.66,0.508,0.555,0.202,0.001,0.008,0.138,0.021,0.006,0.0,0.0,0.17,0.03,0.16,0.264,0.376,puan,1063,0,2,13,13,0,12.2,80.2
c26_55,28.94446,41.08193,0.731,0.39,0.857,0.547,0.763,C,0.734,0.763,0.699,0.547,0.597,0.286,0.002,0.011,0.044,0.093,0.008,0.0,0.0,0.15,0.017,0.126,0.263,0.444,puan,0,0,1,0,0,0,,79.5
c27_48,28.95041,41.0505,0.926,0.604,0.952,0.676,0.94,C,0.924,0.94,0.912,0.676,0.874,0.467,0.002,0.001,0.03,0.016,0.0,0.009,0.0,0.194,0.0,0.036,0.244,0.526,puan,2502,0,4,0,0,0,0.0,88.8
c27_49,28.95041,41.05499,0.535,0.431,0.624,0.456,0.572,B,0.541,0.572,0.497,0.456,0.477,0.311,0.0,0.008,0.045,0.06,0.003,0.282,0.0,0.121,0.0,0.117,0.052,0.709,puan,1021,0,2,1,1,0,1.0,64.2
c27_50,28.95041,41.05948,0.69,0.579,0.74,0.587,0.718,B,0.695,0.718,0.663,0.587,0.616,0.451,0.0,0.012,0.042,0.053,0.004,0.168,0.0,0.128,0.0,0.111,0.03,0.731,puan,1116,0,2,0,0,0,0.0,77.0
c27_51,28.95041,41.06397,0.798,0.587,0.851,0.628,0.813,B,0.801,0.813,0.783,0.628,0.725,0.459,0.005,0.001,0.015,0.012,0.016,0.099,0.004,0.165,0.006,0.074,0.145,0.611,puan,2789,0,3,15,15,0,5.4,83.1
c27_52,28.95041,41.06846,0.665,0.432,0.783,0.516,0.695,B,0.667,0.695,0.635,0.516,0.556,0.308,0.0,0.002,0.033,0.083,0.0,0.097,0.0,0.151,0.043,0.132,0.151,0.523,puan,634,0,3,0,0,0,0.0,75.5
c27_53,28.95041,41.07295,0.722,0.404,0.845,0.54,0.755,C,0.724,0.755,0.69,0.54,0.579,0.299,0.003,0.007,0.046,0.09,0.007,0.018,0.0,0.158,0.0,0.148,0.223,0.47,puan,1083,273,4,8,8,0,5.9,78.8
c27_54,28.95041,41.07744,0.633,0.267,0.845,0.437,0.673,C,0.666,0.673,0.592,0.437,0.461,0.17,0.002,0.068,0.042,0.046,0.025,0.0,0.0,0.158,0.005,0.18,0.304,0.353,puan,1578,964,5,8,8,0,3.1,73.3
c27_55,28.95041,41.08193,0.648,0.363,0.803,0.513,0.679,C,0.653,0.679,0.616,0.513,0.539,0.274,0.0,0.015,0.04,0.134,0.025,0.0,0.0,0.128,0.0,0.128,0.255,0.488,puan,1690,1007,4,18,18,0,6.7,74.1
c28_48,28.95636,41.0505,0.762,0.395,0.876,0.619,0.802,C,0.756,0.802,0.721,0.619,0.634,0.305,0.001,0.004,0.071,0.048,0.0,0.035,0.0,0.107,0.0,0.116,0.315,0.463,puan,54,0,1,0,0,0,0.0,81.4
c28_49,28.95636,41.05499,0.523,0.38,0.653,0.353,0.572,C,0.525,0.572,0.473,0.353,0.466,0.213,0.003,0.006,0.072,0.024,0.01,0.211,0.0,0.259,0.0,0.09,0.112,0.539,puan,3202,0,5,2,0,2,0.6,62.6
c28_50,28.95636,41.05948,0.498,0.423,0.573,0.382,0.528,B,0.509,0.528,0.468,0.382,0.458,0.281,0.003,0.019,0.029,0.016,0.08,0.248,0.0,0.205,0.0,0.081,0.038,0.676,puan,1129,0,1,1,1,0,0.9,59.2
c28_51,28.95636,41.06397,0.752,0.633,0.791,0.607,0.768,B,0.761,0.768,0.735,0.607,0.723,0.493,0.002,0.018,0.008,0.09,0.004,0.086,0.0,0.167,0.0,0.033,0.099,0.701,puan,2394,0,2,0,0,0,0.0,80.9
c28_52,28.95636,41.06846,0.968,0.64,0.979,0.815,0.976,B,0.976,0.972,0.964,0.815,0.956,0.556,0.0,0.024,0.006,0.001,0.0,0.0,0.0,0.111,0.001,0.009,0.293,0.587,puan,1050,0,3,1,1,0,1.0,90.7
c28_53,28.95636,41.07295,0.92,0.498,0.956,0.622,0.935,C,0.916,0.935,0.904,0.622,0.746,0.372,0.0,0.001,0.028,0.02,0.002,0.0,0.0,0.202,0.017,0.118,0.24,0.423,puan,1996,0,5,1,0,1,0.5,88.6
c28_54,28.95636,41.07744,0.818,0.344,0.923,0.53,0.857,C,0.812,0.857,0.778,0.53,0.551,0.245,0.001,0.006,0.057,0.034,0.001,0.0,0.0,0.186,0.0,0.214,0.256,0.343,puan,1176,0,2,1,0,1,0.9,84.3
c28_55,28.95636,41.08193,0.817,0.373,0.916,0.605,0.835,C,0.821,0.835,0.798,0.605,0.726,0.301,0.002,0.007,0.018,0.067,0.0,0.0,0.0,0.137,0.0,0.059,0.409,0.394,puan,0,0,1,0,0,0,,84.1
c29_48,28.96231,41.0505,0.656,0.265,0.861,0.412,0.733,C,0.644,0.733,0.579,0.412,0.477,0.148,0.002,0.011,0.107,0.058,0.0,0.0,0.0,0.193,0.0,0.165,0.317,0.326,puan,0,0,1,0,0,0,,74.7
c29_49,28.96231,41.05499,0.876,0.516,0.927,0.531,0.893,C,0.879,0.893,0.86,0.531,0.866,0.353,0.0,0.011,0.022,0.022,0.0,0.018,0.0,0.277,0.0,0.006,0.291,0.426,puan,5305,0,9,7,5,2,1.3,86.8
c29_50,28.96231,41.05948,0.391,0.35,0.454,0.291,0.439,B,0.401,0.439,0.343,0.291,0.371,0.182,0.001,0.015,0.057,0.032,0.02,0.378,0.0,0.235,0.0,0.055,0.025,0.685,puan,1351,0,3,2,2,0,1.5,41.9
c29_51,28.96231,41.06397,0.381,0.327,0.47,0.309,0.428,B,0.392,0.428,0.335,0.309,0.361,0.187,0.0,0.011,0.044,0.09,0.0,0.38,0.0,0.167,0.0,0.062,0.058,0.713,puan,60,0,1,2,2,0,33.3,39.9
c29_52,28.96231,41.06846,0.775,0.508,0.852,0.657,0.789,B,0.78,0.789,0.76,0.657,0.732,0.433,0.0,0.004,0.005,0.019,0.0,0.127,0.0,0.105,0.0,0.041,0.267,0.587,puan,1989,0,4,3,3,0,1.5,82.1
c29_53,28.96231,41.07295,0.665,0.237,0.88,0.463,0.697,C,0.697,0.696,0.633,0.463,0.52,0.168,0.0,0.051,0.018,0.043,0.0,0.028,0.0,0.134,0.0,0.113,0.444,0.309,puan,7,0,1,0,0,0,,75.5
c29_54,28.96231,41.07744,0.736,0.289,0.897,0.448,0.788,C,0.742,0.788,0.685,0.452,0.448,0.184,0.003,0.025,0.064,0.039,0.0,0.0,0.0,0.198,0.0,0.282,0.206,0.314,puan,76,0,1,0,0,0,0.0,79.9
c29_55,28.96231,41.08193,0.73,0.477,0.824,0.535,0.76,C,0.73,0.76,0.7,0.535,0.619,0.342,0.0,0.016,0.058,0.035,0.046,0.031,0.0,0.192,0.0,0.119,0.161,0.528,puan,354,0,1,0,0,0,0.0,79.5
c30_48,28.96826,41.0505,0.654,0.462,0.755,0.485,0.66,B,0.654,0.66,0.648,0.485,0.633,0.362,0.0,0.002,0.011,0.018,0.171,0.004,0.0,0.197,0.0,0.024,0.212,0.567,puan,3267,0,4,1,0,1,0.3,74.4
c30_49,28.96826,41.05499,0.655,0.455,0.76,0.444,0.688,C,0.66,0.688,0.621,0.444,0.629,0.296,0.001,0.011,0.04,0.026,0.0,0.149,0.0,0.248,0.0,0.027,0.202,0.523,puan,3912,0,5,1,0,1,0.3,74.6
c30_50,28.96826,41.05948,0.479,0.369,0.598,0.372,0.585,C,0.464,0.585,0.372,0.395,0.47,0.132,0.0,0.037,0.293,0.081,0.0,0.119,0.0,0.141,0.0,0.017,0.18,0.662,puan,560,0,2,0,0,0,0.0,56.8
c30_51,28.96826,41.06397,0.427,0.329,0.559,0.302,0.482,B,0.442,0.482,0.372,0.302,0.417,0.159,0.0,0.04,0.072,0.073,0.0,0.238,0.0,0.243,0.0,0.021,0.152,0.583,puan,1164,0,3,0,0,0,0.0,49.1
c30_52,28.96826,41.06846,0.51,0.265,0.745,0.414,0.55,C,0.54,0.55,0.471,0.414,0.484,0.176,0.003,0.056,0.025,0.042,0.0,0.161,0.0,0.108,0.0,0.034,0.395,0.464,puan,17,0,1,0,0,0,,60.7
c30_53,28.96826,41.07295,0.564,0.35,0.729,0.453,0.612,B,0.564,0.612,0.515,0.453,0.528,0.236,0.0,0.008,0.075,0.02,0.004,0.195,0.0,0.132,0.0,0.048,0.282,0.538,puan,1315,0,4,5,5,0,3.8,67.5
c30_54,28.96826,41.07744,0.741,0.443,0.845,0.584,0.78,C,0.78,0.775,0.706,0.584,0.64,0.308,0.0,0.117,0.05,0.024,0.001,0.015,0.0,0.138,0.0,0.101,0.246,0.515,puan,876,0,3,8,8,0,9.1,80.3
c30_55,28.96826,41.08193,0.7,0.311,0.867,0.491,0.748,C,0.701,0.748,0.652,0.491,0.528,0.213,0.0,0.018,0.065,0.072,0.0,0.006,0.0,0.159,0.0,0.159,0.308,0.374,puan,0,0,1,0,0,0,,77.6
c31_48,28.97421,41.0505,0.752,0.692,0.772,0.678,0.775,A,0.759,0.775,0.73,0.678,0.702,0.576,0.0,0.025,0.037,0.014,0.001,0.182,0.0,0.092,0.0,0.073,0.0,0.836,puan,0,0,1,0,0,0,,80.9
c31_49,28.97421,41.05499,0.462,0.38,0.557,0.342,0.509,B,0.47,0.509,0.415,0.342,0.415,0.215,0.001,0.017,0.063,0.054,0.008,0.281,0.0,0.224,0.0,0.104,0.034,0.639,puan,1666,0,3,3,2,1,1.8,54.5
c31_50,28.97421,41.05948,0.516,0.463,0.565,0.402,0.574,B,0.516,0.574,0.457,0.402,0.512,0.259,0.001,0.018,0.128,0.036,0.001,0.272,0.0,0.203,0.0,0.007,0.074,0.716,puan,4300,0,6,2,1,1,0.5,61.4
c31_51,28.97421,41.06397,0.483,0.34,0.637,0.37,0.597,C,0.452,0.597,0.37,0.397,0.481,0.12,0.0,0.007,0.317,0.029,0.058,0.079,0.0,0.133,0.0,0.005,0.253,0.609,puan,1138,0,2,2,1,1,1.8,57.2
c31_52,28.97421,41.06846,0.388,0.339,0.466,0.29,0.445,B,0.392,0.445,0.331,0.29,0.378,0.164,0.0,0.007,0.088,0.082,0.009,0.324,0.0,0.228,0.0,0.028,0.071,0.674,puan,1872,0,4,3,2,1,1.6,41.2
c31_53,28.97421,41.07295,0.342,0.304,0.415,0.279,0.399,B,0.346,0.399,0.285,0.279,0.327,0.148,0.0,0.001,0.086,0.1,0.008,0.397,0.0,0.167,0.0,0.058,0.035,0.741,puan,0,0,1,0,0,0,,30.3
c31_54,28.97421,41.07744,0.526,0.394,0.645,0.44,0.599,B,0.524,0.599,0.453,0.44,0.502,0.207,0.0,0.033,0.165,0.076,0.0,0.146,0.0,0.123,0.039,0.04,0.171,0.628,puan,1081,0,4,13,13,0,12.0,63.2
c31_55,28.97421,41.08193,0.621,0.41,0.75,0.477,0.685,C,0.612,0.685,0.557,0.477,0.582,0.251,0.0,0.01,0.135,0.152,0.002,0.0,0.0,0.167,0.0,0.046,0.237,0.55,puan,1379,0,2,10,10,0,7.3,72.7
c24_56,28.93256,41.08642,0.547,0.161,0.867,0.353,0.586,C,0.543,0.586,0.509,0.371,0.353,0.116,0.0,0.002,0.035,0.054,0.051,0.0,0.0,0.123,0.0,0.22,0.4,0.258,puan,383,0,2,0,0,0,0.0,65.7
c24_57,28.93256,41.09091,0.502,0.429,0.574,0.413,0.59,B,0.473,0.59,0.413,0.429,0.492,0.21,0.0,0.001,0.316,0.008,0.164,0.049,0.0,0.127,0.0,0.021,0.105,0.747,puan,2748,0,5,3,3,0,1.1,59.5
c24_58,28.93256,41.0954,0.557,0.505,0.598,0.503,0.557,A,0.557,0.557,0.557,0.503,0.555,0.454,0.0,0.0,0.0,0.0,0.361,0.0,0.0,0.087,0.013,0.004,0.08,0.816,puan,1857,0,3,0,0,0,0.0,66.9
c24_59,28.93256,41.09989,0.0,0.0,0.02,0.0,0.0,A,0.0,0.0,0.0,0.0,0.0,0.0,0.0,0.0,0.0,0.0,0.827,0.0,0.0,0.006,0.151,0.0,0.017,0.827,puan,0,0,1,0,0,0,,0.0
c24_60,28.93256,41.10438,0.0,0.0,0.0,0.0,0.0,A,0.0,0.0,0.0,0.0,0.0,0.0,0.0,0.0,0.0,0.0,1.0,0.0,0.0,0.0,0.0,0.0,0.0,1.0,puan,0,0,1,0,0,0,,0.0
c24_61,28.93256,41.10887,0.0,0.0,0.0,0.0,0.0,A,0.0,0.0,0.0,0.0,0.0,0.0,0.0,0.0,0.0,0.0,1.0,0.0,0.0,0.0,0.0,0.0,0.0,1.0,puan,0,0,1,0,0,0,,0.0
c24_62,28.93256,41.11336,0.0,0.0,0.0,0.0,0.0,A,0.0,0.0,0.0,0.0,0.0,0.0,0.0,0.0,0.0,0.0,1.0,0.0,0.0,0.0,0.0,0.0,0.0,1.0,puan,0,0,1,0,0,0,,0.0
c24_63,28.93256,41.11785,0.0,0.0,0.0,0.0,0.0,A,0.0,0.0,0.0,0.0,0.0,0.0,0.0,0.0,0.0,0.0,1.0,0.0,0.0,0.0,0.0,0.0,0.0,1.0,puan,0,0,2,0,0,0,,0.0
c25_56,28.93851,41.08642,0.6,0.248,0.835,0.44,0.646,C,0.593,0.646,0.555,0.44,0.452,0.174,0.0,0.0,0.06,0.088,0.036,0.001,0.0,0.13,0.0,0.162,0.349,0.359,puan,1318,0,3,2,2,0,1.5,70.7
c25_57,28.93851,41.09091,0.378,0.338,0.443,0.315,0.418,B,0.382,0.418,0.337,0.315,0.377,0.207,0.002,0.012,0.07,0.122,0.151,0.196,0.0,0.151,0.0,0.001,0.089,0.76,puan,2667,0,2,2,2,0,0.7,39.2
c25_58,28.93851,41.0954,0.02,0.02,0.02,0.02,0.02,A,0.02,0.02,0.02,0.02,0.02,0.02,0.0,0.0,0.0,0.0,0.98,0.0,0.0,0.0,0.0,0.0,0.0,1.0,puan,0,0,1,0,0,0,,6.7
c25_59,28.93851,41.09989,0.0,0.0,0.0,0.0,0.0,A,0.0,0.0,0.0,0.0,0.0,0.0,0.0,0.0,0.0,0.0,1.0,0.0,0.0,0.0,0.0,0.0,0.0,1.0,puan,0,0,1,0,0,0,,0.0
c25_60,28.93851,41.10438,0.0,0.0,0.0,0.0,0.0,A,0.0,0.0,0.0,0.0,0.0,0.0,0.0,0.0,0.0,0.0,1.0,0.0,0.0,0.0,0.0,0.0,0.0,1.0,puan,0,0,1,0,0,0,,0.0
c25_61,28.93851,41.10887,0.0,0.0,0.0,0.0,0.0,A,0.0,0.0,0.0,0.0,0.0,0.0,0.0,0.0,0.0,0.0,1.0,0.0,0.0,0.0,0.0,0.0,0.0,1.0,puan,0,0,1,0,0,0,,0.0
c25_62,28.93851,41.11336,0.0,0.0,0.0,0.0,0.0,A,0.0,0.0,0.0,0.0,0.0,0.0,0.0,0.0,0.0,0.0,1.0,0.0,0.0,0.0,0.0,0.0,0.0,1.0,puan,0,0,1,0,0,0,,0.0
c25_63,28.93851,41.11785,0.0,0.0,0.0,0.0,0.0,A,0.0,0.0,0.0,0.0,0.0,0.0,0.0,0.0,0.0,0.0,1.0,0.0,0.0,0.0,0.0,0.0,0.0,1.0,puan,0,0,1,0,0,0,,0.0
c26_56,28.94446,41.08642,0.637,0.354,0.798,0.515,0.659,C,0.646,0.659,0.615,0.515,0.555,0.278,0.001,0.019,0.022,0.084,0.06,0.022,0.0,0.115,0.01,0.093,0.296,0.485,puan,2150,2781,5,6,6,0,1.2,73.7
c26_57,28.94446,41.09091,0.469,0.419,0.526,0.399,0.497,A,0.476,0.497,0.441,0.399,0.458,0.292,0.004,0.009,0.032,0.031,0.13,0.244,0.0,0.131,0.039,0.025,0.064,0.742,puan,1174,0,3,0,0,0,0.0,55.6
c26_58,28.94446,41.0954,0.035,0.035,0.043,0.034,0.04,A,0.04,0.036,0.034,0.035,0.035,0.026,0.0,0.023,0.0,0.0,0.938,0.0,0.0,0.004,0.0,0.0,0.008,0.988,puan,0,0,1,0,0,0,,7.2
c26_59,28.94446,41.09989,0.0,0.0,0.0,0.0,0.0,A,0.0,0.0,0.0,0.0,0.0,0.0,0.0,0.0,0.0,0.0,1.0,0.0,0.0,0.0,0.0,0.0,0.0,1.0,puan,0,0,1,0,0,0,,0.0
c26_60,28.94446,41.10438,0.0,0.0,0.0,0.0,0.0,A,0.0,0.0,0.0,0.0,0.0,0.0,0.0,0.0,0.0,0.0,1.0,0.0,0.0,0.0,0.0,0.0,0.0,1.0,puan,0,0,1,0,0,0,,0.0
c26_61,28.94446,41.10887,0.0,0.0,0.0,0.0,0.0,A,0.0,0.0,0.0,0.0,0.0,0.0,0.0,0.0,0.0,0.0,1.0,0.0,0.0,0.0,0.0,0.0,0.0,1.0,puan,0,0,1,0,0,0,,0.0
c26_62,28.94446,41.11336,0.0,0.0,0.0,0.0,0.0,A,0.0,0.0,0.0,0.0,0.0,0.0,0.0,0.0,0.0,0.0,1.0,0.0,0.0,0.0,0.0,0.0,0.0,1.0,puan,0,0,1,0,0,0,,0.0
c26_63,28.94446,41.11785,0.004,0.004,0.04,0.003,0.004,A,0.004,0.004,0.004,0.003,0.004,0.003,0.0,0.0,0.0,0.0,0.911,0.0,0.0,0.051,0.0,0.0,0.034,0.914,puan,881,0,2,0,0,0,0.0,5.5
c27_56,28.95041,41.08642,0.574,0.459,0.659,0.502,0.637,B,0.637,0.625,0.523,0.502,0.56,0.286,0.181,0.003,0.038,0.07,0.041,0.099,0.0,0.103,0.0,0.023,0.156,0.717,puan,2380,1998,6,8,8,0,1.8,68.5
c27_57,28.95041,41.09091,0.43,0.42,0.444,0.341,0.519,B,0.461,0.519,0.341,0.391,0.427,0.155,0.143,0.011,0.226,0.076,0.005,0.273,0.0,0.09,0.0,0.008,0.013,0.889,puan,628,0,1,1,1,0,1.6,49.5
c27_58,28.95041,41.0954,0.451,0.374,0.545,0.356,0.455,A,0.455,0.454,0.448,0.356,0.451,0.287,0.0,0.016,0.005,0.0,0.347,0.0,0.0,0.176,0.034,0.001,0.135,0.655,puan,4688,0,7,0,0,0,0.0,53.3
c27_59,28.95041,41.09989,0.022,0.022,0.033,0.022,0.022,A,0.022,0.022,0.022,0.022,0.022,0.021,0.0,0.0,0.0,0.0,0.934,0.0,0.0,0.034,0.0,0.0,0.01,0.956,puan,908,0,2,0,0,0,0.0,6.8
c27_60,28.95041,41.10438,0.009,0.009,0.02,0.009,0.009,A,0.009,0.009,0.009,0.009,0.009,0.009,0.0,0.0,0.0,0.0,0.963,0.0,0.0,0.017,0.0,0.0,0.011,0.972,puan,357,0,1,0,0,0,0.0,6.1
c27_61,28.95041,41.10887,0.012,0.011,0.071,0.011,0.012,A,0.012,0.012,0.012,0.011,0.012,0.01,0.0,0.0,0.0,0.0,0.859,0.0,0.0,0.075,0.0,0.0,0.056,0.869,puan,1630,0,3,0,0,0,0.0,6.3
c27_62,28.95041,41.11336,0.0,0.0,0.033,0.0,0.0,A,0.0,0.0,0.0,0.0,0.0,0.0,0.0,0.0,0.0,0.0,0.91,0.0,0.0,0.059,0.0,0.0,0.031,0.91,puan,1037,0,2,0,0,0,0.0,0.0
c27_63,28.95041,41.11785,0.0,0.0,0.015,0.0,0.0,A,0.0,0.0,0.0,0.0,0.0,0.0,0.0,0.0,0.0,0.0,0.977,0.0,0.0,0.008,0.0,0.001,0.013,0.977,puan,143,0,1,0,0,0,0.0,0.0
c28_56,28.95636,41.08642,0.416,0.371,0.479,0.402,0.43,A,0.427,0.43,0.402,0.411,0.41,0.328,0.0,0.034,0.002,0.116,0.318,0.084,0.0,0.011,0.0,0.018,0.088,0.883,puan,29,0,1,0,0,0,,46.8
c28_57,28.95636,41.09091,0.953,0.904,0.956,0.853,0.958,B,0.953,0.958,0.949,0.853,0.943,0.694,0.001,0.0,0.011,0.016,0.014,0.0,0.0,0.087,0.136,0.01,0.031,0.737,puan,1613,0,2,3,3,0,1.9,90.0
c28_58,28.95636,41.0954,0.603,0.556,0.634,0.572,0.608,A,0.606,0.608,0.599,0.572,0.6,0.36,0.003,0.0,0.0,0.044,0.201,0.0,0.0,0.033,0.307,0.005,0.047,0.608,puan,793,0,1,0,0,0,0.0,71.0
c28_59,28.95636,41.09989,0.882,0.774,0.896,0.683,0.885,C,0.885,0.883,0.881,0.683,0.876,0.607,0.0,0.009,0.0,0.001,0.069,0.007,0.0,0.202,0.008,0.006,0.091,0.693,puan,5676,0,10,0,0,0,0.0,87.3
c28_60,28.95636,41.10438,0.278,0.261,0.323,0.256,0.278,A,0.278,0.278,0.278,0.256,0.278,0.241,0.0,0.0,0.0,0.0,0.627,0.0,0.0,0.074,0.0,0.0,0.058,0.868,puan,2330,0,4,2,0,2,0.9,19.4
c28_61,28.95636,41.10887,0.0,0.0,0.001,0.0,0.0,A,0.0,0.0,0.0,0.0,0.0,0.0,0.0,0.0,0.0,0.0,0.999,0.0,0.0,0.0,0.0,0.0,0.001,0.999,puan,4,0,1,0,0,0,,0.0
c28_62,28.95636,41.11336,0.0,0.0,0.0,0.0,0.0,A,0.0,0.0,0.0,0.0,0.0,0.0,0.0,0.0,0.0,0.0,1.0,0.0,0.0,0.0,0.0,0.0,0.0,1.0,puan,0,0,1,0,0,0,,0.0
c28_63,28.95636,41.11785,0.0,0.0,0.0,0.0,0.0,A,0.0,0.0,0.0,0.0,0.0,0.0,0.0,0.0,0.0,0.0,1.0,0.0,0.0,0.0,0.0,0.0,0.0,1.0,puan,0,0,1,0,0,0,,0.0
c29_56,28.96231,41.08642,0.361,0.326,0.424,0.318,0.367,A,0.361,0.367,0.356,0.318,0.359,0.279,0.0,0.001,0.016,0.024,0.483,0.0,0.0,0.108,0.0,0.007,0.081,0.804,puan,1785,0,2,0,0,0,0.0,35.0
c29_57,28.96231,41.09091,0.419,0.402,0.443,0.368,0.42,A,0.42,0.419,0.419,0.368,0.419,0.329,0.0,0.001,0.0,0.0,0.456,0.0,0.0,0.111,0.07,0.0,0.033,0.786,puan,1651,0,1,0,0,0,0.0,47.7
c29_58,28.96231,41.0954,0.716,0.477,0.811,0.552,0.73,B,0.73,0.723,0.709,0.552,0.705,0.365,0.026,0.006,0.002,0.005,0.128,0.0,0.0,0.158,0.043,0.01,0.257,0.531,puan,4252,0,7,13,13,0,3.1,78.5
c29_59,28.96231,41.09989,0.686,0.551,0.748,0.535,0.709,B,0.702,0.709,0.663,0.535,0.68,0.406,0.025,0.005,0.006,0.042,0.0,0.171,0.0,0.185,0.0,0.008,0.153,0.655,puan,4135,0,6,6,6,0,1.5,76.8
c29_60,28.96231,41.10438,0.538,0.476,0.592,0.529,0.546,A,0.54,0.546,0.531,0.531,0.529,0.455,0.0,0.0,0.004,0.021,0.303,0.092,0.0,0.011,0.0,0.02,0.094,0.874,puan,0,0,1,0,0,0,,64.5
c29_61,28.96231,41.10887,0.0,0.0,0.0,0.0,0.0,A,0.0,0.0,0.0,0.0,0.0,0.0,0.0,0.0,0.0,0.0,1.0,0.0,0.0,0.0,0.0,0.0,0.0,1.0,puan,0,0,1,0,0,0,,0.0
c29_62,28.96231,41.11336,0.003,0.003,0.03,0.003,0.003,A,0.003,0.003,0.003,0.003,0.003,0.002,0.0,0.0,0.0,0.0,0.964,0.0,0.0,0.006,0.0,0.005,0.023,0.967,puan,0,0,1,0,0,0,,5.4
c29_63,28.96231,41.11785,0.061,0.039,0.392,0.052,0.07,B,0.06,0.07,0.052,0.057,0.067,0.019,0.0,0.001,0.016,0.031,0.447,0.0,0.0,0.041,0.164,0.053,0.228,0.514,puan,414,0,2,0,0,0,0.0,8.2
c30_56,28.96826,41.08642,0.327,0.212,0.564,0.264,0.364,B,0.328,0.364,0.29,0.264,0.303,0.129,0.001,0.01,0.063,0.102,0.205,0.051,0.0,0.135,0.0,0.076,0.228,0.561,puan,0,0,1,0,0,0,,27.1
c30_57,28.96826,41.09091,0.372,0.241,0.594,0.3,0.408,B,0.365,0.408,0.337,0.3,0.327,0.157,0.003,0.0,0.084,0.052,0.259,0.002,0.0,0.135,0.0,0.126,0.18,0.559,puan,115,0,1,5,5,0,43.5,37.6
c30_58,28.96826,41.0954,0.568,0.218,0.834,0.404,0.624,C,0.58,0.624,0.512,0.404,0.509,0.135,0.0,0.032,0.057,0.087,0.0,0.021,0.0,0.135,0.0,0.051,0.482,0.332,puan,152,0,1,0,0,0,0.0,67.9
c30_59,28.96826,41.09989,0.968,0.552,0.982,0.743,0.972,C,0.969,0.972,0.965,0.743,0.937,0.466,0.002,0.0,0.004,0.003,0.0,0.011,0.0,0.147,0.0,0.019,0.348,0.486,puan,4182,0,8,0,0,0,0.0,90.7
c30_60,28.96826,41.10438,0.047,0.04,0.198,0.046,0.048,A,0.048,0.048,0.047,0.046,0.047,0.039,0.0,0.0,0.0,0.001,0.783,0.003,0.0,0.018,0.0,0.0,0.156,0.826,puan,415,0,1,0,0,0,0.0,7.7
c30_61,28.96826,41.10887,0.0,0.0,0.027,0.0,0.001,A,0.0,0.0,0.0,0.0,0.001,0.0,0.0,0.0,0.0,0.0,0.973,0.0,0.0,0.0,0.0,0.005,0.022,0.973,puan,0,0,1,0,0,0,,0.0
c30_62,28.96826,41.11336,0.054,0.033,0.429,0.049,0.06,B,0.054,0.056,0.052,0.049,0.06,0.025,0.0,0.0,0.002,0.009,0.473,0.0,0.0,0.046,0.11,0.051,0.283,0.509,puan,515,0,2,0,0,0,0.0,7.9
c30_63,28.96826,41.11785,0.278,0.081,0.789,0.203,0.353,C,0.275,0.353,0.203,0.208,0.25,0.02,0.0,0.0,0.046,0.144,0.008,0.0,0.0,0.074,0.182,0.05,0.478,0.217,puan,699,0,2,0,0,0,0.0,19.4
c31_56,28.97421,41.08642,0.524,0.236,0.786,0.387,0.6,C,0.511,0.6,0.449,0.387,0.453,0.128,0.0,0.01,0.121,0.093,0.037,0.0,0.0,0.138,0.0,0.084,0.39,0.389,puan,0,0,1,0,0,0,,62.8
c31_57,28.97421,41.09091,0.55,0.29,0.763,0.408,0.611,C,0.546,0.611,0.489,0.408,0.471,0.175,0.0,0.01,0.095,0.127,0.01,0.03,0.0,0.155,0.0,0.102,0.297,0.446,puan,0,0,1,0,0,0,,66.1
c31_58,28.97421,41.0954,0.542,0.256,0.784,0.391,0.597,C,0.543,0.597,0.487,0.391,0.488,0.158,0.001,0.011,0.068,0.129,0.005,0.027,0.0,0.154,0.0,0.059,0.387,0.4,puan,0,0,1,0,0,0,,64.9
c31_59,28.97421,41.09989,0.832,0.518,0.895,0.629,0.839,C,0.834,0.839,0.824,0.629,0.811,0.422,0.002,0.001,0.003,0.041,0.034,0.018,0.0,0.167,0.0,0.015,0.299,0.519,puan,3429,0,4,0,0,0,0.0,84.9
c31_60,28.97421,41.10438,0.025,0.021,0.18,0.023,0.028,A,0.025,0.028,0.023,0.025,0.028,0.015,0.0,0.0,0.009,0.012,0.781,0.0,0.0,0.029,0.0,0.02,0.134,0.817,puan,0,0,1,0,0,0,,6.9
c31_61,28.97421,41.10887,0.01,0.007,0.269,0.01,0.015,B,0.01,0.011,0.01,0.01,0.015,0.006,0.0,0.0,0.0,0.008,0.716,0.0,0.0,0.012,0.0,0.031,0.227,0.73,puan,0,0,1,0,0,0,,6.2
c31_62,28.97421,41.11336,0.596,0.168,0.886,0.324,0.637,C,0.624,0.637,0.554,0.324,0.476,0.03,0.0,0.01,0.006,0.02,0.0,0.0,0.0,0.055,0.71,0.023,0.146,0.066,kanıt yetersiz,523,0,2,0,0,0,0.0,
c31_63,28.97421,41.11785,0.715,0.091,0.964,0.363,0.765,C,0.725,0.765,0.665,0.363,0.558,0.024,0.0,0.004,0.008,0.006,0.0,0.0,0.0,0.041,0.625,0.015,0.277,0.042,kanıt yetersiz,536,0,2,0,0,0,0.0,
c24_64,28.93256,41.12234,0.0,0.0,0.0,0.0,0.0,A,0.0,0.0,0.0,0.0,0.0,0.0,0.0,0.0,0.0,0.0,1.0,0.0,0.0,0.0,0.0,0.0,0.0,1.0,puan,0,0,1,0,0,0,,0.0
c24_65,28.93256,41.12683,0.0,0.0,0.0,0.0,0.0,A,0.0,0.0,0.0,0.0,0.0,0.0,0.0,0.0,0.0,0.0,1.0,0.0,0.0,0.0,0.0,0.0,0.0,1.0,puan,0,0,1,0,0,0,,0.0
c24_66,28.93256,41.13132,0.0,0.0,0.0,0.0,0.0,A,0.0,0.0,0.0,0.0,0.0,0.0,0.0,0.0,0.0,0.0,0.999,0.0,0.0,0.001,0.0,0.0,0.0,0.999,puan,17,0,1,0,0,0,,0.0
c24_67,28.93256,41.13581,0.181,0.164,0.262,0.145,0.205,A,0.205,0.197,0.166,0.145,0.181,0.057,0.0,0.049,0.0,0.103,0.279,0.0,0.0,0.124,0.335,0.002,0.051,0.489,puan,1300,0,3,0,0,0,0.0,11.7
c24_68,28.93256,41.1403,0.135,0.079,0.497,0.07,0.14,C,0.134,0.14,0.131,0.07,0.135,0.005,0.0,0.0,0.001,0.0,0.031,0.0,0.0,0.034,0.902,0.0,0.026,0.037,kanıt yetersiz,107,0,1,0,0,0,0.0,
c24_69,28.93256,41.14479,0.427,0.095,0.873,0.236,0.479,C,0.43,0.479,0.375,0.236,0.345,0.025,0.0,0.0,0.009,0.049,0.0,0.0,0.0,0.067,0.558,0.031,0.261,0.083,kanıt yetersiz,529,0,2,0,0,0,0.0,
c24_70,28.93256,41.14928,0.263,0.143,0.599,0.193,0.32,C,0.271,0.32,0.205,0.193,0.219,0.008,0.0,0.0,0.006,0.052,0.0,0.0,0.0,0.024,0.855,0.031,0.025,0.066,kanıt yetersiz,392,0,2,0,0,0,0.0,
c24_71,28.93256,41.15377,1.0,0.023,1.0,0.168,1.0,C,1.0,1.0,1.0,0.168,1.0,0.004,0.0,0.0,0.0,0.0,0.0,0.0,0.0,0.021,0.795,0.0,0.18,0.004,kanıt yetersiz,0,0,1,0,0,0,,
c25_64,28.93851,41.12234,0.0,0.0,0.0,0.0,0.0,A,0.0,0.0,0.0,0.0,0.0,0.0,0.0,0.0,0.0,0.0,1.0,0.0,0.0,0.0,0.0,0.0,0.0,1.0,puan,0,0,1,0,0,0,,0.0
c25_65,28.93851,41.12683,0.0,0.0,0.0,0.0,0.0,A,0.0,0.0,0.0,0.0,0.0,0.0,0.0,0.0,0.0,0.0,1.0,0.0,0.0,0.0,0.0,0.0,0.0,1.0,puan,0,0,1,0,0,0,,0.0
c25_66,28.93851,41.13132,0.072,0.069,0.11,0.065,0.073,A,0.073,0.073,0.072,0.065,0.072,0.061,0.0,0.004,0.0,0.0,0.798,0.0,0.0,0.091,0.01,0.0,0.037,0.862,puan,2617,0,5,0,0,0,0.0,8.6
c25_67,28.93851,41.13581,0.496,0.448,0.544,0.402,0.613,C,0.613,0.536,0.456,0.402,0.477,0.066,0.0,0.158,0.004,0.0,0.0,0.038,0.0,0.062,0.643,0.014,0.014,0.266,puan,277,0,1,0,0,0,0.0,58.9
c25_68,28.93851,41.1403,0.27,0.127,0.656,0.192,0.312,C,0.285,0.312,0.228,0.192,0.262,0.012,0.0,0.0,0.0,0.062,0.0,0.0,0.0,0.03,0.812,0.004,0.079,0.075,kanıt yetersiz,431,0,2,0,0,0,0.0,
c25_69,28.93851,41.14479,0.998,0.135,1.0,0.299,0.998,C,0.998,0.998,0.998,0.299,0.636,0.006,0.0,0.0,0.0,0.0,0.0,0.0,0.0,0.015,0.938,0.005,0.036,0.006,kanıt yetersiz,207,0,2,0,0,0,0.0,
c25_70,28.93851,41.14928,0.375,0.002,0.996,0.013,0.571,C,0.571,0.425,0.325,0.013,0.182,0.0,0.0,0.0,0.0,0.0,0.0,0.0,0.0,0.011,0.918,0.001,0.07,0.0,kanıt yetersiz,0,0,1,0,0,0,,
c25_71,28.93851,41.15377,1.0,0.583,1.0,0.648,1.0,C,1.0,1.0,1.0,0.648,0.999,0.051,0.0,0.0,0.0,0.0,0.0,0.0,0.0,0.028,0.885,0.0,0.037,0.051,kanıt yetersiz,0,0,1,0,0,0,,
c26_64,28.94446,41.12234,0.05,0.042,0.193,0.046,0.051,A,0.05,0.05,0.05,0.046,0.051,0.04,0.0,0.0,0.0,0.0,0.756,0.0,0.0,0.063,0.0,0.008,0.134,0.796,puan,1006,0,2,1,0,1,1.0,7.8
c26_65,28.94446,41.12683,0.0,0.0,0.205,0.0,0.001,B,0.0,0.0,0.0,0.0,0.001,0.0,0.0,0.0,0.0,0.0,0.747,0.0,0.0,0.059,0.0,0.006,0.188,0.747,puan,1004,0,2,0,0,0,0.0,0.0
c26_66,28.94446,41.13132,0.097,0.053,0.509,0.087,0.13,C,0.13,0.106,0.089,0.087,0.097,0.018,0.0,0.085,0.0,0.0,0.408,0.0,0.0,0.058,0.003,0.001,0.428,0.511,puan,1331,0,4,0,0,0,0.0,9.3
c26_67,28.94446,41.13581,0.087,0.084,0.116,0.075,0.132,A,0.132,0.099,0.075,0.087,0.087,0.0,0.0,0.074,0.0,0.0,0.245,0.0,0.0,0.0,0.67,0.0,0.01,0.319,puan,0,0,1,0,0,0,,9.0
c26_68,28.94446,41.1403,1.0,0.052,1.0,0.333,1.0,C,1.0,1.0,1.0,0.333,1.0,0.007,0.0,0.0,0.0,0.0,0.0,0.0,0.0,0.015,0.843,0.0,0.135,0.007,kanıt yetersiz,308,0,2,0,0,0,0.0,
c26_69,28.94446,41.14479,0.433,0.054,0.929,0.179,0.466,C,0.445,0.466,0.401,0.179,0.348,0.007,0.0,0.0,0.0,0.012,0.0,0.0,0.0,0.027,0.821,0.007,0.126,0.019,kanıt yetersiz,278,0,2,0,0,0,0.0,
c26_70,28.94446,41.14928,,0.0,1.0,,,C,,,,0.0,0.125,0.0,0.0,0.0,0.0,0.0,0.0,0.0,0.0,0.016,0.968,0.0,0.017,0.0,kanıt yetersiz,0,0,1,0,0,0,,
c26_71,28.94446,41.15377,1.0,0.998,1.0,0.806,1.0,B,1.0,1.0,1.0,0.806,0.998,0.051,0.0,0.0,0.0,0.0,0.0,0.0,0.0,0.012,0.937,0.0,0.0,0.051,kanıt yetersiz,0,0,1,0,0,0,,
c27_64,28.95041,41.12234,0.007,0.007,0.042,0.004,0.01,A,0.006,0.01,0.004,0.007,0.009,0.0,0.0,0.0,0.014,0.0,0.951,0.0,0.0,0.0,0.0,0.018,0.017,0.965,puan,0,0,1,0,0,0,,5.8
c27_65,28.95041,41.12683,0.001,0.001,0.036,0.001,0.005,A,0.001,0.001,0.001,0.001,0.005,0.0,0.0,0.002,0.0,0.0,0.962,0.0,0.0,0.0,0.0,0.035,0.0,0.965,puan,0,0,1,0,0,0,,5.0
c27_66,28.95041,41.13132,0.0,0.0,0.047,0.0,0.0,A,0.0,0.0,0.0,0.0,0.0,0.0,0.0,0.0,0.0,0.0,0.953,0.0,0.0,0.0,0.0,0.0,0.047,0.953,puan,0,0,1,0,0,0,,0.0
c27_67,28.95041,41.13581,0.0,0.0,0.0,0.0,0.0,A,0.0,0.0,0.0,0.0,0.0,0.0,0.0,0.0,0.0,0.0,0.704,0.0,0.0,0.0,0.296,0.0,0.0,0.704,puan,0,0,1,0,0,0,,0.0
c27_68,28.95041,41.1403,0.698,0.076,0.967,0.273,0.715,C,0.704,0.715,0.681,0.273,0.483,0.014,0.0,0.0,0.0,0.007,0.0,0.0,0.0,0.033,0.773,0.013,0.161,0.021,kanıt yetersiz,548,0,2,0,0,0,0.0,
c27_69,28.95041,41.14479,,0.0,1.0,,,C,,,,0.0,,0.0,0.0,0.0,0.0,0.0,0.0,0.0,0.0,0.011,0.988,0.0,0.0,0.0,kanıt yetersiz,0,0,1,0,0,0,,
c27_70,28.95041,41.14928,,0.0,1.0,,,C,,,,0.0,0.125,0.0,0.0,0.0,0.0,0.0,0.0,0.0,0.0,0.02,0.917,0.001,0.062,0.0,kanıt yetersiz,0,0,1,0,0,0,,
c27_71,28.95041,41.15377,,0.0,1.0,,,C,,,,0.0,,0.0,0.0,0.0,0.0,0.0,0.0,0.0,0.0,0.012,0.977,0.0,0.011,0.0,kanıt yetersiz,0,0,1,0,0,0,,
c28_64,28.95636,41.12234,0.0,0.0,0.04,0.0,0.001,A,0.0,0.0,0.0,0.0,0.001,0.0,0.0,0.0,0.0,0.002,0.956,0.0,0.0,0.002,0.0,0.004,0.035,0.958,puan,0,0,1,0,0,0,,0.0
c28_65,28.95636,41.12683,0.002,0.002,0.024,0.001,0.003,A,0.003,0.003,0.001,0.002,0.003,0.0,0.0,0.0,0.0,0.019,0.959,0.0,0.0,0.001,0.0,0.007,0.014,0.977,puan,0,0,1,0,0,0,,5.3
c28_66,28.95636,41.13132,0.0,0.0,0.001,0.0,0.0,A,0.0,0.0,0.0,0.0,0.0,0.0,0.0,0.0,0.0,0.0,0.999,0.0,0.0,0.0,0.0,0.0,0.001,0.999,puan,0,0,1,0,0,0,,0.0
c28_67,28.95636,41.13581,0.01,0.009,0.083,0.008,0.013,A,0.009,0.013,0.008,0.01,0.011,0.004,0.0,0.0,0.011,0.0,0.892,0.0,0.0,0.008,0.013,0.003,0.069,0.906,puan,156,0,2,0,0,0,0.0,6.2
c28_68,28.95636,41.1403,0.606,0.139,0.909,0.287,0.734,C,0.561,0.734,0.477,0.287,0.547,0.01,0.0,0.0,0.023,0.001,0.002,0.0,0.0,0.04,0.802,0.005,0.116,0.036,kanıt yetersiz,427,0,2,0,0,0,0.0,
c28_69,28.95636,41.14479,0.389,0.068,0.893,0.212,0.581,C,0.581,0.438,0.339,0.212,0.32,0.0,0.0,0.02,0.0,0.0,0.0,0.0,0.0,0.017,0.866,0.007,0.089,0.021,kanıt yetersiz,0,0,1,0,0,0,,
c28_70,28.95636,41.14928,,,,,,C,,,,0.0,,0.0,0.0,0.0,0.0,0.0,0.0,0.0,0.0,0.014,0.986,0.0,0.0,0.0,kanıt yetersiz,0,0,1,0,0,0,,
c28_71,28.95636,41.15377,,,,,,C,,,,0.0,,0.0,0.0,0.0,0.0,0.0,0.0,0.0,0.0,0.013,0.987,0.0,0.0,0.0,kanıt yetersiz,0,0,1,0,0,0,,
c29_64,28.96231,41.12234,0.18,0.096,0.561,0.139,0.22,C,0.186,0.22,0.139,0.155,0.175,0.017,0.0,0.0,0.013,0.126,0.064,0.0,0.0,0.036,0.552,0.022,0.169,0.221,puan,511,0,2,0,0,0,0.0,11.6
c29_65,28.96231,41.12683,0.502,0.275,0.727,0.407,0.526,C,0.51,0.526,0.477,0.407,0.436,0.103,0.0,0.0,0.0,0.113,0.018,0.0,0.0,0.054,0.52,0.049,0.143,0.233,puan,530,0,2,0,0,0,0.0,59.5
c29_66,28.96231,41.13132,0.174,0.147,0.306,0.169,0.18,A,0.178,0.18,0.169,0.17,0.174,0.128,0.0,0.013,0.006,0.06,0.617,0.0,0.0,0.02,0.0,0.012,0.144,0.824,puan,368,0,2,0,0,0,0.0,11.3
c29_67,28.96231,41.13581,0.072,0.039,0.496,0.062,0.074,C,0.072,0.073,0.071,0.062,0.074,0.017,0.0,0.0,0.001,0.0,0.224,0.0,0.0,0.041,0.514,0.01,0.193,0.242,puan,639,0,2,0,0,0,0.0,8.6
c29_68,28.96231,41.1403,1.0,0.199,1.0,0.014,1.0,C,1.0,1.0,1.0,0.014,0.299,0.0,0.0,0.0,0.0,0.0,0.0,0.0,0.0,0.022,0.976,0.001,0.0,0.0,kanıt yetersiz,0,0,1,0,0,0,,
c29_69,28.96231,41.14479,0.677,0.013,0.994,0.056,0.743,C,0.661,0.743,0.611,0.056,0.209,0.001,0.0,0.0,0.001,0.0,0.0,0.0,0.0,0.023,0.862,0.012,0.101,0.002,kanıt yetersiz,0,0,1,0,0,0,,
c29_70,28.96231,41.14928,,,,,,C,,,,0.0,,0.0,0.0,0.0,0.0,0.0,0.0,0.0,0.0,0.019,0.981,0.0,0.0,0.0,kanıt yetersiz,0,0,1,0,0,0,,
c29_71,28.96231,41.15377,,,,,,C,,,,0.0,,0.0,0.0,0.0,0.0,0.0,0.0,0.0,0.0,0.009,0.991,0.0,0.0,0.0,kanıt yetersiz,0,0,1,0,0,0,,
c30_64,28.96826,41.12234,1.0,1.0,1.0,0.416,1.0,C,1.0,1.0,1.0,0.416,1.0,0.011,0.0,0.0,0.0,0.0,0.0,0.0,0.0,0.015,0.974,0.0,0.0,0.011,kanıt yetersiz,0,0,1,0,0,0,,
c30_65,28.96826,41.12683,1.0,0.985,1.0,0.936,1.0,A,1.0,1.0,1.0,0.936,0.986,0.433,0.0,0.0,0.0,0.0,0.0,0.0,0.0,0.03,0.53,0.007,0.0,0.433,puan,0,0,1,0,0,0,,94.5
c30_66,28.96826,41.13132,0.983,0.879,0.985,0.855,0.988,B,0.981,0.988,0.977,0.855,0.95,0.369,0.0,0.0,0.01,0.002,0.0,0.0,0.0,0.057,0.517,0.015,0.03,0.381,puan,307,0,2,0,0,0,0.0,91.6
c30_67,28.96826,41.13581,0.155,0.06,0.674,0.103,0.203,C,0.172,0.203,0.106,0.103,0.147,0.002,0.0,0.0,0.0,0.002,0.0,0.052,0.0,0.028,0.829,0.02,0.068,0.055,kanıt yetersiz,0,0,1,0,0,0,,
c30_68,28.96826,41.1403,0.125,0.107,0.249,0.075,0.175,A,0.143,0.175,0.075,0.09,0.125,0.0,0.0,0.0,0.0,0.0,0.0,0.057,0.0,0.022,0.911,0.003,0.007,0.057,kanıt yetersiz,0,0,1,0,0,0,,
c30_69,28.96826,41.14479,,0.0,1.0,,,C,,,,0.0,,0.0,0.0,0.0,0.0,0.0,0.0,0.0,0.0,0.007,0.991,0.0,0.002,0.0,kanıt yetersiz,0,0,1,0,0,0,,
c30_70,28.96826,41.14928,,,,,,C,,,,0.0,,0.0,0.0,0.0,0.0,0.0,0.0,0.0,0.0,0.025,0.975,0.0,0.0,0.0,kanıt yetersiz,0,0,1,0,0,0,,
c30_71,28.96826,41.15377,,,,,,C,,,,0.0,,0.0,0.0,0.0,0.0,0.0,0.0,0.0,0.0,0.001,0.999,0.0,0.0,0.0,kanıt yetersiz,0,0,1,0,0,0,,
c31_64,28.97421,41.12234,1.0,0.612,1.0,0.911,1.0,B,1.0,1.0,1.0,0.911,0.996,0.357,0.0,0.0,0.0,0.0,0.0,0.0,0.0,0.035,0.382,0.002,0.225,0.357,puan,0,0,1,0,0,0,,94.5
c31_65,28.97421,41.12683,1.0,0.819,1.0,0.97,1.0,A,1.0,1.0,1.0,0.97,0.991,0.382,0.0,0.0,0.0,0.0,0.0,0.0,0.0,0.012,0.521,0.004,0.08,0.382,puan,0,0,1,0,0,0,,94.5
c31_66,28.97421,41.13132,0.823,0.042,0.991,0.081,0.894,C,0.798,0.894,0.752,0.081,0.623,0.002,0.0,0.0,0.001,0.0,0.0,0.0,0.0,0.03,0.906,0.001,0.059,0.003,kanıt yetersiz,0,0,1,0,0,0,,
c31_67,28.97421,41.13581,0.23,0.064,0.785,0.144,0.274,C,0.246,0.274,0.186,0.144,0.218,0.007,0.0,0.0,0.0,0.0,0.0,0.05,0.0,0.034,0.76,0.007,0.141,0.057,kanıt yetersiz,0,0,1,0,0,0,,
c31_68,28.97421,41.1403,0.142,0.079,0.526,0.025,0.191,C,0.16,0.191,0.093,0.025,0.14,0.0,0.0,0.0,0.0,0.0,0.0,0.005,0.0,0.021,0.97,0.001,0.003,0.005,kanıt yetersiz,0,0,1,0,0,0,,
c31_69,28.97421,41.14479,1.0,1.0,1.0,0.755,1.0,C,1.0,1.0,1.0,0.755,1.0,0.084,0.0,0.0,0.0,0.0,0.0,0.0,0.0,0.027,0.888,0.0,0.0,0.084,kanıt yetersiz,0,0,1,0,0,0,,
c31_70,28.97421,41.14928,1.0,1.0,1.0,0.929,1.0,A,1.0,1.0,1.0,0.929,1.0,0.208,0.0,0.0,0.0,0.0,0.0,0.0,0.0,0.016,0.776,0.0,0.0,0.208,puan,0,0,1,0,0,0,,94.5
c31_71,28.97421,41.15377,1.0,1.0,1.0,0.502,1.0,C,1.0,1.0,1.0,0.502,1.0,0.022,0.0,0.0,0.0,0.0,0.0,0.0,0.0,0.021,0.957,0.0,0.0,0.022,kanıt yetersiz,0,0,1,0,0,0,,
c24_72,28.93256,41.15826,0.293,0.08,0.806,0.216,0.334,C,0.307,0.334,0.252,0.216,0.288,0.026,0.0,0.0,0.001,0.109,0.0,0.0,0.0,0.048,0.459,0.004,0.353,0.135,puan,0,0,1,0,0,0,,21.1
c24_73,28.93256,41.16275,0.893,0.751,0.91,0.789,0.9,B,0.896,0.9,0.887,0.789,0.869,0.161,0.0,0.0,0.0,0.022,0.0,0.0,0.0,0.024,0.758,0.006,0.029,0.183,puan,0,0,1,0,0,0,,87.6
c24_74,28.93256,41.16724,0.396,0.289,0.559,0.238,0.431,B,0.408,0.431,0.362,0.238,0.339,0.016,0.0,0.0,0.0,0.035,0.0,0.0,0.0,0.034,0.896,0.014,0.005,0.051,kanıt yetersiz,0,0,1,0,0,0,,
c24_75,28.93256,41.17173,0.125,0.074,0.484,0.075,0.175,C,0.143,0.175,0.075,0.079,0.125,0.0,0.0,0.0,0.0,0.023,0.0,0.0,0.0,0.013,0.948,0.004,0.012,0.023,kanıt yetersiz,0,0,1,0,0,0,,
c24_76,28.93256,41.17622,1.0,1.0,1.0,0.95,1.0,A,1.0,1.0,1.0,0.95,1.0,0.225,0.0,0.0,0.0,0.0,0.0,0.0,0.0,0.012,0.763,0.0,0.0,0.225,puan,0,0,1,0,0,0,,94.5
c24_77,28.93256,41.18071,1.0,1.0,1.0,0.931,1.0,A,1.0,1.0,1.0,0.931,1.0,0.224,0.0,0.0,0.0,0.0,0.0,0.0,0.0,0.016,0.76,0.0,0.0,0.224,puan,0,0,1,0,0,0,,94.5
c24_78,28.93256,41.1852,1.0,0.224,1.0,0.306,1.0,C,1.0,1.0,1.0,0.306,1.0,0.005,0.0,0.0,0.0,0.0,0.0,0.0,0.0,0.012,0.965,0.0,0.018,0.005,kanıt yetersiz,0,0,1,0,0,0,,
c24_79,28.93256,41.18969,1.0,1.0,1.0,0.569,1.0,C,1.0,1.0,1.0,0.569,1.0,0.037,0.0,0.0,0.0,0.0,0.0,0.0,0.0,0.028,0.935,0.0,0.0,0.037,kanıt yetersiz,0,0,1,0,0,0,,
c25_72,28.93851,41.15826,0.945,0.939,0.945,0.86,0.948,A,0.946,0.948,0.942,0.86,0.939,0.208,0.0,0.0,0.0,0.014,0.0,0.0,0.0,0.022,0.754,0.001,0.0,0.222,puan,0,0,1,0,0,0,,89.7
c25_73,28.93851,41.16275,1.0,0.992,1.0,0.993,1.0,A,1.0,1.0,1.0,0.994,0.993,0.237,0.0,0.0,0.0,0.0,0.0,0.0,0.0,0.001,0.76,0.002,0.0,0.237,puan,0,0,1,0,0,0,,94.5
c25_74,28.93851,41.16724,0.103,0.102,0.108,0.088,0.109,A,0.105,0.109,0.096,0.088,0.103,0.012,0.0,0.0,0.0,0.019,0.113,0.0,0.0,0.024,0.831,0.001,0.0,0.145,puan,0,0,1,0,0,0,,9.5
c25_75,28.93851,41.17173,1.0,1.0,1.0,0.066,1.0,C,1.0,1.0,1.0,0.066,1.0,0.0,0.0,0.0,0.0,0.0,0.0,0.0,0.0,0.007,0.993,0.0,0.0,0.0,kanıt yetersiz,0,0,1,0,0,0,,
c25_76,28.93851,41.17622,1.0,1.0,1.0,0.938,1.0,A,1.0,1.0,1.0,0.938,1.0,0.134,0.0,0.0,0.0,0.0,0.0,0.0,0.0,0.009,0.857,0.0,0.0,0.134,puan,0,0,1,0,0,0,,94.5
c25_77,28.93851,41.18071,0.999,0.999,0.999,0.756,0.999,C,0.999,0.999,0.999,0.756,0.999,0.052,0.0,0.0,0.0,0.0,0.0,0.0,0.0,0.017,0.931,0.0,0.0,0.052,kanıt yetersiz,0,0,1,0,0,0,,
c25_78,28.93851,41.1852,,,,,,C,,,,0.0,,0.0,0.0,0.0,0.0,0.0,0.0,0.0,0.0,0.008,0.992,0.0,0.0,0.0,kanıt yetersiz,0,0,1,0,0,0,,
c25_79,28.93851,41.18969,0.0,0.0,0.5,0.0,0.062,C,0.0,0.0,0.0,0.0,0.062,0.0,0.0,0.0,0.0,0.0,0.0,0.0,0.0,0.016,0.984,0.0,0.0,0.0,kanıt yetersiz,0,0,1,0,0,0,,
c26_72,28.94446,41.15826,1.0,1.0,1.0,0.941,1.0,A,1.0,1.0,1.0,0.941,1.0,0.151,0.0,0.0,0.0,0.0,0.0,0.0,0.0,0.009,0.84,0.0,0.0,0.151,puan,0,0,1,0,0,0,,94.5
c26_73,28.94446,41.16275,1.0,1.0,1.0,0.456,1.0,C,1.0,1.0,1.0,0.456,1.0,0.001,0.0,0.0,0.0,0.0,0.0,0.0,0.0,0.001,0.998,0.0,0.0,0.001,kanıt yetersiz,0,0,1,0,0,0,,
c26_74,28.94446,41.16724,0.405,0.405,0.405,0.388,0.405,A,0.405,0.405,0.405,0.388,0.405,0.209,0.0,0.0,0.0,0.0,0.308,0.0,0.0,0.022,0.46,0.0,0.0,0.517,puan,0,0,1,0,0,0,,44.6
c26_75,28.94446,41.17173,1.0,1.0,1.0,1.0,1.0,A,1.0,1.0,1.0,1.0,1.0,0.889,0.0,0.0,0.0,0.0,0.0,0.0,0.0,0.0,0.11,0.0,0.0,0.889,puan,0,0,1,0,0,0,,94.5
c26_76,28.94446,41.17622,0.982,0.982,0.982,0.681,0.983,C,0.982,0.983,0.981,0.681,0.982,0.019,0.0,0.0,0.0,0.0,0.0,0.0,0.0,0.009,0.972,0.0,0.0,0.02,kanıt yetersiz,0,0,1,0,0,0,,
c26_77,28.94446,41.18071,0.999,0.999,0.999,0.977,0.999,A,0.999,0.999,0.999,0.977,0.999,0.373,0.0,0.0,0.0,0.001,0.0,0.0,0.0,0.008,0.618,0.0,0.0,0.374,puan,0,0,1,0,0,0,,93.8
c26_78,28.94446,41.1852,1.0,1.0,1.0,0.209,1.0,C,1.0,1.0,1.0,0.209,1.0,0.004,0.0,0.0,0.0,0.0,0.0,0.0,0.0,0.015,0.981,0.0,0.0,0.004,kanıt yetersiz,0,0,1,0,0,0,,
c26_79,28.94446,41.18969,,,,,,C,,,,0.0,,0.0,0.0,0.0,0.0,0.0,0.0,0.0,0.0,0.002,0.998,0.0,0.0,0.0,kanıt yetersiz,0,0,1,0,0,0,,
c27_72,28.95041,41.15826,,,,,,C,,,,0.0,,0.0,0.0,0.0,0.0,0.0,0.0,0.0,0.0,0.017,0.983,0.0,0.0,0.0,kanıt yetersiz,0,0,1,0,0,0,,
c27_73,28.95041,41.16275,,,,,,C,,,,0.0,,0.0,0.0,0.0,0.0,0.0,0.0,0.0,0.0,0.01,0.99,0.0,0.0,0.0,kanıt yetersiz,0,0,1,0,0,0,,
c27_74,28.95041,41.16724,1.0,1.0,1.0,0.352,1.0,C,1.0,1.0,1.0,0.352,1.0,0.009,0.0,0.0,0.0,0.0,0.0,0.0,0.0,0.016,0.975,0.0,0.0,0.009,kanıt yetersiz,0,0,1,0,0,0,,
c27_75,28.95041,41.17173,1.0,1.0,1.0,0.962,1.0,A,1.0,1.0,1.0,0.962,1.0,0.316,0.0,0.0,0.0,0.0,0.0,0.0,0.0,0.012,0.672,0.0,0.0,0.316,puan,0,0,1,0,0,0,,94.5
c27_76,28.95041,41.17622,1.0,1.0,1.0,0.957,1.0,A,1.0,1.0,1.0,0.957,1.0,0.113,0.0,0.0,0.0,0.0,0.0,0.0,0.0,0.005,0.882,0.0,0.0,0.113,puan,0,0,1,0,0,0,,94.5
c27_77,28.95041,41.18071,1.0,1.0,1.0,0.07,1.0,C,1.0,1.0,1.0,0.07,1.0,0.001,0.0,0.0,0.0,0.0,0.0,0.0,0.0,0.011,0.989,0.0,0.0,0.001,kanıt yetersiz,0,0,1,0,0,0,,
c27_78,28.95041,41.1852,,,,,,C,,,,0.0,,0.0,0.0,0.0,0.0,0.0,0.0,0.0,0.0,0.014,0.986,0.0,0.0,0.0,kanıt yetersiz,0,0,1,0,0,0,,
c27_79,28.95041,41.18969,0.0,0.0,0.359,0.0,0.045,B,0.0,0.0,0.0,0.0,0.045,0.0,0.0,0.0,0.0,0.0,0.0,0.0,0.0,0.015,0.985,0.0,0.0,0.0,kanıt yetersiz,0,0,1,0,0,0,,
c28_72,28.95636,41.15826,,,,,,C,,,,0.0,,0.0,0.0,0.0,0.0,0.0,0.0,0.0,0.0,0.008,0.992,0.0,0.0,0.0,kanıt yetersiz,0,0,1,0,0,0,,
c28_73,28.95636,41.16275,1.0,1.0,1.0,0.767,1.0,C,1.0,1.0,1.0,0.767,1.0,0.033,0.0,0.0,0.0,0.0,0.0,0.0,0.0,0.01,0.957,0.0,0.0,0.033,kanıt yetersiz,0,0,1,0,0,0,,
c28_74,28.95636,41.16724,1.0,1.0,1.0,0.93,1.0,A,1.0,1.0,1.0,0.93,1.0,0.227,0.0,0.0,0.0,0.0,0.0,0.0,0.0,0.017,0.756,0.0,0.0,0.227,puan,0,0,1,0,0,0,,94.5
c28_75,28.95636,41.17173,0.998,0.993,0.998,0.966,0.998,A,0.998,0.998,0.998,0.966,0.993,0.513,0.0,0.0,0.0,0.0,0.001,0.0,0.0,0.017,0.467,0.003,0.0,0.513,puan,0,0,1,0,0,0,,93.6
c28_76,28.95636,41.17622,1.0,1.0,1.0,0.979,1.0,A,1.0,1.0,1.0,0.979,1.0,0.297,0.0,0.0,0.0,0.0,0.0,0.0,0.0,0.006,0.697,0.0,0.0,0.297,puan,0,0,2,0,0,0,,94.5
c28_77,28.95636,41.18071,1.0,1.0,1.0,0.908,1.0,A,1.0,1.0,1.0,0.908,1.0,0.029,0.0,0.0,0.0,0.0,0.0,0.0,0.0,0.003,0.968,0.0,0.0,0.029,kanıt yetersiz,0,0,1,0,0,0,,
c28_78,28.95636,41.1852,1.0,1.0,1.0,0.095,1.0,C,1.0,1.0,1.0,0.095,1.0,0.001,0.0,0.0,0.0,0.0,0.0,0.0,0.0,0.012,0.986,0.0,0.0,0.001,kanıt yetersiz,0,0,1,0,0,0,,
c28_79,28.95636,41.18969,1.0,0.989,1.0,0.461,1.0,C,1.0,1.0,1.0,0.461,0.991,0.004,0.0,0.0,0.0,0.0,0.0,0.0,0.0,0.005,0.991,0.0,0.0,0.004,kanıt yetersiz,0,0,1,0,0,0,,
c29_72,28.96231,41.15826,,,,,,C,,,,0.0,,0.0,0.0,0.0,0.0,0.0,0.0,0.0,0.0,0.003,0.997,0.0,0.0,0.0,kanıt yetersiz,0,0,1,0,0,0,,
c29_73,28.96231,41.16275,1.0,1.0,1.0,0.913,1.0,A,1.0,1.0,1.0,0.913,1.0,0.188,0.0,0.0,0.0,0.0,0.0,0.0,0.0,0.018,0.794,0.0,0.0,0.188,puan,0,0,1,0,0,0,,94.5
c29_74,28.96231,41.16724,1.0,0.992,1.0,0.974,1.0,A,1.0,1.0,1.0,0.974,0.993,0.427,0.0,0.0,0.0,0.0,0.0,0.0,0.0,0.011,0.558,0.003,0.0,0.427,puan,0,0,2,0,0,0,,94.5
c29_75,28.96231,41.17173,1.0,0.997,1.0,0.924,1.0,A,1.0,1.0,1.0,0.924,0.998,0.233,0.0,0.0,0.0,0.0,0.0,0.0,0.0,0.019,0.747,0.001,0.0,0.233,puan,0,0,1,0,0,0,,94.5
c29_76,28.96231,41.17622,1.0,1.0,1.0,0.849,1.0,B,1.0,1.0,1.0,0.849,1.0,0.112,0.0,0.0,0.0,0.0,0.0,0.0,0.0,0.02,0.868,0.0,0.0,0.112,puan,0,0,1,0,0,0,,94.5
c29_77,28.96231,41.18071,1.0,1.0,1.0,0.769,1.0,C,1.0,1.0,1.0,0.769,1.0,0.032,0.0,0.0,0.0,0.0,0.0,0.0,0.0,0.01,0.959,0.0,0.0,0.032,kanıt yetersiz,0,0,2,0,0,0,,
c29_78,28.96231,41.1852,1.0,1.0,1.0,0.994,1.0,A,1.0,1.0,1.0,0.994,1.0,0.338,0.0,0.0,0.0,0.0,0.0,0.0,0.0,0.002,0.66,0.0,0.0,0.338,puan,0,0,1,0,0,0,,94.5
c29_79,28.96231,41.18969,0.999,0.999,0.999,0.984,1.0,A,0.999,1.0,0.999,0.984,0.999,0.752,0.0,0.0,0.001,0.0,0.0,0.0,0.0,0.012,0.235,0.0,0.0,0.752,puan,0,0,1,0,0,0,,93.8
c30_72,28.96826,41.15826,1.0,0.979,1.0,0.755,1.0,C,1.0,1.0,1.0,0.755,0.982,0.04,0.0,0.0,0.0,0.0,0.0,0.0,0.0,0.013,0.946,0.001,0.0,0.04,kanıt yetersiz,0,0,1,0,0,0,,
c30_73,28.96826,41.16275,1.0,1.0,1.0,0.041,1.0,C,1.0,1.0,1.0,0.041,1.0,0.0,0.0,0.0,0.0,0.0,0.0,0.0,0.0,0.01,0.989,0.0,0.0,0.0,kanıt yetersiz,0,0,1,0,0,0,,
c30_74,28.96826,41.16724,,,,,,C,,,,0.0,,0.0,0.0,0.0,0.0,0.0,0.0,0.0,0.0,0.024,0.976,0.0,0.0,0.0,kanıt yetersiz,0,0,1,0,0,0,,
c30_75,28.96826,41.17173,1.0,1.0,1.0,0.096,1.0,C,1.0,1.0,1.0,0.096,1.0,0.001,0.0,0.0,0.0,0.0,0.0,0.0,0.0,0.01,0.989,0.0,0.0,0.001,kanıt yetersiz,0,0,1,0,0,0,,
c30_76,28.96826,41.17622,1.0,1.0,1.0,0.597,1.0,C,1.0,1.0,1.0,0.597,1.0,0.023,0.0,0.0,0.0,0.0,0.0,0.0,0.0,0.015,0.962,0.0,0.0,0.023,kanıt yetersiz,0,0,1,0,0,0,,
c30_77,28.96826,41.18071,1.0,1.0,1.0,0.378,1.0,C,1.0,1.0,1.0,0.378,1.0,0.012,0.0,0.0,0.0,0.0,0.0,0.0,0.0,0.02,0.968,0.0,0.0,0.012,kanıt yetersiz,0,0,1,0,0,0,,
c30_78,28.96826,41.1852,1.0,0.999,1.0,0.992,1.0,A,1.0,1.0,1.0,0.992,0.999,0.816,0.0,0.0,0.0,0.0,0.0,0.0,0.0,0.007,0.176,0.001,0.0,0.817,puan,0,0,1,0,0,0,,94.5
c30_79,28.96826,41.18969,0.992,0.988,0.992,0.951,0.995,A,0.995,0.993,0.992,0.951,0.989,0.461,0.0,0.006,0.0,0.0,0.0,0.0,0.0,0.02,0.511,0.002,0.0,0.467,puan,0,0,1,0,0,0,,92.4
c31_72,28.97421,41.15826,1.0,1.0,1.0,0.935,1.0,A,1.0,1.0,1.0,0.935,1.0,0.139,0.0,0.0,0.0,0.0,0.0,0.0,0.0,0.01,0.852,0.0,0.0,0.139,puan,0,0,1,0,0,0,,94.5
c31_73,28.97421,41.16275,1.0,1.0,1.0,0.202,1.0,C,1.0,1.0,1.0,0.202,1.0,0.003,0.0,0.0,0.0,0.0,0.0,0.0,0.0,0.011,0.987,0.0,0.0,0.003,kanıt yetersiz,0,0,1,0,0,0,,
c31_74,28.97421,41.16724,1.0,1.0,1.0,0.93,1.0,A,1.0,1.0,1.0,0.93,1.0,0.139,0.0,0.0,0.0,0.0,0.0,0.0,0.0,0.011,0.851,0.0,0.0,0.139,puan,0,0,1,0,0,0,,94.5
c31_75,28.97421,41.17173,1.0,1.0,1.0,0.165,1.0,C,1.0,1.0,1.0,0.165,1.0,0.003,0.0,0.0,0.0,0.0,0.0,0.0,0.0,0.014,0.983,0.0,0.0,0.003,kanıt yetersiz,0,0,1,0,0,0,,
c31_76,28.97421,41.17622,1.0,1.0,1.0,1.0,1.0,A,1.0,1.0,1.0,1.0,1.0,0.071,0.0,0.0,0.0,0.0,0.0,0.0,0.0,0.0,0.929,0.0,0.0,0.071,kanıt yetersiz,0,0,1,0,0,0,,
c31_77,28.97421,41.18071,1.0,0.589,1.0,0.649,1.0,C,1.0,1.0,1.0,0.649,0.99,0.041,0.0,0.0,0.0,0.0,0.0,0.0,0.0,0.022,0.908,0.0,0.028,0.041,kanıt yetersiz,0,0,1,0,0,0,,
c31_78,28.97421,41.1852,1.0,1.0,1.0,0.887,1.0,B,1.0,1.0,1.0,0.887,1.0,0.179,0.0,0.0,0.0,0.0,0.0,0.0,0.0,0.023,0.798,0.0,0.0,0.179,puan,0,0,1,0,0,0,,94.5
c31_79,28.97421,41.18969,1.0,0.01,1.0,0.315,1.0,C,1.0,1.0,1.0,0.315,1.0,0.01,0.0,0.0,0.0,0.0,0.0,0.0,0.0,0.021,0.969,0.0,1.0,0.01,kanıt yetersiz,0,0,1,0,0,0,,
c34_7,28.99206,40.86641,0.602,0.602,0.602,0.56,0.713,B,0.713,0.643,0.56,0.602,0.602,0.35,0.0,0.589,0.061,0.0,0.0,0.0,0.0,0.0,0.0,0.0,0.0,1.0,puan,0,0,1,0,0,0,,70.8
c32_80,28.98016,41.19418,1.0,1.0,1.0,0.41,1.0,C,1.0,1.0,1.0,0.41,1.0,0.012,0.0,0.0,0.0,0.0,0.0,0.0,0.0,0.017,0.97,0.0,0.0,0.012,kanıt yetersiz,0,0,1,0,0,0,,
c32_81,28.98016,41.19867,1.0,1.0,1.0,0.082,1.0,C,1.0,1.0,1.0,0.082,1.0,0.002,0.0,0.0,0.0,0.0,0.0,0.0,0.0,0.023,0.975,0.0,0.0,0.002,kanıt yetersiz,0,0,1,0,0,0,,
c32_82,28.98016,41.20316,1.0,1.0,1.0,0.178,1.0,C,1.0,1.0,1.0,0.178,1.0,0.009,0.0,0.0,0.0,0.0,0.0,0.0,0.0,0.042,0.949,0.0,0.0,0.009,kanıt yetersiz,0,0,1,0,0,0,,
c32_83,28.98016,41.20765,1.0,1.0,1.0,0.494,1.0,C,1.0,1.0,1.0,0.494,1.0,0.013,0.0,0.0,0.0,0.0,0.0,0.0,0.0,0.014,0.973,0.0,0.0,0.013,kanıt yetersiz,0,0,1,0,0,0,,
c32_84,28.98016,41.21214,1.0,1.0,1.0,0.902,1.0,A,1.0,1.0,1.0,0.902,1.0,0.003,0.0,0.0,0.0,0.0,0.0,0.0,0.0,0.0,0.997,0.0,0.0,0.003,kanıt yetersiz,0,0,1,0,0,0,,
c32_85,28.98016,41.21663,,,,,,C,,,,0.0,,0.0,0.0,0.0,0.0,0.0,0.0,0.0,0.0,0.004,0.996,0.0,0.0,0.0,kanıt yetersiz,0,0,1,0,0,0,,
c32_86,28.98016,41.22112,,,,,,C,,,,0.0,,0.0,0.0,0.0,0.0,0.0,0.0,0.0,0.0,0.024,0.976,0.0,0.0,0.0,kanıt yetersiz,0,0,1,0,0,0,,
c32_87,28.98016,41.22561,1.0,0.025,1.0,0.015,1.0,C,1.0,1.0,1.0,0.015,0.496,0.001,0.0,0.0,0.0,0.0,0.0,0.0,0.0,0.059,0.905,0.001,0.033,0.001,kanıt yetersiz,447,0,1,0,0,0,0.0,
c33_80,28.98611,41.19418,1.0,1.0,1.0,0.916,1.0,A,1.0,1.0,1.0,0.916,1.0,0.234,0.0,0.0,0.0,0.0,0.0,0.0,0.0,0.022,0.745,0.0,0.0,0.234,puan,0,0,2,0,0,0,,94.5
c33_81,28.98611,41.19867,1.0,1.0,1.0,0.274,1.0,C,1.0,1.0,1.0,0.274,1.0,0.006,0.0,0.0,0.0,0.0,0.0,0.0,0.0,0.015,0.98,0.0,0.0,0.006,kanıt yetersiz,0,0,1,0,0,0,,
c33_82,28.98611,41.20316,1.0,1.0,1.0,0.724,1.0,C,1.0,1.0,1.0,0.724,1.0,0.011,0.0,0.0,0.0,0.0,0.0,0.0,0.0,0.004,0.985,0.0,0.0,0.011,kanıt yetersiz,0,0,1,0,0,0,,
c33_83,28.98611,41.20765,1.0,1.0,1.0,0.398,1.0,C,1.0,1.0,1.0,0.398,1.0,0.02,0.0,0.0,0.0,0.0,0.0,0.0,0.0,0.03,0.949,0.0,0.0,0.02,kanıt yetersiz,0,0,1,0,0,0,,
c33_84,28.98611,41.21214,1.0,1.0,1.0,0.875,1.0,B,1.0,1.0,1.0,0.875,1.0,0.104,0.0,0.0,0.0,0.0,0.0,0.0,0.0,0.015,0.882,0.0,0.0,0.104,puan,0,0,1,0,0,0,,94.5
c33_85,28.98611,41.21663,1.0,1.0,1.0,0.435,1.0,C,1.0,1.0,1.0,0.435,1.0,0.007,0.0,0.0,0.0,0.0,0.0,0.0,0.0,0.009,0.985,0.0,0.0,0.007,kanıt yetersiz,0,0,1,0,0,0,,
c33_86,28.98611,41.22112,1.0,0.969,1.0,0.125,1.0,C,1.0,1.0,1.0,0.125,0.976,0.002,0.0,0.0,0.0,0.0,0.0,0.0,0.0,0.017,0.981,0.0,0.0,0.002,kanıt yetersiz,0,0,1,0,0,0,,
c33_87,28.98611,41.22561,0.585,0.005,0.997,0.007,0.621,C,0.588,0.621,0.55,0.007,0.272,0.001,0.0,0.0,0.0,0.0,0.0,0.0,0.0,0.091,0.77,0.002,0.136,0.001,kanıt yetersiz,1112,0,3,0,0,0,0.0,
c34_80,28.99206,41.19418,1.0,1.0,1.0,0.959,1.0,A,1.0,1.0,1.0,0.959,1.0,0.445,0.0,0.0,0.0,0.0,0.0,0.0,0.0,0.019,0.536,0.0,0.0,0.445,puan,0,0,1,0,0,0,,94.5
c34_81,28.99206,41.19867,1.0,1.0,1.0,0.92,1.0,A,1.0,1.0,1.0,0.92,1.0,0.216,0.0,0.0,0.0,0.0,0.0,0.0,0.0,0.019,0.765,0.0,0.0,0.216,puan,0,0,1,0,0,0,,94.5
c34_82,28.99206,41.20316,1.0,1.0,1.0,0.25,1.0,C,1.0,1.0,1.0,0.25,1.0,0.008,0.0,0.0,0.0,0.0,0.0,0.0,0.0,0.023,0.969,0.0,0.0,0.008,kanıt yetersiz,0,0,1,0,0,0,,
c34_83,28.99206,41.20765,1.0,1.0,1.0,0.9,1.0,B,1.0,1.0,1.0,0.9,1.0,0.17,0.0,0.0,0.0,0.0,0.0,0.0,0.0,0.019,0.811,0.0,0.0,0.17,puan,0,0,1,0,0,0,,94.5
c34_84,28.99206,41.21214,1.0,1.0,1.0,0.948,1.0,A,1.0,1.0,1.0,0.948,1.0,0.142,0.0,0.0,0.0,0.0,0.0,0.0,0.0,0.008,0.85,0.0,0.0,0.142,puan,0,0,1,0,0,0,,94.5
c34_85,28.99206,41.21663,1.0,1.0,1.0,0.529,1.0,C,1.0,1.0,1.0,0.529,1.0,0.014,0.0,0.0,0.0,0.0,0.0,0.0,0.0,0.012,0.974,0.0,0.0,0.014,kanıt yetersiz,0,0,1,0,0,0,,
c34_86,28.99206,41.22112,,0.0,1.0,,,C,,,,0.0,0.125,0.0,0.0,0.0,0.0,0.0,0.0,0.0,0.0,0.072,0.886,0.007,0.035,0.0,kanıt yetersiz,699,0,1,0,0,0,0.0,
c34_87,28.99206,41.22561,1.0,0.591,1.0,0.56,1.0,C,1.0,1.0,1.0,0.56,0.724,0.03,0.0,0.0,0.0,0.0,0.0,0.0,0.0,0.024,0.926,0.014,0.007,0.03,kanıt yetersiz,147,0,1,0,0,0,0.0,
c35_80,28.99801,41.19418,1.0,1.0,1.0,0.926,1.0,A,1.0,1.0,1.0,0.926,1.0,0.37,0.0,0.0,0.0,0.0,0.0,0.0,0.0,0.03,0.6,0.0,0.0,0.37,puan,0,0,1,0,0,0,,94.5
c35_81,28.99801,41.19867,1.0,1.0,1.0,0.913,1.0,A,1.0,1.0,1.0,0.913,1.0,0.205,0.0,0.0,0.0,0.0,0.0,0.0,0.0,0.019,0.776,0.0,0.0,0.205,puan,0,0,1,0,0,0,,94.5
c35_82,28.99801,41.20316,1.0,1.0,1.0,0.89,1.0,B,1.0,1.0,1.0,0.89,1.0,0.186,0.0,0.0,0.0,0.0,0.0,0.0,0.0,0.023,0.791,0.0,0.0,0.186,puan,0,0,1,0,0,0,,94.5
c35_83,28.99801,41.20765,1.0,1.0,1.0,0.91,1.0,A,1.0,1.0,1.0,0.91,1.0,0.133,0.0,0.0,0.0,0.0,0.0,0.0,0.0,0.013,0.854,0.0,0.0,0.133,puan,0,0,1,0,0,0,,94.5
c35_84,28.99801,41.21214,1.0,1.0,1.0,0.901,1.0,A,1.0,1.0,1.0,0.901,1.0,0.164,0.0,0.0,0.0,0.0,0.0,0.0,0.0,0.018,0.819,0.0,0.0,0.164,puan,0,0,1,0,0,0,,94.5
c35_85,28.99801,41.21663,1.0,1.0,1.0,0.96,1.0,A,1.0,1.0,1.0,0.96,1.0,0.331,0.0,0.0,0.0,0.0,0.0,0.0,0.0,0.014,0.656,0.0,0.0,0.331,puan,0,0,1,0,0,0,,94.5
c35_86,28.99801,41.22112,1.0,0.768,1.0,0.597,1.0,C,1.0,1.0,1.0,0.597,0.997,0.105,0.0,0.0,0.0,0.0,0.0,0.0,0.0,0.071,0.793,0.0,0.031,0.105,puan,689,0,1,0,0,0,0.0,94.5
c35_87,28.99801,41.22561,1.0,0.994,1.0,0.988,1.0,A,1.0,1.0,1.0,0.988,0.995,0.678,0.0,0.0,0.0,0.0,0.0,0.0,0.0,0.008,0.31,0.004,0.0,0.678,puan,0,0,1,0,0,0,,94.5
c36_80,29.00396,41.19418,1.0,1.0,1.0,0.925,1.0,A,1.0,1.0,1.0,0.925,1.0,0.114,0.0,0.0,0.0,0.0,0.0,0.0,0.0,0.009,0.876,0.0,0.0,0.114,puan,0,0,1,0,0,0,,94.5
c36_81,29.00396,41.19867,1.0,0.973,1.0,0.84,1.0,B,1.0,1.0,1.0,0.84,1.0,0.106,0.0,0.0,0.0,0.0,0.0,0.0,0.0,0.02,0.871,0.0,0.003,0.106,puan,0,0,1,0,0,0,,94.5
c36_82,29.00396,41.20316,0.664,0.457,0.768,0.48,0.683,C,0.671,0.683,0.645,0.48,0.608,0.042,0.0,0.0,0.0,0.0,0.0,0.026,0.0,0.026,0.875,0.008,0.023,0.068,kanıt yetersiz,0,0,1,0,0,0,,
c36_83,29.00396,41.20765,0.694,0.655,0.711,0.646,0.702,A,0.697,0.702,0.685,0.646,0.662,0.101,0.0,0.0,0.0,0.0,0.024,0.025,0.0,0.011,0.83,0.009,0.0,0.15,puan,0,0,1,0,0,0,,77.3
c36_84,29.00396,41.21214,1.0,0.994,1.0,0.873,1.0,B,1.0,1.0,1.0,0.873,0.999,0.135,0.0,0.0,0.0,0.0,0.0,0.0,0.0,0.02,0.845,0.0,0.001,0.135,puan,0,0,1,0,0,0,,94.5
c36_85,29.00396,41.21663,1.0,0.95,1.0,0.982,1.0,A,1.0,1.0,1.0,0.982,1.0,0.407,0.0,0.0,0.0,0.0,0.0,0.0,0.0,0.008,0.564,0.0,0.021,0.407,puan,0,0,1,0,0,0,,94.5
c36_86,29.00396,41.22112,0.845,0.653,0.88,0.564,0.854,C,0.848,0.854,0.836,0.564,0.837,0.132,0.0,0.0,0.0,0.028,0.0,0.0,0.0,0.08,0.713,0.002,0.045,0.16,puan,1003,0,3,0,0,0,0.0,85.6
c36_87,29.00396,41.22561,0.845,0.471,0.914,0.758,0.854,C,0.849,0.854,0.836,0.758,0.794,0.225,0.0,0.001,0.0,0.001,0.0,0.047,0.0,0.031,0.476,0.021,0.197,0.274,puan,0,0,1,0,0,0,,85.6
c37_80,29.00991,41.19418,0.891,0.864,0.894,0.597,0.897,C,0.893,0.897,0.884,0.597,0.868,0.085,0.0,0.0,0.0,0.0,0.0,0.012,0.0,0.048,0.852,0.003,0.0,0.097,kanıt yetersiz,1375,0,2,0,0,0,0.0,
c37_81,29.00991,41.19867,0.432,0.372,0.51,0.33,0.465,B,0.446,0.465,0.399,0.33,0.39,0.053,0.0,0.002,0.001,0.0,0.0,0.097,0.0,0.047,0.776,0.024,0.0,0.153,puan,893,0,2,0,0,0,0.0,49.8
c37_82,29.00991,41.20316,0.395,0.325,0.501,0.348,0.43,A,0.407,0.43,0.36,0.362,0.348,0.14,0.0,0.001,0.001,0.0,0.0,0.315,0.0,0.041,0.404,0.096,0.001,0.457,puan,0,0,1,0,0,0,,42.6
c37_83,29.00991,41.20765,0.191,0.144,0.389,0.158,0.224,B,0.202,0.224,0.158,0.17,0.182,0.041,0.0,0.0,0.002,0.003,0.095,0.238,0.0,0.047,0.452,0.062,0.061,0.378,puan,0,0,1,0,0,0,,12.3
c37_84,29.00991,41.21214,0.225,0.07,0.757,0.166,0.272,C,0.244,0.272,0.178,0.166,0.203,0.006,0.0,0.001,0.001,0.0,0.0,0.051,0.0,0.021,0.787,0.017,0.115,0.06,kanıt yetersiz,0,0,1,0,0,0,,
c37_85,29.00991,41.21663,0.155,0.136,0.258,0.088,0.204,B,0.173,0.204,0.107,0.088,0.152,0.001,0.0,0.0,0.0,0.0,0.0,0.037,0.0,0.029,0.927,0.005,0.0,0.039,kanıt yetersiz,0,0,1,0,0,0,,
c37_86,29.00991,41.22112,0.98,0.225,0.996,0.154,0.982,C,0.981,0.982,0.979,0.154,0.873,0.017,0.0,0.0,0.0,0.0,0.0,0.0,0.0,0.091,0.834,0.002,0.055,0.017,kanıt yetersiz,1082,0,3,0,0,0,0.0,
c37_87,29.00991,41.22561,1.0,0.004,1.0,0.101,1.0,C,1.0,1.0,1.0,0.101,0.251,0.001,0.0,0.0,0.0,0.0,0.0,0.0,0.0,0.009,0.735,0.006,0.249,0.001,kanıt yetersiz,0,0,1,0,0,0,,
c38_80,29.01586,41.19418,0.125,0.105,0.262,0.075,0.175,A,0.143,0.175,0.075,0.125,0.125,0.0,0.0,0.0,0.0,0.0,0.0,0.005,0.0,0.0,0.994,0.001,0.0,0.005,kanıt yetersiz,0,0,1,0,0,0,,
c38_81,29.01586,41.19867,0.506,0.443,0.568,0.455,0.535,A,0.518,0.535,0.478,0.455,0.459,0.149,0.0,0.003,0.0,0.001,0.0,0.192,0.0,0.039,0.568,0.049,0.0,0.344,puan,315,0,2,0,0,0,0.0,60.2
c38_82,29.01586,41.20316,0.384,0.346,0.444,0.339,0.42,A,0.396,0.42,0.347,0.339,0.361,0.181,0.0,0.002,0.005,0.034,0.0,0.4,0.0,0.082,0.227,0.061,0.006,0.623,puan,980,0,2,0,0,0,0.0,40.5
c38_83,29.01586,41.20765,0.339,0.292,0.431,0.299,0.379,A,0.352,0.379,0.299,0.299,0.313,0.149,0.0,0.002,0.008,0.052,0.0,0.413,0.0,0.084,0.192,0.086,0.015,0.624,puan,0,0,1,0,0,0,,29.7
c38_84,29.01586,41.21214,0.535,0.223,0.806,0.435,0.562,C,0.545,0.562,0.508,0.435,0.454,0.173,0.0,0.001,0.001,0.079,0.0,0.116,0.0,0.085,0.028,0.091,0.426,0.37,puan,0,0,1,0,0,0,,64.2
c38_85,29.01586,41.21663,0.258,0.081,0.766,0.182,0.304,C,0.277,0.304,0.211,0.182,0.223,0.027,0.0,0.007,0.004,0.003,0.0,0.158,0.0,0.082,0.288,0.07,0.361,0.199,puan,0,0,1,0,0,0,,17.2
c38_86,29.01586,41.22112,0.454,0.068,0.919,0.231,0.488,C,0.465,0.488,0.42,0.231,0.367,0.027,0.0,0.0,0.001,0.0,0.0,0.044,0.0,0.071,0.437,0.026,0.392,0.073,kanıt yetersiz,170,0,1,0,0,0,0.0,
c38_87,29.01586,41.22561,1.0,0.114,1.0,0.249,1.0,C,1.0,1.0,1.0,0.249,0.897,0.033,0.0,0.0,0.0,0.0,0.0,0.0,0.0,0.098,0.618,0.004,0.247,0.033,kanıt yetersiz,1557,0,4,0,0,0,0.0,
c39_80,29.02181,41.19418,1.0,0.072,1.0,0.251,1.0,C,1.0,1.0,1.0,0.251,0.919,0.006,0.0,0.0,0.0,0.0,0.0,0.0,0.0,0.018,0.896,0.001,0.079,0.006,kanıt yetersiz,0,0,1,0,0,0,,
c39_81,29.02181,41.19867,0.317,0.081,0.825,0.269,0.358,C,0.333,0.358,0.276,0.269,0.313,0.038,0.0,0.003,0.002,0.025,0.0,0.114,0.0,0.032,0.256,0.004,0.525,0.183,puan,0,0,1,0,0,0,,25.1
c39_82,29.02181,41.20316,0.347,0.261,0.508,0.303,0.385,B,0.363,0.385,0.309,0.303,0.326,0.16,0.0,0.014,0.007,0.029,0.019,0.418,0.0,0.094,0.048,0.069,0.143,0.646,puan,826,0,2,0,0,0,0.0,31.4
c39_83,29.02181,41.20765,0.553,0.457,0.63,0.472,0.603,B,0.553,0.603,0.503,0.472,0.541,0.272,0.0,0.01,0.091,0.086,0.001,0.182,0.0,0.109,0.115,0.018,0.116,0.642,puan,578,0,2,7,7,0,12.1,66.4
c39_84,29.02181,41.21214,0.658,0.357,0.815,0.534,0.68,C,0.666,0.68,0.637,0.534,0.608,0.284,0.0,0.004,0.005,0.063,0.0,0.115,0.0,0.109,0.024,0.049,0.348,0.471,puan,0,0,1,0,0,0,,74.8
c39_85,29.02181,41.21663,0.736,0.322,0.884,0.623,0.756,C,0.756,0.753,0.718,0.623,0.639,0.272,0.0,0.034,0.003,0.02,0.0,0.076,0.0,0.074,0.0,0.077,0.444,0.406,puan,0,0,1,0,0,0,,79.9
c39_86,29.02181,41.22112,0.573,0.068,0.949,0.357,0.634,C,0.575,0.634,0.511,0.357,0.413,0.045,0.0,0.007,0.023,0.005,0.0,0.031,0.0,0.067,0.0,0.061,0.761,0.111,puan,0,0,1,0,0,0,,68.3
c39_87,29.02181,41.22561,1.0,0.625,1.0,0.653,1.0,C,1.0,1.0,1.0,0.653,0.985,0.272,0.0,0.0,0.0,0.0,0.0,0.0,0.0,0.144,0.421,0.005,0.158,0.272,puan,2677,0,5,0,0,0,0.0,94.5
c32_88,28.98016,41.2301,0.556,0.083,0.934,0.278,0.581,C,0.565,0.581,0.531,0.278,0.43,0.015,0.0,0.0,0.0,0.015,0.0,0.0,0.0,0.03,0.767,0.013,0.16,0.03,kanıt yetersiz,0,0,1,0,0,0,,
c32_89,28.98016,41.23459,0.322,0.045,0.905,0.229,0.36,C,0.336,0.36,0.283,0.229,0.269,0.025,0.0,0.0,0.0,0.032,0.0,0.054,0.0,0.045,0.165,0.041,0.639,0.111,puan,0,0,1,0,0,0,,26.0
c32_90,28.98016,41.23908,0.261,0.052,0.853,0.2,0.304,C,0.276,0.304,0.218,0.2,0.228,0.028,0.0,0.0,0.001,0.06,0.0,0.091,0.0,0.055,0.042,0.058,0.667,0.179,puan,0,0,1,0,0,0,,17.5
c32_91,28.98016,41.24357,0.342,0.042,0.919,0.231,0.384,C,0.36,0.384,0.301,0.231,0.287,0.026,0.0,0.003,0.002,0.005,0.0,0.075,0.0,0.054,0.048,0.038,0.75,0.111,puan,0,0,1,0,0,0,,30.3
c32_92,28.98016,41.24806,0.995,0.156,0.999,0.692,0.997,C,0.995,0.997,0.994,0.692,0.811,0.146,0.0,0.0,0.001,0.0,0.0,0.0,0.0,0.064,0.0,0.04,0.749,0.147,puan,0,0,1,0,0,0,,93.0
c32_93,28.98016,41.25255,0.991,0.339,0.997,0.785,0.994,C,0.99,0.994,0.987,0.785,0.859,0.19,0.0,0.001,0.005,0.0,0.0,0.0,0.119,0.082,0.0,0.056,0.547,0.314,puan,0,0,1,0,0,0,,92.2
c33_88,28.98611,41.2301,0.215,0.031,0.888,0.15,0.26,C,0.231,0.26,0.171,0.15,0.191,0.004,0.0,0.0,0.0,0.022,0.0,0.01,0.0,0.015,0.74,0.013,0.196,0.035,kanıt yetersiz,0,0,1,0,0,0,,
c33_89,28.98611,41.23459,0.29,0.106,0.74,0.223,0.338,C,0.302,0.338,0.241,0.223,0.248,0.035,0.0,0.001,0.01,0.032,0.0,0.132,0.0,0.064,0.363,0.07,0.293,0.21,puan,0,0,1,0,0,0,,20.6
c33_90,28.98611,41.23908,0.328,0.212,0.565,0.256,0.369,B,0.341,0.369,0.287,0.256,0.285,0.046,0.0,0.0,0.003,0.048,0.0,0.106,0.0,0.057,0.632,0.055,0.055,0.202,puan,0,0,1,0,0,0,,27.4
c33_91,28.98611,41.24357,0.883,0.064,0.992,0.383,0.911,C,0.911,0.892,0.874,0.383,0.55,0.027,0.0,0.005,0.0,0.001,0.0,0.0,0.0,0.043,0.504,0.026,0.395,0.033,kanıt yetersiz,0,0,1,0,0,0,,
c33_92,28.98611,41.24806,0.995,0.304,0.998,0.897,0.996,C,0.995,0.996,0.994,0.897,0.918,0.276,0.0,0.0,0.001,0.001,0.0,0.0,0.017,0.032,0.0,0.029,0.644,0.295,puan,0,0,1,0,0,0,,93.0
c34_88,28.99206,41.2301,0.984,0.663,0.989,0.372,0.991,C,0.982,0.991,0.978,0.372,0.954,0.018,0.0,0.0,0.001,0.0,0.0,0.0,0.0,0.031,0.942,0.001,0.008,0.019,kanıt yetersiz,0,0,1,0,0,0,,
c34_89,28.99206,41.23459,0.338,0.264,0.485,0.249,0.377,B,0.357,0.377,0.299,0.249,0.291,0.033,0.0,0.004,0.001,0.02,0.0,0.083,0.0,0.05,0.77,0.04,0.0,0.14,puan,0,0,1,0,0,0,,29.3
c34_90,28.99206,41.23908,0.376,0.211,0.651,0.296,0.412,C,0.389,0.412,0.341,0.296,0.33,0.055,0.0,0.0,0.0,0.134,0.0,0.002,0.0,0.052,0.607,0.043,0.107,0.191,puan,0,0,1,0,0,0,,38.5
c34_91,28.99206,41.24357,0.52,0.358,0.67,0.492,0.547,B,0.532,0.547,0.492,0.501,0.516,0.293,0.0,0.007,0.0,0.353,0.0,0.0,0.0,0.024,0.027,0.007,0.289,0.653,puan,0,0,1,0,0,0,,62.1
c34_92,28.99206,41.24806,0.98,0.66,0.987,0.928,0.982,B,0.981,0.982,0.979,0.928,0.973,0.61,0.0,0.0,0.0,0.014,0.0,0.0,0.024,0.037,0.0,0.006,0.309,0.649,puan,0,0,1,0,0,0,,91.4
c35_88,28.99801,41.2301,0.463,0.305,0.647,0.373,0.499,B,0.472,0.499,0.428,0.373,0.422,0.081,0.0,0.0,0.006,0.0,0.0,0.129,0.0,0.052,0.621,0.03,0.082,0.215,puan,0,0,1,0,0,0,,54.8
c35_89,28.99801,41.23459,0.525,0.496,0.551,0.424,0.744,C,0.744,0.625,0.424,0.452,0.504,0.016,0.135,0.0,0.0,0.0,0.0,0.0,0.0,0.024,0.816,0.008,0.0,0.151,puan,0,0,1,0,0,0,,63.1
c35_90,28.99801,41.23908,0.377,0.288,0.525,0.294,0.526,C,0.526,0.46,0.294,0.328,0.35,0.017,0.163,0.0,0.0,0.101,0.0,0.0,0.0,0.042,0.591,0.034,0.053,0.28,puan,0,0,1,0,0,0,,38.9
c35_91,28.99801,41.24357,0.588,0.338,0.763,0.495,0.614,C,0.596,0.614,0.562,0.495,0.532,0.135,0.0,0.001,0.004,0.118,0.0,0.0,0.0,0.048,0.504,0.036,0.155,0.258,puan,0,0,1,0,0,0,,69.7
c35_92,28.99801,41.24806,0.709,0.297,0.878,0.673,0.727,C,0.719,0.727,0.691,0.673,0.696,0.241,0.0,0.009,0.003,0.123,0.0,0.0,0.018,0.021,0.04,0.009,0.537,0.393,puan,0,0,1,0,0,0,,78.1
c36_88,29.00396,41.2301,0.356,0.312,0.436,0.311,0.396,A,0.376,0.396,0.316,0.311,0.329,0.188,0.0,0.032,0.011,0.033,0.0,0.502,0.0,0.112,0.014,0.104,0.005,0.766,puan,0,0,1,0,0,0,,33.7
c36_89,29.00396,41.23459,0.334,0.288,0.426,0.273,0.41,B,0.41,0.395,0.273,0.303,0.311,0.087,0.178,0.0,0.003,0.015,0.0,0.38,0.0,0.069,0.161,0.084,0.022,0.664,puan,0,0,1,0,0,0,,28.5
c36_90,29.00396,41.23908,0.469,0.443,0.498,0.356,0.714,C,0.714,0.581,0.356,0.468,0.469,0.0,0.935,0.0,0.0,0.0,0.0,0.0,0.0,0.001,0.009,0.0,0.055,0.935,puan,0,0,1,0,0,0,,55.6
c36_91,29.00396,41.24357,0.659,0.439,0.773,0.589,0.814,C,0.814,0.729,0.589,0.652,0.652,0.24,0.404,0.017,0.0,0.0,0.0,0.0,0.0,0.007,0.0,0.009,0.323,0.661,puan,0,0,1,0,0,0,,74.9
c37_88,29.00991,41.2301,0.199,0.05,0.798,0.153,0.245,C,0.22,0.245,0.153,0.177,0.19,0.018,0.0,0.005,0.0,0.025,0.0,0.182,0.0,0.029,0.057,0.033,0.65,0.231,puan,0,0,1,0,0,0,,12.7
c37_89,29.00991,41.23459,0.277,0.186,0.516,0.235,0.319,B,0.296,0.319,0.235,0.24,0.251,0.1,0.0,0.014,0.002,0.022,0.0,0.467,0.0,0.094,0.002,0.126,0.173,0.605,puan,0,0,1,0,0,0,,19.3
c37_90,29.00991,41.23908,0.467,0.232,0.736,0.356,0.708,C,0.708,0.578,0.356,0.462,0.465,0.003,0.483,0.0,0.0,0.0,0.0,0.007,0.0,0.006,0.0,0.004,0.498,0.493,puan,0,0,1,0,0,0,,55.3
c37_91,29.00991,41.24357,0.497,0.497,0.498,0.393,0.721,C,0.721,0.601,0.393,0.497,0.497,0.064,0.901,0.015,0.007,0.013,0.0,0.0,0.0,0.0,0.0,0.0,0.0,1.0,puan,0,0,1,0,0,0,,59.0
c38_88,29.01586,41.2301,0.985,0.023,1.0,0.303,0.992,C,0.992,0.988,0.982,0.303,0.37,0.016,0.0,0.0,0.0,0.0,0.0,0.0,0.0,0.036,0.283,0.04,0.624,0.016,kanıt yetersiz,0,0,1,0,0,0,,
c38_89,29.01586,41.23459,0.26,0.102,0.708,0.216,0.303,C,0.289,0.303,0.216,0.217,0.241,0.028,0.0,0.016,0.0,0.0,0.0,0.167,0.0,0.041,0.423,0.034,0.291,0.211,puan,0,0,1,0,0,0,,17.4
c38_90,29.01586,41.23908,0.328,0.181,0.629,0.263,0.422,C,0.422,0.393,0.263,0.29,0.309,0.042,0.136,0.011,0.0,0.0,0.0,0.235,0.0,0.055,0.176,0.045,0.299,0.425,puan,0,0,1,0,0,0,,27.4
c38_91,29.01586,41.24357,0.535,0.36,0.687,0.472,0.648,B,0.648,0.598,0.472,0.499,0.511,0.187,0.278,0.009,0.003,0.002,0.0,0.163,0.001,0.046,0.0,0.039,0.273,0.641,puan,0,0,1,0,0,0,,64.2
c39_88,29.02181,41.2301,0.979,0.031,0.999,0.081,0.988,C,0.976,0.988,0.971,0.081,0.647,0.004,0.0,0.0,0.0,0.0,0.0,0.0,0.0,0.044,0.828,0.003,0.121,0.004,kanıt yetersiz,1112,0,3,0,0,0,0.0,
c39_89,29.02181,41.23459,1.0,1.0,1.0,0.306,1.0,C,1.0,1.0,1.0,0.306,1.0,0.009,0.0,0.0,0.0,0.0,0.0,0.0,0.0,0.02,0.971,0.0,0.0,0.009,kanıt yetersiz,0,0,1,0,0,0,,
c39_90,29.02181,41.23908,0.221,0.158,0.442,0.176,0.265,B,0.237,0.265,0.176,0.19,0.207,0.021,0.0,0.0,0.0,0.002,0.0,0.167,0.0,0.031,0.705,0.033,0.042,0.189,puan,0,0,1,0,0,0,,14.1
c39_91,29.02181,41.24357,0.421,0.283,0.61,0.348,0.456,B,0.451,0.456,0.386,0.348,0.381,0.118,0.0,0.049,0.002,0.0,0.0,0.291,0.035,0.104,0.16,0.078,0.162,0.495,puan,0,0,1,0,0,0,,48.0
c32_37,28.98016,41.00111,0.634,0.629,0.638,0.518,0.751,C,0.604,0.751,0.518,0.574,0.634,0.16,0.0,0.041,0.505,0.021,0.031,0.0,0.139,0.095,0.0,0.0,0.008,0.897,puan,899,301,3,1,0,1,0.8,73.4
c32_38,28.98016,41.0056,0.66,0.554,0.714,0.538,0.781,C,0.623,0.781,0.538,0.625,0.644,0.271,0.003,0.02,0.48,0.004,0.015,0.0,0.009,0.045,0.0,0.024,0.129,0.802,puan,460,454,2,2,2,0,2.2,75.0
c32_39,28.98016,41.01009,0.749,0.581,0.805,0.693,0.805,B,0.77,0.805,0.693,0.74,0.738,0.437,0.073,0.047,0.158,0.006,0.038,0.0,0.0,0.009,0.013,0.013,0.206,0.759,puan,0,1183,2,4,4,0,3.4,80.7
c33_38,28.98611,41.0056,0.592,0.314,0.784,0.49,0.64,C,0.602,0.64,0.545,0.49,0.576,0.131,0.0,0.04,0.076,0.111,0.034,0.0,0.085,0.1,0.0,0.018,0.405,0.477,puan,920,308,2,0,0,0,0.0,70.1
c33_39,28.98611,41.01009,0.902,0.374,0.959,0.806,0.911,C,0.911,0.908,0.895,0.815,0.806,0.279,0.007,0.011,0.005,0.001,0.022,0.0,0.037,0.039,0.089,0.051,0.46,0.362,puan,1031,518,3,0,0,0,0.0,87.9
c37_38,29.00991,41.0056,0.843,0.266,0.951,0.538,0.846,C,0.846,0.844,0.842,0.538,0.801,0.035,0.0,0.004,0.0,0.001,0.038,0.0,0.189,0.151,0.0,0.017,0.565,0.267,puan,568,0,2,2,2,0,3.5,85.5
c37_39,29.00991,41.01009,0.903,0.598,0.936,0.689,0.92,C,0.905,0.92,0.886,0.689,0.875,0.323,0.0,0.017,0.038,0.002,0.006,0.019,0.145,0.17,0.0,0.02,0.26,0.55,puan,1275,0,4,13,13,0,10.2,88.0
c38_37,29.01586,41.00111,0.394,0.173,0.734,0.351,0.411,C,0.402,0.411,0.376,0.351,0.367,0.094,0.017,0.0,0.019,0.029,0.209,0.0,0.049,0.051,0.0,0.046,0.486,0.417,puan,0,3309,1,0,0,0,0.0,42.4
c38_38,29.01586,41.0056,0.2,0.156,0.374,0.181,0.227,B,0.227,0.213,0.186,0.181,0.198,0.096,0.061,0.024,0.005,0.012,0.52,0.0,0.007,0.073,0.0,0.022,0.18,0.725,puan,1085,0,2,0,0,0,0.0,12.9
c38_39,29.01586,41.01009,0.268,0.239,0.348,0.22,0.317,A,0.266,0.317,0.22,0.238,0.261,0.115,0.001,0.008,0.123,0.012,0.275,0.264,0.0,0.103,0.0,0.044,0.055,0.799,puan,0,0,1,0,0,0,,18.3
c39_32,29.02181,40.97866,0.68,0.564,0.734,0.605,0.737,B,0.688,0.737,0.622,0.605,0.616,0.259,0.004,0.075,0.164,0.02,0.003,0.102,0.125,0.093,0.0,0.098,0.056,0.752,puan,0,0,1,0,0,0,,76.3
c39_33,29.02181,40.98315,0.459,0.413,0.514,0.393,0.526,B,0.46,0.526,0.393,0.408,0.429,0.187,0.0,0.031,0.171,0.14,0.017,0.22,0.042,0.102,0.0,0.08,0.01,0.808,puan,0,353,2,1,1,0,2.8,54.3
c39_34,29.02181,40.98764,0.441,0.409,0.483,0.364,0.518,B,0.429,0.518,0.364,0.405,0.428,0.182,0.001,0.039,0.287,0.056,0.193,0.077,0.021,0.076,0.0,0.037,0.031,0.856,puan,0,699,2,4,4,0,5.7,51.7
c39_35,29.02181,40.99213,0.761,0.718,0.775,0.691,0.8,B,0.756,0.8,0.722,0.691,0.755,0.527,0.0,0.029,0.153,0.01,0.083,0.022,0.037,0.088,0.0,0.009,0.043,0.861,puan,1178,319,3,17,16,1,11.4,81.4
c39_36,29.02181,40.99662,0.405,0.252,0.63,0.362,0.439,B,0.412,0.439,0.371,0.362,0.394,0.11,0.0,0.052,0.086,0.002,0.268,0.0,0.062,0.068,0.0,0.024,0.329,0.579,puan,737,2125,3,6,6,0,2.1,44.6
c39_37,29.02181,41.00111,0.592,0.494,0.66,0.497,0.687,B,0.576,0.687,0.497,0.558,0.584,0.273,0.026,0.013,0.329,0.117,0.035,0.0,0.0,0.049,0.0,0.014,0.144,0.793,puan,617,1202,3,1,1,0,0.6,70.1
c39_38,29.02181,41.0056,0.517,0.433,0.595,0.423,0.611,B,0.535,0.611,0.423,0.448,0.514,0.185,0.121,0.006,0.263,0.067,0.101,0.0,0.0,0.114,0.0,0.005,0.138,0.742,puan,2495,0,3,1,1,0,0.4,61.6
c39_39,29.02181,41.01009,0.84,0.714,0.864,0.749,0.848,A,0.846,0.848,0.832,0.749,0.831,0.624,0.0,0.029,0.019,0.014,0.077,0.008,0.0,0.094,0.0,0.01,0.126,0.77,puan,1220,0,2,3,3,0,2.5,85.3
c32_40,28.98016,41.01458,0.621,0.492,0.7,0.577,0.664,B,0.612,0.664,0.577,0.596,0.601,0.347,0.005,0.009,0.151,0.043,0.17,0.0,0.042,0.032,0.0,0.031,0.17,0.766,puan,1023,3049,4,6,6,0,1.5,72.7
c32_42,28.98016,41.02356,0.619,0.533,0.672,0.494,0.744,C,0.58,0.744,0.494,0.563,0.613,0.203,0.0,0.011,0.484,0.036,0.021,0.0,0.038,0.079,0.0,0.01,0.119,0.793,puan,247,246,2,1,1,0,2.0,72.5
c32_43,28.98016,41.02805,0.683,0.434,0.798,0.59,0.755,B,0.674,0.755,0.61,0.59,0.606,0.28,0.003,0.035,0.188,0.048,0.024,0.0,0.0,0.091,0.0,0.092,0.239,0.577,puan,959,930,2,13,13,0,6.9,76.5
c32_44,28.98016,41.03254,0.523,0.392,0.643,0.403,0.643,C,0.502,0.643,0.403,0.452,0.49,0.137,0.0,0.05,0.361,0.111,0.011,0.0,0.0,0.106,0.0,0.06,0.164,0.67,puan,0,365,2,2,2,0,5.5,62.6
c32_45,28.98016,41.03703,0.601,0.39,0.741,0.429,0.729,C,0.567,0.729,0.473,0.429,0.532,0.139,0.001,0.023,0.317,0.027,0.008,0.0,0.0,0.206,0.0,0.087,0.192,0.515,puan,1196,258,3,10,9,1,6.9,70.7
c32_46,28.98016,41.04152,0.551,0.31,0.747,0.376,0.638,C,0.541,0.638,0.463,0.376,0.436,0.142,0.002,0.02,0.158,0.04,0.0,0.083,0.0,0.208,0.0,0.165,0.181,0.446,puan,1155,0,1,15,15,0,13.0,66.3
c32_47,28.98016,41.04601,0.455,0.358,0.572,0.352,0.558,C,0.436,0.558,0.352,0.376,0.387,0.131,0.003,0.011,0.279,0.046,0.0,0.205,0.0,0.142,0.0,0.175,0.008,0.674,puan,0,0,1,0,0,0,,53.9
c33_40,28.98611,41.01458,0.849,0.655,0.884,0.8,0.859,B,0.859,0.858,0.84,0.8,0.824,0.581,0.022,0.009,0.009,0.034,0.059,0.0,0.022,0.045,0.0,0.027,0.192,0.736,puan,1432,991,4,6,5,1,2.5,85.7
c33_43,28.98611,41.02805,0.682,0.503,0.766,0.607,0.757,B,0.67,0.757,0.607,0.622,0.64,0.32,0.019,0.013,0.231,0.052,0.04,0.0,0.014,0.066,0.0,0.057,0.188,0.688,puan,1274,1109,2,7,7,0,2.9,76.4
c33_44,28.98611,41.03254,0.546,0.321,0.733,0.43,0.662,C,0.532,0.662,0.43,0.447,0.461,0.123,0.021,0.025,0.263,0.084,0.004,0.0,0.0,0.115,0.0,0.132,0.232,0.521,puan,186,180,1,2,2,0,5.5,65.6
c33_45,28.98611,41.03703,0.733,0.58,0.788,0.631,0.816,B,0.707,0.816,0.649,0.631,0.719,0.367,0.002,0.003,0.283,0.03,0.016,0.0,0.0,0.113,0.0,0.017,0.168,0.703,puan,1308,602,3,7,7,0,3.7,79.8
c33_46,28.98611,41.04152,0.681,0.501,0.765,0.558,0.767,C,0.658,0.767,0.595,0.558,0.648,0.292,0.003,0.011,0.258,0.037,0.032,0.0,0.0,0.14,0.0,0.04,0.187,0.633,puan,2112,0,2,20,19,1,9.5,76.4
c33_47,28.98611,41.04601,0.412,0.282,0.597,0.339,0.481,B,0.411,0.481,0.343,0.339,0.371,0.13,0.0,0.052,0.173,0.06,0.162,0.02,0.0,0.129,0.0,0.098,0.176,0.596,puan,1031,0,2,0,0,0,0.0,46.3
c34_44,28.99206,41.03254,0.554,0.382,0.692,0.47,0.589,B,0.58,0.589,0.519,0.47,0.518,0.267,0.025,0.058,0.051,0.113,0.1,0.0,0.0,0.11,0.0,0.056,0.221,0.614,puan,1160,1106,2,15,10,5,6.6,66.5
c34_45,28.99206,41.03703,0.556,0.424,0.662,0.466,0.628,B,0.606,0.628,0.485,0.466,0.528,0.215,0.107,0.066,0.123,0.147,0.006,0.0,0.0,0.129,0.0,0.046,0.161,0.664,puan,2580,0,4,14,14,0,5.4,66.7
c34_46,28.99206,41.04152,0.625,0.568,0.659,0.556,0.734,B,0.734,0.678,0.571,0.556,0.62,0.316,0.241,0.161,0.03,0.054,0.016,0.0,0.0,0.101,0.0,0.008,0.074,0.817,puan,2011,0,4,7,7,0,3.5,72.9
c34_47,28.99206,41.04601,0.738,0.644,0.772,0.67,0.788,B,0.738,0.788,0.689,0.67,0.731,0.483,0.012,0.028,0.156,0.046,0.01,0.066,0.0,0.082,0.0,0.009,0.108,0.801,puan,0,0,1,0,0,0,,80.2
c35_45,28.99801,41.03703,0.882,0.801,0.893,0.814,0.918,B,0.918,0.893,0.872,0.814,0.857,0.684,0.0,0.155,0.005,0.0,0.0,0.0,0.0,0.07,0.0,0.03,0.056,0.845,puan,869,0,3,6,6,0,6.9,87.3
c35_46,28.99801,41.04152,0.71,0.584,0.762,0.608,0.752,B,0.727,0.752,0.668,0.608,0.687,0.42,0.03,0.046,0.092,0.055,0.009,0.069,0.0,0.121,0.0,0.03,0.127,0.722,puan,472,0,3,1,1,0,2.1,78.2
c35_47,28.99801,41.04601,0.398,0.342,0.482,0.308,0.488,B,0.443,0.488,0.308,0.347,0.363,0.098,0.143,0.03,0.176,0.118,0.001,0.198,0.0,0.112,0.0,0.111,0.014,0.763,puan,0,0,1,0,0,0,,43.4
c36_46,29.00396,41.04152,0.657,0.539,0.719,0.582,0.732,B,0.645,0.732,0.582,0.592,0.644,0.346,0.016,0.015,0.247,0.024,0.036,0.068,0.0,0.083,0.0,0.019,0.146,0.752,puan,1133,0,2,13,13,0,11.5,74.7
c36_47,29.00396,41.04601,0.597,0.372,0.748,0.468,0.698,C,0.572,0.698,0.495,0.468,0.536,0.18,0.0,0.013,0.243,0.04,0.004,0.052,0.0,0.147,0.0,0.079,0.241,0.533,puan,0,0,1,0,0,0,,70.5
c37_40,29.00991,41.01458,0.567,0.414,0.684,0.432,0.599,B,0.575,0.599,0.534,0.432,0.487,0.286,0.0,0.01,0.028,0.022,0.004,0.245,0.0,0.185,0.0,0.132,0.089,0.595,puan,1110,0,2,4,4,0,3.6,67.7
c37_41,29.00991,41.01907,0.41,0.333,0.522,0.34,0.464,B,0.413,0.464,0.356,0.34,0.366,0.19,0.0,0.005,0.088,0.044,0.019,0.348,0.0,0.144,0.0,0.126,0.036,0.694,puan,1164,0,2,6,6,0,5.2,45.7
c37_42,29.00991,41.02356,0.436,0.369,0.523,0.355,0.498,B,0.438,0.498,0.374,0.355,0.397,0.195,0.0,0.016,0.123,0.051,0.0,0.324,0.0,0.161,0.0,0.101,0.029,0.71,puan,1195,0,2,3,3,0,2.5,50.5
c37_46,29.00991,41.04152,0.54,0.388,0.669,0.427,0.652,C,0.553,0.652,0.427,0.47,0.522,0.146,0.11,0.004,0.287,0.07,0.034,0.0,0.0,0.096,0.0,0.029,0.224,0.651,puan,873,0,3,12,12,0,13.7,64.8
c37_47,29.00991,41.04601,0.708,0.265,0.89,0.511,0.766,C,0.701,0.766,0.649,0.511,0.614,0.181,0.001,0.012,0.079,0.055,0.0,0.0,0.0,0.126,0.0,0.062,0.484,0.328,puan,1217,0,2,11,11,0,9.0,78.1
c38_40,29.01586,41.01458,0.547,0.495,0.59,0.476,0.587,B,0.551,0.587,0.506,0.476,0.508,0.354,0.001,0.005,0.067,0.045,0.0,0.326,0.0,0.119,0.0,0.081,0.003,0.797,puan,0,0,1,0,0,0,,65.7
c38_41,29.01586,41.01907,0.381,0.35,0.433,0.319,0.444,B,0.385,0.444,0.319,0.328,0.362,0.175,0.002,0.014,0.127,0.078,0.004,0.398,0.0,0.13,0.0,0.067,0.006,0.798,puan,492,0,2,0,0,0,0.0,39.9
c38_42,29.01586,41.02356,0.522,0.477,0.563,0.444,0.599,B,0.509,0.599,0.444,0.45,0.498,0.26,0.0,0.004,0.234,0.033,0.0,0.266,0.0,0.127,0.0,0.05,0.026,0.797,puan,1818,0,3,13,13,0,7.2,62.4
c38_43,29.01586,41.02805,0.584,0.47,0.666,0.5,0.629,B,0.59,0.629,0.54,0.5,0.519,0.328,0.0,0.024,0.084,0.018,0.0,0.252,0.0,0.12,0.0,0.117,0.056,0.707,puan,1149,0,3,9,9,0,7.8,69.3
c38_47,29.01586,41.04601,0.889,0.748,0.907,0.843,0.903,A,0.892,0.903,0.875,0.843,0.877,0.683,0.003,0.012,0.035,0.043,0.008,0.019,0.0,0.044,0.0,0.013,0.139,0.803,puan,436,0,1,1,1,0,2.3,87.5
c39_40,29.02181,41.01458,0.619,0.569,0.65,0.539,0.661,B,0.62,0.661,0.577,0.539,0.588,0.413,0.005,0.008,0.097,0.035,0.013,0.238,0.0,0.121,0.0,0.055,0.016,0.808,puan,1291,0,2,16,15,1,12.4,72.5
c39_41,29.02181,41.01907,0.41,0.378,0.455,0.343,0.476,B,0.421,0.476,0.343,0.348,0.392,0.184,0.037,0.01,0.133,0.06,0.0,0.369,0.0,0.141,0.0,0.053,0.014,0.793,puan,1053,0,2,0,0,0,0.0,45.7
c39_42,29.02181,41.02356,0.325,0.29,0.397,0.266,0.383,B,0.334,0.383,0.266,0.276,0.303,0.133,0.001,0.018,0.087,0.074,0.0,0.458,0.0,0.136,0.0,0.092,0.001,0.771,puan,386,0,2,0,0,0,0.0,26.4
c39_43,29.02181,41.02805,0.547,0.486,0.598,0.472,0.588,B,0.552,0.588,0.507,0.472,0.5,0.344,0.001,0.009,0.067,0.069,0.0,0.289,0.0,0.124,0.0,0.098,0.0,0.778,puan,739,0,2,0,0,0,0.0,65.7
c39_44,29.02181,41.03254,0.78,0.728,0.794,0.703,0.798,A,0.791,0.798,0.762,0.703,0.751,0.612,0.0,0.041,0.024,0.018,0.0,0.153,0.0,0.093,0.0,0.038,0.021,0.848,puan,577,0,2,0,0,0,0.0,82.3
c39_47,29.02181,41.04601,0.592,0.494,0.66,0.546,0.638,A,0.634,0.638,0.546,0.551,0.587,0.347,0.102,0.036,0.05,0.158,0.0,0.092,0.0,0.059,0.0,0.009,0.147,0.785,puan,575,0,2,2,1,1,3.5,70.1
c32_48,28.98016,41.0505,0.374,0.341,0.428,0.309,0.438,B,0.385,0.438,0.309,0.319,0.352,0.156,0.001,0.047,0.127,0.062,0.0,0.396,0.0,0.134,0.0,0.076,0.0,0.79,puan,0,0,1,0,0,0,,38.1
c32_49,28.98016,41.05499,0.467,0.368,0.581,0.371,0.564,B,0.457,0.564,0.371,0.389,0.443,0.145,0.002,0.034,0.258,0.047,0.003,0.191,0.0,0.138,0.0,0.053,0.131,0.679,puan,0,0,1,0,0,0,,55.3
c32_50,28.98016,41.05948,0.55,0.302,0.753,0.424,0.676,C,0.528,0.676,0.424,0.438,0.536,0.107,0.02,0.012,0.271,0.049,0.0,0.023,0.0,0.123,0.0,0.016,0.379,0.482,puan,1083,0,2,5,5,0,4.6,66.1
c32_51,28.98016,41.06397,0.402,0.33,0.51,0.316,0.489,B,0.386,0.489,0.316,0.339,0.386,0.131,0.0,0.006,0.243,0.057,0.078,0.197,0.0,0.132,0.0,0.045,0.111,0.712,puan,1064,0,3,3,3,0,2.8,44.1
c32_52,28.98016,41.06846,0.641,0.452,0.747,0.468,0.678,C,0.64,0.678,0.604,0.468,0.625,0.306,0.0,0.003,0.061,0.128,0.022,0.039,0.0,0.206,0.0,0.019,0.216,0.559,puan,4570,0,7,14,10,4,3.1,73.8
c32_53,28.98016,41.07295,0.381,0.355,0.425,0.307,0.456,B,0.377,0.456,0.307,0.31,0.373,0.149,0.003,0.001,0.174,0.065,0.003,0.372,0.0,0.176,0.0,0.024,0.034,0.766,puan,360,0,1,2,2,0,5.6,39.9
c32_54,28.98016,41.07744,0.345,0.303,0.425,0.288,0.396,B,0.353,0.396,0.294,0.288,0.336,0.159,0.0,0.003,0.06,0.021,0.002,0.492,0.0,0.147,0.014,0.032,0.07,0.738,puan,0,0,1,0,0,0,,31.1
c32_55,28.98016,41.08193,0.44,0.379,0.517,0.329,0.551,C,0.418,0.551,0.329,0.375,0.428,0.118,0.0,0.015,0.344,0.079,0.0,0.194,0.0,0.131,0.0,0.029,0.092,0.749,puan,201,0,1,0,0,0,0.0,51.3
c33_48,28.98611,41.0505,0.469,0.338,0.617,0.365,0.572,C,0.446,0.572,0.365,0.37,0.408,0.124,0.002,0.01,0.271,0.057,0.046,0.093,0.0,0.162,0.0,0.129,0.105,0.604,puan,1126,0,2,2,0,2,1.8,55.6
c33_49,28.98611,41.05499,0.647,0.448,0.755,0.527,0.73,C,0.625,0.73,0.564,0.527,0.627,0.263,0.0,0.001,0.218,0.046,0.0,0.071,0.0,0.137,0.0,0.023,0.241,0.599,puan,1005,0,2,4,0,4,4.0,74.0
c33_50,28.98611,41.05948,0.513,0.298,0.717,0.392,0.624,C,0.486,0.624,0.402,0.392,0.488,0.114,0.0,0.007,0.24,0.075,0.0,0.058,0.0,0.152,0.0,0.034,0.32,0.493,puan,1259,0,3,6,6,0,4.8,61.1
c33_51,28.98611,41.06397,0.48,0.296,0.679,0.38,0.523,B,0.469,0.523,0.437,0.38,0.47,0.198,0.0,0.0,0.096,0.067,0.169,0.0,0.0,0.14,0.0,0.015,0.314,0.531,puan,1888,0,4,14,14,0,7.4,56.9
c33_52,28.98611,41.06846,0.46,0.4,0.531,0.341,0.543,C,0.459,0.543,0.378,0.341,0.456,0.163,0.026,0.006,0.189,0.09,0.005,0.186,0.0,0.234,0.0,0.009,0.091,0.666,puan,3986,0,7,21,21,0,5.3,54.4
c33_53,28.98611,41.07295,0.372,0.34,0.426,0.294,0.422,B,0.38,0.422,0.321,0.294,0.351,0.179,0.002,0.005,0.062,0.067,0.0,0.421,0.0,0.194,0.0,0.067,0.002,0.736,puan,0,0,1,0,0,0,,37.6
c33_54,28.98611,41.07744,0.358,0.312,0.44,0.277,0.405,B,0.368,0.405,0.311,0.277,0.332,0.166,0.0,0.004,0.042,0.037,0.0,0.447,0.0,0.202,0.0,0.088,0.014,0.696,puan,0,0,1,0,0,0,,34.2
c33_55,28.98611,41.08193,0.418,0.262,0.636,0.307,0.483,B,0.428,0.483,0.354,0.307,0.336,0.121,0.001,0.031,0.089,0.071,0.0,0.19,0.0,0.182,0.015,0.197,0.103,0.503,puan,0,0,1,0,0,0,,47.3
c34_48,28.99206,41.0505,0.487,0.471,0.504,0.382,0.592,C,0.461,0.592,0.382,0.422,0.479,0.189,0.0,0.005,0.381,0.038,0.033,0.197,0.0,0.13,0.0,0.019,0.009,0.842,puan,0,0,1,0,0,0,,57.7
c34_49,28.99206,41.05499,0.44,0.387,0.506,0.337,0.543,C,0.424,0.543,0.337,0.37,0.414,0.132,0.003,0.023,0.311,0.069,0.0,0.221,0.0,0.141,0.0,0.068,0.034,0.756,puan,0,0,1,0,0,0,,51.3
c34_50,28.99206,41.05948,0.546,0.294,0.755,0.429,0.659,C,0.524,0.659,0.432,0.429,0.53,0.117,0.0,0.025,0.238,0.067,0.001,0.023,0.0,0.127,0.0,0.019,0.383,0.471,puan,0,0,1,0,0,0,,65.6
c34_51,28.99206,41.06397,0.809,0.697,0.836,0.726,0.876,B,0.787,0.876,0.742,0.726,0.808,0.503,0.0,0.003,0.257,0.023,0.0,0.0,0.0,0.089,0.0,0.002,0.124,0.785,puan,1585,0,3,16,6,10,10.1,83.7
c34_52,28.99206,41.06846,0.409,0.379,0.453,0.327,0.492,B,0.402,0.492,0.327,0.327,0.405,0.15,0.001,0.011,0.212,0.094,0.001,0.282,0.0,0.189,0.0,0.012,0.049,0.751,puan,2879,0,6,11,7,4,3.8,45.5
c34_53,28.99206,41.07295,0.32,0.279,0.406,0.259,0.37,B,0.328,0.37,0.269,0.259,0.298,0.139,0.0,0.006,0.059,0.053,0.028,0.442,0.0,0.169,0.0,0.093,0.012,0.726,puan,0,0,1,0,0,0,,25.6
c34_54,28.99206,41.07744,0.412,0.274,0.608,0.303,0.468,B,0.415,0.468,0.355,0.303,0.316,0.143,0.001,0.007,0.074,0.049,0.004,0.26,0.0,0.192,0.0,0.267,0.003,0.537,puan,0,0,1,0,0,0,,46.3
c34_55,28.99206,41.08193,0.399,0.227,0.657,0.282,0.469,C,0.399,0.469,0.329,0.293,0.282,0.103,0.002,0.01,0.097,0.067,0.001,0.194,0.0,0.171,0.0,0.353,0.003,0.473,puan,0,0,1,0,0,0,,43.7
c35_48,28.99801,41.0505,0.368,0.284,0.512,0.276,0.46,B,0.368,0.46,0.276,0.316,0.336,0.08,0.003,0.051,0.224,0.043,0.016,0.267,0.0,0.113,0.0,0.102,0.1,0.684,puan,0,0,1,0,0,0,,36.5
c35_49,28.99801,41.05499,0.434,0.327,0.574,0.338,0.53,B,0.419,0.53,0.338,0.36,0.423,0.124,0.002,0.01,0.24,0.051,0.003,0.22,0.0,0.135,0.0,0.024,0.19,0.651,puan,0,0,1,0,0,0,,50.2
c35_50,28.99801,41.05948,0.528,0.224,0.799,0.456,0.588,C,0.536,0.588,0.467,0.456,0.457,0.139,0.004,0.038,0.09,0.071,0.05,0.005,0.0,0.062,0.005,0.085,0.452,0.397,puan,0,0,1,0,0,0,,63.3
c35_51,28.99801,41.06397,0.547,0.316,0.738,0.423,0.671,C,0.511,0.671,0.423,0.485,0.522,0.125,0.001,0.007,0.311,0.081,0.012,0.0,0.0,0.069,0.001,0.033,0.36,0.537,puan,87,0,1,2,2,0,23.0,65.7
c35_52,28.99801,41.06846,0.421,0.403,0.444,0.327,0.514,B,0.406,0.514,0.327,0.337,0.413,0.142,0.0,0.011,0.272,0.081,0.001,0.268,0.0,0.193,0.0,0.02,0.013,0.774,puan,1458,0,4,7,7,0,4.8,48.0
c35_53,28.99801,41.07295,0.368,0.346,0.407,0.299,0.434,B,0.372,0.434,0.302,0.299,0.354,0.152,0.003,0.016,0.133,0.092,0.002,0.374,0.0,0.178,0.0,0.049,0.001,0.772,puan,0,0,1,0,0,0,,36.5
c35_54,28.99801,41.07744,0.411,0.282,0.595,0.311,0.481,B,0.412,0.481,0.341,0.311,0.333,0.128,0.004,0.017,0.119,0.091,0.006,0.2,0.0,0.18,0.0,0.21,0.046,0.564,puan,0,0,1,0,0,0,,46.0
c35_55,28.99801,41.08193,0.432,0.291,0.617,0.312,0.494,B,0.437,0.494,0.37,0.312,0.332,0.143,0.004,0.016,0.089,0.056,0.0,0.226,0.0,0.206,0.0,0.257,0.001,0.535,puan,0,0,1,0,0,0,,49.8
c36_48,29.00396,41.0505,0.671,0.413,0.798,0.542,0.731,B,0.678,0.731,0.611,0.542,0.64,0.265,0.001,0.054,0.124,0.066,0.002,0.023,0.0,0.128,0.004,0.033,0.302,0.534,puan,0,0,1,0,0,0,,75.8
c36_49,29.00396,41.05499,0.685,0.253,0.884,0.474,0.747,C,0.697,0.747,0.623,0.474,0.611,0.157,0.0,0.043,0.077,0.039,0.0,0.0,0.0,0.141,0.0,0.049,0.494,0.317,puan,0,0,1,0,0,0,,76.6
c36_50,29.00396,41.05948,0.672,0.238,0.884,0.442,0.749,C,0.657,0.749,0.596,0.442,0.58,0.142,0.001,0.006,0.1,0.048,0.001,0.0,0.0,0.156,0.0,0.06,0.484,0.299,puan,0,0,1,0,0,0,,76.0
c36_51,29.00396,41.06397,0.496,0.218,0.779,0.372,0.589,C,0.475,0.589,0.403,0.372,0.473,0.101,0.0,0.002,0.148,0.069,0.014,0.05,0.0,0.127,0.0,0.025,0.464,0.383,puan,0,0,1,0,0,0,,58.9
c36_52,29.00396,41.06846,0.389,0.368,0.422,0.291,0.486,B,0.374,0.486,0.291,0.308,0.388,0.108,0.002,0.009,0.28,0.109,0.02,0.229,0.0,0.199,0.0,0.0,0.043,0.758,puan,2917,0,5,8,8,0,2.7,41.5
c36_53,29.00396,41.07295,0.778,0.74,0.789,0.71,0.799,A,0.778,0.799,0.757,0.71,0.766,0.632,0.0,0.003,0.049,0.058,0.025,0.104,0.0,0.084,0.0,0.016,0.028,0.872,puan,0,0,1,0,0,0,,82.2
c36_54,29.00396,41.07744,0.419,0.288,0.6,0.32,0.494,B,0.416,0.494,0.345,0.32,0.329,0.128,0.001,0.014,0.139,0.07,0.013,0.2,0.0,0.174,0.003,0.249,0.008,0.566,puan,0,0,1,0,0,0,,47.7
c36_55,29.00396,41.08193,0.453,0.329,0.602,0.344,0.528,B,0.469,0.528,0.378,0.344,0.365,0.138,0.006,0.071,0.142,0.06,0.002,0.171,0.0,0.186,0.001,0.217,0.005,0.591,puan,0,0,1,0,0,0,,53.7
c37_48,29.00991,41.0505,0.724,0.484,0.815,0.61,0.788,B,0.788,0.777,0.67,0.61,0.704,0.318,0.158,0.011,0.054,0.053,0.0,0.0,0.0,0.111,0.0,0.02,0.275,0.594,puan,1936,0,3,14,13,1,7.2,78.9
c37_49,29.00991,41.05499,0.439,0.319,0.593,0.358,0.478,B,0.475,0.478,0.4,0.358,0.431,0.193,0.09,0.005,0.04,0.066,0.174,0.052,0.0,0.141,0.005,0.017,0.217,0.62,puan,2464,0,4,14,6,8,5.7,51.1
c37_50,29.00991,41.05948,0.469,0.242,0.726,0.355,0.554,C,0.447,0.554,0.384,0.355,0.457,0.111,0.001,0.003,0.166,0.065,0.086,0.003,0.0,0.14,0.018,0.016,0.392,0.435,puan,1288,0,2,12,12,0,9.3,55.6
c37_51,29.00991,41.06397,0.437,0.295,0.62,0.329,0.495,B,0.435,0.495,0.379,0.329,0.426,0.159,0.0,0.009,0.102,0.056,0.056,0.171,0.0,0.181,0.0,0.021,0.245,0.553,puan,3340,0,6,26,23,3,7.8,50.7
c37_52,29.00991,41.06846,0.407,0.368,0.464,0.31,0.504,B,0.398,0.504,0.31,0.327,0.406,0.113,0.001,0.033,0.273,0.115,0.01,0.194,0.0,0.182,0.0,0.004,0.074,0.74,puan,3115,0,6,27,9,18,8.7,45.2
c37_53,29.00991,41.07295,0.806,0.746,0.82,0.764,0.82,A,0.818,0.82,0.791,0.764,0.801,0.667,0.0,0.045,0.013,0.069,0.0,0.088,0.0,0.048,0.0,0.006,0.064,0.881,puan,0,0,1,0,0,0,,83.4
c37_54,29.00991,41.07744,0.555,0.507,0.594,0.425,0.685,C,0.516,0.685,0.425,0.491,0.531,0.185,0.0,0.007,0.497,0.075,0.009,0.038,0.0,0.107,0.004,0.049,0.029,0.811,puan,315,0,2,3,3,0,9.5,66.6
c37_55,29.00991,41.08193,0.565,0.422,0.675,0.449,0.66,C,0.559,0.66,0.469,0.449,0.557,0.188,0.0,0.064,0.254,0.117,0.002,0.002,0.0,0.161,0.0,0.011,0.201,0.627,puan,2246,0,5,0,0,0,0.0,67.6
c38_48,29.01586,41.0505,0.799,0.748,0.812,0.782,0.801,A,0.799,0.801,0.797,0.782,0.789,0.728,0.0,0.001,0.009,0.004,0.175,0.0,0.0,0.02,0.0,0.014,0.048,0.917,puan,0,0,1,0,0,0,,83.2
c38_49,29.01586,41.05499,0.664,0.462,0.767,0.574,0.681,B,0.671,0.681,0.648,0.574,0.629,0.386,0.0,0.013,0.014,0.034,0.076,0.101,0.0,0.098,0.004,0.043,0.23,0.624,puan,282,0,1,0,0,0,0.0,75.4
c38_50,29.01586,41.05948,0.615,0.391,0.755,0.485,0.643,B,0.623,0.643,0.587,0.485,0.578,0.29,0.0,0.012,0.021,0.042,0.011,0.161,0.0,0.143,0.012,0.044,0.263,0.538,puan,1408,0,4,0,0,0,0.0,72.2
c38_51,29.01586,41.06397,0.493,0.26,0.733,0.38,0.529,C,0.482,0.529,0.457,0.38,0.477,0.182,0.0,0.003,0.08,0.002,0.182,0.006,0.0,0.135,0.002,0.02,0.387,0.455,puan,2059,0,4,2,0,2,1.0,58.5
c38_52,29.01586,41.06846,0.57,0.336,0.747,0.412,0.697,C,0.534,0.697,0.443,0.412,0.564,0.112,0.003,0.01,0.278,0.031,0.019,0.005,0.0,0.175,0.049,0.006,0.312,0.457,puan,3274,0,5,13,6,7,4.0,68.2
c38_53,29.01586,41.07295,0.614,0.341,0.785,0.464,0.669,C,0.604,0.669,0.558,0.464,0.586,0.222,0.0,0.008,0.11,0.05,0.055,0.027,0.0,0.152,0.0,0.029,0.348,0.472,puan,2352,0,4,10,10,0,4.3,72.0
c38_54,29.01586,41.07744,0.697,0.319,0.861,0.516,0.761,C,0.685,0.761,0.633,0.516,0.651,0.21,0.001,0.006,0.107,0.058,0.003,0.01,0.0,0.138,0.0,0.034,0.433,0.394,puan,1084,0,2,7,4,3,6.5,77.5
c38_55,29.01586,41.08193,0.381,0.283,0.541,0.305,0.428,B,0.389,0.428,0.334,0.305,0.36,0.164,0.0,0.004,0.044,0.093,0.004,0.317,0.0,0.156,0.0,0.056,0.161,0.626,puan,0,0,1,0,0,0,,39.9
c39_48,29.02181,41.0505,0.492,0.444,0.542,0.421,0.543,B,0.495,0.543,0.442,0.421,0.467,0.281,0.002,0.016,0.107,0.091,0.031,0.252,0.0,0.133,0.0,0.058,0.028,0.781,puan,0,0,1,0,0,0,,58.4
c39_49,29.02181,41.05499,0.529,0.365,0.676,0.412,0.579,B,0.535,0.579,0.48,0.412,0.495,0.228,0.002,0.017,0.075,0.048,0.0,0.206,0.0,0.165,0.0,0.053,0.206,0.576,puan,807,0,1,0,0,0,0.0,63.5
c39_50,29.02181,41.05948,0.675,0.251,0.879,0.525,0.713,C,0.687,0.713,0.637,0.525,0.604,0.181,0.0,0.024,0.035,0.027,0.0,0.056,0.0,0.093,0.039,0.048,0.497,0.322,puan,302,0,2,0,0,0,0.0,76.1
c39_51,29.02181,41.06397,0.428,0.145,0.807,0.34,0.47,C,0.448,0.47,0.386,0.34,0.358,0.083,0.0,0.017,0.013,0.129,0.0,0.028,0.0,0.07,0.128,0.082,0.449,0.271,puan,0,0,1,0,0,0,,49.2
c39_52,29.02181,41.06846,0.551,0.16,0.87,0.375,0.606,C,0.559,0.606,0.497,0.375,0.484,0.093,0.0,0.015,0.038,0.072,0.0,0.015,0.0,0.11,0.086,0.044,0.527,0.234,puan,0,0,1,0,0,0,,66.3
c39_53,29.02181,41.07295,0.54,0.218,0.814,0.408,0.608,C,0.54,0.608,0.471,0.408,0.478,0.126,0.0,0.021,0.086,0.05,0.0,0.074,0.0,0.115,0.002,0.062,0.465,0.356,puan,13,0,1,0,0,0,,64.8
c39_54,29.02181,41.07744,0.507,0.203,0.803,0.358,0.576,C,0.504,0.576,0.438,0.358,0.465,0.111,0.0,0.015,0.087,0.109,0.021,0.0,0.0,0.143,0.0,0.043,0.472,0.343,puan,1180,0,3,13,13,0,11.0,60.3
c39_55,29.02181,41.08193,0.334,0.178,0.646,0.269,0.388,C,0.36,0.388,0.28,0.269,0.31,0.08,0.0,0.054,0.047,0.124,0.022,0.145,0.0,0.114,0.0,0.062,0.353,0.472,puan,0,0,1,0,0,0,,28.5
c32_56,28.98016,41.08642,0.586,0.426,0.699,0.464,0.671,C,0.569,0.671,0.5,0.464,0.579,0.224,0.0,0.014,0.219,0.099,0.0,0.055,0.0,0.161,0.0,0.009,0.219,0.611,puan,2287,0,4,15,15,0,6.6,69.4
c32_57,28.98016,41.09091,0.447,0.301,0.628,0.363,0.492,B,0.457,0.492,0.402,0.363,0.436,0.189,0.001,0.016,0.047,0.091,0.012,0.221,0.0,0.134,0.01,0.02,0.26,0.577,puan,713,0,3,3,3,0,4.2,52.7
c32_58,28.98016,41.0954,0.699,0.406,0.825,0.552,0.736,C,0.713,0.736,0.662,0.552,0.645,0.275,0.015,0.019,0.045,0.057,0.0,0.054,0.0,0.125,0.074,0.048,0.287,0.466,puan,1187,0,4,9,9,0,7.6,77.6
c32_59,28.98016,41.09989,0.514,0.31,0.707,0.37,0.567,B,0.547,0.567,0.46,0.37,0.49,0.143,0.048,0.007,0.038,0.063,0.0,0.106,0.0,0.158,0.168,0.026,0.241,0.406,puan,2731,0,6,8,8,0,2.9,61.2
c32_60,28.98016,41.10438,0.147,0.129,0.253,0.127,0.167,A,0.153,0.167,0.127,0.139,0.147,0.077,0.0,0.016,0.027,0.022,0.505,0.181,0.0,0.051,0.002,0.009,0.109,0.829,puan,446,0,3,0,0,0,0.0,10.4
c32_61,28.98016,41.10887,0.01,0.009,0.161,0.01,0.012,A,0.01,0.01,0.01,0.01,0.012,0.008,0.0,0.0,0.0,0.001,0.824,0.003,0.0,0.013,0.0,0.01,0.14,0.836,puan,0,0,1,0,0,0,,6.2
c32_62,28.98016,41.11336,0.707,0.1,0.959,0.344,0.775,C,0.699,0.775,0.639,0.344,0.511,0.021,0.0,0.002,0.012,0.0,0.0,0.005,0.0,0.042,0.676,0.02,0.222,0.04,kanıt yetersiz,816,0,2,0,0,0,0.0,
c32_63,28.98016,41.11785,1.0,0.114,1.0,0.384,1.0,C,1.0,1.0,1.0,0.384,0.725,0.021,0.0,0.0,0.0,0.0,0.0,0.0,0.0,0.033,0.785,0.009,0.152,0.021,kanıt yetersiz,0,0,1,0,0,0,,
c33_56,28.98611,41.08642,0.529,0.352,0.686,0.384,0.58,B,0.545,0.58,0.477,0.384,0.426,0.2,0.001,0.051,0.073,0.085,0.003,0.12,0.0,0.2,0.0,0.182,0.085,0.533,puan,24,0,1,0,0,0,,63.5
c33_57,28.98611,41.09091,0.524,0.376,0.658,0.388,0.564,B,0.53,0.564,0.483,0.388,0.475,0.182,0.0,0.013,0.041,0.143,0.025,0.034,0.0,0.153,0.235,0.061,0.111,0.439,puan,917,0,2,6,6,0,6.5,62.8
c33_58,28.98611,41.0954,0.614,0.442,0.723,0.517,0.659,B,0.628,0.659,0.57,0.517,0.555,0.272,0.0,0.05,0.072,0.068,0.007,0.096,0.0,0.106,0.108,0.078,0.143,0.565,puan,216,0,2,0,0,0,0.0,72.0
c33_59,28.98611,41.09989,0.393,0.298,0.539,0.3,0.432,B,0.399,0.432,0.354,0.3,0.352,0.176,0.0,0.009,0.046,0.059,0.09,0.224,0.0,0.186,0.018,0.109,0.082,0.604,puan,2678,0,6,3,1,2,1.1,42.3
c33_60,28.98611,41.10438,0.529,0.341,0.696,0.422,0.574,B,0.529,0.574,0.484,0.422,0.519,0.228,0.0,0.012,0.078,0.019,0.063,0.155,0.0,0.141,0.0,0.014,0.291,0.554,puan,2299,0,4,8,8,0,3.5,63.5
c33_61,28.98611,41.10887,0.28,0.219,0.437,0.235,0.325,B,0.281,0.325,0.235,0.251,0.279,0.11,0.0,0.044,0.129,0.007,0.354,0.073,0.0,0.083,0.0,0.003,0.198,0.717,puan,1575,0,5,5,5,0,3.2,19.8
c33_62,28.98611,41.11336,0.24,0.21,0.335,0.182,0.299,B,0.251,0.299,0.182,0.195,0.237,0.039,0.0,0.006,0.037,0.066,0.001,0.281,0.0,0.1,0.408,0.013,0.048,0.43,puan,1343,0,2,0,0,0,0.0,15.4
c33_63,28.98611,41.11785,0.808,0.096,0.977,0.243,0.819,C,0.812,0.819,0.797,0.243,0.551,0.012,0.0,0.0,0.0,0.003,0.0,0.0,0.0,0.035,0.839,0.009,0.102,0.015,kanıt yetersiz,0,0,1,0,0,0,,
c34_56,28.99206,41.08642,0.538,0.345,0.703,0.376,0.582,C,0.544,0.582,0.493,0.376,0.395,0.211,0.001,0.011,0.051,0.029,0.0,0.198,0.0,0.217,0.0,0.267,0.013,0.503,puan,0,0,1,0,0,0,,64.5
c34_57,28.99206,41.09091,0.432,0.228,0.701,0.287,0.498,C,0.432,0.498,0.365,0.288,0.287,0.108,0.002,0.008,0.081,0.063,0.0,0.153,0.0,0.207,0.01,0.37,0.0,0.413,puan,0,0,1,0,0,0,,49.8
c34_58,28.99206,41.0954,0.473,0.285,0.682,0.33,0.521,B,0.483,0.521,0.425,0.33,0.345,0.161,0.001,0.019,0.051,0.032,0.007,0.2,0.0,0.204,0.016,0.275,0.035,0.47,puan,0,0,1,0,0,0,,56.1
c34_59,28.99206,41.09989,0.38,0.28,0.543,0.291,0.425,B,0.38,0.425,0.334,0.291,0.35,0.155,0.004,0.016,0.095,0.06,0.193,0.076,0.0,0.182,0.003,0.08,0.134,0.601,puan,2297,0,5,2,0,2,0.9,39.6
c34_60,28.99206,41.10438,0.696,0.393,0.828,0.556,0.776,C,0.776,0.731,0.661,0.556,0.665,0.247,0.0,0.214,0.034,0.0,0.0,0.0,0.0,0.125,0.0,0.028,0.352,0.495,puan,2442,0,3,6,5,1,2.5,77.4
c34_61,28.99206,41.10887,0.446,0.163,0.798,0.341,0.533,C,0.427,0.533,0.359,0.341,0.429,0.066,0.0,0.008,0.114,0.054,0.056,0.0,0.0,0.092,0.091,0.017,0.501,0.298,puan,1573,0,2,3,3,0,1.9,52.5
c34_62,28.99206,41.11336,0.136,0.029,0.815,0.078,0.154,C,0.142,0.154,0.117,0.078,0.133,0.003,0.0,0.0,0.0,0.011,0.017,0.0,0.0,0.023,0.832,0.009,0.105,0.031,kanıt yetersiz,0,0,1,0,0,0,,
c34_63,28.99206,41.11785,0.293,0.127,0.694,0.234,0.375,C,0.375,0.339,0.247,0.234,0.292,0.011,0.0,0.045,0.0,0.067,0.0,0.0,0.0,0.031,0.686,0.001,0.159,0.123,puan,0,0,1,0,0,0,,21.1
c35_56,28.99801,41.08642,0.616,0.445,0.723,0.48,0.651,B,0.621,0.651,0.581,0.48,0.48,0.315,0.003,0.007,0.043,0.043,0.001,0.187,0.0,0.17,0.0,0.23,0.001,0.599,puan,0,0,1,0,0,0,,72.2
c35_57,28.99801,41.09091,0.512,0.363,0.654,0.39,0.591,C,0.506,0.591,0.434,0.39,0.4,0.18,0.007,0.011,0.166,0.1,0.0,0.116,0.0,0.182,0.0,0.237,0.0,0.58,puan,0,0,1,0,0,0,,61.0
c35_58,28.99801,41.0954,0.477,0.274,0.7,0.323,0.541,C,0.475,0.541,0.414,0.323,0.329,0.141,0.003,0.007,0.09,0.06,0.011,0.138,0.0,0.216,0.0,0.328,0.006,0.45,puan,0,0,1,0,0,0,,56.5
c35_59,28.99801,41.09989,0.512,0.335,0.681,0.363,0.583,C,0.516,0.583,0.441,0.363,0.457,0.163,0.0,0.039,0.129,0.089,0.006,0.089,0.0,0.212,0.0,0.087,0.186,0.516,puan,2283,0,5,1,0,1,0.4,61.0
c35_60,28.99801,41.10438,0.343,0.203,0.612,0.256,0.429,C,0.33,0.429,0.256,0.291,0.339,0.058,0.001,0.036,0.21,0.045,0.184,0.0,0.0,0.096,0.0,0.009,0.361,0.534,puan,458,0,1,0,0,0,0.0,30.6
c35_61,28.99801,41.10887,0.384,0.101,0.839,0.262,0.426,C,0.38,0.426,0.342,0.262,0.367,0.064,0.0,0.003,0.035,0.054,0.077,0.0,0.0,0.109,0.0,0.017,0.641,0.233,puan,793,0,2,0,0,0,0.0,40.5
c35_62,28.99801,41.11336,0.538,0.259,0.777,0.43,0.571,C,0.544,0.571,0.505,0.43,0.5,0.187,0.0,0.025,0.047,0.039,0.1,0.025,0.0,0.106,0.016,0.043,0.412,0.423,puan,733,0,2,2,2,0,2.7,64.5
c35_63,28.99801,41.11785,0.764,0.206,0.937,0.437,0.81,C,0.761,0.81,0.718,0.437,0.516,0.133,0.0,0.007,0.039,0.028,0.0,0.0,0.0,0.156,0.07,0.133,0.434,0.208,puan,0,0,1,0,0,0,,81.5
c36_56,29.00396,41.08642,0.493,0.382,0.607,0.37,0.599,C,0.473,0.599,0.387,0.37,0.413,0.135,0.001,0.02,0.278,0.068,0.007,0.108,0.0,0.205,0.0,0.171,0.009,0.616,puan,553,0,2,5,2,3,9.0,58.5
c36_57,29.00396,41.09091,0.36,0.312,0.445,0.271,0.448,B,0.343,0.448,0.271,0.299,0.336,0.098,0.001,0.015,0.274,0.139,0.154,0.057,0.0,0.149,0.0,0.083,0.029,0.738,puan,1887,0,2,4,3,1,2.1,34.8
c36_58,29.00396,41.0954,0.518,0.493,0.541,0.4,0.635,C,0.494,0.635,0.4,0.451,0.506,0.175,0.0,0.046,0.442,0.137,0.022,0.012,0.0,0.123,0.0,0.026,0.017,0.834,puan,1628,0,2,9,0,9,5.5,61.8
c36_59,29.00396,41.09989,0.368,0.319,0.453,0.288,0.449,B,0.348,0.449,0.288,0.291,0.36,0.116,0.001,0.008,0.251,0.099,0.211,0.018,0.0,0.187,0.0,0.024,0.085,0.704,puan,3517,0,5,0,0,0,0.0,36.5
c36_60,29.00396,41.10438,0.017,0.016,0.047,0.01,0.023,A,0.016,0.023,0.01,0.017,0.017,0.0,0.0,0.004,0.026,0.011,0.922,0.0,0.0,0.005,0.0,0.006,0.025,0.964,puan,0,0,1,0,0,0,,6.6
c36_61,29.00396,41.10887,0.023,0.022,0.073,0.023,0.024,A,0.023,0.024,0.023,0.023,0.024,0.021,0.0,0.0,0.0,0.004,0.895,0.0,0.0,0.03,0.0,0.001,0.049,0.921,puan,969,0,2,2,2,0,2.1,6.8
c36_62,29.00396,41.11336,0.003,0.003,0.009,0.002,0.003,A,0.003,0.003,0.002,0.003,0.003,0.002,0.0,0.0,0.001,0.0,0.984,0.003,0.0,0.002,0.0,0.0,0.007,0.991,puan,0,0,1,0,0,0,,5.4
c36_63,29.00396,41.11785,0.247,0.131,0.6,0.197,0.272,C,0.258,0.272,0.222,0.197,0.234,0.081,0.025,0.001,0.031,0.031,0.276,0.023,0.0,0.118,0.0,0.054,0.359,0.469,puan,0,0,1,0,0,0,,16.1
c37_56,29.00991,41.08642,0.427,0.39,0.477,0.352,0.482,B,0.436,0.482,0.372,0.352,0.418,0.213,0.0,0.032,0.101,0.075,0.01,0.333,0.0,0.163,0.0,0.023,0.049,0.764,puan,1710,0,3,6,2,4,3.5,49.1
c37_57,29.00991,41.09091,0.176,0.174,0.188,0.158,0.194,A,0.181,0.194,0.158,0.163,0.176,0.118,0.0,0.006,0.017,0.026,0.513,0.236,0.0,0.072,0.0,0.01,0.003,0.915,puan,0,0,1,0,0,0,,11.4
c37_58,29.00991,41.0954,0.714,0.687,0.724,0.702,0.715,A,0.715,0.714,0.713,0.702,0.714,0.673,0.0,0.008,0.0,0.0,0.266,0.0,0.0,0.016,0.0,0.0,0.037,0.947,puan,22,0,1,0,0,0,,78.3
c37_59,29.00991,41.09989,0.263,0.24,0.329,0.23,0.263,A,0.263,0.263,0.263,0.23,0.263,0.212,0.0,0.0,0.0,0.0,0.592,0.0,0.0,0.119,0.0,0.0,0.078,0.803,puan,2809,0,3,0,0,0,0.0,17.8
c37_60,29.00991,41.10438,0.023,0.022,0.033,0.022,0.023,A,0.023,0.023,0.023,0.022,0.023,0.021,0.0,0.0,0.0,0.0,0.927,0.0,0.0,0.041,0.0,0.0,0.01,0.949,puan,1065,0,2,0,0,0,0.0,6.8
c37_61,29.00991,41.10887,0.086,0.078,0.172,0.067,0.105,A,0.085,0.105,0.067,0.083,0.086,0.032,0.015,0.0,0.069,0.017,0.743,0.0,0.0,0.033,0.0,0.006,0.085,0.876,puan,1681,0,2,2,2,0,1.2,8.9
c37_62,29.00991,41.11336,0.067,0.061,0.148,0.055,0.078,A,0.069,0.078,0.055,0.064,0.067,0.033,0.0,0.0,0.013,0.013,0.679,0.135,0.0,0.043,0.0,0.002,0.082,0.874,puan,0,0,1,0,0,0,,8.4
c37_63,29.00991,41.11785,0.15,0.136,0.232,0.112,0.188,A,0.151,0.188,0.112,0.137,0.15,0.046,0.0,0.0,0.073,0.011,0.374,0.33,0.0,0.077,0.0,0.011,0.078,0.834,puan,0,0,1,0,0,0,,10.5
c38_56,29.01586,41.08642,0.498,0.433,0.564,0.41,0.535,B,0.511,0.535,0.462,0.41,0.481,0.292,0.0,0.022,0.033,0.046,0.0,0.339,0.0,0.158,0.0,0.036,0.075,0.732,puan,1146,0,3,0,0,0,0.0,59.2
c38_57,29.01586,41.09091,0.343,0.338,0.353,0.296,0.391,A,0.356,0.391,0.296,0.302,0.342,0.191,0.0,0.019,0.048,0.148,0.0,0.463,0.0,0.118,0.0,0.006,0.007,0.869,puan,188,0,1,0,0,0,0.0,30.6
c38_58,29.01586,41.0954,0.214,0.154,0.434,0.187,0.23,B,0.222,0.23,0.198,0.187,0.212,0.108,0.0,0.02,0.015,0.031,0.379,0.101,0.0,0.092,0.0,0.013,0.242,0.653,puan,729,0,1,0,0,0,0.0,13.7
c38_59,29.01586,41.09989,0.015,0.015,0.019,0.012,0.021,A,0.021,0.018,0.012,0.015,0.015,0.004,0.023,0.0,0.0,0.002,0.967,0.0,0.0,0.0,0.0,0.0,0.004,0.996,puan,0,0,1,0,0,0,,6.5
c38_60,29.01586,41.10438,0.241,0.239,0.247,0.194,0.331,B,0.331,0.287,0.194,0.237,0.241,0.056,0.348,0.006,0.0,0.109,0.457,0.0,0.0,0.016,0.0,0.0,0.008,0.975,puan,533,0,2,0,0,0,0.0,15.5
c38_61,29.01586,41.10887,0.32,0.203,0.569,0.264,0.363,B,0.363,0.361,0.279,0.264,0.319,0.103,0.101,0.001,0.037,0.047,0.238,0.032,0.0,0.118,0.0,0.003,0.321,0.559,puan,3208,0,4,4,4,0,1.2,25.6
c38_62,29.01586,41.11336,0.201,0.164,0.347,0.139,0.262,B,0.207,0.262,0.139,0.185,0.2,0.033,0.0,0.014,0.102,0.194,0.102,0.318,0.0,0.066,0.0,0.004,0.166,0.763,puan,0,0,1,0,0,0,,13.0
c38_63,29.01586,41.11785,0.146,0.119,0.301,0.099,0.192,A,0.142,0.192,0.099,0.14,0.145,0.023,0.0,0.0,0.111,0.23,0.363,0.064,0.0,0.032,0.0,0.008,0.168,0.791,puan,0,0,1,0,0,0,,10.3
c39_56,29.02181,41.08642,0.328,0.217,0.556,0.261,0.396,B,0.36,0.396,0.261,0.279,0.312,0.07,0.0,0.099,0.093,0.06,0.005,0.264,0.0,0.106,0.0,0.053,0.249,0.592,puan,0,0,1,0,0,0,,27.4
c39_57,29.02181,41.09091,0.325,0.265,0.448,0.271,0.353,A,0.339,0.353,0.297,0.271,0.317,0.171,0.0,0.033,0.02,0.071,0.197,0.212,0.0,0.138,0.0,0.027,0.13,0.705,puan,1264,0,3,0,0,0,0.0,26.4
c39_58,29.02181,41.0954,0.093,0.081,0.205,0.084,0.093,A,0.093,0.093,0.093,0.084,0.093,0.074,0.0,0.0,0.0,0.0,0.725,0.0,0.0,0.088,0.0,0.001,0.112,0.799,puan,1148,0,2,0,0,0,0.0,9.2
c39_59,29.02181,41.09989,0.253,0.236,0.304,0.2,0.361,B,0.361,0.305,0.2,0.253,0.253,0.035,0.404,0.012,0.007,0.028,0.447,0.0,0.0,0.0,0.0,0.001,0.067,0.932,puan,0,0,1,0,0,0,,16.5
c39_60,29.02181,41.10438,0.54,0.54,0.54,0.458,0.691,C,0.691,0.622,0.458,0.54,0.54,0.219,0.602,0.014,0.035,0.13,0.0,0.0,0.0,0.0,0.0,0.0,0.0,1.0,puan,0,0,1,0,0,0,,64.8
c39_61,29.02181,41.10887,0.514,0.344,0.675,0.437,0.619,B,0.619,0.588,0.44,0.437,0.512,0.145,0.237,0.029,0.05,0.123,0.013,0.0,0.0,0.107,0.0,0.003,0.292,0.598,puan,2197,0,5,4,1,3,1.8,61.2
c39_62,29.02181,41.11336,0.356,0.238,0.57,0.247,0.465,C,0.335,0.465,0.247,0.324,0.355,0.052,0.0,0.0,0.266,0.31,0.0,0.0,0.0,0.062,0.0,0.002,0.309,0.627,puan,493,0,1,0,0,0,0.0,33.7
c39_63,29.02181,41.11785,0.26,0.253,0.28,0.18,0.341,B,0.263,0.341,0.18,0.249,0.26,0.044,0.0,0.042,0.223,0.555,0.061,0.0,0.0,0.04,0.01,0.004,0.021,0.925,puan,1221,0,2,9,2,7,7.4,17.4
c32_64,28.98016,41.12234,1.0,0.826,1.0,0.892,1.0,B,1.0,1.0,1.0,0.892,0.998,0.167,0.0,0.0,0.0,0.0,0.0,0.0,0.0,0.02,0.778,0.0,0.035,0.167,puan,0,0,1,0,0,0,,94.5
c32_65,28.98016,41.12683,0.964,0.389,0.985,0.877,0.964,C,0.964,0.964,0.964,0.877,0.917,0.298,0.0,0.0,0.0,0.0,0.011,0.0,0.0,0.03,0.203,0.018,0.439,0.309,puan,0,0,1,0,0,0,,90.4
c32_66,28.98016,41.13132,1.0,0.015,1.0,0.076,1.0,C,1.0,1.0,1.0,0.076,0.926,0.004,0.0,0.0,0.0,0.0,0.0,0.0,0.0,0.043,0.717,0.0,0.235,0.004,kanıt yetersiz,0,0,1,0,0,0,,
c32_67,28.98016,41.13581,,,,,,C,,,,0.0,,0.0,0.0,0.0,0.0,0.0,0.0,0.0,0.0,0.014,0.986,0.0,0.0,0.0,kanıt yetersiz,0,0,1,0,0,0,,
c32_68,28.98016,41.1403,,,,,,C,,,,0.0,,0.0,0.0,0.0,0.0,0.0,0.0,0.0,0.0,0.018,0.982,0.0,0.0,0.0,kanıt yetersiz,0,0,1,0,0,0,,
c32_69,28.98016,41.14479,1.0,1.0,1.0,0.952,1.0,A,1.0,1.0,1.0,0.952,1.0,0.178,0.0,0.0,0.0,0.0,0.0,0.0,0.0,0.009,0.813,0.0,0.0,0.178,puan,0,0,1,0,0,0,,94.5
c32_70,28.98016,41.14928,1.0,1.0,1.0,0.865,1.0,B,1.0,1.0,1.0,0.865,1.0,0.178,0.0,0.0,0.0,0.0,0.0,0.0,0.0,0.028,0.795,0.0,0.0,0.178,puan,0,0,1,0,0,0,,94.5
c32_71,28.98016,41.15377,1.0,1.0,1.0,0.588,1.0,C,1.0,1.0,1.0,0.588,1.0,0.007,0.0,0.0,0.0,0.0,0.0,0.0,0.0,0.005,0.988,0.0,0.0,0.007,kanıt yetersiz,0,0,1,0,0,0,,
c33_64,28.98611,41.12234,0.966,0.696,0.975,0.835,0.968,B,0.967,0.968,0.964,0.835,0.92,0.153,0.0,0.0,0.0,0.006,0.0,0.0,0.0,0.025,0.755,0.009,0.052,0.159,puan,0,0,1,0,0,0,,90.5
c33_65,28.98611,41.12683,0.948,0.691,0.962,0.904,0.948,B,0.948,0.948,0.948,0.904,0.948,0.543,0.0,0.0,0.0,0.0,0.03,0.0,0.0,0.027,0.187,0.0,0.213,0.573,puan,0,0,1,0,0,0,,89.8
c33_66,28.98611,41.13132,1.0,0.004,1.0,0.031,1.0,C,1.0,1.0,1.0,0.031,1.0,0.001,0.0,0.0,0.0,0.0,0.0,0.0,0.0,0.017,0.834,0.0,0.149,0.001,kanıt yetersiz,0,0,1,0,0,0,,
c33_67,28.98611,41.13581,,0.0,1.0,,,C,,,,0.0,0.125,0.0,0.0,0.0,0.0,0.0,0.0,0.0,0.0,0.017,0.983,0.0,0.0,0.0,kanıt yetersiz,0,0,1,0,0,0,,
c33_68,28.98611,41.1403,,,,,,C,,,,0.0,,0.0,0.0,0.0,0.0,0.0,0.0,0.0,0.0,0.013,0.987,0.0,0.0,0.0,kanıt yetersiz,0,0,1,0,0,0,,
c33_69,28.98611,41.14479,1.0,0.091,1.0,0.252,1.0,C,1.0,1.0,1.0,0.252,1.0,0.009,0.0,0.0,0.0,0.0,0.0,0.0,0.0,0.027,0.876,0.0,0.089,0.009,kanıt yetersiz,0,0,1,0,0,0,,
c33_70,28.98611,41.14928,1.0,0.748,1.0,0.369,1.0,C,1.0,1.0,1.0,0.369,1.0,0.016,0.0,0.0,0.0,0.0,0.0,0.0,0.0,0.027,0.951,0.0,0.005,0.016,kanıt yetersiz,0,0,1,0,0,0,,
c33_71,28.98611,41.15377,1.0,1.0,1.0,0.577,1.0,C,1.0,1.0,1.0,0.577,1.0,0.026,0.0,0.0,0.0,0.0,0.0,0.0,0.0,0.019,0.956,0.0,0.0,0.026,kanıt yetersiz,0,0,1,0,0,0,,
c34_64,28.99206,41.12234,1.0,0.869,1.0,0.978,1.0,A,1.0,1.0,1.0,0.978,0.993,0.695,0.0,0.0,0.0,0.0,0.0,0.0,0.0,0.016,0.184,0.006,0.099,0.695,puan,0,0,1,0,0,0,,94.5
c34_65,28.99206,41.12683,1.0,0.923,1.0,0.773,1.0,C,1.0,1.0,1.0,0.773,0.999,0.122,0.0,0.0,0.0,0.0,0.0,0.0,0.0,0.036,0.833,0.0,0.01,0.122,puan,0,0,1,0,0,0,,94.5
c34_66,28.99206,41.13132,,,,,,C,,,,0.0,,0.0,0.0,0.0,0.0,0.0,0.0,0.0,0.0,0.007,0.993,0.0,0.0,0.0,kanıt yetersiz,0,0,1,0,0,0,,
c34_67,28.99206,41.13581,,,,,,C,,,,0.0,,0.0,0.0,0.0,0.0,0.0,0.0,0.0,0.0,0.015,0.985,0.0,0.0,0.0,kanıt yetersiz,0,0,1,0,0,0,,
c34_68,28.99206,41.1403,1.0,1.0,1.0,0.217,1.0,C,1.0,1.0,1.0,0.217,1.0,0.008,0.0,0.0,0.0,0.0,0.0,0.0,0.0,0.027,0.965,0.0,0.0,0.008,kanıt yetersiz,0,0,1,0,0,0,,
c34_69,28.99206,41.14479,1.0,0.007,1.0,0.101,1.0,C,1.0,1.0,1.0,0.101,1.0,0.001,0.0,0.0,0.0,0.0,0.0,0.0,0.0,0.009,0.851,0.0,0.139,0.001,kanıt yetersiz,0,0,1,0,0,0,,
c34_70,28.99206,41.14928,1.0,0.082,1.0,0.337,1.0,C,1.0,1.0,1.0,0.337,0.995,0.019,0.0,0.0,0.0,0.0,0.0,0.0,0.0,0.037,0.735,0.0,0.209,0.019,kanıt yetersiz,0,0,1,0,0,0,,
c34_71,28.99206,41.15377,1.0,0.933,1.0,0.878,1.0,B,1.0,1.0,1.0,0.878,1.0,0.103,0.0,0.0,0.0,0.0,0.0,0.0,0.0,0.014,0.875,0.0,0.007,0.103,puan,0,0,1,0,0,0,,94.5
c35_64,28.99801,41.12234,0.838,0.391,0.925,0.629,0.865,C,0.837,0.865,0.811,0.629,0.69,0.256,0.001,0.004,0.034,0.039,0.0,0.0,0.0,0.111,0.172,0.087,0.295,0.334,puan,0,0,1,0,0,0,,85.2
c35_65,28.99801,41.12683,0.819,0.817,0.819,0.543,0.83,C,0.822,0.83,0.807,0.543,0.817,0.042,0.0,0.0,0.0,0.011,0.0,0.0,0.0,0.027,0.92,0.0,0.0,0.053,kanıt yetersiz,0,0,1,0,0,0,,
c35_66,28.99801,41.13132,1.0,1.0,1.0,0.023,1.0,C,1.0,1.0,1.0,0.023,1.0,0.001,0.0,0.0,0.0,0.0,0.0,0.0,0.0,0.034,0.965,0.0,0.0,0.001,kanıt yetersiz,0,0,1,0,0,0,,
c35_67,28.99801,41.13581,,,,,,C,,,,0.0,,0.0,0.0,0.0,0.0,0.0,0.0,0.0,0.0,0.031,0.969,0.0,0.0,0.0,kanıt yetersiz,0,0,1,0,0,0,,
c35_68,28.99801,41.1403,1.0,1.0,1.0,0.129,1.0,C,1.0,1.0,1.0,0.129,1.0,0.004,0.0,0.0,0.0,0.0,0.0,0.0,0.0,0.025,0.972,0.0,0.0,0.004,kanıt yetersiz,0,0,1,0,0,0,,
c35_69,28.99801,41.14479,1.0,1.0,1.0,0.247,1.0,C,1.0,1.0,1.0,0.247,1.0,0.009,0.0,0.0,0.0,0.0,0.0,0.0,0.0,0.027,0.964,0.0,0.0,0.009,kanıt yetersiz,0,0,1,0,0,0,,
c35_70,28.99801,41.14928,1.0,0.733,1.0,0.098,1.0,C,1.0,1.0,1.0,0.098,1.0,0.002,0.0,0.0,0.0,0.0,0.0,0.0,0.0,0.02,0.976,0.0,0.001,0.002,kanıt yetersiz,0,0,1,0,0,0,,
c35_71,28.99801,41.15377,1.0,0.079,1.0,0.282,1.0,C,1.0,1.0,1.0,0.282,1.0,0.009,0.0,0.0,0.0,0.0,0.0,0.0,0.0,0.023,0.863,0.0,0.105,0.009,kanıt yetersiz,0,0,1,0,0,0,,
c36_64,29.00396,41.12234,0.507,0.188,0.818,0.365,0.565,C,0.506,0.565,0.449,0.365,0.443,0.094,0.002,0.002,0.045,0.103,0.002,0.014,0.0,0.102,0.192,0.053,0.392,0.262,puan,0,0,1,0,0,0,,60.3
c36_65,29.00396,41.12683,1.0,0.196,1.0,0.091,1.0,C,1.0,1.0,1.0,0.091,0.97,0.002,0.0,0.0,0.0,0.0,0.0,0.0,0.0,0.025,0.963,0.0,0.01,0.002,kanıt yetersiz,0,0,1,0,0,0,,
c36_66,29.00396,41.13132,,,,,,C,,,,0.0,,0.0,0.0,0.0,0.0,0.0,0.0,0.0,0.0,0.019,0.981,0.0,0.0,0.0,kanıt yetersiz,0,0,1,0,0,0,,
c36_67,29.00396,41.13581,0.341,0.056,0.892,0.178,0.378,C,0.354,0.378,0.303,0.178,0.304,0.007,0.0,0.0,0.0,0.022,0.0,0.0,0.0,0.026,0.8,0.006,0.139,0.029,kanıt yetersiz,0,0,1,0,0,0,,
c36_68,29.00396,41.1403,0.98,0.11,0.998,0.306,0.984,C,0.979,0.984,0.976,0.306,0.954,0.01,0.0,0.0,0.0,0.0,0.0,0.0,0.0,0.022,0.89,0.0,0.078,0.01,kanıt yetersiz,0,0,1,0,0,0,,
c36_69,29.00396,41.14479,1.0,0.212,1.0,0.329,1.0,C,1.0,1.0,1.0,0.329,1.0,0.009,0.0,0.0,0.0,0.0,0.0,0.0,0.0,0.018,0.941,0.0,0.032,0.009,kanıt yetersiz,0,0,1,0,0,0,,
c36_70,29.00396,41.14928,1.0,0.376,1.0,0.488,1.0,C,1.0,1.0,1.0,0.488,1.0,0.023,0.0,0.0,0.0,0.0,0.0,0.0,0.0,0.024,0.916,0.0,0.038,0.023,kanıt yetersiz,0,0,1,0,0,0,,
c36_71,29.00396,41.15377,1.0,0.059,1.0,0.242,1.0,C,1.0,1.0,1.0,0.242,1.0,0.01,0.0,0.0,0.0,0.0,0.0,0.0,0.0,0.033,0.791,0.0,0.166,0.01,kanıt yetersiz,0,0,1,0,0,0,,
c37_64,29.00991,41.12234,0.409,0.039,0.944,0.27,0.475,C,0.406,0.475,0.344,0.27,0.395,0.022,0.0,0.0,0.017,0.009,0.0,0.043,0.0,0.047,0.0,0.005,0.858,0.091,kanıt yetersiz,0,0,1,0,0,0,,
c37_65,29.00991,41.12683,0.587,0.026,0.982,0.24,0.622,C,0.594,0.622,0.552,0.24,0.386,0.015,0.0,0.001,0.002,0.012,0.0,0.0,0.0,0.043,0.276,0.023,0.628,0.03,kanıt yetersiz,0,0,1,0,0,0,,
c37_66,29.00991,41.13132,1.0,0.05,1.0,0.257,1.0,C,1.0,1.0,1.0,0.257,0.546,0.012,0.0,0.0,0.0,0.0,0.0,0.0,0.0,0.034,0.734,0.012,0.208,0.012,kanıt yetersiz,0,0,1,0,0,0,,
c37_67,29.00991,41.13581,0.537,0.152,0.869,0.217,0.564,C,0.547,0.564,0.511,0.217,0.506,0.005,0.0,0.0,0.0,0.006,0.0,0.0,0.0,0.016,0.946,0.001,0.027,0.011,kanıt yetersiz,0,0,1,0,0,0,,
c37_68,29.00991,41.1403,,,,,,C,,,,0.0,,0.0,0.0,0.0,0.0,0.0,0.0,0.0,0.0,0.009,0.991,0.0,0.0,0.0,kanıt yetersiz,0,0,1,0,0,0,,
c37_69,29.00991,41.14479,1.0,0.157,1.0,0.118,1.0,C,1.0,1.0,1.0,0.118,1.0,0.004,0.0,0.0,0.0,0.0,0.0,0.0,0.0,0.027,0.95,0.0,0.02,0.004,kanıt yetersiz,0,0,1,0,0,0,,
c37_70,29.00991,41.14928,1.0,0.391,1.0,0.886,1.0,C,1.0,1.0,1.0,0.886,1.0,0.28,0.0,0.0,0.0,0.0,0.0,0.0,0.0,0.036,0.247,0.0,0.437,0.28,puan,0,0,1,0,0,0,,94.5
c37_71,29.00991,41.15377,1.0,0.007,1.0,0.375,1.0,C,1.0,1.0,1.0,0.375,1.0,0.007,0.0,0.0,0.0,0.0,0.0,0.0,0.0,0.011,0.072,0.0,0.91,0.007,kanıt yetersiz,0,0,1,0,0,0,,
c38_64,29.01586,41.12234,0.0,0.0,0.98,0.0,0.0,C,0.0,0.0,0.0,0.0,0.0,0.0,0.0,0.0,0.0,0.0,0.02,0.0,0.0,0.014,0.0,0.0,0.966,0.02,kanıt yetersiz,0,0,1,0,0,0,,
c38_65,29.01586,41.12683,,0.0,1.0,,,C,,,,0.0,0.125,0.0,0.0,0.0,0.0,0.0,0.0,0.0,0.0,0.024,0.0,0.001,0.975,0.0,kanıt yetersiz,0,0,1,0,0,0,,
c38_66,29.01586,41.13132,1.0,0.007,1.0,0.183,1.0,C,1.0,1.0,1.0,0.183,1.0,0.003,0.0,0.0,0.0,0.0,0.0,0.0,0.0,0.012,0.61,0.0,0.376,0.003,kanıt yetersiz,0,0,1,0,0,0,,
c38_67,29.01586,41.13581,,0.0,1.0,,,C,,,,0.0,0.125,0.0,0.0,0.0,0.0,0.0,0.0,0.0,0.0,0.021,0.979,0.0,0.0,0.0,kanıt yetersiz,0,0,1,0,0,0,,
c38_68,29.01586,41.1403,,0.0,1.0,,,C,,,,0.0,,0.0,0.0,0.0,0.0,0.0,0.0,0.0,0.0,0.019,0.976,0.0,0.005,0.0,kanıt yetersiz,0,0,1,0,0,0,,
c38_69,29.01586,41.14479,0.82,0.182,0.96,0.217,0.876,C,0.876,0.834,0.805,0.217,0.786,0.008,0.0,0.003,0.0,0.0,0.0,0.0,0.0,0.033,0.915,0.001,0.04,0.012,kanıt yetersiz,0,0,1,0,0,0,,
c38_70,29.01586,41.14928,1.0,0.005,1.0,0.365,1.0,C,1.0,1.0,1.0,0.365,1.0,0.005,0.0,0.0,0.0,0.0,0.0,0.0,0.0,0.009,0.014,0.0,0.972,0.005,kanıt yetersiz,0,0,1,0,0,0,,
c38_71,29.01586,41.15377,,0.0,1.0,,,C,,,,,,0.0,0.0,0.0,0.0,0.0,0.0,0.0,0.0,0.0,0.0,0.0,1.0,0.0,kanıt yetersiz,0,0,1,0,0,0,,
c39_64,29.02181,41.12234,0.573,0.035,0.974,0.257,0.587,C,0.587,0.578,0.567,0.257,0.527,0.028,0.0,0.004,0.0,0.002,0.018,0.0,0.0,0.063,0.106,0.006,0.773,0.051,kanıt yetersiz,996,0,2,0,0,0,0.0,
c39_65,29.02181,41.12683,0.617,0.092,0.943,0.429,0.681,C,0.611,0.681,0.553,0.429,0.608,0.058,0.0,0.005,0.032,0.035,0.0,0.0,0.0,0.057,0.071,0.002,0.74,0.13,puan,998,0,2,5,5,0,5.0,72.4
c39_66,29.02181,41.13132,0.95,0.056,0.997,0.439,0.967,C,0.967,0.955,0.945,0.439,0.859,0.047,0.001,0.003,0.0,0.0,0.0,0.0,0.0,0.06,0.064,0.006,0.818,0.051,kanıt yetersiz,879,0,2,2,2,0,2.3,
c39_67,29.02181,41.13581,0.24,0.012,0.963,0.073,0.311,C,0.237,0.311,0.17,0.073,0.161,0.001,0.0,0.0,0.004,0.012,0.003,0.0,0.0,0.045,0.548,0.044,0.343,0.02,kanıt yetersiz,0,0,1,0,0,0,,
c39_68,29.02181,41.1403,1.0,0.256,1.0,0.416,1.0,C,1.0,1.0,1.0,0.416,0.984,0.015,0.0,0.0,0.0,0.0,0.0,0.0,0.0,0.021,0.919,0.0,0.044,0.015,kanıt yetersiz,0,0,1,0,0,0,,
c39_69,29.02181,41.14479,1.0,0.021,1.0,0.322,1.0,C,1.0,1.0,1.0,0.322,0.991,0.014,0.0,0.0,0.0,0.0,0.0,0.0,0.0,0.029,0.322,0.0,0.636,0.014,kanıt yetersiz,0,0,1,0,0,0,,
c39_70,29.02181,41.14928,,0.0,1.0,,,C,,,,,,0.0,0.0,0.0,0.0,0.0,0.0,0.0,0.0,0.0,0.0,0.0,1.0,0.0,kanıt yetersiz,0,0,1,0,0,0,,
c39_71,29.02181,41.15377,0.497,0.026,0.974,0.345,0.556,C,0.493,0.556,0.438,0.345,0.364,0.018,0.0,0.0,0.009,0.024,0.0,0.0,0.0,0.022,0.0,0.028,0.899,0.051,kanıt yetersiz,24,0,1,0,0,0,,
c32_72,28.98016,41.15826,1.0,1.0,1.0,0.851,1.0,B,1.0,1.0,1.0,0.851,1.0,0.044,0.0,0.0,0.0,0.0,0.0,0.0,0.0,0.008,0.949,0.0,0.0,0.044,kanıt yetersiz,0,0,1,0,0,0,,
c32_73,28.98016,41.16275,1.0,1.0,1.0,0.911,1.0,A,1.0,1.0,1.0,0.911,1.0,0.079,0.0,0.0,0.0,0.0,0.0,0.0,0.0,0.008,0.913,0.0,0.0,0.079,kanıt yetersiz,0,0,1,0,0,0,,
c32_74,28.98016,41.16724,1.0,1.0,1.0,0.818,1.0,B,1.0,1.0,1.0,0.818,1.0,0.079,0.0,0.0,0.0,0.0,0.0,0.0,0.0,0.018,0.904,0.0,0.0,0.079,kanıt yetersiz,0,0,1,0,0,0,,
c32_75,28.98016,41.17173,1.0,0.96,1.0,0.897,1.0,B,1.0,1.0,1.0,0.897,0.965,0.111,0.0,0.0,0.0,0.0,0.0,0.0,0.0,0.013,0.872,0.005,0.0,0.111,puan,0,0,1,0,0,0,,94.5
c32_76,28.98016,41.17622,1.0,1.0,1.0,1.0,1.0,A,1.0,1.0,1.0,1.0,1.0,0.962,0.0,0.0,0.0,0.0,0.0,0.0,0.0,0.0,0.037,0.0,0.0,0.962,puan,0,0,1,0,0,0,,94.5
c32_77,28.98016,41.18071,1.0,1.0,1.0,0.957,1.0,A,1.0,1.0,1.0,0.957,1.0,0.502,0.0,0.0,0.0,0.0,0.0,0.0,0.0,0.022,0.475,0.0,0.0,0.502,puan,0,0,1,0,0,0,,94.5
c32_78,28.98016,41.1852,1.0,1.0,1.0,0.285,1.0,C,1.0,1.0,1.0,0.285,1.0,0.013,0.0,0.0,0.0,0.0,0.0,0.0,0.0,0.032,0.955,0.0,0.0,0.013,kanıt yetersiz,0,0,1,0,0,0,,
c32_79,28.98016,41.18969,1.0,1.0,1.0,0.74,1.0,C,1.0,1.0,1.0,0.74,1.0,0.056,0.0,0.0,0.0,0.0,0.0,0.0,0.0,0.02,0.925,0.0,0.0,0.056,kanıt yetersiz,0,0,1,0,0,0,,
c33_72,28.98611,41.15826,1.0,1.0,1.0,0.4,1.0,C,1.0,1.0,1.0,0.4,1.0,0.009,0.0,0.0,0.0,0.0,0.0,0.0,0.0,0.013,0.979,0.0,0.0,0.009,kanıt yetersiz,0,0,1,0,0,0,,
c33_73,28.98611,41.16275,1.0,1.0,1.0,0.974,1.0,A,1.0,1.0,1.0,0.974,1.0,0.457,0.0,0.0,0.0,0.0,0.0,0.0,0.0,0.012,0.531,0.0,0.0,0.457,puan,0,0,1,0,0,0,,94.5
c33_74,28.98611,41.16724,0.957,0.765,0.965,0.892,0.959,A,0.958,0.959,0.954,0.892,0.952,0.348,0.0,0.0,0.0,0.0,0.0,0.018,0.0,0.027,0.516,0.002,0.089,0.366,puan,0,0,1,0,0,0,,90.2
c33_75,28.98611,41.17173,0.875,0.701,0.9,0.77,0.883,B,0.879,0.883,0.868,0.77,0.846,0.127,0.0,0.001,0.0,0.005,0.0,0.015,0.0,0.02,0.794,0.006,0.031,0.149,puan,0,0,1,0,0,0,,86.7
c33_76,28.98611,41.17622,0.999,0.966,0.999,0.969,0.999,A,0.999,0.999,0.999,0.969,0.995,0.712,0.0,0.001,0.0,0.0,0.0,0.0,0.0,0.022,0.241,0.004,0.021,0.713,puan,0,0,1,0,0,0,,93.8
c33_77,28.98611,41.18071,0.986,0.672,0.99,0.91,0.987,B,0.987,0.986,0.985,0.91,0.946,0.451,0.0,0.002,0.0,0.006,0.0,0.0,0.0,0.038,0.289,0.022,0.192,0.459,puan,0,0,1,0,0,0,,91.8
c33_78,28.98611,41.1852,0.996,0.725,0.997,0.662,0.998,C,0.995,0.998,0.994,0.662,0.971,0.091,0.0,0.0,0.001,0.0,0.0,0.0,0.0,0.046,0.828,0.003,0.032,0.092,kanıt yetersiz,0,0,1,0,0,0,,
c33_79,28.98611,41.18969,1.0,0.993,1.0,0.919,1.0,A,1.0,1.0,1.0,0.919,0.994,0.311,0.0,0.0,0.0,0.0,0.0,0.0,0.0,0.028,0.659,0.002,0.0,0.311,puan,0,0,1,0,0,0,,94.5
c34_72,28.99206,41.15826,0.174,0.171,0.187,0.126,0.222,A,0.197,0.222,0.126,0.161,0.174,0.005,0.0,0.003,0.0,0.016,0.0,0.073,0.0,0.008,0.894,0.001,0.0,0.096,kanıt yetersiz,0,0,1,0,0,0,,
c34_73,28.99206,41.16275,0.611,0.567,0.639,0.584,0.634,A,0.622,0.634,0.589,0.584,0.609,0.251,0.0,0.008,0.0,0.031,0.0,0.166,0.0,0.022,0.488,0.002,0.033,0.455,puan,0,0,1,0,0,0,,71.6
c34_74,28.99206,41.16724,0.437,0.091,0.883,0.324,0.493,C,0.44,0.493,0.382,0.324,0.378,0.054,0.0,0.002,0.025,0.015,0.0,0.087,0.0,0.064,0.058,0.043,0.653,0.183,puan,328,0,2,0,0,0,0.0,50.7
c34_75,28.99206,41.17173,0.494,0.158,0.838,0.395,0.613,C,0.613,0.566,0.421,0.395,0.457,0.061,0.125,0.009,0.01,0.048,0.0,0.024,0.0,0.069,0.061,0.031,0.561,0.278,puan,1304,0,1,4,4,0,3.1,58.7
c34_76,28.99206,41.17622,0.522,0.353,0.676,0.437,0.684,C,0.684,0.606,0.437,0.446,0.484,0.102,0.353,0.016,0.014,0.055,0.0,0.014,0.0,0.094,0.087,0.059,0.206,0.554,puan,823,0,1,7,7,0,8.5,62.4
c34_77,28.99206,41.18071,0.731,0.184,0.932,0.415,0.781,C,0.735,0.781,0.68,0.415,0.538,0.111,0.003,0.011,0.036,0.028,0.0,0.0,0.0,0.144,0.105,0.089,0.473,0.189,puan,0,0,1,0,0,0,,79.5
c34_78,28.99206,41.1852,1.0,0.976,1.0,0.972,1.0,A,1.0,1.0,1.0,0.972,0.999,0.538,0.0,0.0,0.0,0.0,0.0,0.0,0.0,0.015,0.433,0.001,0.013,0.538,puan,0,0,2,0,0,0,,94.5
c34_79,28.99206,41.18969,1.0,1.0,1.0,0.991,1.0,A,1.0,1.0,1.0,0.991,1.0,0.981,0.0,0.0,0.0,0.0,0.0,0.0,0.0,0.009,0.01,0.0,0.0,0.981,puan,0,0,1,0,0,0,,94.5
c35_72,28.99801,41.15826,0.612,0.152,0.903,0.251,0.634,C,0.62,0.634,0.589,0.251,0.612,0.011,0.0,0.0,0.0,0.001,0.0,0.008,0.0,0.029,0.888,0.0,0.062,0.02,kanıt yetersiz,0,0,1,0,0,0,,
c35_73,28.99801,41.16275,1.0,0.022,1.0,0.338,1.0,C,1.0,1.0,1.0,0.338,1.0,0.016,0.0,0.0,0.0,0.0,0.0,0.0,0.0,0.031,0.253,0.0,0.699,0.016,kanıt yetersiz,0,0,1,0,0,0,,
c35_74,28.99801,41.16724,1.0,0.016,1.0,0.242,1.0,C,1.0,1.0,1.0,0.242,0.977,0.015,0.0,0.0,0.0,0.0,0.0,0.0,0.0,0.046,0.0,0.0,0.938,0.015,kanıt yetersiz,583,0,2,0,0,0,0.0,
c35_75,28.99801,41.17173,1.0,0.0,1.0,0.02,1.0,C,1.0,1.0,1.0,0.02,0.25,0.0,0.0,0.0,0.0,0.0,0.0,0.0,0.0,0.013,0.256,0.002,0.729,0.0,kanıt yetersiz,0,0,1,0,0,0,,
c35_76,28.99801,41.17622,0.353,0.094,0.829,0.211,0.404,C,0.368,0.404,0.303,0.211,0.294,0.009,0.0,0.002,0.003,0.003,0.0,0.025,0.0,0.028,0.813,0.015,0.102,0.042,kanıt yetersiz,0,0,1,0,0,0,,
c35_77,28.99801,41.18071,0.616,0.176,0.89,0.431,0.644,C,0.626,0.644,0.588,0.431,0.507,0.07,0.0,0.003,0.004,0.028,0.0,0.024,0.0,0.055,0.492,0.037,0.286,0.129,puan,0,0,1,0,0,0,,72.2
c35_78,28.99801,41.1852,0.997,0.911,0.997,0.909,0.998,A,0.997,0.998,0.996,0.909,0.982,0.367,0.0,0.0,0.001,0.0,0.0,0.0,0.0,0.036,0.561,0.006,0.029,0.368,puan,0,0,1,0,0,0,,93.4
c35_79,28.99801,41.18969,1.0,1.0,1.0,0.948,1.0,A,1.0,1.0,1.0,0.948,1.0,0.28,0.0,0.0,0.0,0.0,0.0,0.0,0.0,0.015,0.704,0.0,0.0,0.28,puan,0,0,1,0,0,0,,94.5
c36_72,29.00396,41.15826,1.0,0.016,1.0,0.304,1.0,C,1.0,1.0,1.0,0.304,1.0,0.013,0.0,0.0,0.0,0.0,0.0,0.0,0.0,0.029,0.198,0.0,0.761,0.013,kanıt yetersiz,0,0,1,0,0,0,,
c36_73,29.00396,41.16275,,0.0,1.0,,,C,,,,0.0,,0.0,0.0,0.0,0.0,0.0,0.0,0.0,0.0,0.022,0.0,0.0,0.978,0.0,kanıt yetersiz,0,0,1,0,0,0,,
c36_74,29.00396,41.16724,0.896,0.015,0.998,0.266,0.935,C,0.885,0.935,0.857,0.266,0.842,0.012,0.0,0.0,0.003,0.0,0.0,0.0,0.0,0.037,0.062,0.001,0.884,0.016,kanıt yetersiz,515,0,2,0,0,0,0.0,
c36_75,29.00396,41.17173,1.0,0.02,1.0,0.753,1.0,C,1.0,1.0,1.0,1.0,0.753,0.016,0.0,0.0,0.0,0.0,0.0,0.0,0.0,0.0,0.186,0.006,0.791,0.016,kanıt yetersiz,0,0,1,0,0,0,,
c36_76,29.00396,41.17622,1.0,0.213,1.0,0.819,1.0,C,1.0,1.0,1.0,0.819,0.899,0.006,0.0,0.0,0.0,0.0,0.0,0.0,0.0,0.001,0.973,0.001,0.02,0.006,kanıt yetersiz,0,0,1,0,0,0,,
c36_77,29.00396,41.18071,1.0,1.0,1.0,0.617,1.0,C,1.0,1.0,1.0,0.617,1.0,0.007,0.0,0.0,0.0,0.0,0.0,0.0,0.0,0.005,0.988,0.0,0.0,0.007,kanıt yetersiz,0,0,1,0,0,0,,
c36_78,29.00396,41.1852,1.0,1.0,1.0,0.884,1.0,B,1.0,1.0,1.0,0.884,1.0,0.143,0.0,0.0,0.0,0.0,0.0,0.0,0.0,0.019,0.839,0.0,0.0,0.143,puan,0,0,1,0,0,0,,94.5
c36_79,29.00396,41.18969,1.0,0.981,1.0,0.929,1.0,A,1.0,1.0,1.0,0.929,0.983,0.389,0.0,0.0,0.0,0.0,0.0,0.0,0.0,0.03,0.573,0.008,0.0,0.389,puan,0,0,1,0,0,0,,94.5
c37_72,29.00991,41.15826,,0.0,1.0,,,C,,,,0.0,,0.0,0.0,0.0,0.0,0.0,0.0,0.0,0.0,0.013,0.0,0.0,0.987,0.0,kanıt yetersiz,0,0,1,0,0,0,,
c37_73,29.00991,41.16275,0.824,0.014,0.997,0.243,0.891,C,0.801,0.891,0.758,0.243,0.632,0.01,0.0,0.0,0.005,0.0,0.0,0.0,0.0,0.037,0.047,0.006,0.894,0.016,kanıt yetersiz,246,0,2,0,0,0,0.0,
c37_74,29.00991,41.16724,1.0,0.075,1.0,0.36,1.0,C,1.0,1.0,1.0,0.36,0.791,0.011,0.0,0.0,0.0,0.0,0.0,0.0,0.0,0.02,0.831,0.003,0.134,0.011,kanıt yetersiz,320,0,2,0,0,0,0.0,
c37_75,29.00991,41.17173,1.0,0.013,1.0,1.0,1.0,C,1.0,1.0,1.0,1.0,1.0,0.003,0.0,0.0,0.0,0.0,0.0,0.0,0.0,0.0,0.778,0.0,0.219,0.003,kanıt yetersiz,0,0,1,0,0,0,,
c37_76,29.00991,41.17622,,,,,,C,,,,,,0.0,0.0,0.0,0.0,0.0,0.0,0.0,0.0,0.0,1.0,0.0,0.0,0.0,kanıt yetersiz,0,0,1,0,0,0,,
c37_77,29.00991,41.18071,1.0,1.0,1.0,0.613,1.0,C,1.0,1.0,1.0,0.613,1.0,0.008,0.0,0.0,0.0,0.0,0.0,0.0,0.0,0.005,0.987,0.0,0.0,0.008,kanıt yetersiz,0,0,1,0,0,0,,
c37_78,29.00991,41.1852,1.0,1.0,1.0,0.9,1.0,A,1.0,1.0,1.0,0.9,1.0,0.013,0.0,0.0,0.0,0.0,0.0,0.0,0.0,0.001,0.986,0.0,0.0,0.013,kanıt yetersiz,0,0,1,0,0,0,,
c37_79,29.00991,41.18969,1.0,0.997,1.0,0.348,1.0,C,1.0,1.0,1.0,0.348,0.998,0.019,0.0,0.0,0.0,0.0,0.0,0.0,0.0,0.036,0.945,0.0,0.0,0.019,kanıt yetersiz,300,0,1,0,0,0,0.0,
c38_72,29.01586,41.15826,0.827,0.003,0.999,0.216,0.896,C,0.802,0.896,0.758,0.216,0.382,0.002,0.0,0.0,0.001,0.0,0.0,0.0,0.0,0.009,0.0,0.006,0.982,0.003,kanıt yetersiz,21,0,1,0,0,0,,
c38_73,29.01586,41.16275,0.898,0.054,0.994,0.307,0.939,C,0.884,0.939,0.858,0.307,0.726,0.015,0.0,0.0,0.004,0.0,0.0,0.0,0.0,0.037,0.646,0.006,0.292,0.019,kanıt yetersiz,603,0,2,0,0,0,0.0,
c38_74,29.01586,41.16724,,,,,,C,,,,0.0,,0.0,0.0,0.0,0.0,0.0,0.0,0.0,0.0,0.015,0.985,0.0,0.0,0.0,kanıt yetersiz,0,0,1,0,0,0,,
c38_75,29.01586,41.17173,1.0,0.925,1.0,0.232,1.0,C,1.0,1.0,1.0,0.232,0.935,0.002,0.0,0.0,0.0,0.0,0.0,0.0,0.0,0.006,0.991,0.0,0.0,0.002,kanıt yetersiz,0,0,1,0,0,0,,
c38_76,29.01586,41.17622,1.0,1.0,1.0,1.0,1.0,A,1.0,1.0,1.0,1.0,1.0,0.005,0.0,0.0,0.0,0.0,0.0,0.0,0.0,0.0,0.995,0.0,0.0,0.005,kanıt yetersiz,0,0,1,0,0,0,,
c38_77,29.01586,41.18071,1.0,1.0,1.0,0.443,1.0,C,1.0,1.0,1.0,0.443,1.0,0.019,0.0,0.0,0.0,0.0,0.0,0.0,0.0,0.023,0.958,0.0,0.0,0.019,kanıt yetersiz,0,0,1,0,0,0,,
c38_78,29.01586,41.1852,0.975,0.297,0.992,0.345,0.985,C,0.971,0.985,0.965,0.345,0.831,0.012,0.0,0.0,0.001,0.0,0.0,0.0,0.0,0.024,0.934,0.003,0.027,0.013,kanıt yetersiz,0,0,1,0,0,0,,
c38_79,29.01586,41.18969,1.0,1.0,1.0,0.35,1.0,C,1.0,1.0,1.0,0.35,1.0,0.018,0.0,0.0,0.0,0.0,0.0,0.0,0.0,0.033,0.948,0.0,0.0,0.018,kanıt yetersiz,0,0,1,0,0,0,,
c39_72,29.02181,41.15826,0.658,0.164,0.915,0.378,0.719,C,0.65,0.719,0.597,0.384,0.378,0.1,0.0,0.005,0.049,0.046,0.001,0.0,0.0,0.144,0.048,0.223,0.385,0.201,puan,605,0,2,0,0,0,0.0,74.8
c39_73,29.02181,41.16275,0.262,0.058,0.837,0.202,0.304,C,0.277,0.304,0.22,0.212,0.202,0.004,0.0,0.0,0.0,0.022,0.0,0.0,0.0,0.006,0.873,0.021,0.074,0.027,kanıt yetersiz,0,0,1,0,0,0,,
c39_74,29.02181,41.16724,1.0,0.499,1.0,0.415,1.0,C,1.0,1.0,1.0,0.415,0.693,0.009,0.0,0.0,0.0,0.0,0.0,0.0,0.0,0.012,0.97,0.005,0.004,0.009,kanıt yetersiz,0,0,1,0,0,0,,
c39_75,29.02181,41.17173,1.0,1.0,1.0,0.238,1.0,C,1.0,1.0,1.0,0.238,1.0,0.006,0.0,0.0,0.0,0.0,0.0,0.0,0.0,0.018,0.977,0.0,0.0,0.006,kanıt yetersiz,0,0,1,0,0,0,,
c39_76,29.02181,41.17622,0.987,0.979,0.987,0.509,0.992,C,0.985,0.992,0.981,0.509,0.98,0.021,0.0,0.0,0.001,0.0,0.0,0.0,0.0,0.02,0.958,0.0,0.0,0.022,kanıt yetersiz,0,0,1,0,0,0,,
c39_77,29.02181,41.18071,0.998,0.842,0.998,0.562,0.999,C,0.997,0.999,0.997,0.562,0.862,0.017,0.0,0.0,0.0,0.0,0.0,0.0,0.0,0.013,0.967,0.003,0.0,0.017,kanıt yetersiz,0,0,1,0,0,0,,
c39_78,29.02181,41.1852,0.516,0.027,0.975,0.072,0.74,C,0.74,0.618,0.414,0.072,0.516,0.0,0.001,0.0,0.0,0.0,0.0,0.0,0.0,0.005,0.979,0.0,0.015,0.001,kanıt yetersiz,0,0,1,0,0,0,,
c39_79,29.02181,41.18969,1.0,0.974,1.0,0.309,1.0,C,1.0,1.0,1.0,0.309,0.978,0.014,0.0,0.0,0.0,0.0,0.0,0.0,0.0,0.032,0.954,0.0,0.0,0.014,kanıt yetersiz,0,0,1,0,0,0,,
c40_80,29.02776,41.19418,0.315,0.145,0.686,0.248,0.36,C,0.328,0.36,0.271,0.248,0.268,0.037,0.0,0.001,0.005,0.006,0.0,0.132,0.0,0.049,0.555,0.06,0.154,0.181,puan,0,0,1,0,0,0,,24.8
c40_81,29.02776,41.19867,0.421,0.22,0.697,0.356,0.458,C,0.436,0.458,0.385,0.356,0.379,0.145,0.0,0.011,0.008,0.042,0.001,0.241,0.0,0.082,0.06,0.074,0.335,0.449,puan,0,0,1,0,0,0,,48.0
c40_82,29.02776,41.20316,0.4,0.336,0.496,0.359,0.434,A,0.411,0.434,0.365,0.359,0.361,0.241,0.0,0.001,0.008,0.045,0.022,0.45,0.0,0.087,0.0,0.124,0.022,0.767,puan,0,0,1,0,0,0,,43.8
c40_83,29.02776,41.20765,0.418,0.125,0.825,0.322,0.459,C,0.452,0.459,0.377,0.322,0.354,0.075,0.0,0.037,0.009,0.023,0.0,0.124,0.0,0.079,0.026,0.075,0.551,0.268,puan,760,0,2,0,0,0,0.0,47.3
c40_84,29.02776,41.21214,0.462,0.202,0.765,0.37,0.499,C,0.474,0.499,0.426,0.37,0.436,0.131,0.0,0.006,0.011,0.044,0.0,0.164,0.0,0.089,0.097,0.03,0.429,0.356,puan,1202,0,2,0,0,0,0.0,54.5
c40_85,29.02776,41.21663,0.388,0.332,0.475,0.345,0.424,A,0.401,0.424,0.351,0.345,0.379,0.194,0.001,0.006,0.005,0.103,0.0,0.352,0.0,0.081,0.147,0.021,0.09,0.661,puan,0,0,1,0,0,0,,41.2
c40_86,29.02776,41.22112,0.542,0.059,0.95,0.31,0.594,C,0.54,0.594,0.49,0.31,0.445,0.042,0.0,0.0,0.015,0.028,0.0,0.016,0.0,0.076,0.0,0.031,0.792,0.101,puan,0,0,1,0,0,0,,64.9
c40_87,29.02776,41.22561,0.992,0.073,0.999,0.165,0.994,C,0.994,0.993,0.991,0.165,0.638,0.019,0.0,0.0,0.0,0.0,0.0,0.0,0.0,0.095,0.648,0.013,0.225,0.019,kanıt yetersiz,1416,0,1,0,0,0,0.0,
c41_80,29.03371,41.19418,0.322,0.213,0.551,0.241,0.371,B,0.335,0.371,0.273,0.241,0.286,0.037,0.0,0.004,0.011,0.004,0.0,0.136,0.0,0.064,0.646,0.043,0.055,0.192,puan,0,0,1,0,0,0,,26.0
c41_81,29.03371,41.19867,0.41,0.295,0.576,0.345,0.446,B,0.422,0.446,0.375,0.345,0.349,0.155,0.0,0.0,0.005,0.0,0.0,0.321,0.0,0.092,0.238,0.132,0.057,0.482,puan,0,0,1,0,0,0,,45.7
c41_82,29.03371,41.20316,0.663,0.613,0.688,0.622,0.678,A,0.667,0.678,0.648,0.622,0.638,0.465,0.0,0.003,0.01,0.018,0.087,0.161,0.0,0.049,0.145,0.036,0.024,0.745,puan,0,0,1,0,0,0,,75.3
c41_83,29.03371,41.20765,0.518,0.167,0.844,0.407,0.539,C,0.526,0.539,0.498,0.407,0.433,0.13,0.0,0.006,0.006,0.022,0.053,0.065,0.0,0.077,0.049,0.078,0.513,0.282,puan,0,0,1,0,0,0,,61.8
c41_84,29.03371,41.21214,0.305,0.099,0.775,0.243,0.366,C,0.31,0.366,0.243,0.244,0.285,0.045,0.0,0.002,0.038,0.054,0.0,0.162,0.0,0.074,0.0,0.037,0.589,0.3,puan,148,0,1,0,0,0,0.0,22.7
c41_85,29.03371,41.21663,0.466,0.281,0.677,0.363,0.569,C,0.443,0.569,0.363,0.403,0.455,0.112,0.0,0.003,0.229,0.047,0.0,0.151,0.0,0.084,0.018,0.017,0.339,0.542,puan,1287,0,2,4,4,0,3.1,55.2
c41_86,29.03371,41.22112,0.512,0.155,0.852,0.392,0.56,C,0.517,0.56,0.464,0.392,0.459,0.101,0.0,0.006,0.03,0.017,0.0,0.107,0.0,0.081,0.053,0.042,0.562,0.262,puan,815,0,2,9,9,0,11.0,61.0
c41_87,29.03371,41.22561,0.941,0.428,0.973,0.735,0.942,C,0.941,0.942,0.939,0.735,0.904,0.289,0.0,0.0,0.001,0.0,0.011,0.008,0.0,0.086,0.236,0.014,0.355,0.308,puan,436,0,2,0,0,0,0.0,89.5
c42_80,29.03966,41.19418,0.191,0.163,0.307,0.142,0.239,A,0.21,0.239,0.142,0.166,0.185,0.036,0.0,0.009,0.006,0.054,0.0,0.443,0.0,0.082,0.278,0.052,0.04,0.548,puan,0,0,1,0,0,0,,12.3
c42_81,29.03966,41.19867,0.801,0.613,0.848,0.358,0.813,C,0.806,0.813,0.79,0.358,0.795,0.009,0.0,0.0,0.0,0.0,0.0,0.003,0.0,0.015,0.969,0.0,0.004,0.012,kanıt yetersiz,0,0,1,0,0,0,,
c42_82,29.03966,41.20316,0.578,0.511,0.626,0.474,0.649,B,0.566,0.649,0.506,0.474,0.565,0.092,0.0,0.003,0.064,0.029,0.0,0.044,0.0,0.051,0.688,0.007,0.023,0.232,puan,0,0,1,0,0,0,,68.7
c42_83,29.03966,41.20765,0.452,0.37,0.552,0.382,0.489,B,0.461,0.489,0.415,0.382,0.435,0.205,0.0,0.008,0.026,0.095,0.025,0.216,0.0,0.105,0.191,0.031,0.097,0.576,puan,0,0,1,0,0,0,,53.5
c42_84,29.03966,41.21214,0.309,0.244,0.454,0.264,0.354,B,0.322,0.354,0.264,0.265,0.305,0.122,0.0,0.005,0.02,0.104,0.001,0.377,0.0,0.105,0.1,0.013,0.154,0.629,puan,0,0,1,0,0,0,,23.3
c42_85,29.03966,41.21663,0.439,0.354,0.547,0.386,0.471,A,0.453,0.471,0.406,0.386,0.414,0.235,0.0,0.008,0.001,0.055,0.0,0.364,0.0,0.092,0.086,0.056,0.102,0.663,puan,0,0,1,0,0,0,,51.1
c42_86,29.03966,41.22112,0.261,0.143,0.596,0.218,0.305,C,0.28,0.305,0.218,0.219,0.231,0.068,0.0,0.011,0.003,0.008,0.0,0.374,0.0,0.089,0.064,0.131,0.252,0.463,puan,0,0,1,0,0,0,,17.5
c42_87,29.03966,41.22561,0.455,0.11,0.868,0.225,0.487,C,0.473,0.487,0.423,0.225,0.407,0.034,0.0,0.003,0.0,0.0,0.0,0.055,0.0,0.094,0.529,0.016,0.27,0.092,kanıt yetersiz,465,0,2,0,0,0,0.0,
c43_80,29.04561,41.19418,0.255,0.171,0.498,0.208,0.301,B,0.274,0.301,0.208,0.214,0.238,0.046,0.004,0.006,0.006,0.021,0.0,0.266,0.0,0.067,0.415,0.051,0.118,0.349,puan,0,0,1,0,0,0,,16.8
c43_81,29.04561,41.19867,0.184,0.13,0.42,0.136,0.231,B,0.21,0.231,0.136,0.159,0.183,0.003,0.0,0.003,0.0,0.0,0.0,0.051,0.0,0.009,0.91,0.001,0.023,0.057,kanıt yetersiz,0,0,1,0,0,0,,
c43_82,29.04561,41.20316,0.462,0.46,0.464,0.406,0.494,A,0.479,0.494,0.43,0.406,0.461,0.253,0.0,0.022,0.004,0.134,0.002,0.262,0.0,0.094,0.227,0.001,0.002,0.676,puan,0,0,1,0,0,0,,54.5
c43_83,29.04561,41.20765,0.544,0.52,0.563,0.468,0.57,B,0.553,0.57,0.517,0.468,0.532,0.184,0.0,0.001,0.001,0.08,0.0,0.12,0.0,0.063,0.535,0.011,0.006,0.385,puan,0,0,1,0,0,0,,65.3
c43_84,29.04561,41.21214,0.966,0.595,0.979,0.528,0.968,C,0.967,0.968,0.964,0.528,0.891,0.025,0.0,0.0,0.0,0.001,0.0,0.0,0.0,0.021,0.937,0.003,0.014,0.026,kanıt yetersiz,0,0,1,0,0,0,,
c43_85,29.04561,41.21663,0.396,0.327,0.502,0.26,0.432,B,0.423,0.432,0.361,0.26,0.349,0.011,0.0,0.003,0.0,0.0,0.0,0.025,0.0,0.021,0.931,0.008,0.0,0.04,kanıt yetersiz,0,0,1,0,0,0,,
c43_86,29.04561,41.22112,0.225,0.172,0.41,0.166,0.248,B,0.236,0.248,0.202,0.166,0.214,0.01,0.0,0.001,0.0,0.001,0.022,0.025,0.0,0.021,0.901,0.008,0.011,0.059,kanıt yetersiz,0,0,1,0,0,0,,
c43_87,29.04561,41.22561,0.045,0.012,0.739,0.013,0.045,C,0.045,0.045,0.045,0.013,0.045,0.001,0.0,0.0,0.0,0.0,0.023,0.0,0.0,0.063,0.847,0.0,0.065,0.025,kanıt yetersiz,998,0,3,0,0,0,0.0,
c44_80,29.05156,41.19418,0.323,0.178,0.627,0.258,0.387,C,0.352,0.387,0.258,0.266,0.302,0.067,0.042,0.01,0.052,0.045,0.0,0.265,0.0,0.103,0.022,0.056,0.337,0.482,puan,0,0,1,0,0,0,,26.0
c44_81,29.05156,41.19867,0.401,0.15,0.775,0.285,0.44,C,0.417,0.44,0.362,0.285,0.357,0.023,0.0,0.003,0.003,0.009,0.003,0.039,0.0,0.032,0.755,0.015,0.118,0.08,kanıt yetersiz,0,0,1,0,0,0,,
c44_82,29.05156,41.20316,0.362,0.351,0.382,0.323,0.402,A,0.376,0.402,0.323,0.323,0.359,0.025,0.0,0.001,0.002,0.01,0.0,0.056,0.0,0.011,0.891,0.002,0.001,0.094,kanıt yetersiz,0,0,1,0,0,0,,
c44_83,29.05156,41.20765,0.815,0.386,0.912,0.123,0.815,C,0.815,0.815,0.815,0.123,0.452,0.001,0.0,0.0,0.0,0.0,0.0,0.0,0.0,0.005,0.993,0.001,0.0,0.001,kanıt yetersiz,0,0,1,0,0,0,,
c44_84,29.05156,41.21214,,,,,,C,,,,0.0,,0.0,0.0,0.0,0.0,0.0,0.0,0.0,0.0,0.006,0.994,0.0,0.0,0.0,kanıt yetersiz,0,0,1,0,0,0,,
c44_85,29.05156,41.21663,,,,,,C,,,,0.0,,0.0,0.0,0.0,0.0,0.0,0.0,0.0,0.0,0.002,0.998,0.0,0.0,0.0,kanıt yetersiz,0,0,1,0,0,0,,
c44_86,29.05156,41.22112,1.0,1.0,1.0,0.385,1.0,C,1.0,1.0,1.0,0.385,1.0,0.006,0.0,0.0,0.0,0.0,0.0,0.0,0.0,0.01,0.985,0.0,0.0,0.006,kanıt yetersiz,0,0,1,0,0,0,,
c44_87,29.05156,41.22561,1.0,0.257,1.0,0.156,1.0,C,1.0,1.0,1.0,0.156,0.974,0.015,0.0,0.0,0.0,0.0,0.0,0.0,0.0,0.08,0.862,0.0,0.042,0.015,kanıt yetersiz,1013,0,3,0,0,0,0.0,
c45_80,29.05751,41.19418,0.309,0.203,0.546,0.225,0.36,B,0.318,0.36,0.258,0.225,0.277,0.026,0.0,0.0,0.009,0.01,0.0,0.095,0.0,0.053,0.734,0.03,0.043,0.14,puan,0,0,1,0,0,0,,23.3
c45_81,29.05751,41.19867,0.295,0.124,0.704,0.232,0.345,C,0.315,0.345,0.246,0.232,0.247,0.01,0.0,0.003,0.003,0.001,0.0,0.043,0.0,0.016,0.841,0.024,0.059,0.06,kanıt yetersiz,0,0,1,0,0,0,,
c45_82,29.05751,41.20316,,,,,,C,,,,0.0,,0.0,0.0,0.0,0.0,0.0,0.0,0.0,0.0,0.008,0.992,0.0,0.0,0.0,kanıt yetersiz,0,0,1,0,0,0,,
c45_83,29.05751,41.20765,,,,,,C,,,,,,0.0,0.0,0.0,0.0,0.0,0.0,0.0,0.0,0.0,1.0,0.0,0.0,0.0,kanıt yetersiz,0,0,1,0,0,0,,
c45_84,29.05751,41.21214,,,,,,C,,,,0.0,,0.0,0.0,0.0,0.0,0.0,0.0,0.0,0.0,0.005,0.995,0.0,0.0,0.0,kanıt yetersiz,0,0,1,0,0,0,,
c45_85,29.05751,41.21663,,,,,,C,,,,0.0,,0.0,0.0,0.0,0.0,0.0,0.0,0.0,0.0,0.011,0.989,0.0,0.0,0.0,kanıt yetersiz,0,0,1,0,0,0,,
c45_86,29.05751,41.22112,,,,,,C,,,,0.0,,0.0,0.0,0.0,0.0,0.0,0.0,0.0,0.0,0.012,0.988,0.0,0.0,0.0,kanıt yetersiz,0,0,1,0,0,0,,
c45_87,29.05751,41.22561,,0.0,1.0,,,C,,,,0.0,0.125,0.0,0.0,0.0,0.0,0.0,0.0,0.0,0.0,0.06,0.909,0.0,0.031,0.0,kanıt yetersiz,686,0,1,0,0,0,0.0,
c46_80,29.06346,41.19418,1.0,1.0,1.0,0.188,1.0,C,1.0,1.0,1.0,0.188,1.0,0.004,0.0,0.0,0.0,0.0,0.0,0.0,0.0,0.016,0.981,0.0,0.0,0.004,kanıt yetersiz,0,0,1,0,0,0,,
c46_81,29.06346,41.19867,1.0,0.891,1.0,0.275,1.0,C,1.0,1.0,1.0,0.275,0.905,0.012,0.0,0.0,0.0,0.0,0.0,0.0,0.0,0.031,0.956,0.001,0.0,0.012,kanıt yetersiz,0,0,1,0,0,0,,
c46_82,29.06346,41.20316,,,,,,C,,,,0.0,,0.0,0.0,0.0,0.0,0.0,0.0,0.0,0.0,0.018,0.982,0.0,0.0,0.0,kanıt yetersiz,0,0,1,0,0,0,,
c46_83,29.06346,41.20765,,,,,,C,,,,0.0,,0.0,0.0,0.0,0.0,0.0,0.0,0.0,0.0,0.018,0.982,0.0,0.0,0.0,kanıt yetersiz,0,0,1,0,0,0,,
c46_84,29.06346,41.21214,,,,,,C,,,,0.0,,0.0,0.0,0.0,0.0,0.0,0.0,0.0,0.0,0.01,0.99,0.0,0.0,0.0,kanıt yetersiz,0,0,1,0,0,0,,
c46_85,29.06346,41.21663,,0.0,1.0,,,C,,,,0.0,0.125,0.0,0.0,0.0,0.0,0.0,0.0,0.0,0.0,0.008,0.992,0.0,0.0,0.0,kanıt yetersiz,0,0,1,0,0,0,,
c46_86,29.06346,41.22112,,,,,,C,,,,0.0,,0.0,0.0,0.0,0.0,0.0,0.0,0.0,0.0,0.008,0.992,0.0,0.0,0.0,kanıt yetersiz,0,0,1,0,0,0,,
c46_87,29.06346,41.22561,,0.0,1.0,,,C,,,,0.0,0.125,0.0,0.0,0.0,0.0,0.0,0.0,0.0,0.0,0.073,0.922,0.003,0.002,0.0,kanıt yetersiz,38,0,1,0,0,0,,
c47_80,29.06941,41.19418,1.0,1.0,1.0,0.211,1.0,C,1.0,1.0,1.0,0.211,1.0,0.01,0.0,0.0,0.0,0.0,0.0,0.0,0.0,0.036,0.954,0.0,0.0,0.01,kanıt yetersiz,0,0,1,0,0,0,,
c47_81,29.06941,41.19867,0.184,0.155,0.312,0.13,0.233,B,0.2,0.233,0.135,0.13,0.175,0.005,0.0,0.0,0.001,0.005,0.0,0.068,0.0,0.033,0.873,0.014,0.0,0.079,kanıt yetersiz,0,0,1,0,0,0,,
c47_82,29.06941,41.20316,0.491,0.491,0.491,0.396,0.677,C,0.677,0.585,0.396,0.479,0.491,0.023,0.151,0.002,0.005,0.022,0.0,0.0,0.0,0.005,0.793,0.0,0.0,0.202,puan,0,0,1,0,0,0,,58.2
c47_83,29.06941,41.20765,0.5,0.5,0.5,0.404,0.719,C,0.719,0.595,0.404,0.421,0.5,0.004,0.036,0.006,0.0,0.0,0.0,0.0,0.0,0.009,0.946,0.0,0.0,0.046,kanıt yetersiz,0,0,1,0,0,0,,
c47_84,29.06941,41.21214,,,,,,C,,,,0.0,,0.0,0.0,0.0,0.0,0.0,0.0,0.0,0.0,0.009,0.991,0.0,0.0,0.0,kanıt yetersiz,0,0,1,0,0,0,,
c47_85,29.06941,41.21663,1.0,1.0,1.0,0.025,1.0,C,1.0,1.0,1.0,0.025,1.0,0.0,0.0,0.0,0.0,0.0,0.0,0.0,0.0,0.011,0.989,0.0,0.0,0.0,kanıt yetersiz,0,0,1,0,0,0,,
c47_86,29.06941,41.22112,,,,,,C,,,,0.0,,0.0,0.0,0.0,0.0,0.0,0.0,0.0,0.0,0.014,0.986,0.0,0.0,0.0,kanıt yetersiz,0,0,1,0,0,0,,
c47_87,29.06941,41.22561,1.0,0.595,1.0,0.532,1.0,C,1.0,1.0,1.0,0.532,0.991,0.073,0.0,0.0,0.0,0.0,0.0,0.0,0.0,0.065,0.812,0.001,0.049,0.073,kanıt yetersiz,944,0,1,0,0,0,0.0,
c40_88,29.02776,41.2301,1.0,0.928,1.0,0.818,1.0,B,1.0,1.0,1.0,0.818,0.999,0.107,0.0,0.0,0.0,0.0,0.0,0.0,0.0,0.024,0.861,0.0,0.008,0.107,puan,199,0,1,0,0,0,0.0,94.5
c40_89,29.02776,41.23459,1.0,0.07,1.0,0.112,1.0,C,1.0,1.0,1.0,0.112,0.68,0.005,0.0,0.0,0.0,0.0,0.0,0.0,0.0,0.043,0.88,0.003,0.069,0.005,kanıt yetersiz,1283,0,3,0,0,0,0.0,
c40_90,29.02776,41.23908,0.913,0.085,0.992,0.326,0.928,C,0.928,0.919,0.906,0.326,0.456,0.018,0.0,0.002,0.0,0.001,0.0,0.0,0.0,0.037,0.744,0.028,0.171,0.02,kanıt yetersiz,81,0,1,0,0,0,0.0,
c40_91,29.02776,41.24357,0.948,0.23,0.987,0.634,0.957,C,0.953,0.957,0.94,0.634,0.779,0.121,0.0,0.005,0.004,0.003,0.0,0.0,0.012,0.072,0.332,0.037,0.415,0.144,puan,0,0,1,0,0,0,,89.8
c41_88,29.03371,41.2301,1.0,0.954,1.0,0.999,1.0,A,1.0,1.0,1.0,0.999,0.999,0.926,0.0,0.0,0.0,0.0,0.0,0.0,0.0,0.001,0.029,0.001,0.043,0.926,puan,0,0,1,0,0,0,,94.5
c41_89,29.03371,41.23459,1.0,0.996,1.0,0.936,1.0,A,1.0,1.0,1.0,0.936,1.0,0.271,0.0,0.0,0.0,0.0,0.0,0.0,0.0,0.018,0.709,0.0,0.001,0.271,puan,0,0,1,0,0,0,,94.5
c41_90,29.03371,41.23908,0.924,0.074,0.994,0.18,0.936,C,0.936,0.929,0.919,0.18,0.403,0.012,0.0,0.001,0.0,0.001,0.0,0.0,0.0,0.053,0.786,0.024,0.124,0.013,kanıt yetersiz,1068,0,3,0,0,0,0.0,
c41_91,29.03371,41.24357,0.737,0.159,0.943,0.414,0.761,C,0.735,0.761,0.712,0.414,0.451,0.1,0.0,0.001,0.012,0.005,0.01,0.022,0.002,0.119,0.174,0.134,0.42,0.153,puan,0,0,1,0,0,0,,80.0
c41_92,29.03371,41.24806,0.633,0.352,0.796,0.541,0.661,C,0.631,0.661,0.605,0.541,0.588,0.125,0.0,0.019,0.066,0.001,0.141,0.0,0.156,0.086,0.0,0.05,0.356,0.508,puan,0,0,1,0,0,0,,73.3
c42_88,29.03966,41.2301,0.998,0.487,0.999,0.916,0.998,C,0.998,0.998,0.998,0.916,0.982,0.394,0.0,0.0,0.0,0.001,0.0,0.0,0.0,0.035,0.154,0.007,0.408,0.395,puan,537,0,2,0,0,0,0.0,93.6
c42_89,29.03966,41.23459,0.934,0.675,0.952,0.81,0.934,B,0.934,0.934,0.934,0.81,0.919,0.325,0.0,0.0,0.0,0.0,0.023,0.0,0.0,0.053,0.465,0.007,0.127,0.348,puan,1087,0,3,0,0,0,0.0,89.2
c42_90,29.03966,41.23908,0.939,0.121,0.992,0.334,0.952,C,0.937,0.952,0.926,0.334,0.78,0.042,0.0,0.0,0.003,0.001,0.0,0.0,0.0,0.084,0.557,0.011,0.302,0.046,kanıt yetersiz,1817,0,4,0,0,0,0.0,
c42_91,29.03966,41.24357,0.561,0.118,0.907,0.335,0.593,C,0.573,0.593,0.528,0.335,0.421,0.057,0.0,0.005,0.005,0.007,0.0,0.048,0.0,0.081,0.346,0.057,0.395,0.121,puan,812,0,2,2,2,0,2.5,67.2
c42_92,29.03966,41.24806,0.728,0.127,0.953,0.431,0.758,C,0.758,0.748,0.708,0.431,0.488,0.095,0.0,0.023,0.004,0.022,0.003,0.004,0.005,0.107,0.005,0.103,0.631,0.155,puan,191,0,1,0,0,0,0.0,79.4
c42_93,29.03966,41.25255,0.961,0.153,0.994,0.791,0.971,C,0.958,0.971,0.951,0.791,0.816,0.023,0.0,0.0,0.008,0.001,0.001,0.0,0.12,0.033,0.0,0.032,0.781,0.153,puan,0,0,1,0,0,0,,90.3
c43_88,29.04561,41.2301,0.0,0.0,0.992,0.0,0.0,C,0.0,0.0,0.0,0.0,0.0,0.0,0.0,0.0,0.0,0.0,0.001,0.0,0.0,0.01,0.917,0.0,0.072,0.001,kanıt yetersiz,0,0,1,0,0,0,,
c43_89,29.04561,41.23459,0.047,0.045,0.088,0.045,0.047,A,0.047,0.047,0.047,0.045,0.047,0.013,0.0,0.0,0.0,0.0,0.255,0.0,0.0,0.009,0.712,0.0,0.012,0.267,puan,0,0,1,0,0,0,,7.7
c43_90,29.04561,41.23908,1.0,0.131,1.0,0.728,1.0,C,1.0,1.0,1.0,0.728,0.878,0.021,0.0,0.0,0.0,0.0,0.0,0.0,0.0,0.008,0.827,0.003,0.14,0.021,kanıt yetersiz,0,0,1,0,0,0,,
c43_91,29.04561,41.24357,0.914,0.564,0.947,0.83,0.919,B,0.916,0.919,0.909,0.83,0.867,0.473,0.0,0.001,0.0,0.0,0.0,0.051,0.0,0.054,0.096,0.034,0.293,0.524,puan,0,0,1,0,0,0,,88.3
c43_92,29.04561,41.24806,0.682,0.094,0.956,0.356,0.7,C,0.689,0.7,0.664,0.356,0.504,0.015,0.0,0.0,0.0,0.0,0.0,0.009,0.0,0.022,0.802,0.011,0.14,0.024,kanıt yetersiz,0,0,1,0,0,0,,
c43_93,29.04561,41.25255,1.0,0.117,1.0,0.716,1.0,C,1.0,1.0,1.0,0.716,0.869,0.018,0.0,0.0,0.0,0.0,0.0,0.0,0.061,0.031,0.29,0.014,0.586,0.079,kanıt yetersiz,0,0,1,0,0,0,,
c44_88,29.05156,41.2301,0.271,0.225,0.394,0.178,0.313,B,0.29,0.313,0.229,0.178,0.249,0.012,0.0,0.002,0.0,0.0,0.0,0.059,0.0,0.037,0.875,0.013,0.002,0.072,kanıt yetersiz,0,0,1,0,0,0,,
c44_89,29.05156,41.23459,0.221,0.039,0.862,0.148,0.272,C,0.244,0.272,0.171,0.148,0.194,0.002,0.0,0.001,0.001,0.0,0.0,0.024,0.0,0.014,0.826,0.011,0.12,0.028,kanıt yetersiz,0,0,1,0,0,0,,
c44_90,29.05156,41.23908,0.97,0.032,0.999,0.179,0.982,C,0.966,0.982,0.958,0.179,0.592,0.008,0.0,0.0,0.001,0.0,0.0,0.0,0.0,0.038,0.7,0.007,0.247,0.009,kanıt yetersiz,0,0,1,0,0,0,,
c44_91,29.05156,41.24357,1.0,0.768,1.0,0.905,1.0,B,1.0,1.0,1.0,0.905,0.996,0.32,0.0,0.0,0.0,0.0,0.0,0.0,0.0,0.034,0.55,0.001,0.095,0.32,puan,0,0,1,0,0,0,,94.5
c44_92,29.05156,41.24806,1.0,0.833,1.0,0.851,1.0,B,1.0,1.0,1.0,0.851,1.0,0.071,0.0,0.0,0.0,0.0,0.0,0.0,0.0,0.013,0.902,0.0,0.014,0.071,kanıt yetersiz,0,0,1,0,0,0,,
c44_93,29.05156,41.25255,1.0,0.658,1.0,0.915,1.0,B,1.0,1.0,1.0,0.915,1.0,0.465,0.0,0.0,0.0,0.0,0.0,0.0,0.004,0.044,0.244,0.0,0.243,0.469,puan,0,0,1,0,0,0,,94.5
c44_94,29.05156,41.25704,1.0,0.391,1.0,1.0,1.0,C,1.0,1.0,1.0,1.0,1.0,0.02,0.0,0.0,0.0,0.0,0.0,0.0,0.371,0.0,0.0,0.0,0.609,0.391,puan,0,0,1,0,0,0,,94.5
c45_88,29.05751,41.2301,0.147,0.068,0.609,0.099,0.196,C,0.166,0.196,0.099,0.119,0.142,0.001,0.0,0.0,0.0,0.0,0.0,0.053,0.0,0.013,0.867,0.017,0.048,0.055,kanıt yetersiz,0,0,1,0,0,0,,
c45_89,29.05751,41.23459,0.412,0.153,0.782,0.303,0.452,C,0.423,0.452,0.372,0.303,0.335,0.094,0.0,0.002,0.011,0.003,0.0,0.192,0.0,0.109,0.076,0.112,0.402,0.302,puan,0,0,1,0,0,0,,46.3
c45_90,29.05751,41.23908,0.862,0.057,0.991,0.353,0.891,C,0.88,0.891,0.833,0.412,0.353,0.028,0.0,0.005,0.004,0.0,0.0,0.0,0.0,0.04,0.411,0.082,0.431,0.037,kanıt yetersiz,0,0,1,0,0,0,,
c45_91,29.05751,41.24357,1.0,0.562,1.0,0.866,1.0,C,1.0,1.0,1.0,0.866,0.99,0.106,0.0,0.0,0.0,0.0,0.0,0.0,0.0,0.016,0.795,0.001,0.081,0.106,puan,0,0,1,0,0,0,,94.5
c45_92,29.05751,41.24806,0.999,0.717,0.999,0.941,0.999,B,0.999,0.999,0.999,0.941,0.999,0.675,0.0,0.001,0.0,0.0,0.0,0.0,0.0,0.042,0.017,0.0,0.265,0.676,puan,0,0,1,0,0,0,,93.8
c45_93,29.05751,41.25255,0.999,0.377,1.0,0.907,0.999,C,0.999,0.999,0.999,0.907,0.998,0.312,0.0,0.0,0.001,0.0,0.0,0.0,0.051,0.037,0.0,0.0,0.6,0.363,puan,0,0,1,0,0,0,,93.8
c46_88,29.06346,41.2301,0.187,0.048,0.79,0.133,0.25,C,0.25,0.237,0.137,0.133,0.18,0.0,0.0,0.006,0.0,0.0,0.0,0.019,0.0,0.01,0.893,0.003,0.068,0.025,kanıt yetersiz,0,0,1,0,0,0,,
c46_89,29.06346,41.23459,0.149,0.071,0.591,0.1,0.198,C,0.17,0.198,0.1,0.135,0.144,0.008,0.0,0.007,0.0,0.007,0.0,0.355,0.0,0.038,0.176,0.1,0.308,0.378,puan,0,0,1,0,0,0,,10.4
c46_90,29.06346,41.23908,0.969,0.139,0.996,0.41,0.979,C,0.979,0.972,0.967,0.41,0.596,0.012,0.0,0.001,0.0,0.0,0.0,0.0,0.0,0.017,0.896,0.01,0.065,0.013,kanıt yetersiz,0,0,1,0,0,0,,
c46_91,29.06346,41.24357,1.0,0.671,1.0,0.498,1.0,C,1.0,1.0,1.0,0.498,1.0,0.024,0.0,0.0,0.0,0.0,0.0,0.0,0.0,0.024,0.941,0.0,0.012,0.024,kanıt yetersiz,0,0,1,0,0,0,,
c46_92,29.06346,41.24806,0.981,0.56,0.989,0.889,0.987,C,0.987,0.982,0.979,0.889,0.963,0.273,0.0,0.009,0.0,0.0,0.0,0.0,0.0,0.029,0.478,0.006,0.206,0.281,puan,0,0,1,0,0,0,,91.4
c46_93,29.06346,41.25255,1.0,0.375,1.0,0.945,1.0,C,1.0,1.0,1.0,0.945,0.997,0.099,0.0,0.0,0.0,0.0,0.0,0.0,0.253,0.02,0.041,0.001,0.585,0.352,puan,0,0,1,0,0,0,,94.5
c47_88,29.06941,41.2301,,,,,,C,,,,0.0,,0.0,0.0,0.0,0.0,0.0,0.0,0.0,0.0,0.008,0.992,0.0,0.0,0.0,kanıt yetersiz,0,0,1,0,0,0,,
c47_89,29.06941,41.23459,0.254,0.005,0.985,0.021,0.341,C,0.278,0.341,0.168,0.021,0.139,0.0,0.0,0.0,0.0,0.001,0.0,0.0,0.0,0.009,0.948,0.007,0.035,0.001,kanıt yetersiz,0,0,1,0,0,0,,
c47_90,29.06941,41.23908,0.88,0.042,0.994,0.354,0.889,C,0.889,0.889,0.87,0.354,0.431,0.012,0.0,0.001,0.0,0.001,0.0,0.0,0.0,0.02,0.693,0.02,0.253,0.014,kanıt yetersiz,0,0,1,0,0,0,,
c47_91,29.06941,41.24357,0.906,0.072,0.993,0.337,0.935,C,0.935,0.914,0.898,0.337,0.797,0.011,0.0,0.002,0.0,0.0,0.0,0.0,0.0,0.022,0.81,0.002,0.152,0.013,kanıt yetersiz,0,0,1,0,0,0,,
c47_92,29.06941,41.24806,0.989,0.212,0.998,0.659,0.992,C,0.988,0.992,0.986,0.659,0.831,0.039,0.0,0.0,0.001,0.0,0.0,0.0,0.033,0.037,0.622,0.016,0.251,0.073,kanıt yetersiz,0,0,1,0,0,0,,
c47_93,29.06941,41.25255,1.0,0.411,1.0,0.948,1.0,C,1.0,1.0,1.0,0.948,0.994,0.023,0.0,0.0,0.0,0.0,0.0,0.0,0.285,0.017,0.234,0.002,0.439,0.308,puan,0,0,1,0,0,0,,94.5
c44_15,29.05156,40.90233,0.424,0.336,0.545,0.369,0.459,B,0.435,0.459,0.39,0.369,0.424,0.04,0.0,0.0,0.004,0.051,0.0,0.223,0.102,0.063,0.407,0.0,0.11,0.419,puan,0,0,1,0,0,0,,48.6
c45_9,29.05751,40.87539,,0.0,1.0,,,C,,,,0.0,,0.0,0.0,0.0,0.0,0.0,0.0,0.0,0.0,0.009,0.929,0.0,0.063,0.0,kanıt yetersiz,0,0,1,0,0,0,,
c45_10,29.05751,40.87988,0.647,0.378,0.793,0.518,0.668,C,0.653,0.668,0.625,0.518,0.644,0.019,0.0,0.0,0.001,0.007,0.0,0.025,0.029,0.02,0.841,0.0,0.057,0.081,kanıt yetersiz,0,0,1,0,0,0,,
c45_11,29.05751,40.88437,0.481,0.39,0.58,0.422,0.512,A,0.492,0.512,0.45,0.422,0.481,0.092,0.0,0.001,0.004,0.054,0.0,0.273,0.133,0.079,0.235,0.001,0.129,0.556,puan,0,0,1,0,0,0,,57.0
c46_9,29.06346,40.87539,0.582,0.579,0.585,0.396,0.608,C,0.59,0.608,0.556,0.396,0.58,0.037,0.0,0.0,0.001,0.013,0.0,0.021,0.0,0.034,0.893,0.0,0.0,0.073,kanıt yetersiz,0,0,1,0,0,0,,
c46_10,29.06346,40.87988,0.356,0.319,0.424,0.286,0.393,B,0.369,0.393,0.319,0.286,0.353,0.056,0.0,0.0,0.0,0.052,0.0,0.105,0.0,0.052,0.711,0.003,0.022,0.213,puan,0,0,1,0,0,0,,33.7
c46_11,29.06346,40.88437,0.3,0.294,0.314,0.246,0.341,A,0.317,0.341,0.259,0.246,0.298,0.051,0.0,0.006,0.002,0.064,0.0,0.273,0.032,0.095,0.469,0.006,0.003,0.428,puan,0,0,1,0,0,0,,21.9
c47_10,29.06941,40.87988,0.339,0.33,0.358,0.294,0.385,A,0.357,0.385,0.294,0.298,0.337,0.101,0.001,0.034,0.034,0.198,0.002,0.393,0.082,0.118,0.013,0.01,0.014,0.845,puan,0,0,1,0,0,0,,29.7
c47_11,29.06941,40.88437,0.271,0.267,0.279,0.227,0.314,A,0.286,0.314,0.227,0.229,0.27,0.098,0.004,0.003,0.008,0.175,0.0,0.516,0.036,0.151,0.0,0.006,0.004,0.838,puan,0,0,1,0,0,0,,18.5
c42_17,29.03966,40.91131,0.796,0.697,0.821,0.585,0.807,C,0.8,0.807,0.784,0.585,0.792,0.028,0.0,0.0,0.0,0.01,0.0,0.017,0.061,0.042,0.825,0.001,0.016,0.117,puan,0,0,1,0,0,0,,83.1
c43_16,29.04561,40.90682,0.973,0.695,0.981,0.688,0.979,C,0.975,0.979,0.967,0.688,0.971,0.066,0.0,0.002,0.002,0.001,0.0,0.0,0.021,0.038,0.835,0.0,0.036,0.091,kanıt yetersiz,0,0,1,0,0,0,,
c43_17,29.04561,40.91131,0.295,0.286,0.318,0.229,0.335,B,0.31,0.335,0.255,0.229,0.294,0.047,0.0,0.0,0.0,0.042,0.0,0.156,0.001,0.071,0.675,0.001,0.007,0.246,puan,0,0,1,0,0,0,,21.3
c44_16,29.05156,40.90682,0.24,0.24,0.242,0.195,0.285,A,0.256,0.285,0.195,0.202,0.24,0.081,0.0,0.002,0.006,0.162,0.0,0.388,0.0,0.122,0.237,0.002,0.0,0.64,puan,0,0,1,0,0,0,,15.4
c44_17,29.05156,40.91131,0.232,0.231,0.237,0.186,0.279,A,0.248,0.279,0.186,0.2,0.232,0.081,0.001,0.002,0.01,0.19,0.0,0.448,0.003,0.118,0.14,0.004,0.0,0.737,puan,0,0,1,0,0,0,,14.7
c45_16,29.05751,40.90682,0.4,0.392,0.412,0.348,0.447,A,0.426,0.447,0.354,0.348,0.398,0.161,0.016,0.066,0.051,0.227,0.004,0.269,0.061,0.129,0.0,0.009,0.009,0.853,puan,0,0,1,0,0,0,,43.8
c41_30,29.03371,40.96968,0.561,0.515,0.597,0.532,0.597,A,0.597,0.59,0.532,0.547,0.556,0.33,0.047,0.098,0.03,0.196,0.121,0.0,0.074,0.023,0.0,0.009,0.071,0.897,puan,0,0,1,0,0,0,,67.2
c42_30,29.03966,40.96968,0.3,0.283,0.339,0.273,0.326,A,0.304,0.326,0.273,0.284,0.294,0.193,0.004,0.01,0.051,0.084,0.371,0.171,0.012,0.051,0.0,0.033,0.02,0.897,puan,0,0,1,0,0,0,,21.9
c42_31,29.03966,40.97417,0.356,0.317,0.427,0.295,0.418,B,0.378,0.418,0.295,0.32,0.344,0.105,0.022,0.057,0.103,0.053,0.006,0.423,0.041,0.091,0.0,0.046,0.054,0.809,puan,32,0,1,0,0,0,,33.7
c43_30,29.04561,40.96968,0.338,0.321,0.372,0.313,0.364,A,0.344,0.364,0.313,0.32,0.329,0.215,0.0,0.003,0.028,0.058,0.276,0.288,0.031,0.053,0.0,0.042,0.007,0.899,puan,0,0,1,0,0,0,,29.3
c43_31,29.04561,40.97417,0.268,0.25,0.316,0.204,0.331,B,0.278,0.331,0.204,0.238,0.26,0.084,0.0,0.03,0.108,0.076,0.017,0.521,0.0,0.104,0.0,0.046,0.013,0.837,puan,615,0,2,4,4,0,6.5,18.3
c44_30,29.05156,40.96968,0.398,0.356,0.462,0.351,0.445,A,0.41,0.445,0.351,0.366,0.382,0.188,0.0,0.034,0.07,0.062,0.031,0.409,0.035,0.073,0.0,0.051,0.047,0.829,puan,451,0,2,0,0,0,0.0,43.4
c44_31,29.05156,40.97417,0.282,0.267,0.322,0.215,0.35,B,0.285,0.35,0.215,0.251,0.274,0.095,0.0,0.006,0.134,0.067,0.009,0.535,0.0,0.106,0.0,0.046,0.003,0.846,puan,810,0,3,5,5,0,6.2,20.0
c45_29,29.05751,40.96519,0.441,0.426,0.461,0.4,0.483,A,0.451,0.483,0.4,0.415,0.433,0.249,0.0,0.014,0.05,0.146,0.001,0.395,0.054,0.057,0.0,0.023,0.01,0.91,puan,420,0,2,0,0,0,0.0,51.7
c45_30,29.05751,40.96968,0.508,0.476,0.538,0.469,0.543,A,0.514,0.543,0.472,0.469,0.494,0.361,0.006,0.007,0.054,0.106,0.058,0.278,0.0,0.073,0.0,0.033,0.025,0.87,puan,326,0,3,2,2,0,6.1,60.5
c45_31,29.05751,40.97417,0.258,0.252,0.277,0.194,0.323,B,0.265,0.323,0.194,0.234,0.256,0.085,0.004,0.004,0.111,0.18,0.002,0.5,0.0,0.091,0.0,0.014,0.009,0.886,puan,649,0,2,8,7,1,12.3,17.2
c46_29,29.06346,40.96519,0.328,0.303,0.38,0.268,0.389,B,0.338,0.389,0.268,0.304,0.317,0.138,0.0,0.034,0.112,0.027,0.012,0.53,0.005,0.069,0.0,0.051,0.02,0.859,puan,564,0,2,3,3,0,5.3,27.4
c46_30,29.06346,40.96968,0.279,0.261,0.324,0.205,0.353,B,0.28,0.353,0.205,0.249,0.272,0.076,0.0,0.014,0.17,0.058,0.033,0.49,0.0,0.102,0.0,0.041,0.015,0.841,puan,616,0,2,5,5,0,8.1,19.5
c46_31,29.06346,40.97417,0.26,0.246,0.301,0.195,0.325,B,0.268,0.325,0.195,0.232,0.254,0.079,0.002,0.013,0.112,0.119,0.006,0.517,0.0,0.101,0.0,0.041,0.009,0.849,puan,0,0,1,0,0,0,,17.4
c47_28,29.06941,40.9607,0.605,0.555,0.638,0.541,0.632,A,0.62,0.632,0.578,0.541,0.584,0.313,0.0,0.037,0.018,0.04,0.0,0.297,0.122,0.098,0.0,0.039,0.036,0.828,puan,530,0,2,4,4,0,7.6,71.0
c47_29,29.06941,40.96519,0.297,0.277,0.345,0.232,0.362,B,0.301,0.362,0.232,0.266,0.287,0.104,0.0,0.02,0.137,0.029,0.052,0.495,0.004,0.098,0.0,0.052,0.01,0.84,puan,747,0,3,12,12,0,16.1,21.6
c47_30,29.06941,40.96968,0.253,0.232,0.313,0.189,0.316,B,0.26,0.316,0.189,0.226,0.244,0.075,0.0,0.013,0.104,0.069,0.012,0.557,0.0,0.097,0.0,0.064,0.009,0.83,puan,95,0,1,0,0,0,0.0,16.5
c47_31,29.06941,40.97417,0.242,0.224,0.298,0.182,0.301,B,0.252,0.301,0.182,0.22,0.234,0.075,0.0,0.014,0.084,0.095,0.016,0.563,0.0,0.085,0.0,0.062,0.007,0.846,puan,0,484,1,0,0,0,0.0,15.6
c40_32,29.02776,40.97866,0.773,0.763,0.776,0.717,0.828,B,0.757,0.828,0.717,0.743,0.765,0.499,0.0,0.0,0.233,0.037,0.001,0.072,0.094,0.037,0.015,0.011,0.001,0.936,puan,0,0,1,0,0,0,,82.1
c40_33,29.02776,40.98315,0.365,0.33,0.426,0.288,0.442,B,0.368,0.442,0.288,0.332,0.345,0.131,0.002,0.044,0.198,0.28,0.015,0.159,0.0,0.083,0.0,0.076,0.012,0.829,puan,0,410,2,2,2,0,4.9,35.7
c40_34,29.02776,40.98764,0.43,0.4,0.469,0.321,0.538,C,0.414,0.538,0.321,0.38,0.412,0.12,0.001,0.044,0.373,0.081,0.024,0.188,0.0,0.108,0.0,0.051,0.011,0.83,puan,17,511,2,11,11,0,20.8,49.5
c40_35,29.02776,40.99213,0.466,0.435,0.503,0.348,0.585,C,0.441,0.585,0.348,0.416,0.45,0.135,0.002,0.027,0.433,0.071,0.015,0.155,0.0,0.101,0.0,0.042,0.019,0.838,puan,973,440,4,13,13,0,9.2,55.2
c40_36,29.02776,40.99662,0.422,0.298,0.592,0.346,0.494,B,0.422,0.494,0.351,0.346,0.376,0.141,0.0,0.03,0.146,0.072,0.037,0.183,0.0,0.133,0.001,0.111,0.144,0.611,puan,935,882,4,6,5,1,3.3,48.3
c40_37,29.02776,41.00111,0.451,0.202,0.753,0.359,0.5,C,0.461,0.5,0.401,0.359,0.412,0.117,0.001,0.031,0.06,0.066,0.067,0.041,0.0,0.098,0.046,0.051,0.42,0.384,puan,1840,1972,5,12,8,4,3.1,53.3
c40_38,29.02776,41.0056,0.78,0.573,0.839,0.607,0.815,C,0.778,0.815,0.746,0.607,0.776,0.417,0.0,0.018,0.085,0.05,0.026,0.011,0.0,0.173,0.0,0.004,0.215,0.607,puan,4775,0,8,9,9,0,1.9,82.3
c40_39,29.02776,41.01009,0.992,0.988,0.992,0.982,0.994,A,0.992,0.994,0.99,0.982,0.992,0.974,0.0,0.0,0.008,0.004,0.0,0.0,0.0,0.01,0.0,0.0,0.004,0.986,puan,0,0,1,0,0,0,,92.4
c41_33,29.03371,40.98315,0.496,0.397,0.596,0.45,0.545,A,0.545,0.542,0.45,0.451,0.478,0.207,0.0,0.184,0.061,0.071,0.002,0.188,0.029,0.073,0.0,0.036,0.148,0.742,puan,0,0,2,0,0,0,,58.9
c41_34,29.03371,40.98764,0.494,0.411,0.579,0.427,0.56,B,0.505,0.56,0.428,0.427,0.465,0.223,0.006,0.071,0.158,0.06,0.024,0.194,0.0,0.115,0.0,0.062,0.087,0.736,puan,689,0,4,3,3,0,4.4,58.7
c41_35,29.03371,40.99213,0.439,0.383,0.512,0.36,0.517,B,0.447,0.517,0.362,0.36,0.423,0.158,0.001,0.086,0.209,0.081,0.069,0.127,0.0,0.161,0.0,0.039,0.069,0.73,puan,2705,615,5,20,18,2,6.0,51.1
c41_36,29.03371,40.99662,0.411,0.391,0.44,0.342,0.48,B,0.413,0.48,0.342,0.343,0.403,0.181,0.001,0.037,0.172,0.133,0.032,0.245,0.0,0.159,0.0,0.022,0.019,0.8,puan,3120,797,7,19,19,0,4.9,46.0
c41_37,29.03371,41.00111,0.443,0.425,0.466,0.337,0.549,C,0.425,0.549,0.337,0.403,0.441,0.148,0.0,0.029,0.38,0.09,0.004,0.225,0.0,0.087,0.0,0.005,0.032,0.876,puan,1343,0,4,12,12,0,8.9,52.0
c41_38,29.03371,41.0056,0.51,0.453,0.564,0.393,0.578,B,0.51,0.578,0.441,0.393,0.494,0.217,0.0,0.036,0.158,0.048,0.008,0.202,0.0,0.198,0.049,0.027,0.056,0.669,puan,3152,0,3,9,9,0,2.9,60.7
c41_39,29.03371,41.01009,0.437,0.42,0.459,0.383,0.485,B,0.444,0.485,0.389,0.383,0.43,0.266,0.001,0.011,0.076,0.159,0.003,0.33,0.0,0.119,0.0,0.02,0.014,0.847,puan,0,0,1,0,0,0,,50.7
c42_32,29.03966,40.97866,0.547,0.516,0.573,0.482,0.612,B,0.59,0.612,0.482,0.495,0.533,0.27,0.156,0.014,0.123,0.039,0.008,0.22,0.027,0.091,0.0,0.031,0.022,0.857,puan,605,0,2,1,1,0,1.7,65.7
c42_33,29.03966,40.98315,0.348,0.314,0.412,0.282,0.415,B,0.351,0.415,0.282,0.298,0.333,0.138,0.002,0.019,0.142,0.068,0.032,0.383,0.0,0.132,0.0,0.059,0.025,0.784,puan,1241,683,2,7,6,1,3.6,31.8
c42_34,29.03966,40.98764,0.326,0.282,0.417,0.274,0.378,B,0.355,0.378,0.274,0.281,0.318,0.121,0.0,0.108,0.083,0.052,0.093,0.302,0.0,0.122,0.0,0.032,0.087,0.759,puan,2489,2325,4,12,8,4,2.5,26.7
c42_35,29.03966,40.99213,0.531,0.454,0.598,0.448,0.614,B,0.533,0.614,0.448,0.452,0.519,0.22,0.0,0.085,0.247,0.072,0.032,0.09,0.0,0.129,0.0,0.022,0.104,0.745,puan,2886,0,6,13,11,2,4.5,63.8
c42_36,29.03966,40.99662,0.358,0.349,0.374,0.299,0.417,B,0.37,0.417,0.299,0.311,0.353,0.167,0.002,0.043,0.113,0.226,0.018,0.282,0.0,0.126,0.0,0.016,0.006,0.851,puan,1314,0,4,15,15,0,11.4,34.2
c42_37,29.03966,41.00111,0.379,0.354,0.419,0.319,0.434,B,0.393,0.434,0.324,0.319,0.378,0.181,0.001,0.045,0.091,0.156,0.015,0.307,0.0,0.149,0.0,0.004,0.051,0.796,puan,3459,0,3,14,12,2,4.0,39.4
c42_38,29.03966,41.0056,0.302,0.291,0.329,0.242,0.363,B,0.307,0.363,0.242,0.287,0.299,0.136,0.0,0.011,0.125,0.164,0.05,0.429,0.0,0.05,0.0,0.018,0.017,0.914,puan,443,0,1,1,1,0,2.3,22.3
c42_39,29.03966,41.01009,0.348,0.325,0.39,0.277,0.418,B,0.349,0.418,0.277,0.307,0.338,0.139,0.001,0.014,0.161,0.111,0.006,0.399,0.0,0.11,0.0,0.038,0.02,0.832,puan,0,0,1,0,0,0,,31.8
c43_32,29.04561,40.97866,0.257,0.239,0.309,0.19,0.324,B,0.26,0.324,0.19,0.232,0.251,0.074,0.001,0.006,0.131,0.086,0.036,0.511,0.0,0.092,0.0,0.043,0.021,0.844,puan,636,1288,3,6,5,1,3.1,17.0
c43_33,29.04561,40.98315,0.252,0.238,0.292,0.191,0.312,B,0.263,0.312,0.191,0.23,0.247,0.082,0.001,0.021,0.094,0.134,0.023,0.513,0.0,0.081,0.0,0.031,0.019,0.869,puan,0,1067,2,0,0,0,0.0,16.5
c43_34,29.04561,40.98764,0.313,0.286,0.373,0.248,0.378,B,0.316,0.378,0.248,0.273,0.3,0.118,0.001,0.007,0.123,0.065,0.002,0.487,0.0,0.119,0.0,0.06,0.017,0.803,puan,1205,0,2,4,4,0,3.3,24.3
c43_35,29.04561,40.99213,0.394,0.319,0.51,0.301,0.445,B,0.415,0.445,0.343,0.301,0.354,0.156,0.0,0.064,0.069,0.057,0.035,0.265,0.0,0.2,0.0,0.112,0.041,0.647,puan,1586,0,1,1,0,1,0.6,42.4
c43_36,29.04561,40.99662,0.421,0.378,0.479,0.359,0.482,B,0.425,0.482,0.359,0.363,0.398,0.201,0.0,0.035,0.143,0.164,0.046,0.198,0.0,0.124,0.0,0.064,0.025,0.788,puan,0,0,1,0,0,0,,48.0
c43_37,29.04561,41.00111,0.414,0.381,0.461,0.345,0.47,B,0.424,0.47,0.358,0.345,0.406,0.202,0.009,0.027,0.099,0.153,0.019,0.257,0.0,0.154,0.013,0.021,0.046,0.766,puan,1560,0,3,2,1,1,1.3,46.4
c43_38,29.04561,41.0056,0.329,0.316,0.353,0.262,0.395,B,0.335,0.395,0.262,0.3,0.326,0.13,0.0,0.029,0.139,0.203,0.013,0.33,0.0,0.08,0.044,0.011,0.021,0.844,puan,1192,0,2,7,7,0,5.9,27.6
c43_39,29.04561,41.01009,0.291,0.275,0.33,0.237,0.345,B,0.303,0.345,0.237,0.27,0.284,0.133,0.001,0.017,0.069,0.211,0.002,0.448,0.0,0.068,0.0,0.038,0.013,0.881,puan,0,0,1,0,0,0,,20.8
c44_32,29.05156,40.97866,0.371,0.342,0.419,0.322,0.419,A,0.377,0.419,0.322,0.333,0.36,0.205,0.0,0.011,0.077,0.067,0.047,0.429,0.0,0.094,0.0,0.037,0.033,0.836,puan,91,1596,2,2,0,2,1.2,37.3
c44_33,29.05156,40.98315,0.29,0.275,0.326,0.225,0.355,B,0.294,0.355,0.225,0.257,0.285,0.105,0.001,0.008,0.125,0.137,0.011,0.46,0.0,0.107,0.0,0.024,0.021,0.848,puan,806,0,2,4,4,0,5.0,20.6
c44_34,29.05156,40.98764,0.301,0.281,0.349,0.253,0.35,A,0.318,0.35,0.253,0.283,0.29,0.151,0.001,0.026,0.042,0.505,0.0,0.152,0.0,0.058,0.0,0.06,0.004,0.878,puan,240,0,1,1,1,0,4.2,22.2
c44_35,29.05156,40.99213,0.293,0.242,0.418,0.242,0.345,B,0.295,0.345,0.242,0.244,0.269,0.112,0.001,0.014,0.104,0.04,0.177,0.258,0.0,0.143,0.0,0.119,0.033,0.706,puan,205,0,1,1,0,1,4.9,21.1
c44_36,29.05156,40.99662,0.441,0.355,0.55,0.338,0.501,B,0.441,0.501,0.38,0.338,0.413,0.183,0.001,0.015,0.117,0.084,0.035,0.21,0.0,0.198,0.0,0.063,0.093,0.646,puan,1790,0,3,0,0,0,0.0,51.7
c44_37,29.05156,41.00111,0.433,0.385,0.496,0.326,0.496,B,0.438,0.496,0.37,0.326,0.433,0.183,0.002,0.026,0.119,0.137,0.002,0.22,0.0,0.226,0.0,0.0,0.085,0.689,puan,3526,0,1,5,5,0,1.4,49.9
c44_38,29.05156,41.0056,0.301,0.291,0.324,0.23,0.372,B,0.307,0.372,0.23,0.273,0.298,0.1,0.0,0.033,0.163,0.187,0.021,0.375,0.0,0.091,0.0,0.013,0.017,0.879,puan,221,0,2,1,1,0,4.5,22.2
c44_39,29.05156,41.01009,0.279,0.27,0.301,0.218,0.339,B,0.283,0.339,0.218,0.249,0.277,0.106,0.002,0.018,0.133,0.198,0.112,0.301,0.0,0.103,0.0,0.01,0.017,0.869,puan,1187,0,2,0,0,0,0.0,19.5
c45_32,29.05751,40.97866,0.491,0.449,0.535,0.452,0.522,A,0.497,0.522,0.46,0.452,0.483,0.349,0.0,0.007,0.037,0.078,0.087,0.289,0.0,0.073,0.0,0.019,0.061,0.847,puan,0,1531,2,0,0,0,0.0,58.2
c45_33,29.05751,40.98315,0.355,0.322,0.415,0.273,0.437,B,0.348,0.437,0.273,0.307,0.341,0.118,0.001,0.006,0.212,0.064,0.014,0.379,0.0,0.126,0.0,0.05,0.03,0.794,puan,1093,0,2,9,9,0,8.2,33.4
c45_34,29.05751,40.98764,0.378,0.364,0.402,0.255,0.501,C,0.352,0.501,0.255,0.354,0.374,0.062,0.001,0.009,0.46,0.136,0.002,0.233,0.0,0.061,0.0,0.015,0.021,0.903,puan,0,0,1,0,0,0,,39.2
c45_35,29.05751,40.99213,0.313,0.284,0.377,0.272,0.355,A,0.308,0.355,0.272,0.282,0.306,0.173,0.0,0.002,0.117,0.062,0.321,0.15,0.0,0.091,0.0,0.036,0.048,0.824,puan,0,0,1,0,0,0,,24.3
c45_36,29.05751,40.99662,0.505,0.384,0.624,0.375,0.554,B,0.553,0.554,0.456,0.375,0.503,0.194,0.052,0.083,0.055,0.051,0.051,0.101,0.0,0.204,0.025,0.003,0.182,0.587,puan,3695,0,4,5,1,4,1.4,60.0
c45_37,29.05751,41.00111,0.579,0.492,0.643,0.432,0.652,C,0.57,0.652,0.506,0.432,0.578,0.236,0.0,0.019,0.173,0.08,0.0,0.1,0.0,0.208,0.076,0.002,0.106,0.608,puan,3891,0,6,6,0,6,1.5,68.9
c45_38,29.05751,41.0056,0.257,0.238,0.313,0.222,0.286,A,0.27,0.286,0.228,0.222,0.251,0.144,0.002,0.021,0.015,0.069,0.246,0.31,0.0,0.128,0.0,0.039,0.027,0.807,puan,866,0,2,0,0,0,0.0,17.0
c45_39,29.05751,41.01009,0.086,0.083,0.12,0.077,0.094,A,0.087,0.094,0.077,0.081,0.087,0.059,0.0,0.001,0.016,0.023,0.746,0.069,0.0,0.051,0.0,0.017,0.018,0.913,puan,772,0,3,0,0,0,0.0,8.9
c46_32,29.06346,40.97866,0.278,0.261,0.322,0.218,0.338,B,0.287,0.338,0.218,0.251,0.271,0.104,0.002,0.023,0.104,0.086,0.044,0.491,0.0,0.092,0.0,0.042,0.014,0.852,puan,0,1533,2,1,0,1,0.7,19.4
c46_33,29.06346,40.98315,0.302,0.288,0.335,0.233,0.372,B,0.305,0.372,0.233,0.264,0.295,0.106,0.001,0.007,0.144,0.086,0.001,0.494,0.0,0.122,0.0,0.034,0.006,0.838,puan,1857,0,3,6,6,0,3.2,22.3
c46_34,29.06346,40.98764,0.317,0.294,0.365,0.235,0.398,B,0.313,0.398,0.235,0.286,0.307,0.09,0.003,0.016,0.222,0.065,0.046,0.4,0.0,0.092,0.0,0.045,0.019,0.844,puan,0,0,1,0,0,0,,25.1
c46_35,29.06346,40.99213,0.177,0.146,0.322,0.146,0.207,A,0.178,0.207,0.146,0.16,0.175,0.072,0.004,0.01,0.07,0.093,0.432,0.077,0.0,0.08,0.0,0.025,0.137,0.758,puan,0,0,1,0,0,0,,11.4
c46_36,29.06346,40.99662,0.507,0.393,0.618,0.407,0.594,B,0.594,0.575,0.437,0.407,0.478,0.163,0.203,0.036,0.059,0.071,0.029,0.069,0.0,0.153,0.034,0.05,0.133,0.63,puan,1935,0,4,1,0,1,0.5,60.3
c46_37,29.06346,41.00111,0.372,0.244,0.588,0.285,0.433,B,0.386,0.433,0.312,0.285,0.288,0.107,0.002,0.03,0.071,0.105,0.001,0.203,0.0,0.158,0.051,0.27,0.002,0.519,puan,0,0,1,0,0,0,,37.6
c46_38,29.06346,41.0056,0.548,0.404,0.667,0.397,0.589,B,0.556,0.589,0.507,0.397,0.459,0.252,0.0,0.02,0.051,0.027,0.007,0.22,0.0,0.22,0.0,0.153,0.052,0.576,puan,2578,0,5,0,0,0,0.0,65.9
c46_39,29.06346,41.01009,0.657,0.553,0.712,0.527,0.679,B,0.663,0.679,0.636,0.527,0.621,0.419,0.0,0.002,0.015,0.023,0.021,0.215,0.0,0.172,0.0,0.05,0.082,0.696,puan,2310,0,5,0,0,0,0.0,74.7
c47_32,29.06941,40.97866,0.257,0.24,0.303,0.196,0.317,B,0.265,0.317,0.196,0.231,0.25,0.084,0.0,0.019,0.102,0.129,0.039,0.475,0.0,0.095,0.0,0.043,0.014,0.848,puan,59,1471,2,0,0,0,0.0,17.0
c47_33,29.06941,40.98315,0.297,0.288,0.32,0.227,0.367,B,0.3,0.367,0.227,0.262,0.292,0.103,0.001,0.01,0.149,0.065,0.009,0.52,0.0,0.115,0.0,0.024,0.004,0.857,puan,1655,0,3,5,5,0,3.0,21.6
c47_34,29.06941,40.98764,0.281,0.262,0.329,0.218,0.344,B,0.287,0.344,0.218,0.246,0.272,0.101,0.0,0.006,0.105,0.261,0.003,0.348,0.0,0.117,0.0,0.053,0.005,0.824,puan,698,0,2,0,0,0,0.0,19.9
c47_35,29.06941,40.99213,0.384,0.27,0.566,0.307,0.411,B,0.384,0.411,0.357,0.307,0.375,0.189,0.002,0.001,0.046,0.109,0.223,0.031,0.0,0.149,0.0,0.021,0.231,0.599,puan,2111,0,3,4,2,2,1.9,40.5
c47_36,29.06941,40.99662,0.373,0.313,0.474,0.315,0.437,B,0.437,0.43,0.315,0.323,0.345,0.126,0.159,0.028,0.045,0.088,0.099,0.167,0.0,0.11,0.041,0.089,0.049,0.712,puan,1040,0,2,0,0,0,0.0,37.8
c47_37,29.06941,41.00111,0.453,0.317,0.618,0.365,0.541,B,0.45,0.541,0.365,0.381,0.385,0.134,0.0,0.04,0.2,0.072,0.0,0.171,0.0,0.117,0.0,0.161,0.105,0.618,puan,265,0,1,2,1,1,7.5,53.7
c47_38,29.06941,41.0056,0.368,0.319,0.452,0.284,0.453,B,0.348,0.453,0.284,0.292,0.343,0.109,0.002,0.004,0.259,0.057,0.181,0.094,0.0,0.186,0.0,0.081,0.028,0.706,puan,1387,0,2,1,1,0,0.7,36.5
c47_39,29.06941,41.01009,0.178,0.154,0.29,0.151,0.205,A,0.187,0.205,0.151,0.159,0.172,0.083,0.0,0.012,0.019,0.048,0.332,0.286,0.0,0.097,0.0,0.1,0.023,0.781,puan,0,0,1,0,0,0,,11.5
c40_40,29.02776,41.01458,0.52,0.434,0.599,0.445,0.595,B,0.549,0.595,0.445,0.466,0.499,0.209,0.002,0.175,0.211,0.043,0.044,0.078,0.0,0.088,0.0,0.042,0.108,0.761,puan,1778,0,3,3,3,0,1.7,62.1
c40_41,29.02776,41.01907,0.364,0.313,0.452,0.299,0.429,B,0.369,0.429,0.299,0.306,0.332,0.144,0.003,0.02,0.121,0.085,0.002,0.366,0.0,0.14,0.0,0.112,0.007,0.741,puan,121,0,1,0,0,0,0.0,35.5
c40_42,29.02776,41.02356,0.355,0.327,0.406,0.302,0.408,B,0.366,0.408,0.302,0.303,0.337,0.169,0.006,0.026,0.085,0.077,0.044,0.389,0.0,0.136,0.0,0.066,0.002,0.796,puan,0,0,1,0,0,0,,33.4
c40_43,29.02776,41.02805,0.521,0.484,0.554,0.442,0.573,B,0.521,0.573,0.468,0.442,0.494,0.308,0.004,0.006,0.115,0.122,0.0,0.243,0.0,0.141,0.0,0.057,0.004,0.798,puan,1059,0,2,3,2,1,2.8,62.3
c40_44,29.02776,41.03254,0.776,0.726,0.791,0.696,0.792,A,0.781,0.792,0.76,0.696,0.735,0.62,0.0,0.004,0.015,0.026,0.0,0.177,0.0,0.097,0.0,0.057,0.002,0.844,puan,257,0,2,0,0,0,0.0,82.1
c40_45,29.02776,41.03703,0.392,0.345,0.465,0.318,0.46,B,0.395,0.46,0.325,0.318,0.362,0.158,0.0,0.022,0.138,0.074,0.001,0.338,0.0,0.171,0.0,0.094,0.006,0.73,puan,434,0,2,0,0,0,0.0,42.1
c41_40,29.03371,41.01458,0.317,0.28,0.396,0.26,0.373,B,0.335,0.373,0.26,0.284,0.306,0.126,0.003,0.058,0.089,0.127,0.045,0.355,0.0,0.092,0.0,0.047,0.058,0.803,puan,0,0,1,0,0,0,,25.1
c41_41,29.03371,41.01907,0.367,0.34,0.413,0.293,0.44,B,0.384,0.44,0.293,0.316,0.35,0.133,0.058,0.012,0.148,0.099,0.0,0.355,0.0,0.131,0.0,0.058,0.005,0.806,puan,1259,0,2,2,2,0,1.6,36.1
c41_42,29.03371,41.02356,0.385,0.369,0.411,0.316,0.454,B,0.393,0.454,0.316,0.331,0.377,0.165,0.0,0.048,0.159,0.219,0.001,0.237,0.0,0.136,0.0,0.027,0.008,0.828,puan,1315,0,3,9,7,2,6.8,40.7
c41_43,29.03371,41.02805,0.395,0.321,0.508,0.314,0.459,B,0.397,0.459,0.331,0.314,0.345,0.154,0.002,0.012,0.116,0.084,0.0,0.306,0.0,0.173,0.0,0.154,0.0,0.673,puan,857,0,2,2,2,0,2.3,42.6
c41_44,29.03371,41.03254,0.455,0.39,0.532,0.392,0.494,B,0.466,0.494,0.415,0.392,0.409,0.266,0.0,0.013,0.034,0.014,0.0,0.427,0.0,0.121,0.0,0.123,0.002,0.755,puan,0,0,1,0,0,0,,53.9
c41_45,29.03371,41.03703,0.876,0.83,0.883,0.822,0.884,A,0.879,0.884,0.868,0.822,0.839,0.762,0.001,0.003,0.006,0.02,0.003,0.096,0.0,0.059,0.0,0.046,0.004,0.891,puan,379,0,2,0,0,0,0.0,86.8
c42_40,29.03966,41.01458,0.44,0.398,0.495,0.351,0.53,B,0.43,0.53,0.351,0.4,0.427,0.173,0.0,0.029,0.281,0.09,0.021,0.235,0.0,0.083,0.0,0.038,0.051,0.828,puan,0,0,1,0,0,0,,51.3
c42_41,29.03966,41.01907,0.329,0.299,0.39,0.25,0.407,B,0.345,0.407,0.25,0.309,0.323,0.095,0.048,0.033,0.18,0.115,0.027,0.346,0.0,0.054,0.017,0.026,0.059,0.844,puan,0,0,1,1,1,0,,27.6
c42_42,29.03966,41.02356,0.549,0.484,0.603,0.448,0.651,C,0.543,0.651,0.448,0.484,0.546,0.212,0.003,0.081,0.339,0.091,0.002,0.06,0.0,0.106,0.0,0.007,0.1,0.786,puan,1338,0,3,6,5,1,4.5,66.1
c42_43,29.03966,41.02805,0.671,0.567,0.722,0.584,0.705,B,0.682,0.705,0.637,0.584,0.598,0.428,0.002,0.043,0.062,0.043,0.0,0.171,0.0,0.112,0.0,0.115,0.023,0.749,puan,0,0,1,0,0,0,,75.8
c42_44,29.03966,41.03254,0.705,0.591,0.753,0.632,0.737,B,0.713,0.737,0.674,0.632,0.646,0.47,0.0,0.035,0.063,0.02,0.0,0.177,0.0,0.088,0.0,0.087,0.06,0.765,puan,562,0,2,0,0,0,0.0,78.0
c42_45,29.03966,41.03703,0.942,0.818,0.95,0.887,0.946,A,0.945,0.946,0.938,0.887,0.927,0.766,0.0,0.01,0.002,0.021,0.001,0.024,0.0,0.051,0.0,0.015,0.11,0.824,puan,989,0,2,1,0,1,1.0,89.5
c42_46,29.03966,41.04152,0.655,0.565,0.702,0.561,0.664,B,0.664,0.661,0.649,0.561,0.652,0.474,0.0,0.033,0.003,0.048,0.196,0.0,0.0,0.126,0.0,0.004,0.115,0.755,puan,2215,0,2,2,0,2,0.9,74.6
c43_40,29.04561,41.01458,0.881,0.879,0.882,0.872,0.888,A,0.884,0.888,0.875,0.872,0.88,0.851,0.0,0.009,0.01,0.05,0.04,0.026,0.0,0.011,0.0,0.001,0.001,0.986,puan,0,0,1,0,0,0,,87.1
c43_41,29.04561,41.01907,0.504,0.476,0.532,0.43,0.578,B,0.494,0.578,0.43,0.456,0.5,0.27,0.0,0.017,0.241,0.112,0.041,0.179,0.0,0.089,0.0,0.008,0.043,0.86,puan,298,0,2,0,0,0,0.0,59.7
c43_42,29.04561,41.02356,0.504,0.449,0.558,0.381,0.627,C,0.473,0.627,0.381,0.399,0.497,0.137,0.014,0.008,0.407,0.089,0.045,0.023,0.0,0.189,0.0,0.013,0.075,0.723,puan,5159,0,8,8,3,5,1.6,59.7
c43_43,29.04561,41.02805,0.628,0.564,0.667,0.538,0.655,B,0.648,0.655,0.602,0.538,0.599,0.424,0.0,0.058,0.019,0.06,0.001,0.217,0.0,0.131,0.0,0.048,0.041,0.78,puan,1377,0,1,0,0,0,0.0,73.0
c43_44,29.04561,41.03254,0.693,0.557,0.753,0.591,0.715,B,0.698,0.715,0.671,0.591,0.647,0.449,0.0,0.004,0.018,0.036,0.0,0.198,0.0,0.122,0.0,0.062,0.11,0.706,puan,1721,0,3,0,0,0,0.0,77.2
c43_45,29.04561,41.03703,0.677,0.562,0.731,0.576,0.701,B,0.701,0.691,0.662,0.576,0.651,0.444,0.0,0.082,0.006,0.004,0.085,0.105,0.0,0.126,0.0,0.036,0.112,0.726,puan,2124,0,3,2,1,1,0.9,76.2
c43_46,29.04561,41.04152,0.428,0.368,0.508,0.376,0.465,A,0.456,0.465,0.391,0.376,0.39,0.238,0.0,0.078,0.02,0.04,0.018,0.375,0.0,0.105,0.0,0.111,0.014,0.77,puan,309,0,2,2,2,0,6.5,49.2
c43_47,29.04561,41.04601,0.424,0.344,0.533,0.373,0.475,B,0.429,0.475,0.373,0.385,0.405,0.221,0.0,0.009,0.082,0.061,0.014,0.363,0.0,0.075,0.0,0.05,0.124,0.75,puan,778,0,2,1,1,0,1.3,48.6
c44_40,29.05156,41.01458,0.343,0.337,0.353,0.291,0.395,B,0.36,0.395,0.291,0.314,0.342,0.179,0.0,0.053,0.074,0.187,0.006,0.406,0.0,0.082,0.0,0.003,0.011,0.904,puan,634,0,2,0,0,0,0.0,30.6
c44_41,29.05156,41.01907,0.461,0.421,0.508,0.391,0.524,B,0.483,0.524,0.398,0.391,0.457,0.211,0.0,0.108,0.139,0.102,0.001,0.224,0.0,0.141,0.0,0.009,0.065,0.785,puan,1905,0,2,1,0,1,0.5,54.4
c44_42,29.05156,41.02356,0.382,0.338,0.454,0.316,0.442,B,0.39,0.442,0.322,0.316,0.363,0.165,0.001,0.033,0.113,0.065,0.03,0.337,0.0,0.157,0.0,0.061,0.037,0.745,puan,3251,0,5,4,2,2,1.2,40.2
c44_43,29.05156,41.02805,0.371,0.312,0.471,0.322,0.412,A,0.384,0.412,0.329,0.322,0.337,0.193,0.0,0.028,0.045,0.091,0.072,0.318,0.0,0.112,0.0,0.117,0.025,0.746,puan,0,0,1,0,0,0,,37.3
c44_44,29.05156,41.03254,0.326,0.265,0.452,0.27,0.37,A,0.341,0.37,0.282,0.27,0.292,0.147,0.001,0.015,0.025,0.068,0.014,0.427,0.0,0.144,0.0,0.141,0.018,0.697,puan,0,0,1,0,0,0,,26.7
c44_45,29.05156,41.03703,0.441,0.351,0.555,0.363,0.479,B,0.451,0.479,0.403,0.363,0.379,0.235,0.002,0.002,0.023,0.034,0.001,0.385,0.0,0.145,0.0,0.164,0.01,0.681,puan,0,0,1,0,0,0,,51.7
c44_46,29.05156,41.04152,0.587,0.387,0.728,0.477,0.618,B,0.594,0.618,0.557,0.477,0.514,0.285,0.0,0.005,0.022,0.075,0.0,0.173,0.0,0.129,0.022,0.106,0.183,0.56,puan,0,0,1,0,0,0,,69.5
c44_47,29.05156,41.04601,0.489,0.199,0.792,0.36,0.521,C,0.508,0.521,0.457,0.36,0.419,0.138,0.0,0.027,0.016,0.036,0.038,0.099,0.0,0.127,0.0,0.085,0.433,0.356,puan,937,0,2,1,1,0,1.1,58.0
c45_40,29.05751,41.01458,0.458,0.395,0.531,0.36,0.502,B,0.472,0.502,0.413,0.36,0.447,0.231,0.0,0.042,0.058,0.121,0.013,0.235,0.0,0.189,0.001,0.022,0.088,0.7,puan,3204,0,4,2,0,2,0.6,54.2
c45_41,29.05751,41.01907,0.436,0.388,0.498,0.392,0.466,A,0.46,0.466,0.406,0.392,0.404,0.274,0.0,0.07,0.01,0.053,0.076,0.327,0.0,0.091,0.0,0.091,0.009,0.809,puan,0,0,1,0,0,0,,50.5
c45_42,29.05751,41.02356,0.312,0.258,0.431,0.258,0.359,B,0.315,0.359,0.265,0.258,0.296,0.136,0.0,0.005,0.076,0.041,0.132,0.316,0.0,0.147,0.0,0.065,0.083,0.705,puan,2661,0,3,3,3,0,1.1,24.0
c45_43,29.05751,41.02805,0.311,0.268,0.406,0.255,0.353,A,0.319,0.353,0.269,0.255,0.286,0.148,0.001,0.004,0.04,0.101,0.087,0.344,0.0,0.157,0.0,0.112,0.004,0.726,puan,0,0,1,0,0,0,,23.8
c45_44,29.05751,41.03254,0.345,0.267,0.493,0.281,0.38,B,0.355,0.38,0.31,0.281,0.299,0.168,0.0,0.006,0.019,0.045,0.088,0.333,0.0,0.148,0.0,0.173,0.019,0.659,puan,0,0,1,0,0,0,,31.1
c45_45,29.05751,41.03703,0.397,0.341,0.483,0.325,0.433,B,0.403,0.433,0.361,0.325,0.36,0.22,0.0,0.005,0.041,0.043,0.105,0.305,0.0,0.161,0.0,0.116,0.003,0.72,puan,0,0,1,0,0,0,,43.0
c45_46,29.05751,41.04152,0.671,0.395,0.806,0.576,0.677,C,0.672,0.677,0.664,0.576,0.608,0.35,0.0,0.003,0.008,0.022,0.138,0.016,0.0,0.088,0.0,0.07,0.305,0.537,puan,0,0,1,0,0,0,,75.8
c45_47,29.05751,41.04601,0.802,0.443,0.89,0.672,0.814,C,0.808,0.814,0.789,0.672,0.696,0.383,0.0,0.008,0.003,0.004,0.001,0.1,0.0,0.096,0.0,0.092,0.312,0.5,puan,0,0,1,0,0,0,,83.3
c46_40,29.06346,41.01458,0.487,0.405,0.574,0.434,0.517,A,0.497,0.517,0.457,0.434,0.447,0.3,0.0,0.012,0.018,0.006,0.045,0.355,0.0,0.089,0.024,0.09,0.06,0.737,puan,9,0,1,0,0,0,,57.7
c46_41,29.06346,41.01907,0.766,0.683,0.792,0.705,0.785,A,0.774,0.785,0.748,0.705,0.735,0.589,0.0,0.022,0.025,0.019,0.0,0.171,0.0,0.073,0.0,0.042,0.059,0.827,puan,207,0,2,1,1,0,4.8,81.7
c46_42,29.06346,41.02356,0.506,0.452,0.559,0.45,0.534,A,0.514,0.534,0.478,0.45,0.471,0.349,0.001,0.005,0.017,0.013,0.056,0.363,0.0,0.1,0.0,0.082,0.015,0.803,puan,1053,0,3,8,7,1,7.6,60.2
c46_43,29.06346,41.02805,0.524,0.327,0.703,0.438,0.543,B,0.527,0.543,0.505,0.438,0.456,0.264,0.0,0.006,0.022,0.014,0.149,0.1,0.0,0.109,0.0,0.115,0.221,0.556,puan,0,0,1,0,0,0,,62.8
c46_44,29.06346,41.03254,0.414,0.33,0.533,0.34,0.452,B,0.423,0.452,0.376,0.34,0.359,0.218,0.0,0.001,0.022,0.079,0.019,0.341,0.0,0.147,0.0,0.161,0.011,0.68,puan,0,0,1,0,0,0,,46.4
c46_45,29.06346,41.03703,0.374,0.328,0.451,0.314,0.428,B,0.381,0.428,0.321,0.314,0.345,0.178,0.004,0.007,0.076,0.113,0.004,0.369,0.0,0.145,0.0,0.1,0.006,0.75,puan,0,0,1,0,0,0,,38.1
c46_46,29.06346,41.04152,0.327,0.221,0.546,0.264,0.371,B,0.341,0.371,0.284,0.264,0.269,0.125,0.001,0.006,0.016,0.008,0.003,0.42,0.0,0.14,0.0,0.238,0.042,0.58,puan,0,0,1,0,0,0,,27.1
c46_47,29.06346,41.04601,0.418,0.304,0.577,0.346,0.456,B,0.429,0.456,0.38,0.346,0.36,0.196,0.0,0.012,0.026,0.048,0.031,0.302,0.0,0.129,0.025,0.15,0.081,0.615,puan,0,0,1,0,0,0,,47.3
c47_40,29.06941,41.01458,0.36,0.299,0.469,0.321,0.398,A,0.375,0.398,0.321,0.322,0.33,0.196,0.0,0.013,0.009,0.052,0.005,0.482,0.0,0.089,0.0,0.111,0.044,0.756,puan,0,0,1,0,0,0,,34.8
c47_41,29.06941,41.01907,0.487,0.434,0.543,0.419,0.521,B,0.503,0.521,0.453,0.419,0.454,0.305,0.0,0.031,0.021,0.09,0.004,0.327,0.0,0.126,0.0,0.077,0.019,0.778,puan,1164,0,1,2,1,1,1.7,57.7
c47_42,29.06941,41.02356,0.511,0.439,0.58,0.455,0.547,A,0.518,0.547,0.476,0.455,0.479,0.328,0.001,0.003,0.034,0.131,0.003,0.277,0.0,0.096,0.0,0.071,0.057,0.777,puan,1116,0,4,2,2,0,1.8,60.8
c47_43,29.06941,41.02805,0.797,0.707,0.82,0.745,0.813,A,0.801,0.813,0.782,0.745,0.756,0.632,0.0,0.01,0.02,0.035,0.011,0.127,0.0,0.058,0.0,0.055,0.052,0.835,puan,0,0,1,0,0,0,,83.1
c47_44,29.06941,41.03254,0.839,0.733,0.86,0.797,0.847,A,0.842,0.847,0.832,0.797,0.809,0.662,0.0,0.0,0.003,0.02,0.03,0.092,0.0,0.043,0.033,0.036,0.081,0.807,puan,454,0,1,0,0,0,0.0,85.2
c47_45,29.06941,41.03703,0.347,0.266,0.498,0.286,0.388,B,0.355,0.388,0.306,0.286,0.307,0.161,0.002,0.001,0.031,0.042,0.054,0.369,0.0,0.141,0.0,0.145,0.054,0.659,puan,995,0,2,1,1,0,1.0,31.4
c47_46,29.06941,41.04152,0.315,0.246,0.465,0.253,0.362,B,0.327,0.362,0.269,0.253,0.274,0.121,0.002,0.001,0.025,0.046,0.0,0.415,0.0,0.15,0.07,0.168,0.003,0.61,puan,0,0,1,0,0,0,,24.8
c47_47,29.06941,41.04601,0.397,0.286,0.566,0.318,0.435,B,0.407,0.435,0.358,0.318,0.324,0.178,0.001,0.006,0.024,0.017,0.034,0.337,0.0,0.148,0.023,0.217,0.015,0.597,puan,0,0,1,0,0,0,,43.0
c40_48,29.02776,41.0505,0.365,0.252,0.562,0.273,0.433,B,0.369,0.433,0.297,0.273,0.35,0.106,0.0,0.015,0.102,0.064,0.0,0.273,0.0,0.19,0.0,0.038,0.213,0.56,puan,922,0,3,7,7,0,7.6,35.7
c40_49,29.02776,41.05499,0.307,0.253,0.429,0.252,0.353,B,0.323,0.353,0.262,0.252,0.283,0.131,0.0,0.015,0.023,0.037,0.0,0.492,0.0,0.153,0.0,0.107,0.042,0.698,puan,0,0,1,0,0,0,,23.0
c40_50,29.02776,41.05948,0.357,0.295,0.469,0.301,0.413,B,0.366,0.413,0.301,0.321,0.327,0.153,0.002,0.017,0.081,0.031,0.0,0.444,0.0,0.081,0.036,0.11,0.045,0.728,puan,0,0,1,0,0,0,,33.9
c40_51,29.02776,41.06397,0.309,0.23,0.486,0.26,0.357,B,0.323,0.357,0.261,0.26,0.283,0.118,0.0,0.014,0.032,0.064,0.001,0.415,0.0,0.122,0.013,0.108,0.114,0.643,puan,0,0,1,0,0,0,,23.3
c40_52,29.02776,41.06846,0.704,0.306,0.871,0.559,0.738,C,0.71,0.738,0.671,0.559,0.633,0.239,0.0,0.015,0.037,0.069,0.0,0.031,0.0,0.101,0.0,0.054,0.453,0.391,puan,0,0,1,0,0,0,,77.9
c40_53,29.02776,41.07295,0.682,0.405,0.811,0.549,0.729,C,0.687,0.729,0.635,0.549,0.664,0.284,0.0,0.036,0.088,0.056,0.012,0.042,0.0,0.126,0.0,0.018,0.337,0.519,puan,0,0,1,0,0,0,,76.4
c40_54,29.02776,41.07744,0.444,0.24,0.699,0.339,0.525,C,0.439,0.525,0.362,0.339,0.424,0.104,0.0,0.028,0.144,0.1,0.035,0.053,0.0,0.143,0.0,0.031,0.362,0.464,puan,1155,0,2,10,10,0,8.7,52.3
c40_55,29.02776,41.08193,0.505,0.334,0.673,0.42,0.552,B,0.508,0.552,0.459,0.42,0.466,0.224,0.0,0.012,0.072,0.032,0.036,0.205,0.0,0.118,0.0,0.067,0.232,0.583,puan,0,0,1,0,0,0,,60.0
c41_48,29.03371,41.0505,0.313,0.222,0.514,0.259,0.368,B,0.338,0.368,0.259,0.26,0.302,0.094,0.0,0.06,0.051,0.016,0.0,0.398,0.0,0.126,0.0,0.041,0.215,0.619,puan,424,0,2,1,1,0,2.4,24.3
c41_49,29.03371,41.05499,0.667,0.473,0.764,0.603,0.699,B,0.669,0.699,0.635,0.603,0.638,0.385,0.0,0.005,0.051,0.004,0.001,0.212,0.0,0.07,0.0,0.038,0.233,0.659,puan,511,0,2,1,1,0,2.0,75.6
c41_50,29.03371,41.05948,0.851,0.448,0.921,0.728,0.876,C,0.855,0.876,0.825,0.728,0.783,0.374,0.0,0.025,0.046,0.023,0.0,0.016,0.0,0.082,0.0,0.05,0.384,0.484,puan,624,0,2,3,3,0,4.8,85.7
c41_51,29.03371,41.06397,0.724,0.285,0.891,0.565,0.756,C,0.729,0.756,0.691,0.565,0.605,0.224,0.0,0.014,0.034,0.077,0.0,0.005,0.0,0.099,0.0,0.088,0.459,0.354,puan,0,0,1,0,0,0,,78.9
c41_52,29.03371,41.06846,0.188,0.13,0.437,0.141,0.235,B,0.205,0.235,0.141,0.176,0.185,0.046,0.0,0.002,0.003,0.611,0.0,0.0,0.0,0.045,0.0,0.036,0.257,0.662,puan,0,0,1,0,0,0,,12.1
c41_53,29.03371,41.07295,0.832,0.404,0.918,0.677,0.854,C,0.835,0.854,0.809,0.677,0.792,0.336,0.0,0.013,0.032,0.043,0.0,0.014,0.0,0.1,0.0,0.026,0.437,0.437,puan,0,0,1,0,0,0,,84.9
c41_54,29.03371,41.07744,0.583,0.266,0.81,0.456,0.641,C,0.579,0.641,0.525,0.456,0.563,0.176,0.001,0.006,0.08,0.086,0.001,0.055,0.0,0.113,0.0,0.018,0.463,0.405,puan,251,0,2,0,0,0,0.0,69.1
c41_55,29.03371,41.08193,0.634,0.217,0.875,0.435,0.716,C,0.614,0.716,0.551,0.435,0.545,0.126,0.0,0.003,0.106,0.048,0.0,0.013,0.0,0.135,0.0,0.063,0.507,0.296,puan,424,0,2,0,0,0,0.0,73.4
c42_51,29.03966,41.06397,0.437,0.16,0.794,0.315,0.488,C,0.441,0.488,0.385,0.315,0.363,0.098,0.0,0.003,0.036,0.184,0.0,0.0,0.0,0.123,0.0,0.099,0.457,0.321,puan,1114,0,2,6,6,0,5.4,50.7
c42_52,29.03966,41.06846,0.341,0.159,0.692,0.253,0.392,C,0.349,0.392,0.29,0.253,0.287,0.085,0.0,0.003,0.031,0.282,0.001,0.0,0.0,0.14,0.0,0.132,0.327,0.402,puan,138,0,1,4,4,0,29.1,30.1
c42_53,29.03966,41.07295,0.903,0.33,0.965,0.682,0.911,C,0.905,0.911,0.895,0.682,0.79,0.288,0.0,0.001,0.005,0.033,0.0,0.0,0.0,0.106,0.0,0.055,0.512,0.326,puan,0,0,1,0,0,0,,88.0
c42_54,29.03966,41.07744,0.754,0.362,0.882,0.635,0.783,C,0.757,0.783,0.726,0.635,0.748,0.299,0.0,0.009,0.036,0.095,0.0,0.002,0.0,0.083,0.0,0.005,0.472,0.44,puan,0,0,1,0,0,0,,81.1
c42_55,29.03966,41.08193,0.55,0.155,0.874,0.367,0.606,C,0.551,0.606,0.495,0.367,0.521,0.1,0.003,0.003,0.041,0.084,0.0,0.015,0.0,0.123,0.0,0.018,0.612,0.246,puan,382,0,2,1,0,1,2.6,66.1
c43_52,29.04561,41.06846,0.61,0.216,0.862,0.39,0.674,C,0.604,0.674,0.546,0.39,0.497,0.13,0.0,0.011,0.073,0.073,0.007,0.0,0.0,0.166,0.0,0.09,0.449,0.295,puan,813,0,1,4,4,0,4.9,71.5
c43_53,29.04561,41.07295,0.829,0.345,0.929,0.596,0.866,C,0.821,0.866,0.792,0.596,0.684,0.263,0.0,0.003,0.057,0.035,0.0,0.0,0.0,0.14,0.0,0.093,0.409,0.358,puan,1051,0,2,0,0,0,0.0,84.8
c43_54,29.04561,41.07744,0.69,0.373,0.833,0.533,0.763,C,0.672,0.763,0.617,0.533,0.674,0.236,0.0,0.003,0.151,0.077,0.0,0.0,0.0,0.137,0.0,0.014,0.383,0.466,puan,1080,0,2,3,3,0,2.8,77.0
c43_55,29.04561,41.08193,0.449,0.158,0.806,0.324,0.515,C,0.506,0.515,0.382,0.324,0.431,0.074,0.07,0.001,0.03,0.135,0.0,0.0,0.0,0.12,0.0,0.018,0.552,0.31,puan,0,0,1,0,0,0,,53.0
c44_48,29.05156,41.0505,0.506,0.424,0.587,0.423,0.579,B,0.525,0.579,0.433,0.423,0.499,0.205,0.0,0.112,0.178,0.097,0.0,0.126,0.0,0.142,0.0,0.015,0.125,0.718,puan,657,0,2,5,5,0,7.6,60.2
c44_49,29.05156,41.05499,0.485,0.354,0.624,0.413,0.534,B,0.475,0.534,0.435,0.413,0.474,0.232,0.0,0.007,0.137,0.087,0.185,0.0,0.0,0.113,0.0,0.02,0.219,0.648,puan,627,0,2,0,0,0,0.0,57.5
c44_50,29.05156,41.05948,0.327,0.3,0.382,0.289,0.328,A,0.327,0.328,0.325,0.289,0.326,0.265,0.0,0.0,0.001,0.015,0.532,0.006,0.0,0.108,0.0,0.004,0.069,0.819,puan,503,0,2,0,0,0,0.0,27.1
c44_55,29.05156,41.08193,0.556,0.372,0.703,0.475,0.703,C,0.703,0.636,0.475,0.505,0.534,0.151,0.371,0.008,0.022,0.075,0.0,0.0,0.0,0.063,0.0,0.034,0.276,0.627,puan,483,0,2,1,1,0,2.1,66.7
c45_48,29.05751,41.0505,0.507,0.478,0.535,0.436,0.542,B,0.522,0.542,0.471,0.436,0.494,0.32,0.001,0.039,0.037,0.092,0.016,0.287,0.0,0.128,0.033,0.027,0.021,0.791,puan,257,0,2,0,0,0,0.0,60.3
c45_49,29.05751,41.05499,0.545,0.507,0.577,0.502,0.588,A,0.537,0.588,0.502,0.511,0.542,0.381,0.0,0.013,0.159,0.029,0.222,0.073,0.0,0.059,0.0,0.006,0.059,0.876,puan,0,0,1,0,0,0,,65.5
c45_50,29.05751,41.05948,0.397,0.32,0.514,0.357,0.445,A,0.445,0.426,0.368,0.357,0.397,0.215,0.138,0.001,0.001,0.086,0.278,0.022,0.0,0.082,0.0,0.001,0.177,0.74,puan,0,0,1,0,0,0,,43.0
c45_51,29.05751,41.06397,0.641,0.547,0.693,0.577,0.768,B,0.768,0.703,0.577,0.613,0.633,0.318,0.422,0.001,0.002,0.047,0.0,0.033,0.0,0.036,0.0,0.013,0.128,0.823,puan,468,0,2,0,0,0,0.0,73.8
c45_52,29.05751,41.06846,0.876,0.548,0.923,0.723,0.888,B,0.879,0.888,0.865,0.723,0.815,0.467,0.0,0.006,0.013,0.05,0.0,0.016,0.0,0.117,0.0,0.049,0.281,0.552,puan,840,0,2,0,0,0,0.0,86.8
c45_53,29.05751,41.07295,0.828,0.53,0.89,0.705,0.848,B,0.848,0.844,0.812,0.705,0.724,0.439,0.0,0.06,0.015,0.062,0.0,0.0,0.0,0.1,0.0,0.1,0.224,0.576,puan,751,0,2,0,0,0,0.0,84.8
c46_48,29.06346,41.0505,0.377,0.305,0.495,0.305,0.426,B,0.385,0.426,0.327,0.305,0.331,0.171,0.001,0.005,0.054,0.059,0.0,0.391,0.0,0.16,0.0,0.15,0.009,0.681,puan,0,0,1,0,0,0,,38.9
c46_49,29.06346,41.05499,0.337,0.274,0.461,0.29,0.376,A,0.349,0.376,0.299,0.29,0.299,0.172,0.0,0.007,0.02,0.074,0.057,0.39,0.0,0.116,0.0,0.161,0.004,0.719,puan,0,0,1,0,0,0,,29.0
c46_50,29.06346,41.05948,0.504,0.399,0.607,0.45,0.559,B,0.559,0.553,0.454,0.45,0.458,0.246,0.138,0.015,0.022,0.058,0.002,0.243,0.0,0.086,0.0,0.098,0.092,0.724,puan,0,0,1,0,0,0,,59.7
c46_51,29.06346,41.06397,0.359,0.303,0.459,0.283,0.504,C,0.504,0.434,0.283,0.336,0.349,0.048,0.466,0.004,0.015,0.051,0.177,0.038,0.0,0.054,0.0,0.036,0.111,0.799,puan,0,0,1,0,0,0,,34.6
c46_52,29.06346,41.06846,0.352,0.211,0.611,0.284,0.392,B,0.369,0.392,0.312,0.284,0.324,0.129,0.0,0.016,0.011,0.089,0.012,0.269,0.0,0.125,0.0,0.074,0.276,0.525,puan,0,0,1,0,0,0,,32.7
c46_53,29.06346,41.07295,0.876,0.676,0.904,0.799,0.883,B,0.883,0.883,0.868,0.799,0.828,0.61,0.0,0.023,0.007,0.033,0.015,0.031,0.0,0.069,0.0,0.049,0.163,0.719,puan,116,0,2,0,0,0,0.0,86.8
c46_54,29.06346,41.07744,0.914,0.747,0.929,0.849,0.924,A,0.924,0.922,0.906,0.849,0.892,0.678,0.0,0.042,0.01,0.04,0.0,0.0,0.0,0.058,0.001,0.022,0.15,0.77,puan,505,0,3,1,1,0,2.0,88.3
c47_48,29.06941,41.0505,0.361,0.272,0.52,0.303,0.402,B,0.371,0.402,0.321,0.303,0.307,0.167,0.0,0.004,0.029,0.012,0.04,0.395,0.0,0.125,0.013,0.193,0.021,0.648,puan,0,0,1,0,0,0,,35.0
c47_49,29.06941,41.05499,0.391,0.298,0.534,0.331,0.427,B,0.408,0.427,0.354,0.331,0.336,0.193,0.0,0.033,0.022,0.072,0.057,0.294,0.0,0.122,0.0,0.172,0.035,0.671,puan,0,0,1,0,0,0,,41.9
c47_50,29.06941,41.05948,0.33,0.23,0.533,0.282,0.374,B,0.341,0.374,0.287,0.282,0.286,0.131,0.001,0.012,0.036,0.021,0.056,0.349,0.0,0.104,0.026,0.169,0.094,0.607,puan,0,0,1,0,0,0,,27.8
c47_51,29.06941,41.06397,0.26,0.168,0.521,0.216,0.302,B,0.273,0.302,0.218,0.216,0.233,0.083,0.0,0.022,0.035,0.058,0.115,0.256,0.0,0.117,0.005,0.146,0.164,0.568,puan,0,0,1,0,0,0,,17.4
c47_52,29.06941,41.06846,0.387,0.258,0.59,0.316,0.425,B,0.4,0.425,0.348,0.316,0.359,0.167,0.0,0.008,0.011,0.133,0.001,0.262,0.0,0.13,0.0,0.07,0.219,0.582,puan,0,0,1,0,0,0,,41.0
c47_53,29.06941,41.07295,0.592,0.203,0.86,0.383,0.634,C,0.596,0.634,0.55,0.383,0.471,0.14,0.002,0.003,0.03,0.098,0.0,0.017,0.0,0.158,0.0,0.101,0.452,0.289,puan,488,0,2,0,0,0,0.0,70.1
c47_54,29.06941,41.07744,0.684,0.272,0.874,0.526,0.72,C,0.688,0.72,0.647,0.526,0.668,0.208,0.0,0.012,0.037,0.099,0.0,0.0,0.0,0.107,0.0,0.01,0.528,0.355,puan,1429,0,4,2,2,0,1.4,76.6
c47_55,29.06941,41.08193,0.626,0.459,0.726,0.537,0.708,B,0.708,0.685,0.568,0.537,0.623,0.27,0.205,0.022,0.041,0.114,0.001,0.0,0.0,0.109,0.0,0.004,0.234,0.654,puan,1527,0,5,4,4,0,2.6,73.0
c40_56,29.02776,41.08642,0.366,0.319,0.448,0.328,0.404,A,0.381,0.404,0.328,0.338,0.346,0.211,0.002,0.031,0.035,0.09,0.087,0.355,0.0,0.068,0.0,0.071,0.05,0.811,puan,0,0,1,0,0,0,,35.9
c40_57,29.02776,41.09091,0.204,0.167,0.347,0.173,0.229,A,0.204,0.229,0.178,0.173,0.195,0.1,0.0,0.005,0.052,0.026,0.413,0.122,0.0,0.127,0.0,0.083,0.074,0.716,puan,1276,0,3,0,0,0,0.0,13.1
c40_58,29.02776,41.0954,0.216,0.194,0.298,0.176,0.24,A,0.224,0.24,0.192,0.176,0.216,0.115,0.0,0.003,0.007,0.167,0.291,0.162,0.0,0.168,0.0,0.002,0.085,0.745,puan,1991,0,4,0,0,0,0.0,13.9
c40_59,29.02776,41.09989,0.343,0.316,0.397,0.271,0.5,C,0.5,0.415,0.271,0.341,0.343,0.037,0.564,0.024,0.0,0.022,0.265,0.0,0.0,0.007,0.0,0.0,0.081,0.913,puan,136,0,1,0,0,0,0.0,30.6
c40_60,29.02776,41.10438,0.446,0.446,0.446,0.348,0.642,C,0.642,0.543,0.348,0.446,0.446,0.053,0.792,0.0,0.006,0.149,0.0,0.0,0.0,0.0,0.0,0.0,0.0,1.0,puan,0,0,1,0,0,0,,52.5
c40_61,29.02776,41.10887,0.46,0.383,0.551,0.344,0.576,C,0.554,0.576,0.344,0.419,0.458,0.065,0.346,0.002,0.216,0.126,0.0,0.014,0.0,0.075,0.0,0.005,0.151,0.77,puan,1682,0,3,11,11,0,6.5,54.4
c40_62,29.02776,41.11336,0.249,0.203,0.39,0.21,0.277,A,0.258,0.277,0.222,0.21,0.238,0.124,0.016,0.004,0.034,0.085,0.319,0.122,0.0,0.133,0.0,0.071,0.091,0.705,puan,649,0,1,1,0,1,1.5,16.1
c40_63,29.02776,41.11785,0.297,0.223,0.471,0.26,0.37,B,0.37,0.334,0.26,0.27,0.283,0.038,0.0,0.133,0.019,0.001,0.112,0.044,0.0,0.034,0.504,0.031,0.084,0.347,puan,225,0,1,0,0,0,0.0,21.6
c41_56,29.03371,41.08642,0.445,0.239,0.703,0.349,0.517,C,0.442,0.517,0.374,0.349,0.394,0.122,0.0,0.011,0.107,0.05,0.0,0.177,0.0,0.129,0.0,0.088,0.316,0.467,puan,0,0,1,0,0,0,,52.5
c41_57,29.03371,41.09091,0.563,0.445,0.655,0.429,0.605,B,0.565,0.605,0.521,0.429,0.539,0.289,0.0,0.005,0.065,0.05,0.011,0.213,0.0,0.198,0.0,0.037,0.132,0.633,puan,3980,0,5,5,5,0,1.3,67.4
c41_58,29.03371,41.0954,0.251,0.25,0.254,0.198,0.305,B,0.262,0.305,0.198,0.211,0.251,0.097,0.001,0.003,0.052,0.345,0.0,0.339,0.0,0.159,0.0,0.003,0.0,0.837,puan,0,0,1,0,0,0,,16.4
c41_59,29.03371,41.09989,0.401,0.39,0.418,0.32,0.558,C,0.558,0.482,0.32,0.369,0.401,0.073,0.562,0.001,0.005,0.058,0.098,0.099,0.0,0.079,0.0,0.001,0.025,0.895,puan,1193,0,2,0,0,0,0.0,44.0
c41_60,29.03371,41.10438,0.464,0.464,0.465,0.353,0.699,C,0.699,0.575,0.353,0.464,0.464,0.008,0.956,0.0,0.008,0.027,0.0,0.0,0.0,0.0,0.0,0.0,0.001,0.999,puan,0,0,1,0,0,0,,54.9
c41_61,29.03371,41.10887,0.483,0.45,0.519,0.366,0.631,C,0.631,0.6,0.366,0.452,0.481,0.059,0.567,0.008,0.171,0.061,0.0,0.008,0.0,0.061,0.0,0.006,0.06,0.874,puan,1458,0,2,3,2,1,2.1,57.2
c41_62,29.03371,41.11336,0.276,0.239,0.374,0.222,0.33,B,0.295,0.33,0.222,0.236,0.258,0.096,0.001,0.038,0.052,0.286,0.0,0.279,0.0,0.129,0.0,0.101,0.017,0.753,puan,1321,0,2,0,0,0,0.0,19.1
c41_63,29.03371,41.11785,0.395,0.274,0.58,0.29,0.439,B,0.408,0.439,0.35,0.29,0.314,0.132,0.0,0.013,0.026,0.053,0.001,0.251,0.0,0.173,0.139,0.204,0.007,0.478,puan,846,0,2,2,2,0,2.4,42.6
c42_56,29.03966,41.08642,0.403,0.251,0.628,0.333,0.472,B,0.465,0.472,0.333,0.338,0.378,0.099,0.124,0.019,0.055,0.039,0.0,0.221,0.0,0.106,0.0,0.055,0.282,0.557,puan,438,0,2,1,1,0,2.3,44.2
c42_57,29.03966,41.09091,0.559,0.348,0.725,0.38,0.596,C,0.563,0.596,0.522,0.38,0.544,0.224,0.0,0.001,0.033,0.098,0.001,0.124,0.0,0.227,0.0,0.017,0.275,0.482,puan,5588,0,10,1,1,0,0.2,67.1
c42_58,29.03966,41.0954,0.305,0.217,0.507,0.236,0.354,B,0.318,0.354,0.257,0.236,0.253,0.106,0.002,0.006,0.029,0.11,0.001,0.332,0.0,0.174,0.0,0.239,0.0,0.587,puan,0,0,1,0,0,0,,22.7
c42_59,29.03966,41.09989,0.428,0.302,0.597,0.353,0.461,B,0.461,0.461,0.395,0.353,0.383,0.195,0.05,0.031,0.021,0.005,0.142,0.169,0.0,0.131,0.0,0.106,0.151,0.612,puan,1423,0,3,2,2,0,1.4,49.2
c42_60,29.03966,41.10438,0.672,0.2,0.903,0.406,0.735,C,0.716,0.735,0.609,0.406,0.417,0.117,0.049,0.006,0.041,0.034,0.002,0.0,0.0,0.163,0.0,0.218,0.37,0.249,puan,0,0,1,0,0,0,,76.0
c42_61,29.03966,41.10887,0.822,0.273,0.941,0.571,0.878,C,0.808,0.878,0.767,0.571,0.625,0.196,0.001,0.004,0.076,0.012,0.0,0.0,0.0,0.127,0.0,0.114,0.469,0.289,puan,9,0,1,0,0,0,,84.5
c42_62,29.03966,41.11336,0.434,0.339,0.559,0.377,0.517,B,0.517,0.481,0.387,0.377,0.404,0.149,0.0,0.286,0.037,0.126,0.005,0.093,0.0,0.106,0.0,0.076,0.121,0.697,puan,1202,0,2,7,7,0,5.8,50.2
c42_63,29.03966,41.11785,0.368,0.313,0.462,0.32,0.457,B,0.457,0.415,0.32,0.327,0.332,0.11,0.001,0.329,0.022,0.064,0.0,0.244,0.0,0.096,0.0,0.132,0.003,0.77,puan,224,0,1,0,0,0,0.0,36.5
c43_56,29.04561,41.08642,0.505,0.295,0.711,0.416,0.606,C,0.606,0.593,0.416,0.417,0.461,0.104,0.227,0.004,0.075,0.109,0.002,0.0,0.0,0.11,0.0,0.067,0.304,0.52,puan,185,0,1,1,1,0,5.4,60.0
c43_57,29.04561,41.09091,0.76,0.52,0.836,0.507,0.775,C,0.766,0.775,0.745,0.507,0.668,0.367,0.001,0.003,0.004,0.023,0.001,0.109,0.0,0.255,0.0,0.086,0.149,0.51,puan,5906,0,6,0,0,0,0.0,81.3
c43_58,29.04561,41.0954,0.382,0.243,0.607,0.29,0.413,B,0.391,0.413,0.35,0.29,0.318,0.161,0.0,0.001,0.009,0.015,0.065,0.278,0.0,0.168,0.0,0.175,0.127,0.529,puan,796,0,2,0,0,0,0.0,40.2
c43_59,29.04561,41.09989,0.411,0.215,0.692,0.328,0.417,C,0.412,0.417,0.405,0.328,0.35,0.182,0.0,0.003,0.008,0.006,0.246,0.017,0.0,0.117,0.0,0.124,0.296,0.462,puan,1213,0,2,0,0,0,0.0,46.0
c43_60,29.04561,41.10438,0.732,0.18,0.934,0.441,0.8,C,0.72,0.8,0.664,0.441,0.486,0.117,0.0,0.008,0.065,0.008,0.0,0.014,0.0,0.14,0.0,0.145,0.503,0.212,puan,0,0,1,0,0,0,,79.7
c43_61,29.04561,41.10887,0.756,0.183,0.941,0.475,0.778,C,0.762,0.778,0.733,0.475,0.485,0.146,0.0,0.007,0.011,0.007,0.003,0.038,0.0,0.125,0.0,0.159,0.504,0.212,puan,280,0,2,0,0,0,0.0,81.2
c43_62,29.04561,41.11336,0.306,0.191,0.565,0.269,0.343,B,0.318,0.343,0.269,0.269,0.269,0.118,0.0,0.021,0.032,0.019,0.129,0.257,0.0,0.079,0.0,0.149,0.196,0.577,puan,835,0,2,0,0,0,0.0,22.8
c43_63,29.04561,41.11785,0.732,0.507,0.814,0.616,0.756,B,0.737,0.756,0.708,0.623,0.616,0.411,0.0,0.011,0.03,0.034,0.002,0.127,0.0,0.108,0.004,0.146,0.127,0.615,puan,421,0,1,0,0,0,0.0,79.7
c44_56,29.05156,41.08642,0.758,0.494,0.842,0.684,0.845,B,0.845,0.806,0.71,0.684,0.718,0.346,0.214,0.007,0.019,0.02,0.0,0.003,0.0,0.065,0.0,0.041,0.285,0.609,puan,0,0,1,0,0,0,,81.3
c44_57,29.05156,41.09091,0.81,0.466,0.891,0.631,0.838,C,0.827,0.838,0.782,0.631,0.742,0.358,0.036,0.004,0.032,0.018,0.0,0.046,0.0,0.141,0.0,0.055,0.31,0.495,puan,1105,0,1,0,0,0,0.0,83.7
c44_58,29.05156,41.0954,0.61,0.509,0.674,0.536,0.64,B,0.616,0.64,0.579,0.536,0.564,0.397,0.001,0.009,0.035,0.006,0.0,0.301,0.0,0.103,0.0,0.079,0.069,0.749,puan,1529,0,2,7,7,0,4.6,71.5
c44_59,29.05156,41.09989,0.738,0.14,0.95,0.417,0.798,C,0.736,0.798,0.678,0.417,0.448,0.094,0.002,0.01,0.042,0.008,0.001,0.008,0.0,0.127,0.0,0.148,0.56,0.165,puan,352,0,1,2,2,0,5.7,80.2
c44_60,29.05156,41.10438,0.934,0.309,0.978,0.667,0.946,C,0.933,0.946,0.923,0.679,0.667,0.266,0.0,0.001,0.013,0.014,0.0,0.0,0.0,0.111,0.0,0.145,0.451,0.294,puan,0,0,1,0,0,0,,89.2
c44_61,29.05156,41.10887,0.987,0.953,0.987,0.964,0.989,A,0.989,0.989,0.984,0.964,0.98,0.923,0.0,0.013,0.008,0.001,0.0,0.0,0.0,0.022,0.0,0.007,0.026,0.945,puan,769,0,2,2,2,0,2.6,92.0
c44_62,29.05156,41.11336,0.725,0.222,0.916,0.45,0.78,C,0.725,0.78,0.669,0.483,0.45,0.151,0.002,0.016,0.059,0.01,0.0,0.026,0.0,0.133,0.0,0.225,0.376,0.266,puan,1478,0,3,11,11,0,7.4,79.1
c44_63,29.05156,41.11785,0.653,0.195,0.896,0.415,0.724,C,0.671,0.724,0.581,0.415,0.464,0.11,0.004,0.043,0.071,0.028,0.0,0.0,0.0,0.146,0.0,0.141,0.457,0.255,puan,941,0,2,2,2,0,2.1,74.4
c45_56,29.05751,41.08642,0.865,0.258,0.96,0.611,0.896,C,0.876,0.896,0.833,0.611,0.742,0.203,0.008,0.016,0.032,0.006,0.0,0.0,0.0,0.11,0.0,0.053,0.571,0.266,puan,502,0,2,2,2,0,4.0,86.2
c45_57,29.05751,41.09091,0.463,0.204,0.763,0.296,0.523,C,0.462,0.523,0.402,0.296,0.386,0.109,0.0,0.004,0.062,0.026,0.001,0.152,0.0,0.199,0.0,0.104,0.343,0.353,puan,548,0,2,0,0,0,0.0,54.8
c45_60,29.05751,41.10438,0.877,0.301,0.958,0.628,0.914,C,0.871,0.914,0.84,0.628,0.704,0.235,0.0,0.008,0.052,0.007,0.0,0.0,0.0,0.12,0.0,0.091,0.487,0.302,puan,532,0,2,2,2,0,3.8,87.0
c45_61,29.05751,41.10887,0.986,0.681,0.99,0.891,0.99,B,0.987,0.99,0.982,0.891,0.917,0.626,0.0,0.006,0.011,0.0,0.0,0.0,0.0,0.069,0.0,0.056,0.232,0.643,puan,592,0,2,1,1,0,1.7,91.8
c45_62,29.05751,41.11336,0.868,0.374,0.943,0.647,0.899,C,0.869,0.899,0.838,0.647,0.807,0.294,0.009,0.006,0.047,0.014,0.006,0.0,0.0,0.128,0.0,0.034,0.463,0.375,puan,1630,0,5,9,9,0,5.5,86.3
c45_63,29.05751,41.11785,0.895,0.279,0.967,0.68,0.906,C,0.897,0.906,0.884,0.68,0.703,0.245,0.0,0.004,0.008,0.027,0.0,0.0,0.0,0.09,0.0,0.094,0.532,0.284,puan,0,0,1,0,0,0,,87.7
c46_63,29.06346,41.11785,0.727,0.219,0.918,0.472,0.771,C,0.725,0.771,0.684,0.472,0.56,0.158,0.0,0.007,0.042,0.044,0.0,0.008,0.0,0.14,0.0,0.1,0.502,0.259,puan,589,0,2,0,0,0,0.0,79.3
c47_56,29.06941,41.08642,0.84,0.519,0.901,0.71,0.851,B,0.843,0.851,0.828,0.71,0.838,0.45,0.0,0.004,0.007,0.095,0.0,0.0,0.0,0.101,0.0,0.002,0.341,0.556,puan,510,0,2,0,0,0,0.0,85.3
c47_57,29.06941,41.09091,0.975,0.791,0.98,0.864,0.977,B,0.975,0.977,0.973,0.864,0.969,0.713,0.0,0.001,0.002,0.019,0.0,0.0,0.0,0.094,0.0,0.005,0.165,0.735,puan,1065,0,1,0,0,0,0.0,91.1
c47_58,29.06941,41.0954,0.989,0.781,0.991,0.922,0.99,B,0.989,0.99,0.988,0.922,0.957,0.736,0.0,0.002,0.003,0.006,0.001,0.0,0.0,0.055,0.0,0.028,0.17,0.747,puan,525,0,2,1,1,0,1.9,92.1
c47_59,29.06941,41.09989,0.686,0.115,0.948,0.378,0.741,C,0.68,0.741,0.631,0.378,0.462,0.08,0.0,0.004,0.031,0.032,0.0,0.0,0.0,0.12,0.0,0.098,0.636,0.147,puan,122,0,1,0,0,0,0.0,76.8
c47_60,29.06941,41.10438,0.919,0.199,0.982,0.533,0.93,C,0.927,0.93,0.907,0.533,0.68,0.164,0.0,0.01,0.007,0.006,0.0,0.0,0.0,0.135,0.0,0.08,0.597,0.187,puan,696,0,2,0,0,0,0.0,88.5
c40_64,29.02776,41.12234,0.621,0.573,0.649,0.566,0.723,B,0.723,0.663,0.579,0.566,0.583,0.015,0.0,0.021,0.003,0.0,0.0,0.0,0.0,0.004,0.955,0.003,0.0,0.039,kanıt yetersiz,0,0,1,0,0,0,,
c40_65,29.02776,41.12683,0.338,0.285,0.441,0.259,0.417,B,0.346,0.417,0.259,0.303,0.308,0.078,0.0,0.046,0.149,0.254,0.002,0.108,0.0,0.074,0.171,0.103,0.014,0.637,puan,0,0,1,0,0,0,,29.3
c40_66,29.02776,41.13132,0.405,0.122,0.821,0.353,0.443,C,0.423,0.443,0.367,0.353,0.379,0.086,0.0,0.012,0.006,0.067,0.0,0.117,0.0,0.043,0.0,0.03,0.639,0.289,puan,150,0,1,0,0,0,0.0,44.6
c40_67,29.02776,41.13581,0.715,0.068,0.973,0.461,0.794,C,0.794,0.735,0.695,0.461,0.68,0.051,0.0,0.037,0.0,0.0,0.003,0.0,0.0,0.05,0.0,0.006,0.853,0.091,kanıt yetersiz,1284,0,2,4,4,0,3.1,
c40_68,29.02776,41.1403,0.805,0.438,0.894,0.668,0.826,C,0.82,0.826,0.785,0.668,0.792,0.342,0.0,0.038,0.024,0.034,0.001,0.028,0.0,0.096,0.048,0.009,0.381,0.466,puan,2943,0,4,9,9,0,3.1,83.3
c40_69,29.02776,41.14479,0.974,0.37,0.99,0.863,0.977,C,0.974,0.977,0.97,0.863,0.943,0.35,0.0,0.0,0.004,0.008,0.0,0.0,0.0,0.047,0.0,0.014,0.577,0.362,puan,996,0,2,0,0,0,0.0,91.0
c40_70,29.02776,41.14928,0.997,0.173,0.999,0.744,0.998,C,0.996,0.998,0.995,0.744,0.942,0.163,0.0,0.0,0.001,0.0,0.0,0.0,0.0,0.056,0.0,0.011,0.77,0.164,puan,1252,0,2,0,0,0,0.0,93.4
c40_71,29.02776,41.15377,0.901,0.553,0.939,0.76,0.907,B,0.904,0.907,0.894,0.76,0.891,0.487,0.0,0.005,0.002,0.058,0.0,0.0,0.0,0.102,0.0,0.007,0.339,0.552,puan,3046,0,4,3,3,0,1.0,87.9
c41_64,29.03371,41.12234,0.398,0.392,0.407,0.349,0.442,A,0.42,0.442,0.354,0.349,0.395,0.207,0.002,0.056,0.038,0.164,0.002,0.299,0.0,0.108,0.113,0.008,0.004,0.768,puan,0,0,1,0,0,0,,43.4
c41_65,29.03371,41.12683,0.419,0.332,0.539,0.345,0.46,B,0.433,0.46,0.377,0.345,0.359,0.206,0.001,0.021,0.031,0.11,0.002,0.302,0.0,0.144,0.009,0.172,0.003,0.671,puan,0,0,1,0,0,0,,47.7
c41_66,29.03371,41.13132,0.51,0.077,0.926,0.345,0.539,C,0.521,0.539,0.481,0.365,0.345,0.062,0.0,0.001,0.001,0.003,0.0,0.075,0.0,0.056,0.0,0.106,0.696,0.142,puan,0,0,1,0,0,0,,60.7
c41_67,29.03371,41.13581,1.0,0.036,1.0,0.69,1.0,C,1.0,1.0,1.0,0.69,0.998,0.035,0.0,0.0,0.0,0.0,0.0,0.0,0.0,0.016,0.0,0.0,0.949,0.035,kanıt yetersiz,196,0,1,2,2,0,10.2,
c41_68,29.03371,41.1403,0.715,0.446,0.822,0.595,0.747,B,0.746,0.747,0.683,0.595,0.631,0.329,0.002,0.091,0.041,0.05,0.0,0.04,0.0,0.111,0.0,0.092,0.242,0.554,puan,993,0,2,10,6,4,10.1,78.4
c41_69,29.03371,41.14479,0.768,0.318,0.904,0.524,0.814,C,0.765,0.814,0.722,0.524,0.556,0.223,0.0,0.015,0.065,0.034,0.0,0.011,0.0,0.162,0.0,0.171,0.321,0.347,puan,0,0,1,0,0,0,,81.8
c41_70,29.03371,41.14928,0.971,0.392,0.988,0.716,0.98,C,0.969,0.98,0.962,0.732,0.716,0.338,0.001,0.0,0.015,0.003,0.0,0.0,0.0,0.116,0.0,0.154,0.373,0.356,puan,0,0,1,0,0,0,,90.8
c41_71,29.03371,41.15377,0.857,0.729,0.879,0.764,0.861,A,0.857,0.861,0.854,0.764,0.838,0.654,0.0,0.001,0.013,0.001,0.102,0.0,0.0,0.095,0.0,0.021,0.114,0.77,puan,2328,0,4,8,8,0,3.4,86.1
c42_64,29.03966,41.12234,0.521,0.443,0.593,0.432,0.556,B,0.531,0.556,0.486,0.432,0.476,0.309,0.0,0.019,0.035,0.046,0.017,0.297,0.0,0.148,0.0,0.094,0.034,0.724,puan,1394,0,3,7,7,0,5.0,62.3
c42_65,29.03966,41.12683,0.466,0.327,0.625,0.359,0.502,B,0.476,0.502,0.429,0.359,0.379,0.214,0.0,0.007,0.019,0.008,0.0,0.327,0.0,0.171,0.009,0.197,0.048,0.575,puan,0,0,1,0,0,0,,55.2
c42_66,29.03966,41.13132,0.476,0.203,0.776,0.369,0.529,C,0.478,0.529,0.424,0.369,0.403,0.13,0.001,0.002,0.049,0.042,0.0,0.155,0.0,0.111,0.0,0.1,0.409,0.38,puan,0,0,1,0,0,0,,56.3
c42_67,29.03966,41.13581,0.732,0.19,0.931,0.504,0.762,C,0.744,0.762,0.703,0.504,0.592,0.149,0.0,0.015,0.018,0.031,0.0,0.019,0.0,0.105,0.0,0.07,0.593,0.232,puan,1141,0,2,5,5,0,4.4,79.7
c42_68,29.03966,41.1403,0.821,0.588,0.872,0.684,0.839,B,0.835,0.839,0.803,0.702,0.684,0.484,0.003,0.045,0.027,0.016,0.008,0.056,0.0,0.109,0.0,0.157,0.095,0.639,puan,0,0,1,0,0,0,,84.4
c42_69,29.03966,41.14479,0.806,0.279,0.933,0.531,0.826,C,0.818,0.826,0.787,0.531,0.537,0.217,0.0,0.019,0.014,0.008,0.0,0.035,0.0,0.152,0.0,0.192,0.363,0.293,puan,0,0,1,0,0,0,,83.4
c42_70,29.03966,41.14928,0.958,0.466,0.979,0.841,0.967,C,0.958,0.967,0.949,0.841,0.913,0.425,0.0,0.005,0.017,0.004,0.0,0.004,0.0,0.063,0.0,0.026,0.455,0.455,puan,55,0,1,0,0,0,0.0,90.2
c42_71,29.03966,41.15377,0.94,0.639,0.959,0.803,0.948,B,0.941,0.948,0.933,0.803,0.92,0.559,0.0,0.007,0.018,0.012,0.013,0.0,0.0,0.104,0.0,0.015,0.272,0.609,puan,1245,0,3,8,8,0,6.4,89.4
c43_64,29.04561,41.12234,0.172,0.135,0.35,0.145,0.198,B,0.176,0.198,0.145,0.153,0.167,0.072,0.001,0.014,0.047,0.005,0.406,0.171,0.0,0.087,0.0,0.076,0.121,0.717,puan,1045,0,2,4,4,0,3.8,11.2
c43_65,29.04561,41.12683,0.173,0.143,0.317,0.136,0.21,A,0.178,0.21,0.136,0.156,0.167,0.057,0.0,0.015,0.063,0.022,0.328,0.271,0.0,0.085,0.0,0.104,0.055,0.756,puan,0,0,1,0,0,0,,11.3
c43_66,29.04561,41.13132,0.72,0.136,0.947,0.397,0.773,C,0.719,0.773,0.667,0.412,0.397,0.095,0.0,0.009,0.035,0.021,0.0,0.005,0.0,0.124,0.0,0.197,0.514,0.166,puan,0,0,1,0,0,0,,78.7
c43_67,29.04561,41.13581,0.782,0.37,0.897,0.595,0.815,C,0.79,0.815,0.749,0.595,0.618,0.281,0.0,0.029,0.047,0.015,0.001,0.038,0.0,0.13,0.0,0.137,0.32,0.412,puan,601,0,2,1,1,0,1.7,82.4
c43_68,29.04561,41.1403,0.845,0.559,0.898,0.696,0.86,B,0.854,0.86,0.831,0.711,0.696,0.469,0.0,0.024,0.018,0.019,0.0,0.057,0.0,0.111,0.0,0.153,0.148,0.588,puan,0,0,1,0,0,0,,85.6
c43_69,29.04561,41.14479,0.82,0.199,0.956,0.517,0.855,C,0.816,0.855,0.784,0.519,0.517,0.154,0.0,0.005,0.031,0.014,0.0,0.009,0.0,0.123,0.0,0.165,0.499,0.213,puan,0,0,1,0,0,0,,84.3
c43_70,29.04561,41.14928,0.871,0.568,0.916,0.771,0.895,B,0.867,0.895,0.847,0.771,0.836,0.488,0.0,0.002,0.057,0.046,0.0,0.009,0.0,0.078,0.0,0.029,0.291,0.601,puan,657,0,2,2,2,0,3.0,86.5
c44_64,29.05156,41.12234,0.377,0.174,0.712,0.278,0.434,C,0.385,0.434,0.321,0.278,0.302,0.091,0.012,0.003,0.055,0.041,0.038,0.157,0.0,0.142,0.0,0.169,0.293,0.396,puan,0,0,1,0,0,0,,38.9
c44_65,29.05156,41.12683,0.43,0.207,0.727,0.322,0.479,C,0.451,0.479,0.381,0.322,0.328,0.118,0.001,0.036,0.036,0.031,0.001,0.191,0.0,0.139,0.0,0.208,0.24,0.413,puan,0,0,1,0,0,0,,49.5
c44_66,29.05156,41.13132,0.893,0.515,0.939,0.689,0.903,C,0.903,0.903,0.883,0.744,0.689,0.441,0.0,0.027,0.011,0.008,0.002,0.027,0.0,0.103,0.001,0.186,0.193,0.516,puan,0,0,1,0,0,0,,87.6
c44_67,29.05156,41.13581,0.834,0.544,0.892,0.677,0.851,B,0.84,0.851,0.816,0.677,0.695,0.442,0.0,0.023,0.027,0.011,0.007,0.057,0.0,0.131,0.0,0.138,0.164,0.567,puan,513,0,2,1,1,0,2.0,85.0
c44_68,29.05156,41.1403,0.72,0.498,0.807,0.591,0.754,B,0.754,0.748,0.692,0.591,0.605,0.364,0.003,0.105,0.035,0.012,0.01,0.071,0.0,0.132,0.0,0.144,0.125,0.6,puan,404,0,1,4,4,0,9.9,78.7
c44_69,29.05156,41.14479,0.911,0.422,0.959,0.716,0.926,C,0.913,0.926,0.896,0.716,0.737,0.357,0.0,0.012,0.024,0.011,0.007,0.0,0.0,0.112,0.0,0.117,0.36,0.412,puan,372,0,2,0,0,0,0.0,88.2
c45_64,29.05751,41.12234,0.769,0.089,0.973,0.406,0.81,C,0.764,0.81,0.728,0.406,0.426,0.069,0.001,0.001,0.017,0.015,0.001,0.0,0.0,0.093,0.0,0.119,0.683,0.105,puan,0,0,1,0,0,0,,81.8
c45_65,29.05751,41.12683,0.695,0.418,0.816,0.589,0.717,B,0.704,0.717,0.672,0.589,0.591,0.343,0.0,0.015,0.014,0.007,0.001,0.163,0.0,0.098,0.0,0.12,0.24,0.543,puan,0,0,1,0,0,0,,77.4
c45_66,29.05751,41.13132,0.979,0.883,0.981,0.931,0.983,A,0.983,0.982,0.977,0.931,0.934,0.834,0.0,0.017,0.007,0.001,0.003,0.0,0.0,0.045,0.0,0.048,0.046,0.862,puan,0,0,1,0,0,0,,91.3
c45_67,29.05751,41.13581,0.96,0.78,0.967,0.88,0.966,A,0.963,0.966,0.954,0.88,0.888,0.711,0.0,0.018,0.017,0.003,0.005,0.003,0.0,0.069,0.0,0.072,0.102,0.757,puan,540,0,2,2,2,0,3.7,90.2
c45_68,29.05751,41.1403,0.801,0.602,0.85,0.665,0.844,B,0.807,0.844,0.757,0.665,0.733,0.435,0.0,0.063,0.119,0.036,0.0,0.0,0.0,0.132,0.0,0.072,0.143,0.652,puan,744,0,2,0,0,0,0.0,83.2
c46_64,29.06346,41.12234,0.753,0.345,0.887,0.635,0.768,C,0.758,0.768,0.737,0.635,0.684,0.301,0.0,0.001,0.004,0.027,0.0,0.089,0.0,0.078,0.0,0.052,0.448,0.422,puan,0,0,1,0,0,0,,81.1
c46_65,29.06346,41.12683,0.876,0.614,0.913,0.808,0.886,B,0.879,0.886,0.866,0.808,0.854,0.562,0.0,0.007,0.01,0.021,0.001,0.061,0.0,0.055,0.0,0.02,0.262,0.662,puan,77,0,1,0,0,0,0.0,86.8
c46_66,29.06346,41.13132,0.968,0.752,0.975,0.878,0.974,B,0.968,0.974,0.961,0.878,0.895,0.683,0.0,0.009,0.019,0.01,0.0,0.0,0.0,0.073,0.0,0.068,0.139,0.72,puan,589,0,2,0,0,0,0.0,90.7
c47_64,29.06941,41.12234,0.851,0.321,0.944,0.596,0.887,C,0.845,0.887,0.815,0.596,0.709,0.245,0.0,0.007,0.052,0.021,0.0,0.0,0.0,0.139,0.0,0.079,0.457,0.325,puan,533,0,2,1,1,0,1.9,85.7
c47_65,29.06941,41.12683,0.925,0.333,0.973,0.736,0.94,C,0.922,0.94,0.91,0.736,0.788,0.292,0.0,0.002,0.022,0.011,0.003,0.0,0.0,0.085,0.0,0.068,0.518,0.33,puan,641,0,2,0,0,0,0.0,88.8
c40_72,29.02776,41.15826,0.448,0.173,0.787,0.342,0.53,C,0.463,0.53,0.365,0.342,0.368,0.071,0.0,0.051,0.098,0.077,0.0,0.048,0.0,0.107,0.0,0.113,0.435,0.345,puan,760,0,2,4,4,0,5.3,52.8
c40_73,29.02776,41.16275,0.932,0.09,0.993,0.346,0.944,C,0.944,0.942,0.923,0.405,0.346,0.075,0.001,0.005,0.002,0.002,0.0,0.0,0.0,0.109,0.024,0.221,0.562,0.084,kanıt yetersiz,0,0,1,0,0,0,,
c40_74,29.02776,41.16724,0.855,0.142,0.976,0.388,0.869,C,0.864,0.869,0.841,0.388,0.419,0.105,0.0,0.006,0.004,0.015,0.0,0.0,0.0,0.157,0.061,0.193,0.459,0.13,puan,0,0,1,0,0,0,,86.0
c40_75,29.02776,41.17173,0.99,0.241,0.998,0.372,0.993,C,0.993,0.991,0.99,0.372,0.647,0.019,0.0,0.0,0.0,0.0,0.0,0.0,0.0,0.033,0.886,0.013,0.048,0.02,kanıt yetersiz,0,0,1,0,0,0,,
c40_76,29.02776,41.17622,1.0,0.48,1.0,0.545,1.0,C,1.0,1.0,1.0,0.588,0.545,0.005,0.0,0.0,0.0,0.0,0.0,0.0,0.0,0.004,0.986,0.005,0.0,0.005,kanıt yetersiz,0,0,1,0,0,0,,
c40_77,29.02776,41.18071,1.0,0.681,1.0,0.598,1.0,C,1.0,1.0,1.0,0.598,0.721,0.018,0.0,0.0,0.0,0.0,0.0,0.0,0.0,0.012,0.962,0.008,0.0,0.018,kanıt yetersiz,0,0,1,0,0,0,,
c40_78,29.02776,41.1852,,,,,,C,,,,0.0,,0.0,0.0,0.0,0.0,0.0,0.0,0.0,0.0,0.008,0.992,0.0,0.0,0.0,kanıt yetersiz,0,0,1,0,0,0,,
c40_79,29.02776,41.18969,0.548,0.462,0.619,0.332,0.631,C,0.631,0.582,0.514,0.332,0.508,0.025,0.0,0.029,0.001,0.0,0.0,0.015,0.0,0.046,0.87,0.007,0.006,0.071,kanıt yetersiz,0,0,1,0,0,0,,
c41_72,29.03371,41.15826,0.825,0.182,0.961,0.493,0.86,C,0.829,0.86,0.79,0.493,0.518,0.139,0.0,0.013,0.027,0.013,0.0,0.001,0.0,0.129,0.0,0.15,0.528,0.192,puan,296,0,1,2,2,0,6.7,84.7
c41_73,29.03371,41.16275,0.92,0.091,0.992,0.402,0.938,C,0.922,0.938,0.902,0.402,0.464,0.076,0.0,0.003,0.007,0.002,0.0,0.0,0.0,0.113,0.0,0.118,0.68,0.088,kanıt yetersiz,0,0,1,0,0,0,,
c41_74,29.03371,41.16724,0.936,0.112,0.992,0.401,0.953,C,0.933,0.953,0.919,0.401,0.414,0.092,0.0,0.001,0.008,0.002,0.0,0.0,0.0,0.137,0.002,0.185,0.573,0.103,puan,0,0,1,0,0,0,,89.4
c41_75,29.03371,41.17173,0.963,0.145,0.994,0.392,0.972,C,0.964,0.972,0.955,0.392,0.501,0.063,0.0,0.001,0.002,0.001,0.0,0.0,0.0,0.098,0.455,0.083,0.297,0.067,kanıt yetersiz,0,0,1,0,0,0,,
c41_76,29.03371,41.17622,0.48,0.179,0.806,0.295,0.502,C,0.487,0.502,0.457,0.295,0.373,0.065,0.0,0.0,0.0,0.01,0.021,0.057,0.0,0.096,0.493,0.065,0.192,0.153,puan,0,0,1,0,0,0,,56.9
c41_77,29.03371,41.18071,0.503,0.122,0.88,0.302,0.534,C,0.514,0.534,0.472,0.302,0.407,0.04,0.0,0.002,0.003,0.004,0.005,0.042,0.0,0.064,0.538,0.033,0.269,0.096,kanıt yetersiz,0,0,1,0,0,0,,
c41_78,29.03371,41.1852,0.402,0.118,0.825,0.258,0.436,C,0.416,0.436,0.367,0.258,0.313,0.02,0.0,0.001,0.0,0.012,0.0,0.032,0.0,0.036,0.741,0.031,0.126,0.065,kanıt yetersiz,0,0,1,0,0,0,,
c41_79,29.03371,41.18969,0.678,0.215,0.898,0.366,0.722,C,0.673,0.722,0.633,0.366,0.506,0.039,0.0,0.0,0.01,0.007,0.0,0.012,0.0,0.059,0.725,0.031,0.117,0.069,kanıt yetersiz,0,0,1,0,0,0,,
c42_72,29.03966,41.15826,0.748,0.239,0.92,0.447,0.807,C,0.737,0.807,0.689,0.447,0.624,0.155,0.0,0.008,0.071,0.019,0.009,0.0,0.0,0.177,0.0,0.065,0.496,0.263,puan,11,0,1,0,0,0,,80.7
c42_73,29.03966,41.16275,0.755,0.119,0.961,0.387,0.785,C,0.763,0.785,0.725,0.387,0.415,0.092,0.0,0.007,0.012,0.026,0.0,0.0,0.0,0.131,0.0,0.161,0.571,0.137,puan,0,0,1,0,0,0,,81.2
c42_74,29.03966,41.16724,0.899,0.102,0.989,0.384,0.91,C,0.9,0.91,0.888,0.384,0.422,0.086,0.0,0.001,0.003,0.008,0.001,0.0,0.0,0.133,0.0,0.159,0.609,0.099,kanıt yetersiz,0,0,1,0,0,0,,
c42_75,29.03966,41.17173,0.714,0.149,0.94,0.331,0.72,C,0.72,0.717,0.712,0.331,0.529,0.03,0.0,0.001,0.0,0.0,0.011,0.0,0.0,0.05,0.742,0.02,0.145,0.043,kanıt yetersiz,895,0,2,0,0,0,0.0,
c42_76,29.03966,41.17622,0.406,0.118,0.826,0.268,0.437,C,0.419,0.437,0.374,0.268,0.318,0.067,0.0,0.01,0.009,0.069,0.038,0.022,0.0,0.109,0.157,0.097,0.423,0.214,puan,622,0,1,0,0,0,0.0,44.8
c42_77,29.03966,41.18071,0.301,0.112,0.739,0.225,0.319,C,0.306,0.319,0.283,0.225,0.25,0.084,0.0,0.003,0.005,0.006,0.145,0.088,0.0,0.112,0.0,0.134,0.423,0.331,puan,0,0,1,0,0,0,,22.2
c42_78,29.03966,41.1852,0.498,0.147,0.852,0.328,0.546,C,0.502,0.546,0.45,0.328,0.393,0.095,0.0,0.008,0.033,0.019,0.014,0.088,0.0,0.132,0.0,0.1,0.512,0.256,puan,0,0,1,0,0,0,,59.2
c42_79,29.03966,41.18969,0.517,0.404,0.623,0.465,0.549,B,0.522,0.549,0.485,0.465,0.499,0.295,0.0,0.007,0.039,0.064,0.065,0.209,0.0,0.076,0.054,0.033,0.158,0.679,puan,0,0,1,0,0,0,,61.6
c43_73,29.04561,41.16275,0.864,0.306,0.952,0.596,0.893,C,0.863,0.893,0.834,0.596,0.671,0.238,0.001,0.011,0.038,0.017,0.001,0.0,0.0,0.137,0.0,0.108,0.45,0.306,puan,357,0,1,3,3,0,8.4,86.1
c43_74,29.04561,41.16724,0.982,0.357,0.994,0.803,0.986,C,0.986,0.984,0.98,0.803,0.804,0.327,0.0,0.007,0.001,0.001,0.0,0.0,0.0,0.075,0.0,0.088,0.5,0.337,puan,0,0,1,0,0,0,,91.6
c43_75,29.04561,41.17173,0.555,0.156,0.875,0.316,0.589,C,0.55,0.589,0.52,0.316,0.445,0.046,0.0,0.002,0.014,0.009,0.028,0.0,0.0,0.075,0.572,0.034,0.22,0.099,kanıt yetersiz,1091,0,4,0,0,0,0.0,
c43_76,29.04561,41.17622,0.807,0.106,0.975,0.383,0.833,C,0.81,0.833,0.781,0.383,0.415,0.084,0.0,0.003,0.01,0.011,0.0,0.006,0.0,0.127,0.0,0.155,0.604,0.115,puan,157,0,1,0,0,0,0.0,83.5
c43_77,29.04561,41.18071,0.92,0.07,0.994,0.419,0.947,C,0.912,0.947,0.893,0.419,0.671,0.058,0.0,0.0,0.009,0.001,0.0,0.0,0.0,0.081,0.025,0.031,0.796,0.068,kanıt yetersiz,0,0,1,0,0,0,,
c43_78,29.04561,41.1852,0.888,0.225,0.972,0.656,0.899,C,0.885,0.899,0.877,0.656,0.831,0.186,0.0,0.0,0.01,0.0,0.013,0.007,0.0,0.076,0.07,0.018,0.62,0.216,puan,0,0,1,0,0,0,,87.4
c43_79,29.04561,41.18969,0.313,0.217,0.524,0.261,0.358,B,0.326,0.358,0.268,0.261,0.292,0.112,0.0,0.005,0.018,0.059,0.0,0.37,0.0,0.113,0.072,0.07,0.18,0.565,puan,0,0,1,0,0,0,,24.3
c44_74,29.05156,41.16724,0.976,0.548,0.987,0.88,0.982,C,0.978,0.982,0.971,0.88,0.893,0.501,0.001,0.009,0.011,0.001,0.0,0.0,0.0,0.057,0.011,0.056,0.352,0.523,puan,199,0,1,1,1,0,5.0,91.2
c44_75,29.05156,41.17173,0.625,0.262,0.843,0.452,0.695,C,0.657,0.695,0.555,0.452,0.532,0.119,0.0,0.075,0.08,0.032,0.0,0.0,0.0,0.117,0.154,0.07,0.353,0.306,puan,1101,0,4,6,6,0,5.5,72.9
c44_76,29.05156,41.17622,0.841,0.154,0.971,0.443,0.885,C,0.831,0.885,0.798,0.443,0.472,0.114,0.0,0.002,0.032,0.009,0.0,0.0,0.0,0.141,0.0,0.167,0.535,0.157,puan,91,0,1,1,1,0,11.0,85.4
c44_77,29.05156,41.18071,0.833,0.05,0.99,0.407,0.856,C,0.829,0.856,0.809,0.407,0.579,0.043,0.0,0.0,0.005,0.002,0.0,0.006,0.0,0.059,0.0,0.031,0.854,0.056,kanıt yetersiz,0,0,1,0,0,0,,
c44_78,29.05156,41.1852,0.35,0.093,0.828,0.255,0.391,C,0.365,0.391,0.31,0.255,0.293,0.046,0.0,0.003,0.003,0.003,0.0,0.133,0.0,0.071,0.22,0.064,0.458,0.188,puan,0,0,1,0,0,0,,32.3
c44_79,29.05156,41.18969,0.796,0.122,0.969,0.377,0.83,C,0.79,0.83,0.763,0.377,0.562,0.054,0.0,0.0,0.01,0.006,0.0,0.006,0.0,0.084,0.427,0.04,0.374,0.075,kanıt yetersiz,0,0,1,0,0,0,,
c45_74,29.05751,41.16724,0.724,0.308,0.883,0.503,0.819,C,0.697,0.819,0.629,0.503,0.662,0.172,0.002,0.006,0.165,0.013,0.0,0.0,0.0,0.157,0.0,0.041,0.444,0.358,puan,982,0,2,1,1,0,1.0,78.9
c45_75,29.05751,41.17173,0.813,0.238,0.945,0.49,0.864,C,0.807,0.864,0.762,0.49,0.53,0.166,0.003,0.009,0.057,0.011,0.001,0.0,0.0,0.162,0.0,0.172,0.42,0.246,puan,189,0,1,0,0,0,0.0,83.9
c45_76,29.05751,41.17622,0.974,0.522,0.986,0.829,0.98,C,0.974,0.98,0.968,0.829,0.855,0.47,0.0,0.003,0.012,0.006,0.0,0.0,0.0,0.086,0.0,0.08,0.343,0.49,puan,0,0,1,0,0,0,,91.0
c45_77,29.05751,41.18071,1.0,0.176,1.0,0.657,1.0,C,1.0,1.0,1.0,0.657,0.884,0.093,0.0,0.0,0.0,0.0,0.0,0.0,0.0,0.048,0.423,0.014,0.421,0.093,kanıt yetersiz,0,0,1,0,0,0,,
c45_78,29.05751,41.1852,0.638,0.041,0.977,0.345,0.659,C,0.646,0.659,0.618,0.345,0.53,0.015,0.0,0.0,0.0,0.0,0.0,0.011,0.0,0.022,0.575,0.007,0.37,0.026,kanıt yetersiz,0,0,1,0,0,0,,
c45_79,29.05751,41.18969,1.0,0.781,1.0,0.398,1.0,C,1.0,1.0,1.0,0.398,0.808,0.016,0.0,0.0,0.0,0.0,0.0,0.0,0.0,0.024,0.956,0.004,0.0,0.016,kanıt yetersiz,0,0,1,0,0,0,,
c46_75,29.06346,41.17173,0.806,0.141,0.966,0.399,0.836,C,0.806,0.836,0.776,0.399,0.485,0.108,0.0,0.004,0.016,0.021,0.0,0.0,0.0,0.152,0.0,0.133,0.567,0.149,puan,0,0,1,0,0,0,,83.4
c46_76,29.06346,41.17622,0.981,0.148,0.997,0.564,0.988,C,0.978,0.988,0.973,0.564,0.608,0.124,0.0,0.0,0.005,0.0,0.0,0.0,0.0,0.095,0.05,0.1,0.626,0.129,puan,0,0,1,0,0,0,,91.4
c46_77,29.06346,41.18071,0.946,0.087,0.995,0.392,0.954,C,0.954,0.949,0.942,0.392,0.546,0.022,0.0,0.001,0.0,0.001,0.0,0.0,0.0,0.033,0.711,0.022,0.21,0.023,kanıt yetersiz,0,0,1,0,0,0,,
c46_78,29.06346,41.1852,0.919,0.184,0.984,0.355,0.951,C,0.908,0.951,0.887,0.355,0.522,0.008,0.0,0.0,0.002,0.0,0.0,0.0,0.0,0.015,0.939,0.009,0.028,0.009,kanıt yetersiz,0,0,1,0,0,0,,
c46_79,29.06346,41.18969,1.0,0.767,1.0,0.24,1.0,C,1.0,1.0,1.0,0.24,0.796,0.013,0.0,0.0,0.0,0.0,0.0,0.0,0.0,0.041,0.942,0.004,0.0,0.013,kanıt yetersiz,0,0,1,0,0,0,,
c47_76,29.06941,41.17622,0.896,0.093,0.989,0.487,0.938,C,0.882,0.938,0.855,0.487,0.628,0.023,0.0,0.0,0.006,0.0,0.0,0.0,0.0,0.024,0.699,0.015,0.233,0.029,kanıt yetersiz,0,0,1,0,0,0,,
c47_77,29.06941,41.18071,0.951,0.079,0.996,0.388,0.961,C,0.949,0.961,0.941,0.388,0.413,0.028,0.0,0.0,0.001,0.001,0.0,0.0,0.0,0.044,0.584,0.057,0.284,0.031,kanıt yetersiz,0,0,1,0,0,0,,
c47_78,29.06941,41.1852,0.856,0.1,0.983,0.325,0.872,C,0.855,0.872,0.839,0.325,0.54,0.02,0.0,0.0,0.001,0.003,0.0,0.0,0.0,0.041,0.744,0.019,0.171,0.025,kanıt yetersiz,0,0,1,0,0,0,,
c47_79,29.06941,41.18969,1.0,0.679,1.0,0.187,1.0,C,1.0,1.0,1.0,0.187,0.798,0.006,0.0,0.0,0.0,0.0,0.0,0.0,0.0,0.025,0.966,0.002,0.001,0.006,kanıt yetersiz,0,0,1,0,0,0,,
c54_2,29.11106,40.84396,0.993,0.905,0.993,0.887,0.996,B,0.992,0.996,0.99,0.887,0.969,0.02,0.0,0.0,0.002,0.0,0.0,0.0,0.132,0.018,0.812,0.004,0.011,0.154,puan,0,0,1,0,0,0,,92.5
c54_4,29.11106,40.85294,0.961,0.938,0.962,0.709,0.964,C,0.962,0.964,0.959,0.709,0.941,0.022,0.0,0.0,0.0,0.004,0.0,0.0,0.061,0.031,0.88,0.002,0.0,0.087,kanıt yetersiz,0,0,1,0,0,0,,
c54_5,29.11106,40.85743,0.978,0.306,0.993,0.826,0.986,C,0.975,0.986,0.969,0.887,0.826,0.049,0.0,0.001,0.01,0.0,0.0,0.0,0.192,0.026,0.17,0.055,0.497,0.252,puan,0,0,1,0,0,0,,91.2
c54_6,29.11106,40.86192,0.999,0.914,0.999,0.725,1.0,C,0.999,1.0,0.999,0.725,0.972,0.036,0.0,0.0,0.0,0.0,0.0,0.0,0.166,0.077,0.702,0.007,0.012,0.202,puan,0,0,1,0,0,0,,93.8
c55_1,29.11701,40.83947,1.0,0.936,1.0,0.778,1.0,C,1.0,1.0,1.0,0.778,1.0,0.059,0.0,0.0,0.0,0.0,0.0,0.0,0.047,0.03,0.856,0.0,0.007,0.106,puan,0,0,1,0,0,0,,94.5
c55_2,29.11701,40.84396,1.0,1.0,1.0,0.508,1.0,C,1.0,1.0,1.0,0.508,1.0,0.026,0.0,0.0,0.0,0.0,0.0,0.0,0.006,0.031,0.937,0.0,0.0,0.032,kanıt yetersiz,0,0,1,0,0,0,,
c55_3,29.11701,40.84845,0.981,0.737,0.986,0.526,0.989,C,0.978,0.989,0.973,0.526,0.867,0.018,0.0,0.0,0.001,0.0,0.0,0.0,0.018,0.032,0.918,0.006,0.007,0.037,kanıt yetersiz,0,0,1,0,0,0,,
c55_4,29.11701,40.85294,0.816,0.171,0.962,0.136,0.816,C,0.816,0.816,0.816,0.136,0.532,0.004,0.0,0.0,0.0,0.0,0.001,0.0,0.0,0.024,0.952,0.003,0.015,0.005,kanıt yetersiz,0,0,1,0,0,0,,
c55_5,29.11701,40.85743,0.971,0.086,0.997,0.381,0.981,C,0.968,0.981,0.96,0.381,0.596,0.036,0.0,0.0,0.002,0.0,0.0,0.0,0.0,0.06,0.502,0.031,0.368,0.039,kanıt yetersiz,0,0,1,0,0,0,,
c55_6,29.11701,40.86192,0.187,0.164,0.289,0.14,0.235,A,0.206,0.235,0.14,0.161,0.18,0.027,0.0,0.005,0.003,0.001,0.0,0.394,0.001,0.07,0.437,0.058,0.004,0.432,puan,0,0,1,0,0,0,,12.0
c55_7,29.11701,40.86641,0.2,0.17,0.323,0.154,0.247,A,0.22,0.247,0.154,0.18,0.189,0.049,0.0,0.011,0.002,0.005,0.0,0.548,0.0,0.069,0.205,0.111,0.0,0.614,puan,0,0,1,0,0,0,,12.9
c48_80,29.07536,41.19418,1.0,1.0,1.0,0.327,1.0,C,1.0,1.0,1.0,0.327,1.0,0.019,0.0,0.0,0.0,0.0,0.0,0.0,0.0,0.039,0.943,0.0,0.0,0.019,kanıt yetersiz,0,0,1,0,0,0,,
c48_81,29.07536,41.19867,0.236,0.106,0.656,0.136,0.294,C,0.294,0.283,0.189,0.136,0.225,0.001,0.0,0.004,0.0,0.002,0.0,0.011,0.0,0.014,0.944,0.002,0.021,0.019,kanıt yetersiz,0,0,1,0,0,0,,
c48_82,29.07536,41.20316,0.599,0.59,0.605,0.465,0.718,C,0.718,0.693,0.505,0.465,0.599,0.019,0.037,0.0,0.011,0.003,0.0,0.0,0.0,0.02,0.909,0.0,0.001,0.07,kanıt yetersiz,0,0,1,0,0,0,,
c48_83,29.07536,41.20765,0.401,0.4,0.403,0.309,0.584,C,0.584,0.493,0.309,0.389,0.4,0.011,0.26,0.012,0.0,0.08,0.005,0.0,0.0,0.012,0.618,0.001,0.0,0.369,puan,0,0,1,0,0,0,,44.0
c48_84,29.07536,41.21214,,,,,,C,,,,0.0,,0.0,0.0,0.0,0.0,0.0,0.0,0.0,0.0,0.013,0.987,0.0,0.0,0.0,kanıt yetersiz,0,0,1,0,0,0,,
c48_85,29.07536,41.21663,,,,,,C,,,,0.0,,0.0,0.0,0.0,0.0,0.0,0.0,0.0,0.0,0.012,0.988,0.0,0.0,0.0,kanıt yetersiz,0,0,1,0,0,0,,
c48_86,29.07536,41.22112,,0.0,1.0,,,C,,,,0.0,,0.0,0.0,0.0,0.0,0.0,0.0,0.0,0.0,0.024,0.972,0.0,0.004,0.0,kanıt yetersiz,102,0,1,0,0,0,0.0,
c48_87,29.07536,41.22561,1.0,0.01,1.0,0.007,1.0,C,1.0,1.0,1.0,0.007,1.0,0.0,0.0,0.0,0.0,0.0,0.0,0.0,0.0,0.069,0.884,0.0,0.047,0.0,kanıt yetersiz,496,0,1,0,0,0,0.0,
c49_80,29.08131,41.19418,,,,,,C,,,,0.0,,0.0,0.0,0.0,0.0,0.0,0.0,0.0,0.0,0.021,0.979,0.0,0.0,0.0,kanıt yetersiz,0,0,1,0,0,0,,
c49_81,29.08131,41.19867,1.0,0.988,1.0,0.323,1.0,C,1.0,1.0,1.0,0.323,0.989,0.022,0.0,0.0,0.0,0.0,0.0,0.0,0.0,0.046,0.932,0.0,0.0,0.022,kanıt yetersiz,0,0,1,0,0,0,,
c49_82,29.08131,41.20316,1.0,1.0,1.0,0.444,1.0,C,1.0,1.0,1.0,0.444,1.0,0.023,0.0,0.0,0.0,0.0,0.0,0.0,0.0,0.028,0.949,0.0,0.0,0.023,kanıt yetersiz,0,0,1,0,0,0,,
c49_83,29.08131,41.20765,1.0,1.0,1.0,0.254,1.0,C,1.0,1.0,1.0,0.254,1.0,0.009,0.0,0.0,0.0,0.0,0.0,0.0,0.0,0.028,0.963,0.0,0.0,0.009,kanıt yetersiz,0,0,1,0,0,0,,
c49_84,29.08131,41.21214,,,,,,C,,,,0.0,,0.0,0.0,0.0,0.0,0.0,0.0,0.0,0.0,0.007,0.993,0.0,0.0,0.0,kanıt yetersiz,0,0,1,0,0,0,,
c49_85,29.08131,41.21663,,0.0,1.0,,,C,,,,0.0,,0.0,0.0,0.0,0.0,0.0,0.0,0.0,0.0,0.017,0.982,0.0,0.001,0.0,kanıt yetersiz,0,0,1,0,0,0,,
c49_86,29.08131,41.22112,1.0,0.025,1.0,0.019,1.0,C,1.0,1.0,1.0,0.019,0.683,0.002,0.0,0.0,0.0,0.0,0.0,0.0,0.0,0.089,0.845,0.001,0.064,0.002,kanıt yetersiz,1157,0,1,0,0,0,0.0,
c49_87,29.08131,41.22561,,0.0,1.0,,,C,,,,0.0,,0.0,0.0,0.0,0.0,0.0,0.0,0.0,0.0,0.009,0.991,0.0,0.0,0.0,kanıt yetersiz,0,0,1,0,0,0,,
c50_80,29.08726,41.19418,,0.0,1.0,,,C,,,,0.0,,0.0,0.0,0.0,0.0,0.0,0.0,0.0,0.0,0.015,0.944,0.0,0.041,0.0,kanıt yetersiz,0,0,1,0,0,0,,
c50_81,29.08726,41.19867,1.0,0.455,1.0,0.281,1.0,C,1.0,1.0,1.0,0.281,1.0,0.01,0.0,0.0,0.0,0.0,0.0,0.0,0.0,0.025,0.954,0.0,0.012,0.01,kanıt yetersiz,0,0,1,0,0,0,,
c50_82,29.08726,41.20316,1.0,1.0,1.0,0.385,1.0,C,1.0,1.0,1.0,0.385,1.0,0.02,0.0,0.0,0.0,0.0,0.0,0.0,0.0,0.032,0.948,0.0,0.0,0.02,kanıt yetersiz,0,0,1,0,0,0,,
c50_83,29.08726,41.20765,1.0,1.0,1.0,0.348,1.0,C,1.0,1.0,1.0,0.348,1.0,0.005,0.0,0.0,0.0,0.0,0.0,0.0,0.0,0.01,0.985,0.0,0.0,0.005,kanıt yetersiz,0,0,1,0,0,0,,
c50_84,29.08726,41.21214,1.0,0.919,1.0,0.312,1.0,C,1.0,1.0,1.0,0.312,0.997,0.013,0.0,0.0,0.0,0.0,0.0,0.0,0.0,0.028,0.959,0.0,0.001,0.013,kanıt yetersiz,55,0,1,0,0,0,0.0,
c50_85,29.08726,41.21663,1.0,0.072,1.0,0.053,1.0,C,1.0,1.0,1.0,0.053,0.984,0.005,0.0,0.0,0.0,0.0,0.0,0.0,0.0,0.086,0.847,0.0,0.062,0.005,kanıt yetersiz,1274,0,1,0,0,0,0.0,
c50_86,29.08726,41.22112,,0.0,1.0,,,C,,,,0.0,,0.0,0.0,0.0,0.0,0.0,0.0,0.0,0.0,0.017,0.98,0.0,0.003,0.0,kanıt yetersiz,0,0,1,0,0,0,,
c50_87,29.08726,41.22561,,,,,,C,,,,0.0,,0.0,0.0,0.0,0.0,0.0,0.0,0.0,0.0,0.016,0.984,0.0,0.0,0.0,kanıt yetersiz,0,0,1,0,0,0,,
c51_82,29.09321,41.20316,1.0,0.358,1.0,0.317,1.0,C,1.0,1.0,1.0,0.317,0.988,0.012,0.0,0.0,0.0,0.0,0.0,0.0,0.0,0.026,0.939,0.0,0.022,0.012,kanıt yetersiz,0,0,1,0,0,0,,
c51_83,29.09321,41.20765,0.888,0.073,0.991,0.283,0.894,C,0.891,0.894,0.883,0.283,0.419,0.024,0.0,0.0,0.0,0.003,0.0,0.0,0.0,0.059,0.605,0.044,0.264,0.028,kanıt yetersiz,0,0,1,0,0,0,,
c51_84,29.09321,41.21214,,0.0,1.0,,,C,,,,0.0,0.125,0.0,0.0,0.0,0.0,0.0,0.0,0.0,0.0,0.085,0.82,0.001,0.094,0.0,kanıt yetersiz,1308,0,3,0,0,0,0.0,
c51_85,29.09321,41.21663,1.0,0.307,1.0,0.338,1.0,C,1.0,1.0,1.0,0.338,1.0,0.009,0.0,0.0,0.0,0.0,0.0,0.0,0.0,0.017,0.955,0.0,0.019,0.009,kanıt yetersiz,24,0,1,0,0,0,,
c51_86,29.09321,41.22112,1.0,0.435,1.0,0.37,1.0,C,1.0,1.0,1.0,0.37,1.0,0.009,0.0,0.0,0.0,0.0,0.0,0.0,0.0,0.016,0.963,0.0,0.012,0.009,kanıt yetersiz,0,0,1,0,0,0,,
c51_87,29.09321,41.22561,1.0,0.219,1.0,0.271,1.0,C,1.0,1.0,1.0,0.271,0.762,0.005,0.0,0.0,0.0,0.0,0.0,0.0,0.0,0.014,0.962,0.002,0.017,0.005,kanıt yetersiz,0,0,1,0,0,0,,
c52_83,29.09916,41.20765,0.641,0.016,0.991,0.059,0.67,C,0.638,0.67,0.611,0.059,0.438,0.006,0.0,0.0,0.001,0.0,0.003,0.0,0.0,0.104,0.473,0.007,0.406,0.011,kanıt yetersiz,931,0,1,0,0,0,0.0,
c52_84,29.09916,41.21214,,0.0,1.0,,,C,,,,0.0,0.125,0.0,0.0,0.0,0.0,0.0,0.0,0.0,0.0,0.023,0.937,0.0,0.04,0.0,kanıt yetersiz,155,0,1,0,0,0,0.0,
c52_85,29.09916,41.21663,,,,,,C,,,,0.0,,0.0,0.0,0.0,0.0,0.0,0.0,0.0,0.0,0.004,0.996,0.0,0.0,0.0,kanıt yetersiz,0,0,1,0,0,0,,
c52_86,29.09916,41.22112,1.0,0.374,1.0,0.39,1.0,C,1.0,1.0,1.0,0.39,1.0,0.015,0.0,0.0,0.0,0.0,0.0,0.0,0.0,0.023,0.938,0.0,0.024,0.015,kanıt yetersiz,0,0,1,0,0,0,,
c52_87,29.09916,41.22561,1.0,0.015,1.0,0.371,1.0,C,1.0,1.0,1.0,0.371,0.621,0.007,0.0,0.0,0.0,0.0,0.0,0.0,0.0,0.011,0.545,0.005,0.432,0.007,kanıt yetersiz,0,0,1,0,0,0,,
c53_83,29.10511,41.20765,0.592,0.066,0.955,0.193,0.655,C,0.575,0.655,0.529,0.193,0.43,0.019,0.0,0.0,0.012,0.007,0.006,0.0,0.0,0.089,0.52,0.023,0.324,0.043,kanıt yetersiz,0,0,1,0,0,0,,
c53_84,29.10511,41.21214,0.924,0.116,0.99,0.203,0.928,C,0.925,0.928,0.919,0.203,0.451,0.002,0.0,0.0,0.0,0.0,0.0,0.0,0.0,0.008,0.973,0.003,0.013,0.002,kanıt yetersiz,0,0,1,0,0,0,,
c53_85,29.10511,41.21663,0.608,0.516,0.667,0.494,0.634,B,0.616,0.634,0.582,0.494,0.605,0.084,0.0,0.002,0.003,0.018,0.001,0.048,0.0,0.036,0.781,0.001,0.027,0.156,puan,0,0,1,0,0,0,,71.4
c53_86,29.10511,41.22112,0.96,0.705,0.97,0.717,0.972,C,0.972,0.963,0.956,0.717,0.954,0.134,0.0,0.009,0.0,0.0,0.0,0.0,0.0,0.048,0.757,0.001,0.051,0.143,puan,0,0,1,0,0,0,,90.2
c53_87,29.10511,41.22561,1.0,0.236,1.0,0.318,1.0,C,1.0,1.0,1.0,0.318,0.911,0.015,0.0,0.0,0.0,0.0,0.0,0.0,0.0,0.033,0.902,0.002,0.048,0.015,kanıt yetersiz,0,0,1,0,0,0,,
c54_84,29.11106,41.21214,0.349,0.197,0.632,0.268,0.43,C,0.342,0.43,0.268,0.341,0.347,0.047,0.0,0.0,0.081,0.022,0.0,0.17,0.0,0.008,0.426,0.003,0.244,0.32,puan,0,0,1,0,0,0,,32.0
c54_87,29.11106,41.22561,,0.0,1.0,,,C,,,,0.0,,0.0,0.0,0.0,0.0,0.0,0.0,0.0,0.0,0.002,0.55,0.0,0.448,0.0,kanıt yetersiz,0,0,2,0,0,0,,
c48_88,29.07536,41.2301,,,,,,C,,,,0.0,,0.0,0.0,0.0,0.0,0.0,0.0,0.0,0.0,0.009,0.991,0.0,0.0,0.0,kanıt yetersiz,0,0,1,0,0,0,,
c48_89,29.07536,41.23459,,,,,,C,,,,0.0,,0.0,0.0,0.0,0.0,0.0,0.0,0.0,0.0,0.013,0.987,0.0,0.0,0.0,kanıt yetersiz,0,0,1,0,0,0,,
c48_90,29.07536,41.23908,,,,,,C,,,,0.0,,0.0,0.0,0.0,0.0,0.0,0.0,0.0,0.0,0.013,0.987,0.0,0.0,0.0,kanıt yetersiz,0,0,1,0,0,0,,
c48_91,29.07536,41.24357,1.0,1.0,1.0,0.286,1.0,C,1.0,1.0,1.0,0.286,1.0,0.003,0.0,0.0,0.0,0.0,0.0,0.0,0.0,0.008,0.988,0.0,0.0,0.003,kanıt yetersiz,0,0,1,0,0,0,,
c48_92,29.07536,41.24806,1.0,0.751,1.0,0.823,1.0,B,1.0,1.0,1.0,0.823,0.988,0.003,0.0,0.0,0.0,0.0,0.0,0.0,0.063,0.014,0.898,0.001,0.021,0.066,kanıt yetersiz,0,0,1,0,0,0,,
c48_93,29.07536,41.25255,1.0,0.52,1.0,0.93,1.0,C,1.0,1.0,1.0,0.93,1.0,0.002,0.0,0.0,0.0,0.0,0.0,0.0,0.283,0.022,0.43,0.0,0.263,0.285,puan,0,0,2,0,0,0,,94.5
c49_88,29.08131,41.2301,,,,,,C,,,,0.0,,0.0,0.0,0.0,0.0,0.0,0.0,0.0,0.0,0.02,0.98,0.0,0.0,0.0,kanıt yetersiz,0,0,1,0,0,0,,
c49_89,29.08131,41.23459,,0.0,1.0,,,C,,,,0.0,0.125,0.0,0.0,0.0,0.0,0.0,0.0,0.0,0.0,0.01,0.99,0.0,0.0,0.0,kanıt yetersiz,0,0,1,0,0,0,,
c49_90,29.08131,41.23908,1.0,1.0,1.0,0.18,1.0,C,1.0,1.0,1.0,0.18,1.0,0.002,0.0,0.0,0.0,0.0,0.0,0.0,0.0,0.01,0.988,0.0,0.0,0.002,kanıt yetersiz,0,0,1,0,0,0,,
c49_91,29.08131,41.24357,1.0,0.993,1.0,0.248,1.0,C,1.0,1.0,1.0,0.248,0.994,0.009,0.0,0.0,0.0,0.0,0.0,0.0,0.001,0.028,0.962,0.0,0.0,0.009,kanıt yetersiz,0,0,1,0,0,0,,
c49_92,29.08131,41.24806,1.0,0.931,1.0,0.885,1.0,B,1.0,1.0,1.0,0.885,1.0,0.0,0.0,0.0,0.0,0.0,0.0,0.0,0.129,0.017,0.845,0.0,0.01,0.129,puan,0,0,1,0,0,0,,94.5
c50_88,29.08726,41.2301,,0.0,1.0,,,C,,,,0.0,0.125,0.0,0.0,0.0,0.0,0.0,0.0,0.0,0.0,0.01,0.989,0.0,0.0,0.0,kanıt yetersiz,0,0,1,0,0,0,,
c50_89,29.08726,41.23459,,,,,,C,,,,0.0,,0.0,0.0,0.0,0.0,0.0,0.0,0.0,0.0,0.015,0.985,0.0,0.0,0.0,kanıt yetersiz,0,0,1,0,0,0,,
c50_90,29.08726,41.23908,1.0,1.0,1.0,0.24,1.0,C,1.0,1.0,1.0,0.24,1.0,0.004,0.0,0.0,0.0,0.0,0.0,0.0,0.0,0.013,0.983,0.0,0.0,0.004,kanıt yetersiz,0,0,1,0,0,0,,
c50_91,29.08726,41.24357,0.967,0.224,0.992,0.525,0.978,C,0.978,0.97,0.964,0.525,0.725,0.008,0.0,0.001,0.0,0.0,0.0,0.0,0.012,0.018,0.891,0.009,0.062,0.021,kanıt yetersiz,0,0,1,0,0,0,,
c51_88,29.09321,41.2301,0.968,0.025,0.999,0.27,0.978,C,0.969,0.978,0.959,0.27,0.495,0.009,0.0,0.0,0.0,0.0,0.0,0.0,0.0,0.025,0.607,0.012,0.347,0.009,kanıt yetersiz,0,0,1,0,0,0,,
c51_89,29.09321,41.23459,0.567,0.015,0.988,0.13,0.592,C,0.576,0.592,0.542,0.13,0.454,0.002,0.0,0.0,0.0,0.0,0.0,0.002,0.0,0.01,0.875,0.001,0.111,0.003,kanıt yetersiz,0,0,1,0,0,0,,
c51_90,29.09321,41.23908,0.36,0.059,0.895,0.258,0.397,C,0.374,0.397,0.323,0.258,0.324,0.01,0.0,0.0,0.0,0.001,0.0,0.027,0.0,0.015,0.754,0.007,0.186,0.038,kanıt yetersiz,0,0,1,0,0,0,,
c51_91,29.09321,41.24357,0.993,0.362,0.998,0.903,0.995,C,0.995,0.994,0.993,0.903,0.94,0.045,0.0,0.002,0.0,0.0,0.0,0.0,0.13,0.018,0.499,0.011,0.295,0.176,puan,0,0,1,0,0,0,,92.5
c52_88,29.09916,41.2301,0.977,0.022,0.999,0.405,0.983,C,0.977,0.983,0.971,0.405,0.632,0.021,0.0,0.0,0.001,0.0,0.0,0.0,0.0,0.03,0.0,0.015,0.933,0.022,kanıt yetersiz,0,0,1,0,0,0,,
c52_89,29.09916,41.23459,0.465,0.028,0.967,0.282,0.496,C,0.477,0.496,0.435,0.282,0.393,0.022,0.0,0.0,0.0,0.01,0.001,0.024,0.0,0.037,0.024,0.015,0.866,0.057,kanıt yetersiz,0,0,1,0,0,0,,
c52_90,29.09916,41.23908,0.39,0.127,0.802,0.355,0.425,C,0.404,0.425,0.355,0.361,0.383,0.016,0.001,0.001,0.0,0.049,0.0,0.17,0.08,0.026,0.001,0.009,0.648,0.316,puan,0,0,1,0,0,0,,41.7
c53_88,29.10511,41.2301,0.352,0.07,0.87,0.249,0.389,C,0.365,0.389,0.315,0.249,0.316,0.032,0.0,0.0,0.0,0.0,0.0,0.092,0.0,0.051,0.326,0.023,0.475,0.124,puan,0,0,1,0,0,0,,32.7
c53_89,29.10511,41.23459,0.244,0.064,0.801,0.2,0.289,C,0.26,0.289,0.2,0.2,0.23,0.033,0.0,0.001,0.002,0.0,0.0,0.213,0.0,0.055,0.0,0.035,0.661,0.248,puan,0,0,1,0,0,0,,15.7
c53_90,29.10511,41.23908,0.999,0.319,1.0,0.938,0.999,C,0.999,0.999,0.999,0.938,0.983,0.018,0.0,0.0,0.0,0.0,0.0,0.0,0.295,0.02,0.0,0.006,0.661,0.313,puan,0,0,1,0,0,0,,93.8
c54_88,29.11106,41.2301,0.66,0.197,0.899,0.557,0.678,C,0.669,0.678,0.643,0.557,0.589,0.132,0.0,0.006,0.004,0.0,0.019,0.063,0.011,0.043,0.174,0.036,0.513,0.234,puan,0,0,1,0,0,0,,75.0
c54_89,29.11106,41.23459,0.472,0.327,0.634,0.39,0.506,B,0.481,0.506,0.438,0.39,0.41,0.109,0.0,0.0,0.014,0.012,0.004,0.325,0.115,0.122,0.043,0.126,0.13,0.58,puan,0,0,1,0,0,0,,56.0
c48_8,29.07536,40.8709,1.0,0.232,1.0,0.508,1.0,C,1.0,1.0,1.0,0.508,0.801,0.019,0.0,0.0,0.0,0.0,0.0,0.0,0.016,0.034,0.814,0.01,0.106,0.035,kanıt yetersiz,0,0,1,0,0,0,,
c49_8,29.08131,40.8709,0.852,0.437,0.924,0.553,0.854,C,0.851,0.854,0.849,0.553,0.828,0.015,0.0,0.0,0.001,0.0,0.007,0.0,0.024,0.025,0.884,0.002,0.043,0.047,kanıt yetersiz,0,0,1,0,0,0,,
c49_9,29.08131,40.87539,1.0,1.0,1.0,0.274,1.0,C,1.0,1.0,1.0,0.274,1.0,0.012,0.0,0.0,0.0,0.0,0.0,0.0,0.001,0.036,0.951,0.0,0.0,0.014,kanıt yetersiz,0,0,1,0,0,0,,
c50_8,29.08726,40.8709,0.62,0.284,0.826,0.541,0.644,C,0.635,0.644,0.596,0.541,0.563,0.058,0.005,0.001,0.0,0.075,0.0,0.0,0.043,0.026,0.577,0.024,0.191,0.182,puan,0,0,1,0,0,0,,72.6
c50_9,29.08726,40.87539,0.187,0.183,0.204,0.148,0.19,A,0.188,0.19,0.185,0.148,0.186,0.03,0.0,0.0,0.0,0.0,0.129,0.009,0.001,0.044,0.784,0.004,0.0,0.168,puan,0,0,1,0,0,0,,12.0
c51_8,29.09321,40.8709,0.54,0.486,0.585,0.423,0.541,B,0.539,0.541,0.539,0.423,0.499,0.088,0.0,0.0,0.001,0.0,0.076,0.0,0.0,0.046,0.771,0.018,0.0,0.165,puan,0,0,1,0,0,0,,64.8
c51_9,29.09321,40.87539,0.333,0.257,0.484,0.252,0.372,B,0.346,0.372,0.294,0.252,0.286,0.067,0.0,0.001,0.002,0.001,0.0,0.215,0.0,0.092,0.539,0.084,0.0,0.285,puan,0,0,1,0,0,0,,28.3
c51_10,29.09321,40.87988,0.517,0.424,0.604,0.467,0.546,A,0.534,0.546,0.487,0.471,0.467,0.313,0.0,0.036,0.007,0.018,0.001,0.367,0.01,0.073,0.01,0.108,0.057,0.753,puan,0,0,1,0,0,0,,61.6
c51_11,29.09321,40.88437,0.989,0.942,0.989,0.988,0.99,A,0.989,0.99,0.988,0.989,0.989,0.838,0.0,0.001,0.001,0.011,0.0,0.0,0.101,0.0,0.0,0.0,0.048,0.952,puan,0,0,1,0,0,0,,92.1
c52_8,29.09916,40.8709,0.147,0.143,0.166,0.141,0.147,A,0.147,0.147,0.147,0.141,0.147,0.102,0.0,0.0,0.0,0.0,0.594,0.0,0.0,0.028,0.261,0.0,0.016,0.695,puan,0,0,1,0,0,0,,10.4
c52_9,29.09916,40.87539,0.226,0.195,0.333,0.196,0.253,A,0.233,0.253,0.199,0.196,0.213,0.105,0.0,0.006,0.021,0.033,0.267,0.247,0.001,0.105,0.107,0.105,0.004,0.679,puan,0,0,1,0,0,0,,14.3
c52_10,29.09916,40.87988,0.442,0.331,0.582,0.382,0.48,B,0.454,0.48,0.404,0.382,0.384,0.188,0.0,0.012,0.023,0.012,0.0,0.393,0.042,0.106,0.0,0.15,0.075,0.669,puan,0,0,1,0,0,0,,51.9
c55_8,29.11701,40.8709,0.279,0.246,0.364,0.201,0.356,B,0.278,0.356,0.201,0.25,0.26,0.066,0.0,0.007,0.169,0.027,0.0,0.533,0.0,0.09,0.0,0.108,0.0,0.802,puan,0,0,1,0,0,0,,19.5
c54_22,29.11106,40.93376,0.996,0.994,0.996,0.994,0.997,A,0.997,0.996,0.995,0.996,0.994,0.989,0.0,0.007,0.0,0.0,0.0,0.0,0.003,0.0,0.0,0.002,0.0,0.998,puan,0,0,1,0,0,0,,93.3
c54_23,29.11106,40.93825,0.871,0.834,0.876,0.808,0.888,A,0.878,0.888,0.854,0.808,0.858,0.725,0.0,0.047,0.055,0.012,0.024,0.028,0.001,0.069,0.0,0.016,0.024,0.891,puan,1021,933,3,2,2,0,1.0,86.5
c55_20,29.11701,40.92478,1.0,0.991,1.0,0.992,1.0,A,1.0,1.0,1.0,1.0,0.992,0.988,0.0,0.0,0.0,0.0,0.0,0.0,0.003,0.0,0.0,0.009,0.0,0.991,puan,0,0,1,0,0,0,,94.5
c55_21,29.11701,40.92927,0.981,0.966,0.981,0.955,0.986,A,0.979,0.986,0.975,0.955,0.975,0.926,0.0,0.0,0.028,0.0,0.005,0.0,0.001,0.025,0.0,0.006,0.009,0.96,puan,475,196,2,6,6,0,8.9,91.4
c55_22,29.11701,40.93376,0.607,0.516,0.665,0.486,0.649,B,0.604,0.649,0.565,0.486,0.593,0.343,0.0,0.008,0.097,0.055,0.056,0.134,0.006,0.173,0.005,0.021,0.102,0.699,puan,2295,1773,2,7,6,1,1.7,71.2
c55_23,29.11701,40.93825,0.333,0.3,0.399,0.272,0.394,B,0.343,0.394,0.272,0.282,0.315,0.13,0.002,0.033,0.107,0.158,0.025,0.314,0.0,0.14,0.006,0.075,0.01,0.769,puan,1099,798,3,2,0,2,1.1,28.3
c48_27,29.07536,40.95621,0.779,0.697,0.803,0.693,0.794,B,0.791,0.794,0.764,0.693,0.742,0.443,0.0,0.036,0.008,0.009,0.0,0.163,0.145,0.1,0.0,0.049,0.046,0.804,puan,514,0,2,2,2,0,3.9,82.3
c48_28,29.07536,40.9607,0.299,0.267,0.372,0.229,0.369,B,0.304,0.369,0.229,0.26,0.281,0.091,0.0,0.028,0.146,0.045,0.029,0.453,0.0,0.117,0.0,0.087,0.005,0.791,puan,366,0,2,7,6,1,19.1,21.8
c48_29,29.07536,40.96519,0.265,0.254,0.293,0.196,0.333,B,0.268,0.333,0.196,0.237,0.26,0.077,0.001,0.017,0.151,0.069,0.066,0.483,0.0,0.101,0.0,0.027,0.008,0.864,puan,354,0,2,4,4,0,11.3,17.9
c48_30,29.07536,40.96968,0.238,0.214,0.315,0.185,0.291,B,0.248,0.291,0.185,0.21,0.229,0.082,0.001,0.013,0.072,0.048,0.09,0.498,0.0,0.107,0.0,0.067,0.023,0.803,puan,0,1796,2,2,0,2,1.1,15.3
c48_31,29.07536,40.97417,0.273,0.252,0.329,0.208,0.338,B,0.278,0.338,0.208,0.244,0.264,0.087,0.0,0.02,0.13,0.064,0.053,0.477,0.0,0.098,0.0,0.054,0.016,0.832,puan,0,1854,2,0,0,0,0.0,18.8
c49_27,29.08131,40.95621,0.522,0.458,0.58,0.471,0.562,A,0.535,0.562,0.481,0.471,0.487,0.287,0.0,0.04,0.058,0.03,0.002,0.344,0.04,0.086,0.0,0.076,0.035,0.802,puan,572,0,2,2,2,0,3.5,62.4
c49_28,29.08131,40.9607,0.287,0.274,0.32,0.22,0.355,B,0.287,0.355,0.22,0.251,0.283,0.096,0.0,0.012,0.157,0.053,0.081,0.441,0.0,0.119,0.0,0.02,0.02,0.841,puan,589,1289,2,11,11,0,5.9,20.4
c49_29,29.08131,40.96519,0.256,0.247,0.282,0.194,0.318,B,0.259,0.318,0.194,0.225,0.252,0.086,0.0,0.003,0.119,0.097,0.071,0.478,0.0,0.116,0.0,0.027,0.004,0.853,puan,0,1466,1,1,0,1,0.7,16.9
c49_30,29.08131,40.96968,0.262,0.24,0.324,0.2,0.324,B,0.268,0.324,0.2,0.235,0.25,0.086,0.002,0.011,0.112,0.055,0.055,0.508,0.0,0.094,0.0,0.076,0.001,0.829,puan,421,113,2,2,2,0,3.8,17.7
c49_31,29.08131,40.97417,0.302,0.283,0.345,0.237,0.366,B,0.306,0.366,0.237,0.272,0.291,0.117,0.0,0.012,0.126,0.073,0.015,0.509,0.0,0.093,0.0,0.054,0.002,0.851,puan,1195,0,2,7,7,0,5.9,22.3
c50_27,29.08726,40.95621,0.425,0.382,0.482,0.367,0.479,B,0.436,0.479,0.371,0.367,0.404,0.194,0.0,0.041,0.097,0.046,0.011,0.376,0.025,0.123,0.0,0.059,0.028,0.789,puan,1089,16,3,12,12,0,10.9,48.8
c50_28,29.08726,40.9607,0.271,0.25,0.326,0.213,0.329,B,0.284,0.329,0.213,0.236,0.261,0.092,0.002,0.039,0.093,0.083,0.059,0.445,0.0,0.121,0.0,0.057,0.009,0.813,puan,33,1247,1,3,2,1,2.3,18.5
c50_29,29.08726,40.96519,0.3,0.29,0.325,0.238,0.363,B,0.304,0.363,0.238,0.268,0.294,0.121,0.002,0.011,0.129,0.064,0.054,0.48,0.0,0.105,0.0,0.031,0.001,0.863,puan,1220,0,2,15,12,3,12.3,21.9
c50_30,29.08726,40.96968,0.3,0.286,0.331,0.237,0.362,B,0.303,0.362,0.237,0.274,0.293,0.123,0.0,0.01,0.131,0.047,0.047,0.517,0.0,0.084,0.0,0.035,0.006,0.875,puan,690,0,2,4,4,0,5.8,21.9
c50_31,29.08726,40.97417,0.367,0.345,0.405,0.259,0.475,C,0.348,0.475,0.259,0.349,0.357,0.084,0.0,0.01,0.375,0.15,0.002,0.275,0.0,0.047,0.0,0.037,0.021,0.896,puan,0,0,1,0,0,0,,36.1
c51_26,29.09321,40.95172,0.62,0.567,0.653,0.535,0.66,B,0.635,0.66,0.58,0.535,0.606,0.259,0.0,0.072,0.089,0.017,0.023,0.201,0.137,0.126,0.0,0.024,0.051,0.798,puan,1021,406,3,11,8,3,7.7,72.6
c51_27,29.09321,40.95621,0.31,0.283,0.37,0.242,0.378,B,0.31,0.378,0.242,0.267,0.297,0.108,0.0,0.013,0.152,0.034,0.061,0.428,0.0,0.129,0.0,0.061,0.015,0.795,puan,610,1997,4,8,6,2,3.1,23.6
c51_28,29.09321,40.9607,0.326,0.314,0.352,0.255,0.398,B,0.328,0.398,0.255,0.282,0.319,0.12,0.004,0.009,0.158,0.075,0.0,0.468,0.0,0.132,0.0,0.032,0.002,0.834,puan,1377,10,2,6,2,4,4.3,26.7
c51_29,29.09321,40.96519,0.255,0.246,0.283,0.193,0.317,B,0.262,0.317,0.193,0.23,0.251,0.086,0.002,0.003,0.103,0.118,0.018,0.539,0.0,0.096,0.0,0.03,0.004,0.87,puan,16,0,1,0,0,0,,16.8
c51_30,29.09321,40.96968,0.318,0.296,0.365,0.25,0.387,B,0.324,0.387,0.25,0.284,0.308,0.116,0.002,0.026,0.145,0.032,0.011,0.505,0.0,0.1,0.0,0.044,0.018,0.838,puan,0,0,1,0,0,0,,25.3
c51_31,29.09321,40.97417,0.367,0.346,0.403,0.304,0.43,B,0.369,0.43,0.304,0.333,0.355,0.175,0.001,0.018,0.144,0.045,0.035,0.442,0.0,0.087,0.0,0.042,0.01,0.861,puan,0,0,1,0,0,0,,36.1
c52_25,29.09916,40.94723,0.741,0.673,0.765,0.587,0.753,B,0.743,0.753,0.73,0.587,0.719,0.405,0.0,0.001,0.012,0.053,0.079,0.066,0.117,0.193,0.0,0.027,0.047,0.733,puan,1216,1061,4,4,4,0,1.8,80.3
c52_26,29.09916,40.95172,0.502,0.393,0.611,0.405,0.562,B,0.5,0.562,0.443,0.405,0.456,0.211,0.001,0.02,0.134,0.05,0.05,0.175,0.016,0.159,0.0,0.091,0.092,0.657,puan,2462,1931,6,9,6,3,2.0,59.5
c52_27,29.09916,40.95621,0.35,0.321,0.405,0.276,0.425,B,0.358,0.425,0.276,0.295,0.339,0.117,0.0,0.048,0.166,0.085,0.001,0.366,0.0,0.145,0.0,0.043,0.029,0.783,puan,2695,0,5,7,7,0,2.6,32.3
c52_28,29.09916,40.9607,0.267,0.262,0.279,0.203,0.33,B,0.273,0.33,0.203,0.236,0.265,0.091,0.0,0.008,0.11,0.129,0.0,0.531,0.0,0.115,0.0,0.011,0.005,0.869,puan,326,0,2,0,0,0,0.0,18.1
c52_29,29.09916,40.96519,0.272,0.26,0.303,0.211,0.333,B,0.28,0.333,0.211,0.241,0.27,0.097,0.0,0.012,0.095,0.106,0.0,0.53,0.0,0.107,0.016,0.013,0.025,0.839,puan,0,0,1,0,0,0,,18.7
c52_30,29.09916,40.96968,0.297,0.274,0.35,0.227,0.366,B,0.3,0.366,0.227,0.249,0.291,0.094,0.0,0.014,0.132,0.071,0.001,0.473,0.0,0.15,0.0,0.028,0.037,0.785,puan,883,0,2,1,0,1,1.1,21.6
c52_31,29.09916,40.97417,0.385,0.357,0.43,0.309,0.462,B,0.38,0.462,0.309,0.323,0.383,0.147,0.0,0.023,0.208,0.096,0.059,0.254,0.0,0.151,0.0,0.006,0.056,0.787,puan,2536,0,7,12,7,5,4.7,40.7
c53_24,29.10511,40.94274,0.944,0.9,0.946,0.806,0.949,B,0.946,0.949,0.939,0.806,0.936,0.56,0.0,0.011,0.01,0.0,0.002,0.036,0.2,0.14,0.0,0.008,0.031,0.82,puan,1211,0,2,8,8,0,6.6,89.6
c53_25,29.10511,40.94723,0.421,0.339,0.534,0.344,0.481,B,0.428,0.481,0.361,0.344,0.379,0.173,0.0,0.04,0.119,0.047,0.045,0.257,0.002,0.153,0.0,0.111,0.054,0.682,puan,1269,1643,4,5,1,4,1.7,48.0
c53_26,29.10511,40.95172,0.375,0.314,0.477,0.296,0.455,B,0.371,0.455,0.296,0.309,0.335,0.122,0.002,0.01,0.18,0.108,0.0,0.287,0.0,0.153,0.0,0.138,0.0,0.709,puan,693,0,2,0,0,0,0.0,38.3
c53_27,29.10511,40.95621,0.326,0.269,0.444,0.256,0.396,B,0.338,0.396,0.256,0.282,0.305,0.099,0.001,0.048,0.13,0.112,0.001,0.342,0.0,0.113,0.0,0.086,0.069,0.732,puan,0,0,1,0,0,0,,26.7
c53_28,29.10511,40.9607,0.286,0.268,0.33,0.229,0.343,B,0.294,0.343,0.229,0.242,0.279,0.112,0.0,0.012,0.084,0.09,0.032,0.47,0.0,0.147,0.0,0.035,0.018,0.801,puan,1632,0,2,0,0,0,0.0,20.3
c53_29,29.10511,40.96519,0.509,0.463,0.553,0.393,0.603,C,0.488,0.603,0.415,0.393,0.506,0.196,0.0,0.003,0.277,0.091,0.005,0.147,0.0,0.211,0.0,0.005,0.066,0.718,puan,5606,0,7,22,11,11,3.9,60.6
c53_30,29.10511,40.96968,0.494,0.478,0.51,0.348,0.64,C,0.454,0.64,0.348,0.436,0.491,0.102,0.0,0.031,0.585,0.021,0.024,0.086,0.0,0.113,0.01,0.007,0.022,0.849,puan,1559,0,4,6,6,0,3.8,58.7
c53_31,29.10511,40.97417,0.428,0.373,0.502,0.329,0.527,B,0.409,0.527,0.329,0.393,0.391,0.142,0.0,0.013,0.325,0.054,0.038,0.236,0.0,0.071,0.0,0.111,0.009,0.809,puan,313,0,2,1,1,0,3.2,49.2
c54_24,29.11106,40.94274,0.457,0.374,0.555,0.382,0.507,B,0.468,0.507,0.406,0.382,0.403,0.222,0.0,0.042,0.088,0.047,0.035,0.27,0.0,0.138,0.0,0.135,0.021,0.706,puan,1560,1525,4,13,11,2,4.2,54.1
c54_25,29.11106,40.94723,0.403,0.353,0.476,0.322,0.483,B,0.394,0.483,0.322,0.335,0.374,0.148,0.002,0.009,0.207,0.079,0.024,0.277,0.0,0.15,0.0,0.085,0.019,0.746,puan,1569,1041,4,2,0,2,0.8,44.2
c54_26,29.11106,40.95172,0.354,0.274,0.5,0.286,0.419,B,0.358,0.419,0.288,0.286,0.303,0.121,0.003,0.011,0.108,0.133,0.003,0.275,0.0,0.154,0.0,0.184,0.007,0.655,puan,0,0,1,0,0,0,,33.2
c54_27,29.11106,40.95621,0.492,0.432,0.553,0.406,0.539,B,0.496,0.539,0.444,0.406,0.463,0.274,0.0,0.01,0.079,0.155,0.001,0.223,0.0,0.156,0.0,0.063,0.04,0.742,puan,869,0,2,0,0,0,0.0,58.4
c54_28,29.11106,40.9607,0.518,0.436,0.594,0.418,0.608,B,0.511,0.608,0.428,0.418,0.504,0.186,0.0,0.048,0.246,0.09,0.007,0.101,0.0,0.161,0.034,0.025,0.102,0.678,puan,2909,0,5,5,4,1,1.7,61.8
c54_29,29.11106,40.96519,0.379,0.356,0.416,0.289,0.468,B,0.367,0.468,0.289,0.362,0.364,0.139,0.0,0.004,0.283,0.266,0.002,0.206,0.0,0.042,0.0,0.056,0.002,0.9,puan,0,0,1,0,0,0,,39.4
c54_30,29.11106,40.96968,0.469,0.419,0.526,0.401,0.537,B,0.464,0.537,0.401,0.41,0.434,0.234,0.0,0.008,0.175,0.072,0.004,0.296,0.0,0.114,0.0,0.089,0.006,0.79,puan,1014,0,3,23,23,0,22.7,55.6
c54_31,29.11106,40.97417,0.421,0.364,0.499,0.356,0.486,B,0.42,0.486,0.356,0.364,0.382,0.195,0.003,0.005,0.142,0.04,0.006,0.372,0.0,0.118,0.0,0.117,0.003,0.762,puan,0,0,1,0,0,0,,48.0
c55_24,29.11701,40.94274,0.416,0.334,0.531,0.34,0.488,B,0.415,0.488,0.344,0.34,0.363,0.157,0.001,0.014,0.151,0.067,0.0,0.29,0.0,0.152,0.0,0.154,0.014,0.681,puan,712,0,2,0,0,0,0.0,46.8
c55_25,29.11701,40.94723,0.331,0.283,0.426,0.261,0.4,B,0.334,0.4,0.261,0.277,0.303,0.11,0.002,0.016,0.133,0.084,0.0,0.39,0.0,0.142,0.0,0.115,0.007,0.735,puan,622,0,2,0,0,0,0.0,27.9
c55_26,29.11701,40.95172,0.395,0.336,0.485,0.299,0.46,B,0.405,0.46,0.33,0.299,0.377,0.15,0.021,0.01,0.107,0.2,0.0,0.182,0.0,0.214,0.0,0.048,0.069,0.669,puan,2142,0,4,5,3,2,2.3,42.6
c55_27,29.11701,40.95621,0.389,0.325,0.489,0.335,0.432,A,0.38,0.432,0.346,0.335,0.384,0.205,0.002,0.007,0.136,0.055,0.309,0.022,0.0,0.118,0.0,0.014,0.13,0.737,puan,1528,0,3,0,0,0,0.0,41.5
c55_28,29.11701,40.9607,0.412,0.349,0.502,0.352,0.53,B,0.53,0.472,0.352,0.384,0.391,0.137,0.375,0.006,0.01,0.004,0.202,0.062,0.0,0.059,0.002,0.065,0.079,0.796,puan,95,0,1,0,0,0,0.0,46.3
c55_29,29.11701,40.96519,0.415,0.326,0.541,0.358,0.47,B,0.455,0.47,0.36,0.379,0.358,0.178,0.098,0.005,0.044,0.043,0.007,0.335,0.0,0.068,0.027,0.173,0.021,0.71,puan,0,0,1,0,0,0,,46.6
c55_30,29.11701,40.96968,0.433,0.391,0.488,0.372,0.494,B,0.433,0.494,0.372,0.377,0.405,0.221,0.001,0.007,0.136,0.057,0.009,0.364,0.0,0.119,0.0,0.08,0.005,0.796,puan,1376,0,2,18,18,0,13.1,49.9
c55_31,29.11701,40.97417,0.316,0.286,0.381,0.247,0.385,B,0.315,0.385,0.247,0.294,0.299,0.12,0.003,0.008,0.163,0.078,0.054,0.424,0.0,0.062,0.0,0.083,0.006,0.849,puan,500,0,2,0,0,0,0.0,25.0
c48_32,29.07536,40.97866,0.315,0.3,0.349,0.255,0.376,B,0.322,0.376,0.255,0.276,0.311,0.131,0.0,0.029,0.123,0.102,0.068,0.384,0.0,0.119,0.0,0.022,0.022,0.837,puan,2466,0,4,13,13,0,5.3,24.8
c48_33,29.07536,40.98315,0.353,0.334,0.389,0.296,0.411,B,0.36,0.411,0.296,0.314,0.341,0.173,0.0,0.014,0.103,0.063,0.009,0.481,0.0,0.107,0.0,0.047,0.002,0.844,puan,153,0,2,1,1,0,6.5,33.0
c48_34,29.07536,40.98764,0.427,0.389,0.478,0.36,0.483,B,0.43,0.483,0.371,0.36,0.415,0.222,0.0,0.009,0.105,0.068,0.002,0.373,0.0,0.145,0.0,0.031,0.045,0.779,puan,2036,0,5,6,6,0,2.9,49.1
c48_35,29.07536,40.99213,0.611,0.445,0.716,0.419,0.663,C,0.604,0.663,0.558,0.419,0.566,0.251,0.0,0.002,0.096,0.068,0.014,0.092,0.0,0.238,0.045,0.053,0.141,0.523,puan,5722,0,9,13,8,5,2.3,71.6
c48_36,29.07536,40.99662,0.397,0.323,0.509,0.317,0.457,B,0.399,0.457,0.336,0.317,0.352,0.16,0.001,0.021,0.121,0.05,0.059,0.264,0.0,0.171,0.0,0.132,0.022,0.675,puan,2612,0,4,7,7,0,2.7,43.0
c48_37,29.07536,41.00111,0.416,0.371,0.48,0.351,0.478,B,0.424,0.478,0.355,0.351,0.389,0.19,0.0,0.035,0.122,0.082,0.001,0.327,0.0,0.141,0.01,0.079,0.014,0.757,puan,1149,0,3,0,0,0,0.0,46.8
c48_38,29.07536,41.0056,0.551,0.406,0.67,0.383,0.614,C,0.544,0.614,0.488,0.383,0.445,0.217,0.0,0.008,0.126,0.039,0.017,0.15,0.0,0.244,0.0,0.185,0.015,0.556,puan,2385,0,3,10,8,2,4.2,66.3
c48_39,29.07536,41.01009,0.277,0.218,0.432,0.227,0.327,B,0.282,0.327,0.227,0.234,0.245,0.101,0.001,0.014,0.079,0.061,0.138,0.292,0.0,0.128,0.0,0.182,0.004,0.686,puan,1034,0,2,2,2,0,1.9,19.3
c49_32,29.08131,40.97866,0.353,0.34,0.376,0.29,0.415,B,0.356,0.415,0.29,0.319,0.345,0.168,0.0,0.013,0.131,0.075,0.007,0.48,0.0,0.093,0.0,0.029,0.004,0.874,puan,1244,0,3,5,5,0,4.0,33.0
c49_33,29.08131,40.98315,0.304,0.294,0.327,0.243,0.365,B,0.307,0.365,0.243,0.266,0.301,0.084,0.0,0.002,0.078,0.058,0.03,0.302,0.0,0.08,0.347,0.011,0.007,0.555,puan,489,0,2,1,1,0,2.0,22.5
c49_34,29.08131,40.98764,0.355,0.308,0.441,0.295,0.411,B,0.361,0.411,0.299,0.295,0.339,0.156,0.0,0.007,0.084,0.025,0.007,0.455,0.0,0.15,0.004,0.057,0.055,0.734,puan,1441,0,2,3,3,0,2.1,33.4
c49_35,29.08131,40.99213,0.427,0.306,0.589,0.345,0.504,B,0.419,0.504,0.349,0.345,0.372,0.115,0.0,0.014,0.144,0.052,0.038,0.145,0.0,0.121,0.171,0.113,0.087,0.508,puan,533,0,2,0,0,0,0.0,49.1
c49_36,29.08131,40.99662,0.373,0.288,0.516,0.299,0.437,B,0.378,0.437,0.31,0.299,0.318,0.134,0.004,0.016,0.106,0.081,0.015,0.292,0.0,0.162,0.0,0.186,0.005,0.647,puan,720,0,2,0,0,0,0.0,37.8
c49_37,29.08131,41.00111,0.344,0.272,0.481,0.28,0.398,B,0.356,0.398,0.291,0.28,0.299,0.136,0.001,0.019,0.061,0.099,0.0,0.354,0.0,0.154,0.0,0.173,0.004,0.67,puan,0,0,1,0,0,0,,30.9
c49_38,29.08131,41.0056,0.449,0.305,0.626,0.334,0.503,B,0.459,0.503,0.395,0.334,0.351,0.167,0.004,0.022,0.069,0.061,0.0,0.227,0.0,0.19,0.0,0.239,0.02,0.551,puan,400,0,2,0,0,0,0.0,53.0
c49_39,29.08131,41.01009,0.397,0.378,0.427,0.306,0.455,B,0.401,0.455,0.34,0.306,0.387,0.186,0.001,0.008,0.098,0.265,0.0,0.183,0.0,0.22,0.0,0.029,0.009,0.742,puan,707,0,2,0,0,0,0.0,43.0
c50_32,29.08726,40.97866,0.343,0.32,0.387,0.283,0.402,B,0.347,0.402,0.283,0.299,0.33,0.158,0.0,0.006,0.106,0.045,0.006,0.5,0.0,0.121,0.0,0.049,0.01,0.82,puan,672,0,2,0,0,0,0.0,30.6
c50_33,29.08726,40.98315,0.325,0.308,0.361,0.259,0.391,B,0.327,0.391,0.259,0.286,0.317,0.133,0.0,0.004,0.134,0.041,0.002,0.524,0.0,0.116,0.0,0.035,0.012,0.837,puan,861,0,2,7,4,3,8.1,26.4
c50_34,29.08726,40.98764,0.417,0.331,0.538,0.309,0.509,B,0.406,0.509,0.326,0.309,0.381,0.112,0.0,0.021,0.218,0.019,0.028,0.222,0.0,0.216,0.0,0.089,0.073,0.621,puan,3291,0,3,4,2,2,1.2,47.0
c50_35,29.08726,40.99213,0.42,0.312,0.569,0.351,0.462,B,0.443,0.462,0.377,0.351,0.373,0.184,0.001,0.062,0.042,0.077,0.039,0.232,0.0,0.125,0.015,0.119,0.102,0.638,puan,0,0,1,0,0,0,,47.9
c50_36,29.08726,40.99662,0.423,0.315,0.571,0.33,0.48,B,0.431,0.48,0.367,0.33,0.354,0.168,0.006,0.016,0.081,0.063,0.002,0.279,0.0,0.174,0.0,0.185,0.026,0.615,puan,587,0,2,0,0,0,0.0,48.4
c50_37,29.08726,41.00111,0.484,0.359,0.617,0.387,0.525,B,0.493,0.525,0.442,0.387,0.394,0.235,0.003,0.01,0.041,0.046,0.0,0.291,0.0,0.156,0.0,0.208,0.01,0.626,puan,0,0,1,0,0,0,,57.4
c50_38,29.08726,41.0056,0.377,0.261,0.57,0.295,0.428,B,0.386,0.428,0.327,0.295,0.301,0.143,0.0,0.009,0.049,0.05,0.0,0.327,0.0,0.162,0.0,0.254,0.006,0.578,puan,0,0,1,0,0,0,,38.9
c50_39,29.08726,41.01009,0.388,0.327,0.483,0.295,0.439,B,0.396,0.439,0.337,0.295,0.37,0.172,0.003,0.006,0.062,0.184,0.007,0.232,0.0,0.211,0.0,0.05,0.073,0.666,puan,1196,0,2,1,0,1,0.8,41.2
c51_32,29.09321,40.97866,0.379,0.351,0.424,0.325,0.433,B,0.383,0.433,0.325,0.33,0.371,0.197,0.0,0.005,0.091,0.068,0.01,0.443,0.0,0.121,0.0,0.026,0.037,0.815,puan,900,0,2,3,2,1,3.3,39.4
c51_33,29.09321,40.98315,0.406,0.342,0.501,0.289,0.45,B,0.421,0.45,0.362,0.289,0.397,0.171,0.0,0.059,0.079,0.025,0.14,0.153,0.0,0.255,0.0,0.02,0.098,0.626,puan,6650,0,6,14,3,11,2.1,44.8
c51_34,29.09321,40.98764,0.328,0.26,0.468,0.255,0.382,B,0.345,0.382,0.274,0.255,0.289,0.114,0.005,0.04,0.067,0.089,0.044,0.286,0.0,0.185,0.0,0.152,0.018,0.645,puan,216,0,1,1,1,0,4.6,27.4
c51_35,29.09321,40.99213,0.291,0.226,0.451,0.233,0.343,B,0.301,0.343,0.24,0.233,0.254,0.104,0.001,0.004,0.044,0.03,0.008,0.457,0.0,0.164,0.0,0.188,0.0,0.648,puan,0,0,1,0,0,0,,20.8
c51_36,29.09321,40.99662,0.333,0.233,0.534,0.255,0.376,B,0.339,0.376,0.291,0.255,0.28,0.13,0.0,0.001,0.042,0.025,0.083,0.294,0.0,0.177,0.0,0.199,0.049,0.576,puan,291,0,2,0,0,0,0.0,28.3
c51_37,29.09321,41.00111,0.476,0.315,0.654,0.361,0.519,B,0.483,0.519,0.433,0.362,0.361,0.201,0.001,0.004,0.04,0.015,0.001,0.284,0.0,0.173,0.0,0.266,0.015,0.546,puan,407,0,2,0,0,0,0.0,56.3
c51_38,29.09321,41.0056,0.373,0.223,0.625,0.267,0.423,C,0.381,0.423,0.322,0.267,0.277,0.118,0.001,0.004,0.04,0.035,0.0,0.285,0.0,0.191,0.0,0.302,0.023,0.484,puan,102,0,1,0,0,0,0.0,37.8
c51_39,29.09321,41.01009,0.482,0.374,0.598,0.352,0.529,B,0.491,0.529,0.436,0.352,0.417,0.216,0.001,0.018,0.058,0.071,0.0,0.24,0.0,0.223,0.0,0.134,0.04,0.604,puan,1258,0,1,0,0,0,0.0,57.2
c52_32,29.09916,40.97866,0.437,0.41,0.471,0.291,0.583,C,0.392,0.583,0.291,0.378,0.436,0.054,0.001,0.016,0.574,0.008,0.113,0.042,0.0,0.125,0.014,0.003,0.049,0.809,puan,3143,0,5,4,4,0,1.3,50.7
c52_33,29.09916,40.98315,0.604,0.52,0.659,0.453,0.68,C,0.587,0.68,0.528,0.453,0.584,0.27,0.0,0.002,0.205,0.046,0.007,0.122,0.0,0.216,0.025,0.028,0.077,0.653,puan,4760,0,6,2,0,2,0.4,71.0
c52_34,29.09916,40.98764,0.314,0.29,0.367,0.244,0.384,B,0.311,0.384,0.244,0.272,0.3,0.111,0.0,0.002,0.162,0.118,0.048,0.364,0.0,0.126,0.0,0.064,0.004,0.806,puan,0,0,1,0,0,0,,24.6
c52_35,29.09916,40.99213,0.355,0.279,0.492,0.292,0.407,B,0.373,0.407,0.302,0.292,0.312,0.143,0.024,0.011,0.053,0.045,0.016,0.379,0.0,0.146,0.0,0.153,0.029,0.672,puan,0,0,1,0,0,0,,33.4
c52_36,29.09916,40.99662,0.456,0.397,0.526,0.368,0.544,B,0.448,0.544,0.368,0.413,0.443,0.18,0.0,0.031,0.263,0.137,0.0,0.187,0.0,0.084,0.0,0.032,0.086,0.798,puan,0,0,1,0,0,0,,54.0
c52_37,29.09916,41.00111,0.331,0.269,0.458,0.277,0.386,B,0.339,0.386,0.277,0.295,0.317,0.143,0.0,0.006,0.068,0.077,0.0,0.443,0.0,0.092,0.0,0.055,0.117,0.736,puan,1450,0,2,2,2,0,1.4,27.9
c52_38,29.09916,41.0056,0.456,0.328,0.608,0.305,0.495,B,0.466,0.495,0.417,0.305,0.369,0.189,0.001,0.005,0.023,0.017,0.0,0.296,0.0,0.262,0.0,0.189,0.018,0.531,puan,1738,0,1,0,0,0,0.0,54.0
c52_39,29.09916,41.01009,0.375,0.291,0.515,0.307,0.428,B,0.383,0.428,0.322,0.307,0.328,0.157,0.001,0.01,0.066,0.094,0.0,0.332,0.0,0.147,0.0,0.155,0.037,0.662,puan,25,0,1,0,0,0,,38.3
c53_32,29.10511,40.97866,0.422,0.413,0.435,0.333,0.512,B,0.461,0.512,0.333,0.389,0.416,0.115,0.0,0.254,0.277,0.083,0.0,0.172,0.0,0.078,0.0,0.02,0.001,0.902,puan,1985,0,4,7,7,0,3.5,48.3
c53_33,29.10511,40.98315,0.478,0.452,0.506,0.406,0.55,B,0.465,0.55,0.406,0.414,0.475,0.246,0.0,0.0,0.225,0.202,0.066,0.087,0.0,0.127,0.0,0.007,0.04,0.826,puan,3944,0,5,10,10,0,2.5,56.7
c53_34,29.10511,40.98764,0.425,0.396,0.464,0.346,0.49,B,0.431,0.49,0.36,0.346,0.422,0.18,0.0,0.041,0.137,0.113,0.008,0.248,0.0,0.166,0.054,0.007,0.046,0.728,puan,2341,0,3,3,3,0,1.3,48.8
c53_35,29.10511,40.99213,0.347,0.331,0.377,0.281,0.412,B,0.364,0.412,0.281,0.304,0.346,0.128,0.0,0.105,0.17,0.046,0.124,0.267,0.0,0.119,0.0,0.002,0.038,0.84,puan,0,0,1,0,0,0,,31.4
c53_36,29.10511,40.99662,0.36,0.321,0.429,0.305,0.416,B,0.378,0.416,0.305,0.318,0.358,0.161,0.0,0.062,0.086,0.102,0.009,0.378,0.0,0.106,0.0,0.007,0.089,0.798,puan,43,0,1,0,0,0,,34.8
c53_37,29.10511,41.00111,0.542,0.389,0.671,0.409,0.591,B,0.542,0.591,0.492,0.409,0.508,0.242,0.0,0.007,0.078,0.13,0.0,0.126,0.0,0.19,0.0,0.051,0.177,0.582,puan,2459,0,2,0,0,0,0.0,64.9
c53_38,29.10511,41.0056,0.451,0.27,0.672,0.328,0.499,C,0.457,0.499,0.403,0.328,0.393,0.16,0.0,0.007,0.046,0.09,0.0,0.185,0.0,0.183,0.0,0.106,0.222,0.488,puan,1979,0,3,0,0,0,0.0,53.3
c53_39,29.10511,41.01009,0.487,0.415,0.562,0.399,0.528,B,0.495,0.528,0.445,0.399,0.448,0.271,0.0,0.012,0.049,0.093,0.001,0.289,0.0,0.157,0.006,0.086,0.037,0.713,puan,1155,0,2,0,0,0,0.0,57.7
c54_32,29.11106,40.97866,0.424,0.358,0.513,0.349,0.498,B,0.441,0.498,0.349,0.38,0.386,0.168,0.059,0.016,0.157,0.071,0.003,0.296,0.0,0.088,0.0,0.11,0.031,0.771,puan,1067,0,2,11,6,5,10.3,48.6
c54_33,29.11106,40.98315,0.424,0.39,0.47,0.34,0.507,B,0.415,0.507,0.34,0.372,0.407,0.171,0.001,0.017,0.243,0.069,0.014,0.301,0.0,0.113,0.0,0.047,0.023,0.816,puan,9,0,1,0,0,0,,48.6
c54_34,29.11106,40.98764,0.443,0.398,0.501,0.368,0.519,B,0.439,0.519,0.368,0.369,0.438,0.17,0.0,0.025,0.185,0.069,0.03,0.214,0.0,0.139,0.09,0.011,0.068,0.692,puan,2660,0,3,2,2,0,0.8,52.0
c54_35,29.11106,40.99213,0.506,0.456,0.555,0.417,0.546,B,0.54,0.546,0.466,0.417,0.505,0.251,0.006,0.111,0.052,0.088,0.048,0.133,0.0,0.148,0.087,0.003,0.073,0.689,puan,1528,0,3,0,0,0,0.0,60.2
c54_36,29.11106,40.99662,0.632,0.551,0.68,0.53,0.662,B,0.636,0.662,0.602,0.53,0.629,0.41,0.0,0.012,0.051,0.052,0.037,0.18,0.0,0.143,0.005,0.005,0.105,0.742,puan,2982,0,5,0,0,0,0.0,73.2
c54_37,29.11106,41.00111,0.434,0.239,0.689,0.335,0.533,C,0.412,0.533,0.335,0.367,0.423,0.093,0.0,0.0,0.201,0.186,0.017,0.003,0.0,0.091,0.0,0.019,0.39,0.5,puan,870,0,2,0,0,0,0.0,50.2
c54_38,29.11106,41.0056,0.407,0.204,0.703,0.299,0.453,C,0.435,0.453,0.361,0.299,0.378,0.104,0.006,0.037,0.024,0.076,0.007,0.137,0.0,0.141,0.079,0.045,0.345,0.391,puan,1504,0,3,0,0,0,0.0,45.2
c54_39,29.11106,41.01009,0.378,0.317,0.477,0.311,0.434,B,0.388,0.434,0.321,0.311,0.352,0.14,0.001,0.029,0.083,0.081,0.026,0.267,0.0,0.134,0.12,0.07,0.049,0.627,puan,0,0,1,0,0,0,,39.2
c55_32,29.11701,40.97866,0.439,0.4,0.488,0.359,0.518,B,0.431,0.518,0.359,0.395,0.417,0.195,0.001,0.014,0.228,0.085,0.003,0.302,0.0,0.092,0.0,0.062,0.018,0.828,puan,1122,0,2,9,9,0,8.0,51.1
c55_33,29.11701,40.98315,0.409,0.37,0.466,0.359,0.46,B,0.415,0.46,0.359,0.364,0.386,0.228,0.0,0.009,0.081,0.096,0.009,0.391,0.0,0.101,0.0,0.072,0.014,0.813,puan,0,0,1,0,0,0,,45.5
c55_34,29.11701,40.98764,0.409,0.379,0.454,0.347,0.447,B,0.419,0.447,0.371,0.347,0.4,0.241,0.0,0.02,0.049,0.111,0.096,0.266,0.0,0.141,0.012,0.025,0.038,0.784,puan,1164,0,2,0,0,0,0.0,45.5
c55_35,29.11701,40.99213,0.541,0.48,0.594,0.458,0.594,B,0.545,0.594,0.489,0.458,0.54,0.305,0.0,0.032,0.122,0.06,0.023,0.221,0.0,0.139,0.0,0.003,0.095,0.763,puan,1016,0,3,0,0,0,0.0,64.9
c55_36,29.11701,40.99662,0.786,0.673,0.817,0.595,0.79,B,0.787,0.79,0.783,0.595,0.783,0.501,0.0,0.003,0.007,0.014,0.12,0.0,0.0,0.207,0.038,0.004,0.105,0.645,puan,5451,0,12,3,0,3,0.6,82.5
c55_37,29.11701,41.00111,0.406,0.256,0.626,0.333,0.441,B,0.415,0.441,0.372,0.333,0.383,0.176,0.0,0.005,0.021,0.029,0.058,0.265,0.0,0.121,0.0,0.049,0.277,0.553,puan,1880,0,2,0,0,0,0.0,44.8
c55_38,29.11701,41.0056,0.326,0.247,0.489,0.27,0.366,B,0.347,0.366,0.285,0.27,0.313,0.133,0.002,0.054,0.038,0.049,0.109,0.268,0.0,0.135,0.002,0.045,0.164,0.653,puan,0,0,1,0,0,0,,26.7
c55_39,29.11701,41.01009,0.361,0.307,0.457,0.295,0.418,B,0.373,0.418,0.304,0.295,0.326,0.144,0.0,0.029,0.08,0.059,0.002,0.379,0.0,0.154,0.031,0.12,0.002,0.693,puan,81,0,1,0,0,0,0.0,35.0
c48_40,29.07536,41.01458,0.334,0.301,0.399,0.274,0.393,B,0.339,0.393,0.274,0.291,0.318,0.146,0.001,0.004,0.099,0.149,0.0,0.396,0.0,0.118,0.0,0.066,0.02,0.796,puan,1189,0,3,9,8,1,7.6,28.5
c48_41,29.07536,41.01907,0.363,0.316,0.444,0.284,0.428,B,0.363,0.428,0.298,0.284,0.342,0.138,0.002,0.007,0.128,0.169,0.034,0.225,0.0,0.194,0.0,0.067,0.036,0.703,puan,2076,0,5,6,6,0,2.9,35.4
c48_42,29.07536,41.02356,0.532,0.457,0.598,0.433,0.569,B,0.538,0.569,0.496,0.433,0.501,0.315,0.0,0.004,0.046,0.062,0.011,0.279,0.0,0.164,0.0,0.06,0.057,0.718,puan,3239,0,4,8,8,0,2.5,63.9
c48_43,29.07536,41.02805,0.323,0.247,0.483,0.264,0.379,B,0.333,0.379,0.267,0.264,0.276,0.116,0.002,0.015,0.068,0.055,0.014,0.383,0.0,0.146,0.0,0.201,0.0,0.652,puan,0,0,1,0,0,0,,26.0
c48_44,29.07536,41.03254,0.353,0.252,0.539,0.287,0.407,B,0.364,0.407,0.299,0.287,0.291,0.129,0.006,0.012,0.056,0.076,0.001,0.33,0.0,0.141,0.004,0.229,0.017,0.609,puan,608,0,2,2,2,0,3.3,33.0
c48_45,29.07536,41.03703,0.373,0.296,0.502,0.305,0.415,B,0.383,0.415,0.331,0.305,0.323,0.178,0.0,0.009,0.035,0.017,0.03,0.405,0.0,0.151,0.0,0.169,0.005,0.674,puan,10,0,1,1,1,0,,37.8
c48_46,29.07536,41.04152,0.331,0.254,0.487,0.27,0.375,B,0.339,0.375,0.286,0.27,0.288,0.141,0.001,0.009,0.049,0.02,0.081,0.352,0.0,0.147,0.0,0.172,0.026,0.654,puan,0,0,1,0,0,0,,27.9
c48_47,29.07536,41.04601,0.381,0.313,0.49,0.307,0.437,B,0.396,0.437,0.324,0.307,0.336,0.154,0.012,0.03,0.079,0.068,0.0,0.345,0.0,0.165,0.0,0.147,0.001,0.688,puan,0,0,1,0,0,0,,39.9
c49_40,29.08131,41.01458,0.337,0.33,0.35,0.274,0.4,B,0.341,0.4,0.274,0.28,0.334,0.144,0.002,0.011,0.123,0.256,0.016,0.267,0.0,0.165,0.0,0.011,0.006,0.818,puan,0,0,1,0,0,0,,29.0
c49_41,29.08131,41.01907,0.326,0.313,0.352,0.251,0.4,B,0.324,0.4,0.251,0.283,0.322,0.117,0.0,0.005,0.174,0.245,0.0,0.3,0.0,0.126,0.0,0.017,0.017,0.841,puan,0,0,1,0,0,0,,26.7
c49_42,29.08131,41.02356,0.41,0.372,0.464,0.323,0.488,B,0.411,0.488,0.332,0.323,0.396,0.147,0.002,0.037,0.185,0.128,0.001,0.231,0.0,0.196,0.0,0.038,0.037,0.73,puan,2441,0,2,5,4,1,2.0,45.7
c49_43,29.08131,41.02805,0.394,0.306,0.529,0.317,0.45,B,0.396,0.45,0.337,0.317,0.335,0.164,0.0,0.003,0.084,0.029,0.0,0.374,0.0,0.158,0.0,0.181,0.007,0.654,puan,7,0,1,0,0,0,,42.4
c49_44,29.08131,41.03254,0.403,0.284,0.579,0.316,0.463,B,0.406,0.463,0.344,0.316,0.322,0.148,0.005,0.005,0.089,0.04,0.014,0.289,0.0,0.163,0.0,0.245,0.002,0.59,puan,0,0,1,0,0,0,,44.2
c49_45,29.08131,41.03703,0.325,0.227,0.53,0.251,0.378,B,0.333,0.378,0.272,0.251,0.265,0.111,0.0,0.003,0.049,0.057,0.004,0.353,0.0,0.17,0.0,0.25,0.002,0.578,puan,0,0,1,0,0,0,,26.4
c49_46,29.08131,41.04152,0.256,0.206,0.402,0.215,0.293,A,0.268,0.293,0.218,0.215,0.23,0.105,0.0,0.022,0.034,0.024,0.17,0.324,0.0,0.13,0.024,0.164,0.002,0.68,puan,0,0,1,0,0,0,,16.9
c49_47,29.08131,41.04601,0.396,0.301,0.541,0.309,0.435,B,0.41,0.435,0.357,0.309,0.332,0.176,0.0,0.015,0.02,0.034,0.013,0.346,0.0,0.169,0.036,0.186,0.005,0.604,puan,0,0,1,0,0,0,,42.8
c50_40,29.08726,41.01458,0.337,0.305,0.399,0.28,0.394,B,0.341,0.394,0.28,0.281,0.32,0.148,0.002,0.002,0.091,0.231,0.022,0.271,0.0,0.152,0.0,0.064,0.015,0.768,puan,0,0,1,0,0,0,,29.0
c50_41,29.08726,41.01907,0.199,0.179,0.279,0.154,0.244,A,0.208,0.244,0.154,0.179,0.192,0.068,0.0,0.012,0.053,0.353,0.176,0.156,0.0,0.091,0.0,0.087,0.003,0.818,puan,0,0,1,0,0,0,,12.7
c50_42,29.08726,41.02356,0.354,0.315,0.425,0.275,0.434,B,0.352,0.434,0.275,0.31,0.334,0.117,0.001,0.022,0.197,0.239,0.012,0.2,0.0,0.113,0.0,0.076,0.022,0.789,puan,879,0,3,4,3,1,4.6,33.2
c50_43,29.08726,41.02805,0.397,0.328,0.502,0.319,0.45,B,0.405,0.45,0.344,0.319,0.359,0.178,0.0,0.015,0.074,0.045,0.002,0.372,0.0,0.169,0.0,0.114,0.03,0.687,puan,1234,0,2,1,1,0,0.8,43.0
c50_44,29.08726,41.03254,0.349,0.256,0.523,0.268,0.394,B,0.359,0.394,0.305,0.268,0.298,0.142,0.0,0.004,0.031,0.069,0.019,0.334,0.0,0.182,0.0,0.176,0.043,0.599,puan,446,0,2,0,0,0,0.0,32.0
c50_45,29.08726,41.03703,0.398,0.267,0.596,0.307,0.441,B,0.407,0.441,0.354,0.307,0.309,0.16,0.002,0.002,0.03,0.023,0.0,0.343,0.0,0.164,0.0,0.27,0.006,0.56,puan,0,0,1,0,0,0,,43.4
c50_46,29.08726,41.04152,0.345,0.247,0.531,0.267,0.396,B,0.357,0.396,0.294,0.267,0.285,0.124,0.004,0.011,0.045,0.026,0.003,0.372,0.0,0.17,0.012,0.219,0.012,0.586,puan,0,0,1,0,0,0,,31.1
c50_47,29.08726,41.04601,0.451,0.365,0.555,0.374,0.488,B,0.46,0.488,0.413,0.374,0.412,0.236,0.0,0.004,0.024,0.054,0.001,0.346,0.0,0.137,0.043,0.089,0.067,0.664,puan,0,0,1,0,0,0,,53.3
c51_40,29.09321,41.01458,0.402,0.309,0.54,0.326,0.47,B,0.403,0.47,0.334,0.326,0.339,0.148,0.0,0.015,0.127,0.096,0.0,0.266,0.0,0.153,0.0,0.192,0.003,0.652,puan,0,0,1,0,0,0,,44.1
c51_41,29.09321,41.01907,0.41,0.312,0.55,0.322,0.47,B,0.412,0.47,0.349,0.322,0.343,0.161,0.002,0.008,0.097,0.037,0.002,0.324,0.0,0.172,0.0,0.194,0.002,0.631,puan,0,0,1,0,0,0,,45.7
c51_42,29.09321,41.02356,0.476,0.412,0.545,0.385,0.567,B,0.46,0.567,0.385,0.398,0.437,0.182,0.003,0.008,0.263,0.028,0.0,0.26,0.0,0.144,0.0,0.092,0.022,0.742,puan,514,0,2,1,1,0,1.9,56.3
c51_43,29.09321,41.02805,0.39,0.341,0.466,0.31,0.469,B,0.38,0.469,0.31,0.326,0.361,0.142,0.001,0.001,0.203,0.072,0.025,0.304,0.0,0.146,0.0,0.09,0.017,0.747,puan,694,0,2,1,1,0,1.4,41.7
c51_44,29.09321,41.03254,0.449,0.4,0.509,0.354,0.49,B,0.456,0.49,0.407,0.354,0.429,0.229,0.0,0.008,0.044,0.082,0.016,0.29,0.0,0.179,0.069,0.043,0.039,0.67,puan,1201,0,1,0,0,0,0.0,53.0
c51_45,29.09321,41.03703,0.41,0.303,0.565,0.344,0.442,B,0.419,0.442,0.379,0.344,0.344,0.202,0.001,0.005,0.017,0.044,0.077,0.268,0.0,0.119,0.048,0.185,0.034,0.614,puan,0,0,1,0,0,0,,45.7
c51_46,29.09321,41.04152,0.351,0.245,0.546,0.27,0.391,B,0.363,0.391,0.311,0.27,0.287,0.141,0.0,0.001,0.009,0.037,0.0,0.376,0.0,0.168,0.027,0.223,0.019,0.563,puan,0,0,1,0,0,0,,32.5
c51_47,29.09321,41.04601,0.295,0.222,0.469,0.231,0.338,B,0.309,0.338,0.253,0.231,0.254,0.117,0.0,0.002,0.009,0.035,0.0,0.46,0.0,0.174,0.0,0.201,0.003,0.622,puan,0,0,1,0,0,0,,21.3
c52_40,29.09916,41.01458,0.414,0.305,0.568,0.334,0.47,B,0.418,0.47,0.357,0.334,0.344,0.166,0.002,0.012,0.086,0.052,0.015,0.288,0.0,0.15,0.007,0.198,0.023,0.622,puan,0,0,1,0,0,0,,46.4
c52_41,29.09916,41.01907,0.373,0.313,0.474,0.292,0.433,B,0.378,0.433,0.314,0.292,0.334,0.151,0.0,0.009,0.092,0.127,0.001,0.3,0.0,0.19,0.0,0.127,0.003,0.68,puan,0,0,1,0,0,0,,37.8
c52_42,29.09916,41.02356,0.37,0.352,0.4,0.292,0.448,B,0.364,0.448,0.292,0.303,0.362,0.134,0.002,0.01,0.201,0.095,0.027,0.316,0.0,0.175,0.0,0.027,0.012,0.786,puan,1433,0,5,4,4,0,2.8,37.0
c52_43,29.09916,41.02805,0.444,0.34,0.573,0.343,0.496,B,0.444,0.496,0.392,0.343,0.394,0.195,0.001,0.006,0.088,0.097,0.046,0.194,0.0,0.184,0.0,0.116,0.074,0.626,puan,1130,0,2,2,2,0,1.8,52.3
c52_44,29.09916,41.03254,0.493,0.465,0.522,0.37,0.615,C,0.518,0.615,0.37,0.429,0.492,0.117,0.166,0.024,0.373,0.058,0.02,0.065,0.0,0.123,0.003,0.002,0.048,0.824,puan,642,0,2,0,0,0,0.0,58.5
c52_45,29.09916,41.03703,0.333,0.262,0.474,0.268,0.387,B,0.342,0.387,0.278,0.268,0.289,0.125,0.0,0.013,0.062,0.077,0.0,0.378,0.0,0.158,0.009,0.173,0.003,0.655,puan,0,0,1,0,0,0,,28.3
c52_46,29.09916,41.04152,0.305,0.223,0.493,0.24,0.358,B,0.312,0.358,0.253,0.24,0.257,0.105,0.0,0.002,0.052,0.025,0.023,0.4,0.0,0.166,0.0,0.223,0.002,0.608,puan,0,0,1,0,0,0,,22.7
c52_47,29.09916,41.04601,0.313,0.231,0.493,0.244,0.363,B,0.323,0.363,0.262,0.244,0.264,0.112,0.003,0.003,0.041,0.026,0.004,0.423,0.0,0.171,0.0,0.214,0.004,0.611,puan,0,0,1,0,0,0,,24.3
c53_40,29.10511,41.01458,0.437,0.368,0.527,0.365,0.482,B,0.453,0.482,0.392,0.365,0.398,0.217,0.0,0.041,0.055,0.104,0.016,0.268,0.0,0.137,0.031,0.1,0.032,0.699,puan,384,0,2,0,0,0,0.0,50.7
c53_41,29.10511,41.01907,0.37,0.327,0.444,0.313,0.42,B,0.39,0.42,0.32,0.313,0.356,0.173,0.005,0.049,0.056,0.204,0.001,0.273,0.0,0.138,0.0,0.046,0.054,0.761,puan,0,0,1,0,0,0,,37.0
c53_42,29.10511,41.02356,0.331,0.315,0.362,0.248,0.414,B,0.321,0.414,0.248,0.286,0.326,0.099,0.008,0.007,0.249,0.147,0.111,0.207,0.0,0.13,0.0,0.022,0.019,0.829,puan,1007,0,3,6,6,0,6.0,27.9
c53_43,29.10511,41.02805,0.376,0.325,0.461,0.285,0.421,B,0.387,0.421,0.332,0.285,0.348,0.167,0.002,0.045,0.083,0.117,0.157,0.105,0.0,0.217,0.0,0.086,0.02,0.676,puan,3879,0,7,11,11,0,2.8,38.5
c53_44,29.10511,41.03254,0.387,0.324,0.487,0.309,0.463,B,0.382,0.463,0.31,0.309,0.346,0.132,0.003,0.008,0.17,0.038,0.015,0.324,0.0,0.174,0.0,0.126,0.01,0.691,puan,268,0,2,0,0,0,0.0,41.0
c53_45,29.10511,41.03703,0.322,0.218,0.541,0.249,0.377,B,0.33,0.377,0.266,0.249,0.258,0.103,0.002,0.003,0.054,0.022,0.0,0.383,0.0,0.165,0.0,0.27,0.0,0.566,puan,0,0,1,0,0,0,,26.0
c53_46,29.10511,41.04152,0.31,0.212,0.528,0.242,0.357,B,0.321,0.357,0.263,0.242,0.251,0.11,0.001,0.001,0.026,0.04,0.005,0.39,0.0,0.161,0.0,0.266,0.0,0.573,puan,0,0,1,0,0,0,,23.6
c53_47,29.10511,41.04601,0.315,0.221,0.52,0.241,0.358,B,0.331,0.358,0.272,0.241,0.259,0.118,0.005,0.004,0.011,0.004,0.006,0.428,0.0,0.177,0.0,0.243,0.003,0.577,puan,0,0,1,0,0,0,,24.8
c54_40,29.11106,41.01458,0.409,0.323,0.533,0.33,0.456,B,0.417,0.456,0.362,0.33,0.351,0.192,0.0,0.006,0.052,0.067,0.0,0.348,0.0,0.158,0.0,0.171,0.005,0.666,puan,854,0,2,0,0,0,0.0,45.5
c54_41,29.11106,41.01907,0.434,0.364,0.525,0.345,0.484,B,0.441,0.484,0.383,0.345,0.389,0.209,0.002,0.013,0.072,0.033,0.0,0.363,0.0,0.177,0.0,0.117,0.016,0.69,puan,1121,0,2,0,0,0,0.0,50.2
c54_42,29.11106,41.02356,0.285,0.265,0.337,0.222,0.349,B,0.285,0.349,0.222,0.247,0.279,0.098,0.0,0.018,0.157,0.058,0.155,0.325,0.0,0.126,0.0,0.032,0.03,0.811,puan,1118,0,3,3,3,0,2.7,20.2
c54_43,29.11106,41.02805,0.423,0.359,0.51,0.328,0.517,B,0.397,0.517,0.328,0.357,0.41,0.135,0.0,0.006,0.316,0.047,0.16,0.069,0.0,0.135,0.0,0.033,0.098,0.734,puan,974,0,1,0,0,0,0.0,48.4
c54_44,29.11106,41.03254,0.416,0.388,0.455,0.298,0.534,C,0.39,0.534,0.298,0.366,0.408,0.092,0.0,0.033,0.44,0.071,0.102,0.09,0.0,0.114,0.0,0.025,0.034,0.827,puan,1314,0,2,9,9,0,6.8,46.8
c54_45,29.11106,41.03703,0.358,0.279,0.499,0.29,0.421,B,0.358,0.421,0.295,0.29,0.312,0.132,0.0,0.001,0.106,0.102,0.015,0.303,0.0,0.154,0.0,0.16,0.026,0.66,puan,1245,0,2,3,3,0,2.4,34.2
c54_46,29.11106,41.04152,0.341,0.241,0.536,0.268,0.381,B,0.353,0.381,0.302,0.268,0.283,0.143,0.001,0.001,0.013,0.018,0.022,0.394,0.0,0.161,0.0,0.22,0.028,0.591,puan,501,0,2,0,0,0,0.0,30.1
c54_47,29.11106,41.04601,0.577,0.457,0.666,0.497,0.602,B,0.586,0.602,0.552,0.497,0.499,0.361,0.0,0.001,0.004,0.007,0.0,0.329,0.0,0.113,0.0,0.148,0.037,0.702,puan,0,0,1,0,0,0,,68.7
c55_40,29.11701,41.01458,0.406,0.312,0.544,0.331,0.45,B,0.417,0.45,0.363,0.331,0.345,0.187,0.001,0.009,0.034,0.053,0.0,0.353,0.0,0.144,0.027,0.179,0.014,0.636,puan,0,0,1,0,0,0,,44.8
c55_41,29.11701,41.01907,0.38,0.311,0.492,0.304,0.444,B,0.382,0.444,0.316,0.304,0.338,0.147,0.001,0.009,0.113,0.078,0.0,0.332,0.0,0.17,0.0,0.133,0.017,0.68,puan,399,0,2,1,1,0,2.5,39.6
c55_42,29.11701,41.02356,0.363,0.343,0.398,0.251,0.475,C,0.342,0.475,0.251,0.325,0.363,0.069,0.004,0.001,0.375,0.35,0.0,0.052,0.0,0.1,0.0,0.001,0.048,0.851,puan,1011,0,3,3,3,0,3.0,35.4
c55_43,29.11701,41.02805,0.466,0.453,0.48,0.357,0.575,C,0.443,0.575,0.357,0.44,0.465,0.17,0.0,0.028,0.429,0.253,0.036,0.0,0.0,0.054,0.004,0.001,0.025,0.917,puan,722,0,3,0,0,0,0.0,55.2
c55_44,29.11701,41.03254,0.488,0.458,0.521,0.425,0.523,A,0.487,0.523,0.454,0.425,0.485,0.328,0.001,0.012,0.094,0.04,0.213,0.135,0.0,0.123,0.0,0.008,0.047,0.822,puan,2175,0,5,0,0,0,0.0,57.9
c55_45,29.11701,41.03703,0.44,0.418,0.467,0.39,0.489,A,0.439,0.489,0.39,0.418,0.436,0.269,0.0,0.033,0.157,0.087,0.214,0.115,0.0,0.045,0.034,0.011,0.034,0.875,puan,0,0,1,0,0,0,,51.3
c55_46,29.11701,41.04152,0.92,0.885,0.923,0.883,0.924,A,0.921,0.924,0.915,0.883,0.89,0.839,0.0,0.001,0.002,0.003,0.0,0.081,0.0,0.038,0.0,0.036,0.0,0.925,puan,929,0,2,0,0,0,0.0,88.6
c55_47,29.11701,41.04601,0.924,0.877,0.928,0.874,0.929,A,0.926,0.929,0.92,0.874,0.884,0.821,0.0,0.0,0.0,0.001,0.0,0.077,0.0,0.052,0.0,0.048,0.001,0.899,puan,777,0,2,0,0,0,0.0,88.7
c48_48,29.07536,41.0505,0.355,0.289,0.475,0.29,0.419,B,0.356,0.419,0.29,0.292,0.314,0.132,0.002,0.006,0.116,0.057,0.014,0.368,0.0,0.148,0.0,0.147,0.012,0.693,puan,0,0,1,0,0,0,,33.4
c48_49,29.07536,41.05499,0.324,0.223,0.536,0.269,0.379,B,0.328,0.379,0.27,0.269,0.282,0.111,0.0,0.007,0.078,0.025,0.068,0.313,0.0,0.125,0.0,0.165,0.109,0.602,puan,0,0,1,0,0,0,,26.2
c48_50,29.07536,41.05948,0.582,0.154,0.89,0.385,0.632,C,0.583,0.632,0.533,0.389,0.385,0.106,0.001,0.004,0.034,0.038,0.001,0.049,0.0,0.116,0.0,0.178,0.473,0.233,puan,0,0,1,0,0,0,,69.0
c48_51,29.07536,41.06397,0.552,0.339,0.725,0.453,0.582,B,0.557,0.582,0.522,0.453,0.459,0.258,0.0,0.002,0.023,0.016,0.028,0.214,0.0,0.118,0.0,0.15,0.19,0.542,puan,0,0,1,0,0,0,,66.4
c48_52,29.07536,41.06846,0.31,0.166,0.632,0.257,0.33,C,0.313,0.33,0.291,0.257,0.28,0.122,0.001,0.012,0.03,0.041,0.256,0.019,0.0,0.1,0.0,0.095,0.325,0.48,puan,718,0,1,1,1,0,1.4,23.6
c48_53,29.07536,41.07295,0.713,0.271,0.891,0.498,0.739,C,0.716,0.739,0.687,0.498,0.578,0.211,0.0,0.002,0.017,0.087,0.0,0.009,0.0,0.141,0.002,0.097,0.434,0.326,puan,125,0,2,0,0,0,0.0,78.2
c48_54,29.07536,41.07744,0.544,0.161,0.865,0.381,0.6,C,0.565,0.6,0.487,0.381,0.448,0.1,0.018,0.01,0.037,0.098,0.0,0.0,0.0,0.112,0.0,0.078,0.547,0.262,puan,281,0,1,0,0,0,0.0,65.3
c48_55,29.07536,41.08193,0.585,0.254,0.82,0.458,0.656,C,0.656,0.643,0.526,0.458,0.498,0.147,0.102,0.015,0.03,0.092,0.002,0.0,0.0,0.107,0.0,0.09,0.415,0.388,puan,790,0,3,0,0,0,0.0,69.3
c49_48,29.08131,41.0505,0.501,0.394,0.608,0.385,0.538,B,0.511,0.538,0.465,0.385,0.424,0.254,0.001,0.009,0.029,0.011,0.008,0.312,0.0,0.188,0.016,0.162,0.008,0.625,puan,0,0,1,0,0,0,,59.5
c49_49,29.08131,41.05499,0.364,0.238,0.584,0.269,0.394,B,0.374,0.394,0.334,0.269,0.306,0.152,0.0,0.006,0.009,0.034,0.087,0.244,0.0,0.187,0.0,0.17,0.112,0.531,puan,0,0,1,0,0,0,,35.5
c49_50,29.08131,41.05948,0.522,0.134,0.877,0.322,0.547,C,0.524,0.547,0.496,0.322,0.342,0.1,0.0,0.004,0.015,0.049,0.053,0.0,0.0,0.137,0.0,0.184,0.457,0.222,puan,0,0,1,0,0,0,,62.4
c49_51,29.08131,41.06397,0.518,0.203,0.811,0.355,0.539,C,0.522,0.539,0.497,0.355,0.38,0.155,0.0,0.001,0.009,0.033,0.065,0.071,0.0,0.153,0.0,0.18,0.334,0.333,puan,688,0,2,0,0,0,0.0,61.8
c49_52,29.08131,41.06846,0.752,0.137,0.955,0.353,0.809,C,0.739,0.809,0.694,0.373,0.353,0.093,0.001,0.0,0.038,0.012,0.0,0.009,0.0,0.156,0.0,0.27,0.42,0.154,puan,34,0,1,0,0,0,,80.9
c49_53,29.08131,41.07295,0.877,0.105,0.985,0.375,0.896,C,0.878,0.896,0.858,0.375,0.378,0.083,0.0,0.002,0.007,0.009,0.0,0.0,0.0,0.134,0.03,0.197,0.538,0.1,puan,0,0,1,0,0,0,,87.0
c49_54,29.08131,41.07744,0.624,0.111,0.933,0.313,0.669,C,0.63,0.669,0.579,0.313,0.402,0.022,0.0,0.002,0.006,0.014,0.0,0.0,0.0,0.044,0.705,0.036,0.171,0.044,kanıt yetersiz,0,0,1,0,0,0,,
c49_55,29.08131,41.08193,0.726,0.166,0.937,0.407,0.804,C,0.71,0.804,0.647,0.407,0.484,0.1,0.0,0.008,0.07,0.014,0.0,0.0,0.0,0.151,0.011,0.13,0.516,0.192,puan,1257,0,2,0,0,0,0.0,79.2
c50_48,29.08726,41.0505,0.297,0.25,0.41,0.25,0.34,A,0.308,0.34,0.255,0.25,0.276,0.134,0.0,0.001,0.024,0.067,0.044,0.432,0.0,0.134,0.029,0.097,0.037,0.703,puan,0,0,1,0,0,0,,21.6
c50_49,29.08726,41.05499,0.523,0.452,0.588,0.436,0.551,B,0.533,0.551,0.495,0.436,0.49,0.331,0.0,0.0,0.004,0.055,0.0,0.342,0.0,0.147,0.005,0.067,0.049,0.731,puan,0,0,1,0,0,0,,62.6
c50_50,29.08726,41.05948,0.89,0.642,0.921,0.741,0.896,B,0.892,0.896,0.884,0.741,0.829,0.55,0.0,0.001,0.001,0.029,0.005,0.043,0.0,0.127,0.0,0.055,0.189,0.629,puan,0,0,1,0,0,0,,87.5
c50_51,29.08726,41.06397,0.569,0.264,0.8,0.422,0.593,C,0.576,0.593,0.546,0.422,0.424,0.203,0.0,0.001,0.007,0.026,0.028,0.134,0.0,0.14,0.0,0.193,0.268,0.399,puan,1159,0,2,2,2,0,1.7,68.0
c50_52,29.08726,41.06846,0.538,0.266,0.772,0.391,0.571,C,0.545,0.571,0.506,0.391,0.394,0.151,0.0,0.0,0.011,0.003,0.0,0.165,0.0,0.125,0.207,0.177,0.161,0.331,puan,0,0,1,0,0,0,,64.5
c50_53,29.08726,41.07295,0.879,0.09,0.988,0.262,0.886,C,0.882,0.886,0.872,0.262,0.449,0.016,0.0,0.0,0.0,0.003,0.0,0.0,0.0,0.044,0.772,0.025,0.14,0.019,kanıt yetersiz,0,0,1,0,0,0,,
c50_54,29.08726,41.07744,0.752,0.164,0.946,0.465,0.781,C,0.756,0.781,0.723,0.467,0.465,0.051,0.0,0.003,0.006,0.016,0.0,0.0,0.0,0.047,0.603,0.064,0.209,0.076,kanıt yetersiz,0,0,1,0,0,0,,
c50_55,29.08726,41.08193,0.716,0.174,0.931,0.46,0.756,C,0.715,0.756,0.675,0.46,0.467,0.13,0.0,0.006,0.03,0.041,0.0,0.008,0.0,0.119,0.0,0.157,0.51,0.215,puan,162,0,1,0,0,0,0.0,78.5
c51_48,29.09321,41.0505,0.315,0.269,0.413,0.254,0.357,B,0.328,0.357,0.273,0.254,0.291,0.149,0.0,0.002,0.011,0.125,0.0,0.424,0.0,0.169,0.0,0.102,0.017,0.711,puan,0,0,1,0,0,0,,24.8
c51_49,29.09321,41.05499,0.598,0.513,0.654,0.506,0.621,B,0.606,0.621,0.574,0.506,0.545,0.401,0.0,0.001,0.002,0.038,0.0,0.303,0.0,0.134,0.0,0.092,0.029,0.744,puan,0,0,1,0,0,0,,70.6
c51_50,29.09321,41.05948,0.876,0.448,0.937,0.719,0.879,C,0.877,0.879,0.873,0.743,0.719,0.407,0.0,0.0,0.001,0.022,0.038,0.0,0.0,0.084,0.0,0.124,0.324,0.468,puan,81,0,1,0,0,0,0.0,86.8
c51_51,29.09321,41.06397,0.741,0.404,0.859,0.619,0.749,C,0.743,0.749,0.734,0.619,0.623,0.355,0.0,0.002,0.005,0.003,0.078,0.05,0.0,0.098,0.0,0.117,0.293,0.492,puan,1449,0,3,1,1,0,0.7,80.3
c51_52,29.09321,41.06846,0.296,0.195,0.537,0.239,0.34,B,0.31,0.34,0.252,0.239,0.246,0.056,0.0,0.0,0.006,0.007,0.0,0.23,0.0,0.071,0.474,0.124,0.031,0.299,puan,0,0,1,0,0,0,,21.5
c51_53,29.09321,41.07295,0.849,0.584,0.896,0.718,0.877,B,0.877,0.86,0.838,0.718,0.816,0.312,0.0,0.055,0.0,0.0,0.0,0.029,0.0,0.072,0.351,0.019,0.161,0.396,puan,0,0,1,0,0,0,,85.7
c51_54,29.09321,41.07744,1.0,0.829,1.0,0.961,1.0,A,1.0,1.0,1.0,0.961,1.0,0.198,0.0,0.0,0.0,0.0,0.0,0.0,0.0,0.008,0.753,0.0,0.041,0.198,puan,0,0,1,0,0,0,,94.5
c51_55,29.09321,41.08193,0.872,0.693,0.898,0.756,0.883,B,0.874,0.883,0.86,0.756,0.841,0.524,0.0,0.005,0.015,0.023,0.001,0.056,0.0,0.096,0.122,0.027,0.133,0.622,puan,843,0,3,0,0,0,0.0,86.5
c52_48,29.09916,41.0505,0.32,0.24,0.49,0.252,0.362,B,0.337,0.362,0.277,0.252,0.271,0.129,0.001,0.016,0.012,0.041,0.001,0.424,0.0,0.167,0.0,0.207,0.002,0.624,puan,0,0,1,0,0,0,,25.6
c52_49,29.09916,41.05499,0.811,0.68,0.842,0.726,0.822,A,0.815,0.822,0.8,0.726,0.731,0.598,0.0,0.0,0.001,0.0,0.0,0.164,0.0,0.089,0.0,0.101,0.046,0.764,puan,0,0,1,0,0,0,,83.8
c52_50,29.09916,41.05948,0.841,0.349,0.934,0.614,0.859,C,0.841,0.859,0.822,0.614,0.614,0.285,0.002,0.0,0.019,0.005,0.0,0.049,0.0,0.133,0.0,0.167,0.34,0.36,puan,1105,0,2,0,0,0,0.0,85.4
c52_51,29.09916,41.06397,0.746,0.638,0.782,0.681,0.761,A,0.75,0.761,0.73,0.681,0.682,0.56,0.0,0.0,0.004,0.0,0.0,0.227,0.0,0.075,0.0,0.09,0.043,0.792,puan,790,0,2,0,0,0,0.0,80.6
c52_52,29.09916,41.06846,0.255,0.191,0.443,0.212,0.298,B,0.27,0.298,0.212,0.216,0.222,0.023,0.0,0.0,0.001,0.0,0.0,0.134,0.0,0.029,0.761,0.053,0.0,0.157,puan,0,0,1,0,0,0,,16.8
c52_53,29.09916,41.07295,0.057,0.043,0.281,0.048,0.065,B,0.06,0.065,0.048,0.048,0.06,0.008,0.0,0.0,0.0,0.002,0.18,0.035,0.0,0.043,0.661,0.01,0.06,0.226,puan,0,0,1,0,0,0,,8.0
c52_54,29.09916,41.07744,0.845,0.082,0.985,0.044,0.845,C,0.845,0.845,0.845,0.044,0.827,0.004,0.0,0.0,0.0,0.0,0.001,0.0,0.0,0.076,0.881,0.0,0.039,0.004,kanıt yetersiz,807,0,1,0,0,0,0.0,
c52_55,29.09916,41.08193,1.0,0.148,1.0,0.048,1.0,C,1.0,1.0,1.0,0.048,1.0,0.001,0.0,0.0,0.0,0.0,0.0,0.0,0.0,0.026,0.966,0.0,0.007,0.001,kanıt yetersiz,230,0,1,0,0,0,0.0,
c53_48,29.10511,41.0505,0.271,0.2,0.462,0.216,0.312,B,0.285,0.312,0.229,0.216,0.234,0.104,0.0,0.002,0.006,0.021,0.022,0.468,0.0,0.158,0.0,0.209,0.011,0.622,puan,0,0,1,0,0,0,,18.5
c53_49,29.10511,41.05499,0.814,0.643,0.853,0.718,0.826,B,0.817,0.826,0.803,0.718,0.751,0.495,0.0,0.0,0.006,0.036,0.006,0.087,0.0,0.085,0.117,0.064,0.104,0.631,puan,0,0,1,0,0,0,,84.0
c53_50,29.10511,41.05948,0.975,0.378,0.99,0.768,0.981,C,0.974,0.981,0.968,0.768,0.809,0.319,0.001,0.001,0.01,0.003,0.0,0.0,0.0,0.09,0.05,0.081,0.446,0.333,puan,1089,0,2,2,2,0,1.8,91.1
c53_51,29.10511,41.06397,0.844,0.751,0.861,0.735,0.856,B,0.856,0.853,0.834,0.735,0.773,0.293,0.0,0.019,0.0,0.001,0.0,0.05,0.0,0.054,0.538,0.039,0.006,0.363,puan,0,0,1,0,0,0,,85.5
c53_52,29.10511,41.06846,0.691,0.381,0.83,0.294,0.711,C,0.697,0.711,0.672,0.294,0.638,0.017,0.0,0.0,0.0,0.0,0.0,0.009,0.0,0.036,0.916,0.003,0.019,0.027,kanıt yetersiz,600,0,2,0,0,0,0.0,
c53_53,29.10511,41.07295,1.0,0.271,1.0,0.165,1.0,C,1.0,1.0,1.0,0.165,0.986,0.015,0.0,0.0,0.0,0.0,0.0,0.0,0.0,0.077,0.868,0.0,0.04,0.015,kanıt yetersiz,629,0,2,0,0,0,0.0,
c53_54,29.10511,41.07744,1.0,0.933,1.0,0.115,1.0,C,1.0,1.0,1.0,0.115,0.942,0.002,0.0,0.0,0.0,0.0,0.0,0.0,0.0,0.014,0.984,0.0,0.0,0.002,kanıt yetersiz,0,0,2,0,0,0,,
c53_55,29.10511,41.08193,1.0,1.0,1.0,0.202,1.0,C,1.0,1.0,1.0,0.202,1.0,0.007,0.0,0.0,0.0,0.0,0.0,0.0,0.0,0.026,0.967,0.0,0.0,0.007,kanıt yetersiz,0,0,1,0,0,0,,
c54_48,29.11106,41.0505,0.688,0.586,0.734,0.636,0.696,A,0.691,0.696,0.679,0.646,0.636,0.537,0.0,0.001,0.002,0.002,0.139,0.125,0.0,0.052,0.003,0.082,0.058,0.805,puan,0,0,1,0,0,0,,76.8
c54_49,29.11106,41.05499,0.613,0.525,0.669,0.563,0.625,A,0.624,0.625,0.601,0.568,0.563,0.259,0.0,0.017,0.002,0.001,0.089,0.084,0.0,0.036,0.436,0.052,0.025,0.451,puan,0,0,1,0,0,0,,71.8
c54_50,29.11106,41.05948,0.359,0.316,0.437,0.309,0.498,B,0.498,0.398,0.321,0.309,0.357,0.036,0.0,0.299,0.005,0.003,0.073,0.006,0.0,0.069,0.452,0.005,0.053,0.421,puan,1252,0,2,0,0,0,0.0,34.6
c54_51,29.11106,41.06397,0.505,0.191,0.813,0.163,0.64,C,0.64,0.545,0.466,0.163,0.386,0.009,0.0,0.027,0.0,0.003,0.0,0.0,0.0,0.083,0.813,0.018,0.047,0.039,kanıt yetersiz,938,0,3,0,0,0,0.0,
c54_52,29.11106,41.06846,0.632,0.356,0.792,0.236,0.747,C,0.747,0.661,0.602,0.236,0.622,0.011,0.0,0.015,0.0,0.0,0.0,0.0,0.0,0.044,0.909,0.001,0.02,0.026,kanıt yetersiz,670,0,2,0,0,0,0.0,
c54_53,29.11106,41.07295,1.0,1.0,1.0,0.458,1.0,C,1.0,1.0,1.0,0.458,1.0,0.007,0.0,0.0,0.0,0.0,0.0,0.0,0.0,0.008,0.986,0.0,0.0,0.007,kanıt yetersiz,0,0,1,0,0,0,,
c54_54,29.11106,41.07744,1.0,1.0,1.0,0.357,1.0,C,1.0,1.0,1.0,0.357,1.0,0.005,0.0,0.0,0.0,0.0,0.0,0.0,0.0,0.008,0.987,0.0,0.0,0.005,kanıt yetersiz,0,0,2,0,0,0,,
c54_55,29.11106,41.08193,1.0,1.0,1.0,0.466,1.0,C,1.0,1.0,1.0,0.466,1.0,0.01,0.0,0.0,0.0,0.0,0.0,0.0,0.0,0.012,0.978,0.0,0.0,0.01,kanıt yetersiz,0,0,1,0,0,0,,
c55_48,29.11701,41.0505,0.746,0.655,0.776,0.664,0.761,A,0.751,0.761,0.73,0.664,0.671,0.545,0.0,0.0,0.003,0.024,0.0,0.198,0.0,0.095,0.029,0.106,0.0,0.77,puan,261,0,1,0,0,0,0.0,80.6
c55_49,29.11701,41.05499,0.133,0.116,0.244,0.108,0.148,A,0.13,0.148,0.118,0.108,0.133,0.047,0.0,0.0,0.029,0.004,0.383,0.021,0.0,0.113,0.331,0.01,0.061,0.485,puan,3210,0,5,0,0,0,0.0,10.0
c55_50,29.11701,41.05948,0.903,0.439,0.953,0.342,0.928,C,0.928,0.91,0.896,0.342,0.892,0.052,0.0,0.008,0.0,0.0,0.001,0.0,0.0,0.1,0.774,0.001,0.064,0.061,kanıt yetersiz,2151,0,5,4,4,0,1.9,
c55_51,29.11701,41.06397,1.0,0.614,1.0,0.427,1.0,C,1.0,1.0,1.0,0.427,1.0,0.016,0.0,0.0,0.0,0.0,0.0,0.0,0.0,0.021,0.953,0.0,0.01,0.016,kanıt yetersiz,316,0,2,0,0,0,0.0,
c55_52,29.11701,41.06846,0.949,0.949,0.949,0.351,0.965,C,0.965,0.953,0.945,0.351,0.949,0.007,0.0,0.001,0.0,0.0,0.0,0.0,0.0,0.013,0.98,0.0,0.0,0.008,kanıt yetersiz,0,0,1,0,0,0,,
c55_53,29.11701,41.07295,0.687,0.359,0.837,0.185,0.825,C,0.825,0.748,0.626,0.185,0.419,0.003,0.004,0.001,0.0,0.0,0.0,0.0,0.0,0.022,0.963,0.007,0.0,0.008,kanıt yetersiz,0,0,1,0,0,0,,
c55_54,29.11701,41.07744,0.252,0.028,0.918,0.009,0.294,C,0.267,0.294,0.209,0.009,0.215,0.0,0.0,0.0,0.0,0.001,0.0,0.0,0.0,0.039,0.948,0.001,0.011,0.001,kanıt yetersiz,0,0,1,0,0,0,,
c55_55,29.11701,41.08193,1.0,1.0,1.0,0.027,1.0,C,1.0,1.0,1.0,0.027,1.0,0.0,0.0,0.0,0.0,0.0,0.0,0.0,0.0,0.018,0.982,0.0,0.0,0.0,kanıt yetersiz,0,0,1,0,0,0,,
c48_56,29.07536,41.08642,0.589,0.14,0.903,0.355,0.628,C,0.601,0.628,0.549,0.355,0.461,0.097,0.0,0.012,0.018,0.077,0.001,0.0,0.0,0.135,0.0,0.078,0.582,0.205,puan,0,0,1,0,0,0,,69.8
c48_57,29.07536,41.09091,0.943,0.622,0.962,0.826,0.953,B,0.953,0.948,0.938,0.826,0.925,0.554,0.0,0.031,0.003,0.013,0.002,0.0,0.0,0.085,0.0,0.013,0.298,0.603,puan,1000,0,2,0,0,0,0.0,89.6
c48_58,29.07536,41.0954,0.973,0.768,0.979,0.918,0.981,B,0.981,0.975,0.971,0.918,0.956,0.722,0.0,0.029,0.001,0.002,0.0,0.0,0.0,0.045,0.0,0.016,0.185,0.754,puan,0,0,1,0,0,0,,90.9
c48_59,29.07536,41.09989,0.886,0.087,0.989,0.398,0.901,C,0.894,0.901,0.871,0.398,0.478,0.073,0.0,0.004,0.004,0.006,0.0,0.0,0.0,0.107,0.0,0.101,0.704,0.088,kanıt yetersiz,0,0,1,0,0,0,,
c48_60,29.07536,41.10438,0.978,0.686,0.984,0.906,0.982,B,0.982,0.981,0.974,0.906,0.93,0.64,0.0,0.016,0.007,0.002,0.0,0.0,0.0,0.053,0.0,0.04,0.243,0.664,puan,25,0,1,0,0,0,,91.2
c49_56,29.08131,41.08642,0.794,0.145,0.962,0.391,0.826,C,0.792,0.826,0.762,0.391,0.391,0.109,0.001,0.002,0.018,0.025,0.0,0.0,0.0,0.158,0.0,0.234,0.454,0.154,puan,0,0,1,0,0,0,,83.0
c49_57,29.08131,41.09091,0.821,0.31,0.932,0.525,0.874,C,0.804,0.874,0.768,0.525,0.634,0.214,0.0,0.0,0.078,0.016,0.002,0.0,0.0,0.176,0.0,0.114,0.399,0.311,puan,1290,0,3,0,0,0,0.0,84.4
c49_58,29.08131,41.0954,0.806,0.364,0.912,0.613,0.834,C,0.804,0.834,0.777,0.613,0.662,0.29,0.002,0.003,0.038,0.061,0.0,0.002,0.0,0.124,0.0,0.106,0.374,0.395,puan,0,0,1,0,0,0,,83.4
c49_59,29.08131,41.09989,0.789,0.107,0.971,0.391,0.813,C,0.803,0.813,0.765,0.391,0.398,0.085,0.001,0.009,0.007,0.018,0.0,0.0,0.0,0.121,0.0,0.171,0.588,0.119,puan,0,0,1,0,0,0,,82.7
c49_60,29.08131,41.10438,0.905,0.207,0.978,0.535,0.926,C,0.906,0.926,0.884,0.535,0.595,0.167,0.001,0.005,0.017,0.007,0.0,0.0,0.0,0.137,0.0,0.13,0.536,0.197,puan,864,0,2,1,1,0,1.2,88.1
c49_61,29.08131,41.10887,0.873,0.308,0.955,0.672,0.892,C,0.87,0.892,0.854,0.672,0.805,0.264,0.0,0.0,0.023,0.031,0.002,0.0,0.0,0.096,0.0,0.032,0.553,0.319,puan,676,0,2,1,1,0,1.5,86.6
c50_56,29.08726,41.08642,0.543,0.402,0.662,0.451,0.712,C,0.712,0.634,0.451,0.466,0.522,0.118,0.444,0.017,0.036,0.038,0.0,0.001,0.0,0.108,0.009,0.035,0.194,0.654,puan,2671,0,3,4,4,0,1.5,65.1
c50_57,29.08726,41.09091,0.715,0.348,0.861,0.449,0.759,C,0.717,0.759,0.671,0.449,0.649,0.219,0.011,0.005,0.056,0.07,0.007,0.0,0.0,0.218,0.026,0.047,0.341,0.368,puan,2851,0,6,5,3,2,1.8,78.4
c50_58,29.08726,41.0954,0.612,0.237,0.85,0.424,0.69,C,0.596,0.69,0.534,0.424,0.508,0.136,0.001,0.005,0.109,0.072,0.007,0.0,0.0,0.147,0.0,0.09,0.433,0.33,puan,1134,0,4,0,0,0,0.0,71.8
c50_59,29.08726,41.09989,0.562,0.123,0.905,0.336,0.611,C,0.564,0.611,0.514,0.336,0.38,0.083,0.001,0.003,0.025,0.078,0.0,0.0,0.0,0.128,0.0,0.136,0.546,0.19,puan,522,0,2,0,0,0,0.0,67.3
c50_60,29.08726,41.10438,0.843,0.158,0.971,0.439,0.866,C,0.842,0.866,0.82,0.439,0.444,0.125,0.0,0.002,0.013,0.011,0.0,0.009,0.0,0.147,0.0,0.199,0.494,0.16,puan,565,0,2,0,0,0,0.0,85.5
c50_61,29.08726,41.10887,0.877,0.218,0.969,0.518,0.909,C,0.874,0.909,0.845,0.518,0.639,0.156,0.0,0.006,0.028,0.007,0.0,0.0,0.0,0.137,0.065,0.092,0.508,0.198,puan,2503,0,2,2,2,0,0.8,87.0
c50_62,29.08726,41.11336,0.812,0.11,0.975,0.395,0.846,C,0.823,0.846,0.778,0.395,0.513,0.083,0.0,0.012,0.016,0.005,0.003,0.0,0.0,0.124,0.0,0.091,0.667,0.118,puan,529,0,2,0,0,0,0.0,83.8
c51_56,29.09321,41.08642,0.477,0.388,0.575,0.373,0.543,B,0.543,0.513,0.44,0.373,0.477,0.165,0.132,0.001,0.009,0.007,0.16,0.018,0.0,0.137,0.256,0.0,0.114,0.493,puan,2976,0,9,1,1,0,0.3,56.5
c51_57,29.09321,41.09091,0.412,0.258,0.631,0.293,0.466,B,0.463,0.466,0.357,0.293,0.402,0.108,0.102,0.004,0.047,0.092,0.114,0.0,0.0,0.189,0.067,0.017,0.261,0.466,puan,3365,0,8,8,5,3,2.4,46.3
c51_58,29.09321,41.0954,0.52,0.3,0.723,0.372,0.592,C,0.525,0.592,0.447,0.372,0.467,0.15,0.007,0.032,0.118,0.086,0.0,0.078,0.0,0.186,0.0,0.073,0.271,0.47,puan,1830,0,4,10,8,2,5.5,62.1
c51_59,29.09321,41.09989,0.474,0.142,0.843,0.34,0.517,C,0.488,0.517,0.43,0.34,0.381,0.095,0.003,0.01,0.018,0.123,0.0,0.019,0.0,0.106,0.0,0.096,0.531,0.267,puan,0,0,1,0,0,0,,56.2
c51_60,29.09321,41.10438,0.821,0.103,0.978,0.385,0.852,C,0.819,0.852,0.791,0.385,0.39,0.082,0.001,0.001,0.012,0.013,0.0,0.002,0.0,0.124,0.0,0.179,0.587,0.11,puan,0,0,1,0,0,0,,84.4
c51_61,29.09321,41.10887,0.722,0.112,0.957,0.339,0.755,C,0.719,0.755,0.689,0.339,0.375,0.083,0.0,0.005,0.02,0.003,0.021,0.0,0.0,0.149,0.0,0.183,0.536,0.132,puan,943,0,2,0,0,0,0.0,78.8
c51_62,29.09321,41.11336,0.843,0.105,0.981,0.377,0.881,C,0.839,0.881,0.805,0.377,0.408,0.08,0.001,0.002,0.018,0.006,0.001,0.0,0.0,0.133,0.0,0.165,0.594,0.108,puan,565,0,2,0,0,0,0.0,85.5
c52_56,29.09916,41.08642,0.314,0.289,0.368,0.101,0.314,C,0.314,0.314,0.314,0.101,0.299,0.002,0.0,0.0,0.0,0.0,0.005,0.0,0.0,0.017,0.975,0.001,0.0,0.008,kanıt yetersiz,0,0,1,0,0,0,,
c52_57,29.09916,41.09091,0.31,0.163,0.637,0.262,0.372,C,0.372,0.347,0.272,0.262,0.307,0.028,0.0,0.068,0.013,0.027,0.064,0.01,0.0,0.038,0.562,0.003,0.187,0.21,puan,0,0,1,0,0,0,,23.6
c52_58,29.09916,41.0954,0.643,0.26,0.856,0.409,0.703,C,0.669,0.703,0.584,0.409,0.511,0.146,0.001,0.067,0.075,0.024,0.016,0.001,0.0,0.188,0.0,0.113,0.371,0.329,puan,2380,0,6,10,9,1,4.2,74.0
c52_59,29.09916,41.09989,0.877,0.104,0.985,0.29,0.895,C,0.876,0.895,0.86,0.29,0.41,0.079,0.0,0.001,0.006,0.01,0.0,0.0,0.0,0.193,0.005,0.156,0.551,0.095,kanıt yetersiz,2065,0,2,0,0,0,0.0,
c52_60,29.09916,41.10438,0.901,0.064,0.993,0.277,0.914,C,0.899,0.914,0.888,0.277,0.504,0.053,0.0,0.0,0.003,0.001,0.0,0.004,0.0,0.138,0.0,0.064,0.736,0.061,kanıt yetersiz,1206,0,1,0,0,0,0.0,
c52_61,29.09916,41.10887,0.568,0.097,0.926,0.302,0.599,C,0.585,0.599,0.537,0.315,0.302,0.071,0.0,0.012,0.01,0.002,0.016,0.04,0.0,0.121,0.0,0.227,0.502,0.15,puan,160,0,2,0,0,0,0.0,67.9
c52_62,29.09916,41.11336,0.889,0.25,0.969,0.57,0.907,C,0.896,0.907,0.871,0.595,0.57,0.205,0.001,0.012,0.015,0.014,0.0,0.0,0.0,0.122,0.0,0.177,0.454,0.247,puan,0,0,1,0,0,0,,87.5
c52_63,29.09916,41.11785,0.528,0.177,0.842,0.379,0.638,C,0.5,0.638,0.417,0.379,0.39,0.074,0.0,0.003,0.144,0.073,0.002,0.0,0.0,0.116,0.0,0.153,0.435,0.296,puan,464,0,2,0,0,0,0.0,63.3
c53_56,29.10511,41.08642,0.24,0.231,0.27,0.113,0.24,B,0.24,0.24,0.24,0.113,0.235,0.006,0.0,0.0,0.0,0.0,0.018,0.0,0.0,0.026,0.95,0.001,0.0,0.023,kanıt yetersiz,0,0,1,0,0,0,,
c53_57,29.10511,41.09091,0.23,0.112,0.624,0.163,0.248,C,0.227,0.248,0.212,0.163,0.218,0.02,0.0,0.001,0.009,0.002,0.077,0.0,0.0,0.045,0.731,0.014,0.101,0.109,puan,513,0,2,0,0,0,0.0,14.6
c53_58,29.10511,41.0954,0.961,0.112,0.995,0.392,0.971,C,0.958,0.971,0.951,0.392,0.394,0.068,0.0,0.0,0.003,0.001,0.0,0.0,0.0,0.105,0.278,0.152,0.393,0.072,kanıt yetersiz,65,0,1,0,0,0,0.0,
c53_59,29.10511,41.09989,1.0,0.03,1.0,0.32,1.0,C,1.0,1.0,1.0,0.32,0.39,0.002,0.0,0.0,0.0,0.0,0.0,0.0,0.0,0.005,0.913,0.006,0.073,0.002,kanıt yetersiz,0,0,1,0,0,0,,
c53_60,29.10511,41.10438,0.342,0.079,0.847,0.206,0.381,C,0.364,0.381,0.303,0.206,0.304,0.037,0.0,0.007,0.0,0.0,0.0,0.113,0.0,0.103,0.219,0.033,0.487,0.157,puan,495,0,1,0,0,0,0.0,30.3
c53_61,29.10511,41.10887,0.785,0.107,0.971,0.359,0.806,C,0.787,0.806,0.764,0.359,0.435,0.086,0.0,0.001,0.006,0.019,0.0,0.005,0.0,0.139,0.0,0.133,0.611,0.117,puan,369,0,1,0,0,0,0.0,82.5
c53_62,29.10511,41.11336,0.801,0.126,0.969,0.351,0.84,C,0.813,0.84,0.763,0.386,0.351,0.091,0.001,0.012,0.02,0.009,0.001,0.0,0.0,0.145,0.0,0.267,0.454,0.134,puan,0,0,1,0,0,0,,83.2
c53_63,29.10511,41.11785,0.832,0.108,0.978,0.337,0.869,C,0.829,0.869,0.796,0.381,0.337,0.082,0.001,0.003,0.017,0.008,0.001,0.0,0.0,0.132,0.0,0.262,0.494,0.112,puan,0,0,1,0,0,0,,84.9
c54_56,29.11106,41.08642,0.656,0.375,0.804,0.029,0.676,C,0.663,0.676,0.637,0.029,0.429,0.0,0.0,0.0,0.0,0.0,0.0,0.0,0.0,0.014,0.985,0.0,0.0,0.001,kanıt yetersiz,0,0,1,0,0,0,,
c54_57,29.11106,41.09091,0.777,0.109,0.969,0.359,0.835,C,0.762,0.835,0.718,0.359,0.463,0.02,0.0,0.0,0.008,0.003,0.0,0.0,0.0,0.036,0.741,0.029,0.162,0.031,kanıt yetersiz,339,0,2,0,0,0,0.0,
c54_58,29.11106,41.0954,0.873,0.138,0.98,0.372,0.902,C,0.866,0.902,0.844,0.372,0.597,0.04,0.0,0.0,0.006,0.004,0.0,0.0,0.0,0.067,0.619,0.029,0.236,0.05,kanıt yetersiz,262,0,2,0,0,0,0.0,
c54_59,29.11106,41.09989,1.0,0.053,1.0,0.111,1.0,C,1.0,1.0,1.0,0.111,0.379,0.003,0.0,0.0,0.0,0.0,0.0,0.0,0.0,0.021,0.931,0.006,0.04,0.003,kanıt yetersiz,0,0,1,0,0,0,,
c54_60,29.11106,41.10438,0.308,0.121,0.728,0.232,0.348,C,0.325,0.348,0.267,0.232,0.264,0.047,0.0,0.005,0.001,0.005,0.0,0.174,0.0,0.075,0.336,0.073,0.284,0.232,puan,0,0,1,0,0,0,,23.1
c54_61,29.11106,41.10887,0.358,0.161,0.711,0.242,0.409,C,0.369,0.409,0.307,0.242,0.291,0.081,0.0,0.015,0.038,0.007,0.024,0.205,0.0,0.176,0.0,0.148,0.305,0.37,puan,1787,0,1,2,1,1,1.1,34.2
c54_62,29.11106,41.11336,0.805,0.141,0.966,0.411,0.845,C,0.817,0.845,0.766,0.411,0.434,0.102,0.001,0.015,0.023,0.007,0.001,0.0,0.0,0.144,0.0,0.179,0.527,0.15,puan,0,0,1,0,0,0,,83.3
c54_63,29.11106,41.11785,0.851,0.084,0.985,0.316,0.877,C,0.852,0.877,0.826,0.383,0.316,0.069,0.0,0.003,0.008,0.008,0.0,0.0,0.0,0.107,0.0,0.246,0.558,0.088,kanıt yetersiz,0,0,1,0,0,0,,
c55_56,29.11701,41.08642,1.0,0.244,1.0,0.267,1.0,C,1.0,1.0,1.0,0.267,0.697,0.007,0.0,0.0,0.0,0.0,0.0,0.0,0.0,0.019,0.953,0.004,0.018,0.007,kanıt yetersiz,0,0,1,0,0,0,,
c55_57,29.11701,41.09091,0.831,0.275,0.944,0.649,0.85,C,0.83,0.85,0.811,0.649,0.73,0.192,0.0,0.001,0.014,0.039,0.0,0.0,0.0,0.069,0.189,0.041,0.455,0.246,puan,696,0,2,1,1,0,1.4,84.9
c55_58,29.11701,41.0954,1.0,0.129,1.0,0.196,1.0,C,1.0,1.0,1.0,0.196,0.76,0.016,0.0,0.0,0.0,0.0,0.0,0.0,0.0,0.064,0.814,0.006,0.1,0.016,kanıt yetersiz,0,0,1,0,0,0,,
c55_59,29.11701,41.09989,,,,,,C,,,,0.0,,0.0,0.0,0.0,0.0,0.0,0.0,0.0,0.0,0.022,0.978,0.0,0.0,0.0,kanıt yetersiz,0,0,1,0,0,0,,
c55_60,29.11701,41.10438,0.67,0.109,0.946,0.329,0.711,C,0.689,0.711,0.628,0.329,0.457,0.021,0.0,0.005,0.005,0.001,0.0,0.008,0.0,0.041,0.712,0.026,0.181,0.04,kanıt yetersiz,0,0,1,0,0,0,,
c55_61,29.11701,41.10887,0.6,0.088,0.941,0.311,0.662,C,0.621,0.662,0.539,0.311,0.451,0.053,0.002,0.018,0.026,0.012,0.0,0.018,0.0,0.12,0.0,0.059,0.692,0.129,puan,576,0,1,1,1,0,1.7,70.7
c55_62,29.11701,41.11336,0.811,0.102,0.976,0.32,0.842,C,0.836,0.842,0.78,0.32,0.426,0.073,0.0,0.017,0.011,0.002,0.0,0.002,0.0,0.162,0.0,0.135,0.598,0.106,puan,376,0,1,0,0,0,0.0,83.8
c55_63,29.11701,41.11785,0.931,0.078,0.994,0.366,0.953,C,0.928,0.953,0.909,0.366,0.378,0.065,0.001,0.0,0.007,0.001,0.0,0.0,0.0,0.114,0.0,0.161,0.651,0.074,kanıt yetersiz,0,0,1,0,0,0,,
c48_68,29.07536,41.1403,0.392,0.083,0.871,0.305,0.428,C,0.416,0.428,0.356,0.313,0.305,0.053,0.0,0.012,0.001,0.117,0.001,0.0,0.0,0.047,0.085,0.089,0.595,0.184,puan,0,0,1,0,0,0,,42.1
c48_69,29.07536,41.14479,0.053,0.035,0.368,0.047,0.059,B,0.055,0.059,0.047,0.049,0.055,0.015,0.0,0.0,0.0,0.049,0.328,0.0,0.0,0.03,0.382,0.013,0.182,0.392,puan,0,0,1,0,0,0,,7.8
c48_70,29.07536,41.14928,0.0,0.0,0.0,0.0,0.0,A,0.0,0.0,0.0,0.0,0.0,0.0,0.0,0.0,0.0,0.0,1.0,0.0,0.0,0.0,0.0,0.0,0.0,1.0,puan,0,0,1,0,0,0,,0.0
c49_68,29.08131,41.1403,0.447,0.257,0.683,0.399,0.473,C,0.473,0.469,0.426,0.401,0.399,0.198,0.0,0.057,0.002,0.164,0.118,0.0,0.0,0.062,0.0,0.094,0.305,0.538,puan,0,0,1,0,0,0,,52.7
c49_69,29.08131,41.14479,0.447,0.12,0.852,0.269,0.457,C,0.457,0.455,0.438,0.269,0.31,0.089,0.0,0.013,0.005,0.004,0.107,0.0,0.0,0.143,0.047,0.16,0.433,0.217,puan,0,0,1,0,0,0,,52.7
c49_70,29.08131,41.14928,0.146,0.077,0.55,0.117,0.148,C,0.146,0.148,0.143,0.117,0.14,0.041,0.0,0.0,0.003,0.001,0.249,0.0,0.0,0.072,0.367,0.112,0.153,0.296,puan,0,0,1,0,0,0,,10.3
c49_71,29.08131,41.15377,0.039,0.036,0.107,0.036,0.041,A,0.039,0.039,0.039,0.036,0.041,0.027,0.0,0.0,0.0,0.0,0.681,0.0,0.0,0.044,0.194,0.021,0.033,0.708,puan,0,0,1,0,0,0,,7.4
c50_67,29.08726,41.13581,0.736,0.151,0.946,0.382,0.808,C,0.716,0.808,0.664,0.382,0.407,0.096,0.001,0.001,0.057,0.018,0.0,0.0,0.0,0.16,0.0,0.202,0.465,0.173,puan,663,0,2,2,2,0,3.0,79.9
c50_68,29.08726,41.1403,0.817,0.262,0.941,0.518,0.857,C,0.857,0.843,0.792,0.518,0.555,0.188,0.0,0.062,0.019,0.001,0.0,0.0,0.0,0.156,0.0,0.165,0.408,0.27,puan,519,0,2,4,4,0,7.7,84.1
c50_69,29.08726,41.14479,0.864,0.279,0.956,0.58,0.889,C,0.869,0.889,0.839,0.592,0.58,0.221,0.0,0.016,0.027,0.016,0.0,0.0,0.0,0.129,0.0,0.175,0.415,0.281,puan,500,0,2,5,5,0,10.0,86.1
c50_70,29.08726,41.14928,0.614,0.178,0.888,0.373,0.664,C,0.613,0.664,0.564,0.373,0.386,0.118,0.003,0.001,0.038,0.051,0.001,0.03,0.0,0.156,0.007,0.212,0.383,0.242,puan,397,0,2,3,3,0,7.6,72.0
c50_71,29.08726,41.15377,0.495,0.173,0.824,0.352,0.526,C,0.505,0.526,0.464,0.352,0.36,0.107,0.0,0.001,0.003,0.072,0.001,0.072,0.0,0.104,0.161,0.147,0.332,0.256,puan,0,0,1,0,0,0,,58.8
c51_66,29.09321,41.13132,0.913,0.317,0.97,0.679,0.933,C,0.915,0.933,0.894,0.679,0.734,0.265,0.0,0.011,0.025,0.008,0.0,0.0,0.0,0.107,0.0,0.091,0.493,0.31,puan,849,0,2,3,3,0,3.5,88.2
c51_67,29.09321,41.13581,0.835,0.153,0.97,0.463,0.872,C,0.834,0.872,0.797,0.499,0.463,0.119,0.001,0.006,0.026,0.011,0.0,0.0,0.0,0.109,0.0,0.179,0.549,0.163,puan,375,0,2,3,3,0,8.0,85.1
c51_68,29.09321,41.1403,0.79,0.245,0.935,0.52,0.807,C,0.793,0.807,0.773,0.538,0.52,0.202,0.001,0.0,0.008,0.058,0.001,0.0,0.0,0.127,0.0,0.185,0.417,0.271,puan,0,0,1,0,0,0,,82.8
c51_69,29.09321,41.14479,0.917,0.156,0.986,0.442,0.924,C,0.917,0.924,0.91,0.473,0.442,0.132,0.0,0.002,0.004,0.002,0.007,0.0,0.0,0.138,0.0,0.22,0.496,0.147,puan,0,0,1,0,0,0,,88.4
c51_70,29.09321,41.14928,0.873,0.125,0.982,0.413,0.896,C,0.872,0.896,0.85,0.413,0.428,0.1,0.0,0.002,0.011,0.01,0.0,0.0,0.0,0.137,0.0,0.181,0.559,0.123,puan,594,0,2,1,1,0,1.7,86.6
c51_71,29.09321,41.15377,0.823,0.096,0.979,0.375,0.856,C,0.818,0.856,0.789,0.376,0.375,0.076,0.001,0.0,0.013,0.012,0.0,0.0,0.0,0.122,0.0,0.184,0.591,0.103,puan,0,0,1,0,0,0,,84.6
c52_64,29.09916,41.12234,0.476,0.27,0.702,0.41,0.538,C,0.503,0.538,0.414,0.41,0.435,0.146,0.0,0.085,0.09,0.199,0.0,0.0,0.0,0.084,0.0,0.068,0.328,0.52,puan,508,0,2,3,3,0,5.9,56.3
c52_65,29.09916,41.12683,0.636,0.205,0.883,0.44,0.681,C,0.678,0.681,0.59,0.44,0.468,0.13,0.0,0.069,0.036,0.044,0.003,0.0,0.0,0.125,0.0,0.138,0.455,0.282,puan,490,0,2,4,4,0,8.2,73.6
c52_66,29.09916,41.13132,0.985,0.468,0.993,0.807,0.987,C,0.987,0.987,0.984,0.866,0.807,0.437,0.0,0.003,0.002,0.004,0.0,0.0,0.0,0.061,0.0,0.116,0.376,0.446,puan,0,0,1,0,0,0,,91.7
c52_67,29.09916,41.13581,0.903,0.493,0.947,0.835,0.91,C,0.908,0.91,0.896,0.848,0.835,0.464,0.0,0.011,0.006,0.004,0.009,0.033,0.0,0.034,0.0,0.051,0.388,0.527,puan,0,0,1,0,0,0,,88.0
c52_68,29.09916,41.1403,0.67,0.486,0.76,0.636,0.722,B,0.722,0.697,0.642,0.636,0.655,0.389,0.121,0.031,0.002,0.034,0.084,0.038,0.0,0.037,0.0,0.02,0.245,0.698,puan,0,0,1,0,0,0,,75.7
c52_69,29.09916,41.14479,0.467,0.38,0.566,0.422,0.552,B,0.552,0.511,0.422,0.425,0.453,0.196,0.228,0.0,0.0,0.08,0.167,0.0,0.0,0.065,0.11,0.027,0.126,0.671,puan,442,0,2,1,1,0,2.3,55.3
c52_70,29.09916,41.14928,0.608,0.253,0.836,0.465,0.675,C,0.675,0.64,0.575,0.465,0.53,0.094,0.055,0.0,0.001,0.0,0.048,0.0,0.0,0.061,0.464,0.038,0.239,0.198,puan,742,0,3,0,0,0,0.0,71.4
c52_71,29.09916,41.15377,0.989,0.073,0.999,0.392,0.991,C,0.988,0.991,0.986,0.392,0.474,0.022,0.0,0.0,0.0,0.0,0.0,0.0,0.0,0.033,0.671,0.032,0.242,0.022,kanıt yetersiz,0,0,1,0,0,0,,
c53_64,29.10511,41.12234,0.939,0.1,0.993,0.381,0.953,C,0.935,0.953,0.925,0.384,0.381,0.084,0.0,0.0,0.006,0.003,0.0,0.0,0.0,0.134,0.0,0.202,0.572,0.093,kanıt yetersiz,0,0,1,0,0,0,,
c53_65,29.10511,41.12683,0.926,0.098,0.992,0.368,0.945,C,0.921,0.945,0.907,0.388,0.368,0.081,0.0,0.0,0.008,0.003,0.0,0.0,0.0,0.127,0.0,0.211,0.57,0.092,kanıt yetersiz,0,0,1,0,0,0,,
c53_66,29.10511,41.13132,0.966,0.243,0.992,0.626,0.971,C,0.971,0.971,0.962,0.664,0.626,0.208,0.0,0.006,0.003,0.002,0.0,0.0,0.0,0.1,0.027,0.149,0.504,0.22,puan,0,0,1,0,0,0,,90.5
c53_67,29.10511,41.13581,0.951,0.898,0.954,0.9,0.967,A,0.967,0.955,0.948,0.9,0.949,0.713,0.0,0.06,0.0,0.0,0.0,0.0,0.0,0.044,0.138,0.002,0.044,0.773,puan,413,0,2,3,3,0,7.3,89.9
c53_68,29.10511,41.1403,0.492,0.471,0.514,0.419,0.673,C,0.673,0.565,0.419,0.435,0.486,0.037,0.116,0.14,0.011,0.0,0.0,0.0,0.0,0.04,0.642,0.005,0.009,0.305,puan,582,0,2,0,0,0,0.0,58.4
c53_69,29.10511,41.14479,0.629,0.55,0.675,0.411,0.799,C,0.799,0.706,0.551,0.411,0.608,0.009,0.019,0.0,0.0,0.0,0.0,0.0,0.0,0.015,0.952,0.001,0.003,0.029,kanıt yetersiz,188,0,2,0,0,0,0.0,
c53_70,29.10511,41.14928,0.876,0.444,0.937,0.634,0.887,C,0.876,0.887,0.864,0.634,0.741,0.094,0.0,0.0,0.003,0.014,0.0,0.0,0.0,0.042,0.739,0.024,0.083,0.111,puan,15,0,1,0,0,0,,86.8
c53_71,29.10511,41.15377,0.763,0.129,0.96,0.261,0.777,C,0.768,0.777,0.75,0.261,0.446,0.009,0.0,0.0,0.0,0.003,0.0,0.0,0.0,0.023,0.908,0.012,0.046,0.012,kanıt yetersiz,0,0,1,0,0,0,,
c54_64,29.11106,41.12234,0.905,0.079,0.992,0.349,0.929,C,0.901,0.929,0.882,0.382,0.349,0.066,0.0,0.001,0.008,0.003,0.0,0.0,0.0,0.107,0.0,0.193,0.622,0.078,kanıt yetersiz,0,0,1,0,0,0,,
c54_65,29.11106,41.12683,0.954,0.096,0.995,0.416,0.966,C,0.951,0.966,0.942,0.416,0.452,0.082,0.0,0.0,0.005,0.002,0.0,0.0,0.0,0.115,0.0,0.137,0.659,0.089,kanıt yetersiz,0,0,1,0,0,0,,
c54_66,29.11106,41.13132,0.963,0.114,0.996,0.384,0.971,C,0.962,0.971,0.954,0.384,0.47,0.048,0.0,0.0,0.002,0.001,0.0,0.0,0.0,0.078,0.488,0.073,0.309,0.052,kanıt yetersiz,0,0,1,0,0,0,,
c54_67,29.11106,41.13581,0.929,0.395,0.97,0.535,0.934,C,0.933,0.934,0.925,0.535,0.787,0.106,0.0,0.001,0.0,0.008,0.0,0.0,0.0,0.086,0.641,0.025,0.132,0.116,puan,1040,0,2,0,0,0,0.0,89.1
c54_68,29.11106,41.1403,0.747,0.118,0.96,0.455,0.826,C,0.826,0.767,0.727,0.561,0.455,0.019,0.0,0.013,0.0,0.0,0.0,0.0,0.0,0.01,0.791,0.028,0.14,0.031,kanıt yetersiz,0,0,1,0,0,0,,
c54_69,29.11106,41.14479,1.0,0.098,1.0,0.439,1.0,C,1.0,1.0,1.0,0.439,0.609,0.02,0.0,0.0,0.0,0.0,0.0,0.0,0.0,0.026,0.768,0.016,0.17,0.02,kanıt yetersiz,0,0,1,0,0,0,,
c54_70,29.11106,41.14928,0.596,0.139,0.906,0.357,0.678,C,0.577,0.678,0.514,0.357,0.368,0.042,0.0,0.001,0.038,0.005,0.0,0.023,0.0,0.073,0.459,0.103,0.256,0.109,puan,0,0,1,0,0,0,,70.4
c54_71,29.11106,41.15377,0.372,0.108,0.817,0.131,0.408,C,0.385,0.408,0.336,0.131,0.237,0.002,0.0,0.0,0.0,0.0,0.0,0.006,0.0,0.015,0.956,0.01,0.01,0.008,kanıt yetersiz,0,0,1,0,0,0,,
c55_64,29.11701,41.12234,0.982,0.052,0.999,0.4,0.983,C,0.982,0.983,0.981,0.4,0.637,0.048,0.0,0.0,0.0,0.001,0.0,0.0,0.0,0.072,0.0,0.033,0.845,0.05,kanıt yetersiz,0,0,1,0,0,0,,
c55_65,29.11701,41.12683,0.999,0.514,0.999,0.829,0.999,C,0.998,0.999,0.998,0.829,0.941,0.312,0.0,0.0,0.001,0.0,0.0,0.0,0.0,0.064,0.328,0.022,0.273,0.313,puan,0,0,1,0,0,0,,93.8
c55_66,29.11701,41.13132,1.0,0.0,1.0,0.0,1.0,C,1.0,1.0,1.0,0.0,1.0,0.0,0.0,0.0,0.0,0.0,0.0,0.0,0.0,0.024,0.97,0.0,0.005,0.0,kanıt yetersiz,0,0,1,0,0,0,,
c55_67,29.11701,41.13581,0.027,0.017,0.381,0.02,0.036,B,0.027,0.027,0.027,0.02,0.036,0.004,0.0,0.0,0.0,0.0,0.14,0.0,0.0,0.052,0.722,0.015,0.068,0.144,puan,657,0,2,0,0,0,0.0,6.9
c55_68,29.11701,41.1403,0.936,0.083,0.994,0.486,0.955,C,0.955,0.941,0.93,0.486,0.556,0.03,0.0,0.003,0.0,0.0,0.0,0.0,0.0,0.031,0.593,0.029,0.314,0.033,kanıt yetersiz,496,0,2,0,0,0,0.0,
c55_69,29.11701,41.14479,1.0,0.048,1.0,0.371,1.0,C,1.0,1.0,1.0,0.371,0.818,0.008,0.0,0.0,0.0,0.0,0.0,0.0,0.0,0.013,0.83,0.002,0.148,0.008,kanıt yetersiz,0,0,1,0,0,0,,
c55_70,29.11701,41.14928,0.679,0.118,0.944,0.363,0.711,C,0.711,0.71,0.647,0.363,0.477,0.029,0.0,0.009,0.003,0.006,0.0,0.004,0.0,0.045,0.658,0.03,0.216,0.052,kanıt yetersiz,0,0,1,0,0,0,,
c55_71,29.11701,41.15377,0.928,0.129,0.99,0.41,0.95,C,0.926,0.95,0.906,0.42,0.41,0.039,0.001,0.0,0.004,0.001,0.0,0.0,0.0,0.055,0.619,0.082,0.198,0.045,kanıt yetersiz,0,0,1,0,0,0,,
c48_72,29.07536,41.15826,0.0,0.0,0.0,0.0,0.0,A,0.0,0.0,0.0,0.0,0.0,0.0,0.0,0.0,0.0,0.0,1.0,0.0,0.0,0.0,0.0,0.0,0.0,1.0,puan,0,0,1,0,0,0,,0.0
c48_73,29.07536,41.16275,0.0,0.0,0.0,0.0,0.0,A,0.0,0.0,0.0,0.0,0.0,0.0,0.0,0.0,0.0,0.0,1.0,0.0,0.0,0.0,0.0,0.0,0.0,1.0,puan,0,0,1,0,0,0,,0.0
c48_74,29.07536,41.16724,0.008,0.008,0.052,0.008,0.01,A,0.008,0.008,0.008,0.008,0.01,0.008,0.0,0.0,0.0,0.0,0.926,0.0,0.0,0.023,0.0,0.012,0.03,0.934,puan,0,0,1,0,0,0,,5.9
c48_77,29.07536,41.18071,0.503,0.165,0.837,0.35,0.538,C,0.508,0.538,0.467,0.35,0.4,0.109,0.004,0.017,0.04,0.008,0.097,0.0,0.0,0.12,0.044,0.102,0.459,0.274,puan,0,0,1,0,0,0,,59.6
c48_78,29.07536,41.1852,0.876,0.204,0.971,0.508,0.901,C,0.88,0.901,0.851,0.508,0.62,0.061,0.0,0.004,0.008,0.003,0.0,0.0,0.0,0.055,0.618,0.039,0.211,0.076,kanıt yetersiz,0,0,1,0,0,0,,
c48_79,29.07536,41.18969,,,,,,C,,,,0.0,,0.0,0.0,0.0,0.0,0.0,0.0,0.0,0.0,0.006,0.994,0.0,0.0,0.0,kanıt yetersiz,0,0,1,0,0,0,,
c49_72,29.08131,41.15826,0.001,0.001,0.003,0.001,0.001,A,0.001,0.001,0.001,0.001,0.001,0.001,0.0,0.0,0.0,0.0,0.995,0.0,0.0,0.002,0.0,0.0,0.002,0.996,puan,0,0,1,0,0,0,,5.0
c49_73,29.08131,41.16275,0.001,0.001,0.001,0.001,0.001,A,0.001,0.001,0.001,0.001,0.001,0.001,0.0,0.0,0.0,0.0,0.993,0.0,0.0,0.0,0.005,0.0,0.0,0.995,puan,0,0,1,0,0,0,,5.0
c49_74,29.08131,41.16724,0.108,0.088,0.273,0.091,0.109,A,0.108,0.108,0.108,0.091,0.109,0.034,0.0,0.0,0.0,0.0,0.283,0.0,0.0,0.061,0.55,0.003,0.069,0.317,puan,0,0,1,0,0,0,,9.6
c49_79,29.08131,41.18969,0.602,0.048,0.968,0.225,0.719,C,0.719,0.632,0.572,0.225,0.455,0.007,0.0,0.012,0.0,0.0,0.0,0.0,0.0,0.032,0.726,0.009,0.213,0.019,kanıt yetersiz,0,0,1,0,0,0,,
c50_72,29.08726,41.15826,0.188,0.09,0.611,0.147,0.19,C,0.188,0.19,0.186,0.147,0.176,0.063,0.0,0.0,0.003,0.002,0.277,0.0,0.0,0.098,0.181,0.084,0.292,0.345,puan,0,0,1,0,0,0,,12.1
c50_73,29.08726,41.16275,0.05,0.05,0.053,0.048,0.052,A,0.052,0.051,0.049,0.048,0.05,0.032,0.0,0.008,0.002,0.0,0.671,0.0,0.0,0.034,0.251,0.002,0.0,0.713,puan,0,0,1,0,0,0,,7.8
c50_74,29.08726,41.16724,0.101,0.095,0.148,0.087,0.101,A,0.101,0.101,0.101,0.087,0.101,0.011,0.0,0.0,0.0,0.0,0.099,0.0,0.0,0.018,0.866,0.001,0.005,0.111,puan,0,0,1,0,0,0,,9.5
c50_75,29.08726,41.17173,0.835,0.188,0.963,0.432,0.885,C,0.821,0.885,0.784,0.432,0.538,0.05,0.0,0.001,0.017,0.002,0.001,0.0,0.0,0.066,0.621,0.051,0.192,0.071,kanıt yetersiz,0,0,1,0,0,0,,
c50_76,29.08726,41.17622,0.047,0.038,0.228,0.044,0.051,A,0.046,0.049,0.044,0.044,0.051,0.031,0.0,0.001,0.009,0.0,0.72,0.0,0.0,0.045,0.018,0.046,0.132,0.76,puan,0,0,1,0,0,0,,7.7
c51_72,29.09321,41.15826,0.884,0.108,0.986,0.343,0.909,C,0.878,0.909,0.859,0.37,0.343,0.069,0.0,0.0,0.009,0.006,0.0,0.0,0.0,0.116,0.202,0.208,0.391,0.083,kanıt yetersiz,0,0,1,0,0,0,,
c51_73,29.09321,41.16275,0.098,0.075,0.311,0.08,0.101,B,0.098,0.098,0.098,0.08,0.101,0.016,0.0,0.0,0.0,0.0,0.147,0.0,0.0,0.037,0.749,0.018,0.033,0.163,puan,0,0,1,0,0,0,,9.4
c51_74,29.09321,41.16724,0.192,0.189,0.204,0.142,0.192,A,0.192,0.192,0.192,0.142,0.191,0.015,0.0,0.0,0.0,0.0,0.064,0.0,0.0,0.027,0.892,0.001,0.0,0.079,kanıt yetersiz,0,0,1,0,0,0,,
c51_75,29.09321,41.17173,1.0,0.902,1.0,0.773,1.0,C,1.0,1.0,1.0,0.773,0.948,0.093,0.0,0.0,0.0,0.0,0.0,0.0,0.0,0.027,0.869,0.006,0.004,0.093,kanıt yetersiz,0,0,1,0,0,0,,
c51_76,29.09321,41.17622,0.456,0.209,0.75,0.36,0.474,C,0.474,0.464,0.448,0.36,0.406,0.085,0.009,0.008,0.001,0.0,0.101,0.0,0.0,0.054,0.502,0.036,0.204,0.204,puan,0,0,1,0,0,0,,54.0
c51_77,29.09321,41.18071,0.087,0.083,0.132,0.075,0.115,A,0.115,0.1,0.075,0.087,0.087,0.019,0.059,0.0,0.0,0.0,0.453,0.0,0.0,0.0,0.443,0.0,0.027,0.53,puan,0,0,1,0,0,0,,9.0
c52_72,29.09916,41.15826,0.678,0.143,0.932,0.329,0.711,C,0.681,0.711,0.645,0.329,0.385,0.037,0.0,0.0,0.005,0.02,0.0,0.0,0.0,0.066,0.639,0.07,0.163,0.062,kanıt yetersiz,0,0,1,0,0,0,,
c52_73,29.09916,41.16275,0.974,0.135,0.996,0.354,0.977,C,0.973,0.977,0.97,0.354,0.455,0.054,0.0,0.0,0.001,0.001,0.0,0.0,0.0,0.099,0.494,0.089,0.262,0.056,kanıt yetersiz,0,0,1,0,0,0,,
c52_74,29.09916,41.16724,1.0,0.277,1.0,0.139,1.0,C,1.0,1.0,1.0,0.139,0.554,0.004,0.0,0.0,0.0,0.0,0.0,0.0,0.0,0.025,0.961,0.004,0.006,0.004,kanıt yetersiz,0,0,1,0,0,0,,
c52_75,29.09916,41.17173,0.923,0.914,0.924,0.382,0.923,C,0.923,0.923,0.923,0.382,0.915,0.028,0.0,0.0,0.0,0.0,0.002,0.0,0.0,0.043,0.926,0.0,0.0,0.03,kanıt yetersiz,0,0,1,0,0,0,,
c52_76,29.09916,41.17622,1.0,0.913,1.0,0.785,1.0,C,1.0,1.0,1.0,0.785,0.972,0.103,0.0,0.0,0.0,0.0,0.0,0.0,0.0,0.028,0.859,0.003,0.006,0.103,puan,0,0,1,0,0,0,,94.5
c52_77,29.09916,41.18071,0.998,0.357,0.999,0.669,0.999,C,0.999,0.998,0.998,0.669,0.998,0.029,0.0,0.0,0.0,0.0,0.0,0.0,0.0,0.014,0.905,0.0,0.052,0.029,kanıt yetersiz,0,0,1,0,0,0,,
c53_72,29.10511,41.15826,0.586,0.257,0.818,0.145,0.61,C,0.595,0.61,0.562,0.145,0.389,0.003,0.0,0.0,0.0,0.003,0.0,0.0,0.0,0.017,0.969,0.004,0.003,0.006,kanıt yetersiz,0,0,1,0,0,0,,
c53_73,29.10511,41.16275,0.973,0.195,0.995,0.382,0.976,C,0.976,0.975,0.971,0.382,0.524,0.048,0.0,0.0,0.0,0.001,0.0,0.0,0.0,0.077,0.676,0.056,0.142,0.05,kanıt yetersiz,0,0,1,0,0,0,,
c53_74,29.10511,41.16724,0.497,0.321,0.675,0.288,0.525,C,0.507,0.525,0.468,0.288,0.423,0.018,0.0,0.0,0.0,0.0,0.0,0.024,0.0,0.031,0.903,0.011,0.013,0.043,kanıt yetersiz,0,0,1,0,0,0,,
c53_75,29.10511,41.17173,1.0,0.983,1.0,0.285,1.0,C,1.0,1.0,1.0,0.285,0.985,0.015,0.0,0.0,0.0,0.0,0.0,0.0,0.0,0.038,0.947,0.0,0.0,0.015,kanıt yetersiz,0,0,1,0,0,0,,
c53_76,29.10511,41.17622,1.0,0.994,1.0,0.599,1.0,C,1.0,1.0,1.0,0.599,0.994,0.036,0.0,0.0,0.0,0.0,0.0,0.0,0.0,0.024,0.939,0.0,0.0,0.036,kanıt yetersiz,0,0,1,0,0,0,,
c53_77,29.10511,41.18071,,0.0,1.0,,,C,,,,0.0,,0.0,0.0,0.0,0.0,0.0,0.0,0.0,0.0,0.019,0.954,0.0,0.027,0.0,kanıt yetersiz,0,0,1,0,0,0,,
c54_72,29.11106,41.15826,1.0,0.02,1.0,0.002,1.0,C,1.0,1.0,1.0,0.002,0.158,0.0,0.0,0.0,0.0,0.0,0.0,0.0,0.0,0.021,0.977,0.001,0.001,0.0,kanıt yetersiz,0,0,1,0,0,0,,
c54_73,29.11106,41.16275,0.85,0.126,0.978,0.216,0.91,C,0.829,0.91,0.79,0.216,0.376,0.002,0.0,0.0,0.001,0.0,0.0,0.0,0.0,0.007,0.978,0.004,0.009,0.002,kanıt yetersiz,0,0,1,0,0,0,,
c54_74,29.11106,41.16724,1.0,0.285,1.0,0.337,1.0,C,1.0,1.0,1.0,0.337,0.704,0.021,0.0,0.0,0.0,0.0,0.0,0.0,0.0,0.041,0.885,0.011,0.042,0.021,kanıt yetersiz,0,0,1,0,0,0,,
c54_75,29.11106,41.17173,0.998,0.818,0.998,0.387,0.998,C,0.998,0.998,0.997,0.387,0.841,0.03,0.0,0.0,0.0,0.0,0.0,0.0,0.0,0.047,0.917,0.007,0.0,0.03,kanıt yetersiz,0,0,1,0,0,0,,
c54_76,29.11106,41.17622,0.097,0.097,0.097,0.083,0.097,A,0.097,0.097,0.097,0.083,0.097,0.018,0.0,0.0,0.0,0.0,0.166,0.0,0.0,0.033,0.783,0.0,0.0,0.184,puan,0,0,1,0,0,0,,9.3
c54_77,29.11106,41.18071,0.0,0.0,0.0,0.0,0.0,A,0.0,0.0,0.0,0.0,0.0,0.0,0.0,0.0,0.0,0.0,0.572,0.0,0.0,0.01,0.418,0.0,0.0,0.572,puan,0,0,1,0,0,0,,0.0
c55_72,29.11701,41.15826,0.558,0.18,0.857,0.302,0.584,C,0.567,0.584,0.533,0.302,0.412,0.021,0.0,0.0,0.0,0.001,0.0,0.021,0.0,0.036,0.831,0.022,0.068,0.043,kanıt yetersiz,0,0,1,0,0,0,,
c55_73,29.11701,41.16275,0.54,0.441,0.624,0.365,0.568,C,0.549,0.568,0.512,0.365,0.464,0.024,0.0,0.0,0.001,0.001,0.0,0.026,0.0,0.025,0.911,0.012,0.0,0.052,kanıt yetersiz,0,0,1,0,0,0,,
c55_74,29.11701,41.16724,0.868,0.516,0.922,0.139,0.876,C,0.871,0.876,0.861,0.139,0.567,0.001,0.0,0.0,0.0,0.0,0.0,0.0,0.0,0.009,0.988,0.001,0.0,0.002,kanıt yetersiz,0,0,1,0,0,0,,
c55_75,29.11701,41.17173,,0.0,1.0,,,C,,,,0.0,0.125,0.0,0.0,0.0,0.0,0.0,0.0,0.0,0.0,0.01,0.989,0.001,0.0,0.0,kanıt yetersiz,0,0,1,0,0,0,,
c55_76,29.11701,41.17622,0.014,0.014,0.014,0.014,0.014,A,0.014,0.014,0.014,0.014,0.014,0.01,0.0,0.0,0.0,0.0,0.679,0.0,0.0,0.022,0.29,0.0,0.0,0.688,puan,0,0,1,0,0,0,,6.4
c55_77,29.11701,41.18071,0.0,0.0,0.0,0.0,0.0,A,0.0,0.0,0.0,0.0,0.0,0.0,0.0,0.0,0.0,0.0,1.0,0.0,0.0,0.0,0.0,0.0,0.0,1.0,puan,0,0,1,0,0,0,,0.0
c55_78,29.11701,41.1852,0.0,0.0,0.007,0.0,0.0,A,0.0,0.0,0.0,0.0,0.0,0.0,0.0,0.0,0.0,0.0,0.993,0.0,0.0,0.0,0.0,0.0,0.007,0.993,puan,0,0,1,0,0,0,,0.0
c56_1,29.12296,40.83947,1.0,0.862,1.0,0.764,1.0,C,1.0,1.0,1.0,0.764,0.998,0.041,0.0,0.0,0.0,0.0,0.0,0.0,0.1,0.044,0.793,0.0,0.022,0.141,puan,0,0,1,0,0,0,,94.5
c56_2,29.12296,40.84396,1.0,0.619,1.0,0.73,1.0,C,1.0,1.0,1.0,0.73,0.76,0.067,0.0,0.0,0.0,0.0,0.0,0.0,0.018,0.032,0.83,0.032,0.02,0.086,kanıt yetersiz,0,0,1,0,0,0,,
c56_3,29.12296,40.84845,1.0,0.914,1.0,0.71,1.0,C,1.0,1.0,1.0,0.71,0.926,0.051,0.0,0.0,0.0,0.0,0.0,0.0,0.0,0.021,0.923,0.005,0.0,0.051,kanıt yetersiz,0,0,1,0,0,0,,
c56_4,29.12296,40.85294,0.985,0.72,0.989,0.825,0.989,B,0.984,0.989,0.981,0.825,0.932,0.159,0.0,0.0,0.004,0.001,0.0,0.0,0.033,0.038,0.692,0.013,0.06,0.197,puan,0,0,1,0,0,0,,91.7
c56_5,29.12296,40.85743,0.31,0.182,0.595,0.257,0.317,C,0.316,0.317,0.303,0.257,0.289,0.031,0.0,0.006,0.004,0.0,0.108,0.0,0.016,0.034,0.685,0.021,0.095,0.165,puan,0,0,1,0,0,0,,23.6
c56_6,29.12296,40.86192,0.804,0.444,0.891,0.463,0.853,C,0.853,0.821,0.787,0.463,0.769,0.028,0.0,0.01,0.0,0.001,0.0,0.0,0.0,0.029,0.898,0.002,0.03,0.04,kanıt yetersiz,0,0,1,0,0,0,,
c56_7,29.12296,40.86641,0.338,0.231,0.548,0.271,0.382,B,0.359,0.382,0.295,0.271,0.293,0.04,0.001,0.008,0.005,0.0,0.0,0.129,0.0,0.046,0.686,0.049,0.036,0.183,puan,0,0,1,0,0,0,,29.3
c57_6,29.12891,40.86192,0.2,0.172,0.314,0.153,0.247,A,0.218,0.247,0.153,0.185,0.19,0.023,0.0,0.003,0.002,0.001,0.0,0.256,0.0,0.023,0.645,0.047,0.0,0.285,puan,0,0,1,0,0,0,,12.9
c57_7,29.12891,40.86641,0.282,0.234,0.406,0.24,0.325,A,0.297,0.325,0.24,0.244,0.255,0.081,0.0,0.002,0.004,0.005,0.0,0.37,0.0,0.073,0.368,0.096,0.0,0.462,puan,0,0,1,0,0,0,,20.0
c58_7,29.13486,40.86641,0.185,0.153,0.325,0.137,0.233,A,0.204,0.233,0.137,0.169,0.175,0.047,0.0,0.012,0.005,0.013,0.0,0.691,0.0,0.072,0.0,0.159,0.0,0.769,puan,0,0,1,0,0,0,,11.8
c59_4,29.14081,40.85294,0.896,0.891,0.897,0.884,0.902,A,0.901,0.902,0.89,0.884,0.894,0.803,0.0,0.012,0.0,0.015,0.0,0.092,0.058,0.014,0.0,0.003,0.002,0.981,puan,0,0,1,0,0,0,,87.8
c60_3,29.14676,40.84845,0.565,0.56,0.569,0.54,0.59,A,0.575,0.59,0.54,0.565,0.564,0.418,0.0,0.004,0.0,0.068,0.0,0.422,0.079,0.0,0.0,0.001,0.009,0.991,puan,0,0,1,0,0,0,,67.6
c60_4,29.14676,40.85294,0.507,0.506,0.507,0.478,0.535,A,0.517,0.535,0.478,0.503,0.506,0.383,0.0,0.0,0.0,0.149,0.0,0.411,0.05,0.007,0.0,0.001,0.0,0.993,puan,0,0,1,0,0,0,,60.3
c56_80,29.12296,41.19418,0.0,0.0,0.016,0.0,0.0,A,0.0,0.0,0.0,0.0,0.0,0.0,0.0,0.0,0.0,0.0,0.315,0.0,0.0,0.005,0.675,0.0,0.005,0.315,puan,0,0,1,0,0,0,,0.0
c56_81,29.12296,41.19867,0.375,0.006,0.99,0.006,0.571,C,0.571,0.425,0.325,0.006,0.161,0.0,0.0,0.002,0.0,0.0,0.0,0.0,0.0,0.093,0.803,0.01,0.093,0.002,kanıt yetersiz,763,0,1,0,0,0,0.0,
c57_80,29.12891,41.19418,0.004,0.003,0.36,0.002,0.017,B,0.006,0.005,0.003,0.002,0.017,0.0,0.0,0.0,0.0,0.0,0.041,0.0,0.0,0.038,0.899,0.005,0.018,0.041,kanıt yetersiz,405,0,2,0,0,0,0.0,
c57_81,29.12891,41.19867,1.0,0.242,1.0,0.14,1.0,C,1.0,1.0,1.0,0.14,0.901,0.009,0.0,0.0,0.0,0.0,0.0,0.0,0.0,0.054,0.91,0.001,0.026,0.009,kanıt yetersiz,603,0,2,0,0,0,0.0,
c57_82,29.12891,41.20316,0.982,0.172,0.997,0.68,0.983,C,0.982,0.983,0.981,0.68,0.938,0.052,0.0,0.0,0.0,0.0,0.0,0.001,0.0,0.024,0.674,0.003,0.247,0.053,kanıt yetersiz,0,0,2,0,0,0,,
c58_80,29.13486,41.19418,,0.0,1.0,,,C,,,,0.0,0.125,0.0,0.0,0.0,0.0,0.0,0.0,0.0,0.0,0.016,0.978,0.001,0.005,0.0,kanıt yetersiz,87,0,1,0,0,0,0.0,
c58_81,29.13486,41.19867,0.687,0.313,0.857,0.174,0.705,C,0.693,0.705,0.669,0.174,0.606,0.02,0.0,0.0,0.0,0.0,0.0,0.011,0.0,0.091,0.841,0.005,0.032,0.031,kanıt yetersiz,642,0,1,0,0,0,0.0,
c58_82,29.13486,41.20316,0.289,0.201,0.506,0.229,0.331,B,0.303,0.331,0.247,0.229,0.267,0.064,0.0,0.001,0.003,0.002,0.001,0.281,0.0,0.092,0.401,0.055,0.1,0.353,puan,0,0,1,0,0,0,,20.5
c58_83,29.13486,41.20765,0.569,0.381,0.712,0.488,0.596,B,0.577,0.596,0.543,0.488,0.513,0.212,0.0,0.0,0.004,0.002,0.0,0.203,0.0,0.07,0.302,0.061,0.147,0.42,puan,0,0,1,0,0,0,,68.0
c59_80,29.14081,41.19418,0.982,0.784,0.986,0.326,0.983,C,0.983,0.983,0.981,0.326,0.809,0.01,0.0,0.0,0.0,0.0,0.0,0.0,0.0,0.021,0.966,0.003,0.0,0.01,kanıt yetersiz,0,0,1,0,0,0,,
c59_81,29.14081,41.19867,1.0,0.195,1.0,0.129,1.0,C,1.0,1.0,1.0,0.129,0.88,0.011,0.0,0.0,0.0,0.0,0.0,0.0,0.0,0.075,0.868,0.002,0.044,0.011,kanıt yetersiz,630,0,1,0,0,0,0.0,
c59_82,29.14081,41.20316,0.698,0.264,0.886,0.306,0.698,C,0.698,0.698,0.698,0.306,0.69,0.017,0.0,0.0,0.0,0.0,0.008,0.0,0.0,0.032,0.902,0.0,0.041,0.025,kanıt yetersiz,0,0,1,0,0,0,,
c59_83,29.14081,41.20765,0.008,0.008,0.01,0.007,0.008,A,0.008,0.008,0.007,0.007,0.008,0.004,0.0,0.0,0.0,0.0,0.5,0.001,0.0,0.007,0.486,0.001,0.0,0.506,puan,0,0,1,0,0,0,,5.9
c59_84,29.14081,41.21214,0.0,0.0,0.233,0.0,0.0,B,0.0,0.0,0.0,0.0,0.0,0.0,0.0,0.0,0.0,0.0,0.578,0.0,0.0,0.0,0.246,0.0,0.175,0.578,puan,0,0,1,0,0,0,,0.0
c60_80,29.14676,41.19418,1.0,0.125,1.0,0.273,1.0,C,1.0,1.0,1.0,0.273,1.0,0.004,0.0,0.0,0.0,0.0,0.0,0.0,0.0,0.01,0.96,0.0,0.026,0.004,kanıt yetersiz,0,0,1,0,0,0,,
c60_81,29.14676,41.19867,0.826,0.312,0.934,0.512,0.896,C,0.802,0.896,0.757,0.512,0.825,0.098,0.0,0.0,0.052,0.0,0.0,0.0,0.0,0.093,0.508,0.0,0.248,0.151,puan,1002,0,3,0,0,0,0.0,84.7
c60_82,29.14676,41.20316,0.023,0.022,0.063,0.014,0.027,A,0.023,0.023,0.023,0.014,0.027,0.001,0.0,0.0,0.0,0.0,0.028,0.0,0.0,0.02,0.95,0.001,0.0,0.029,kanıt yetersiz,0,0,1,0,0,0,,
c60_83,29.14676,41.20765,0.0,0.0,0.0,0.0,0.0,A,0.0,0.0,0.0,0.0,0.0,0.0,0.0,0.0,0.0,0.0,0.037,0.0,0.0,0.004,0.958,0.0,0.0,0.037,kanıt yetersiz,0,0,1,0,0,0,,
c60_84,29.14676,41.21214,,0.0,1.0,,,C,,,,0.0,,0.0,0.0,0.0,0.0,0.0,0.0,0.0,0.0,0.004,0.825,0.0,0.171,0.0,kanıt yetersiz,0,0,1,0,0,0,,
c61_80,29.15271,41.19418,1.0,1.0,1.0,0.384,1.0,C,1.0,1.0,1.0,0.384,1.0,0.009,0.0,0.0,0.0,0.0,0.0,0.0,0.0,0.015,0.976,0.0,0.0,0.009,kanıt yetersiz,0,0,1,0,0,0,,
c61_81,29.15271,41.19867,1.0,0.214,1.0,0.15,1.0,C,1.0,1.0,1.0,0.15,0.957,0.015,0.0,0.0,0.0,0.0,0.0,0.0,0.0,0.084,0.846,0.001,0.054,0.015,kanıt yetersiz,862,0,1,0,0,0,0.0,
c61_82,29.15271,41.20316,1.0,0.994,1.0,0.287,1.0,C,1.0,1.0,1.0,0.287,0.995,0.011,0.0,0.0,0.0,0.0,0.0,0.0,0.0,0.026,0.963,0.0,0.0,0.011,kanıt yetersiz,0,0,1,0,0,0,,
c61_83,29.15271,41.20765,0.909,0.817,0.919,0.354,0.915,C,0.911,0.915,0.904,0.354,0.83,0.018,0.0,0.0,0.0,0.002,0.0,0.0,0.0,0.031,0.947,0.002,0.0,0.02,kanıt yetersiz,0,0,1,0,0,0,,
c61_84,29.15271,41.21214,0.277,0.204,0.467,0.235,0.319,B,0.292,0.319,0.235,0.248,0.272,0.018,0.0,0.001,0.0,0.0,0.0,0.195,0.023,0.028,0.651,0.009,0.076,0.237,puan,0,0,1,0,0,0,,19.3
c61_85,29.15271,41.21663,0.517,0.289,0.731,0.469,0.547,C,0.526,0.547,0.487,0.469,0.47,0.039,0.0,0.0,0.007,0.002,0.001,0.284,0.195,0.054,0.0,0.072,0.346,0.528,puan,0,0,1,0,0,0,,61.6
c62_80,29.15866,41.19418,,0.0,1.0,,,C,,,,0.0,,0.0,0.0,0.0,0.0,0.0,0.0,0.0,0.0,0.001,0.94,0.0,0.059,0.0,kanıt yetersiz,0,0,1,0,0,0,,
c62_81,29.15866,41.19867,,0.0,1.0,,,C,,,,0.0,0.125,0.0,0.0,0.0,0.0,0.0,0.0,0.0,0.0,0.059,0.913,0.0,0.029,0.0,kanıt yetersiz,286,0,1,0,0,0,0.0,
c62_82,29.15866,41.20316,,0.0,1.0,,,C,,,,0.0,0.125,0.0,0.0,0.0,0.0,0.0,0.0,0.0,0.0,0.005,0.995,0.0,0.0,0.0,kanıt yetersiz,0,0,1,0,0,0,,
c62_83,29.15866,41.20765,0.375,0.0,1.0,0.007,0.571,C,0.571,0.425,0.325,0.007,0.137,0.0,0.0,0.0,0.0,0.0,0.0,0.0,0.0,0.015,0.579,0.006,0.4,0.0,kanıt yetersiz,0,0,1,0,0,0,,
c62_84,29.15866,41.21214,0.257,0.046,0.868,0.196,0.302,C,0.272,0.302,0.213,0.196,0.242,0.022,0.0,0.0,0.002,0.001,0.0,0.124,0.0,0.047,0.114,0.019,0.671,0.149,puan,0,0,1,0,0,0,,17.0
c62_85,29.15866,41.21663,0.792,0.222,0.942,0.683,0.805,C,0.796,0.805,0.779,0.683,0.768,0.126,0.0,0.0,0.002,0.0,0.0,0.063,0.077,0.043,0.0,0.01,0.679,0.268,puan,0,0,1,0,0,0,,82.9
c63_80,29.16461,41.19418,0.956,0.171,0.992,0.276,0.958,C,0.957,0.958,0.953,0.276,0.874,0.013,0.0,0.0,0.0,0.001,0.0,0.0,0.0,0.033,0.893,0.001,0.06,0.013,kanıt yetersiz,0,0,1,0,0,0,,
c63_81,29.16461,41.19867,0.27,0.07,0.811,0.101,0.312,C,0.285,0.312,0.228,0.101,0.25,0.007,0.0,0.0,0.0,0.0,0.0,0.036,0.0,0.073,0.759,0.007,0.117,0.044,kanıt yetersiz,529,0,1,0,0,0,0.0,
c63_82,29.16461,41.20316,0.959,0.032,0.999,0.282,0.964,C,0.964,0.962,0.957,0.282,0.751,0.007,0.0,0.0,0.0,0.0,0.0,0.0,0.0,0.018,0.753,0.003,0.218,0.008,kanıt yetersiz,0,0,1,0,0,0,,
c63_83,29.16461,41.20765,0.976,0.022,0.999,0.295,0.984,C,0.973,0.984,0.968,0.295,0.596,0.014,0.0,0.0,0.001,0.0,0.0,0.0,0.0,0.033,0.326,0.011,0.616,0.014,kanıt yetersiz,0,0,1,0,0,0,,
c63_84,29.16461,41.21214,0.539,0.025,0.979,0.269,0.565,C,0.549,0.565,0.512,0.269,0.504,0.012,0.0,0.0,0.0,0.0,0.0,0.014,0.0,0.026,0.411,0.002,0.535,0.026,kanıt yetersiz,0,0,1,0,0,0,,
c63_85,29.16461,41.21663,0.903,0.116,0.988,0.72,0.904,C,0.903,0.904,0.903,0.72,0.894,0.04,0.0,0.0,0.0,0.0,0.006,0.0,0.016,0.016,0.499,0.001,0.422,0.062,kanıt yetersiz,0,0,1,0,0,0,,
c63_86,29.16461,41.22112,1.0,0.357,1.0,0.894,1.0,C,1.0,1.0,1.0,0.894,0.993,0.0,0.0,0.0,0.0,0.0,0.0,0.0,0.127,0.015,0.629,0.001,0.228,0.127,puan,0,0,1,0,0,0,,94.5
c56_8,29.12296,40.8709,0.266,0.211,0.418,0.216,0.316,B,0.283,0.316,0.216,0.234,0.238,0.077,0.0,0.023,0.032,0.004,0.0,0.56,0.018,0.097,0.004,0.177,0.009,0.713,puan,0,0,1,0,0,0,,18.0
c57_8,29.12891,40.8709,0.291,0.212,0.484,0.237,0.345,B,0.302,0.345,0.237,0.247,0.246,0.098,0.0,0.01,0.049,0.013,0.0,0.473,0.0,0.115,0.0,0.241,0.0,0.644,puan,0,0,1,0,0,0,,20.8
c57_9,29.12891,40.87539,0.534,0.456,0.603,0.459,0.61,B,0.523,0.61,0.459,0.461,0.475,0.245,0.002,0.006,0.213,0.009,0.001,0.262,0.012,0.121,0.0,0.129,0.0,0.751,puan,0,0,1,0,0,0,,64.0
c58_8,29.13486,40.8709,0.266,0.186,0.488,0.219,0.314,B,0.282,0.314,0.219,0.222,0.224,0.084,0.0,0.01,0.02,0.006,0.0,0.488,0.004,0.123,0.0,0.264,0.0,0.612,puan,0,0,1,0,0,0,,18.0
c60_15,29.14676,40.90233,0.524,0.355,0.677,0.425,0.558,B,0.552,0.558,0.49,0.425,0.472,0.176,0.0,0.069,0.022,0.017,0.016,0.216,0.059,0.134,0.02,0.087,0.186,0.575,puan,1174,0,2,4,4,0,3.4,62.8
c61_15,29.15271,40.90233,0.66,0.514,0.735,0.586,0.79,C,0.79,0.734,0.586,0.588,0.646,0.217,0.373,0.023,0.047,0.006,0.001,0.0,0.044,0.087,0.0,0.019,0.183,0.71,puan,1177,0,2,9,9,0,7.6,75.0
c62_14,29.15866,40.89784,0.509,0.47,0.546,0.418,0.509,A,0.509,0.509,0.509,0.418,0.509,0.285,0.0,0.0,0.0,0.0,0.378,0.0,0.107,0.166,0.0,0.0,0.063,0.77,puan,1042,0,2,0,0,0,0.0,60.6
c62_15,29.15866,40.90233,0.355,0.321,0.418,0.307,0.403,A,0.398,0.403,0.307,0.313,0.349,0.162,0.108,0.018,0.034,0.117,0.106,0.258,0.003,0.108,0.0,0.021,0.066,0.804,puan,362,0,2,3,3,0,8.3,33.4
c63_14,29.16461,40.89784,0.417,0.363,0.492,0.34,0.458,B,0.42,0.458,0.376,0.34,0.41,0.191,0.0,0.019,0.081,0.044,0.145,0.203,0.026,0.162,0.024,0.018,0.087,0.709,puan,1462,0,2,14,14,0,9.6,47.0
c63_15,29.16461,40.90233,0.303,0.284,0.349,0.241,0.366,B,0.306,0.366,0.241,0.256,0.296,0.116,0.001,0.007,0.123,0.094,0.057,0.401,0.0,0.146,0.0,0.034,0.022,0.798,puan,1119,1872,3,10,8,2,3.3,22.5
c56_19,29.12296,40.92029,1.0,0.997,1.0,0.997,1.0,A,1.0,1.0,1.0,1.0,0.997,0.986,0.0,0.0,0.0,0.0,0.0,0.0,0.011,0.0,0.0,0.003,0.0,0.997,puan,0,0,1,0,0,0,,94.5
c56_20,29.12296,40.92478,0.87,0.84,0.875,0.817,0.905,A,0.861,0.905,0.835,0.817,0.861,0.708,0.0,0.009,0.151,0.002,0.021,0.015,0.0,0.059,0.0,0.012,0.021,0.908,puan,1175,808,3,7,6,1,3.5,86.4
c56_21,29.12296,40.92927,0.436,0.368,0.524,0.366,0.506,B,0.43,0.506,0.366,0.372,0.397,0.189,0.001,0.009,0.175,0.049,0.04,0.272,0.0,0.128,0.0,0.107,0.029,0.736,puan,865,1673,3,6,6,0,2.4,50.5
c56_22,29.12296,40.93376,0.367,0.321,0.447,0.308,0.426,B,0.371,0.426,0.308,0.309,0.343,0.163,0.001,0.007,0.099,0.075,0.0,0.405,0.0,0.141,0.0,0.084,0.024,0.751,puan,707,0,2,0,0,0,0.0,36.1
c56_23,29.12296,40.93825,0.493,0.389,0.601,0.387,0.545,B,0.496,0.545,0.441,0.387,0.456,0.231,0.001,0.008,0.085,0.057,0.0,0.259,0.0,0.175,0.011,0.072,0.101,0.641,puan,2232,0,2,0,0,0,0.0,58.5
c57_18,29.12891,40.9158,0.933,0.735,0.947,0.767,0.945,B,0.945,0.939,0.927,0.767,0.928,0.437,0.0,0.041,0.005,0.004,0.0,0.016,0.171,0.145,0.0,0.004,0.178,0.673,puan,826,0,2,6,6,0,7.3,89.2
c57_19,29.12891,40.92029,0.614,0.531,0.666,0.503,0.66,B,0.631,0.66,0.568,0.503,0.577,0.31,0.0,0.084,0.1,0.037,0.025,0.127,0.02,0.154,0.033,0.057,0.053,0.704,puan,1953,901,4,11,10,1,3.9,72.0
c57_20,29.12891,40.92478,0.441,0.399,0.494,0.353,0.528,B,0.431,0.528,0.353,0.377,0.42,0.168,0.003,0.023,0.261,0.06,0.03,0.24,0.0,0.133,0.0,0.056,0.026,0.785,puan,940,1194,2,3,3,0,1.4,51.7
c57_21,29.12891,40.92927,0.35,0.325,0.395,0.281,0.419,B,0.352,0.419,0.281,0.292,0.334,0.134,0.001,0.019,0.146,0.085,0.006,0.395,0.0,0.155,0.0,0.059,0.0,0.786,puan,1342,0,4,0,0,0,0.0,32.3
c57_22,29.12891,40.93376,0.369,0.335,0.428,0.299,0.439,B,0.376,0.439,0.299,0.308,0.35,0.139,0.0,0.041,0.148,0.063,0.0,0.376,0.0,0.153,0.0,0.064,0.014,0.769,puan,697,0,2,0,0,0,0.0,36.8
c57_23,29.12891,40.93825,0.31,0.254,0.435,0.264,0.357,A,0.328,0.357,0.264,0.265,0.288,0.128,0.0,0.041,0.048,0.078,0.064,0.356,0.0,0.123,0.005,0.099,0.058,0.715,puan,189,0,1,0,0,0,0.0,23.6
c58_17,29.13486,40.91131,0.643,0.46,0.744,0.529,0.671,B,0.653,0.671,0.614,0.529,0.585,0.294,0.0,0.022,0.027,0.079,0.0,0.143,0.055,0.133,0.0,0.078,0.168,0.621,puan,1392,0,1,12,12,0,8.6,74.0
c58_18,29.13486,40.9158,0.357,0.288,0.482,0.306,0.408,B,0.368,0.408,0.306,0.311,0.327,0.161,0.001,0.016,0.057,0.325,0.0,0.159,0.001,0.108,0.0,0.107,0.066,0.719,puan,1111,0,2,9,9,0,8.1,33.9
c58_19,29.13486,40.92029,0.376,0.316,0.474,0.299,0.452,B,0.372,0.452,0.299,0.325,0.353,0.13,0.003,0.029,0.202,0.051,0.09,0.241,0.0,0.116,0.0,0.074,0.066,0.745,puan,1169,3607,4,2,1,1,0.4,38.5
c58_20,29.13486,40.92478,0.386,0.37,0.413,0.287,0.486,B,0.371,0.486,0.287,0.335,0.379,0.109,0.0,0.022,0.326,0.098,0.039,0.241,0.0,0.128,0.0,0.026,0.012,0.834,puan,1186,0,4,1,1,0,0.8,40.9
c58_21,29.13486,40.92927,0.351,0.318,0.412,0.286,0.415,B,0.354,0.415,0.286,0.292,0.336,0.141,0.001,0.012,0.124,0.167,0.005,0.313,0.0,0.153,0.006,0.051,0.028,0.762,puan,1306,0,3,0,0,0,0.0,32.5
c58_22,29.13486,40.93376,0.341,0.313,0.395,0.28,0.402,B,0.349,0.402,0.28,0.287,0.334,0.143,0.0,0.022,0.103,0.106,0.0,0.408,0.0,0.147,0.0,0.027,0.043,0.782,puan,909,0,2,7,7,0,7.7,30.1
c58_23,29.13486,40.93825,0.373,0.309,0.481,0.292,0.436,B,0.379,0.436,0.309,0.292,0.368,0.138,0.002,0.02,0.104,0.112,0.0,0.292,0.0,0.186,0.005,0.012,0.127,0.669,puan,1653,0,2,2,0,2,1.2,37.8
c59_16,29.14081,40.90682,0.493,0.433,0.556,0.418,0.524,B,0.506,0.524,0.463,0.418,0.458,0.277,0.0,0.01,0.007,0.018,0.0,0.392,0.024,0.13,0.04,0.077,0.025,0.728,puan,1129,0,2,5,5,0,4.4,58.5
c59_17,29.14081,40.91131,0.277,0.23,0.401,0.228,0.326,A,0.293,0.326,0.228,0.237,0.258,0.107,0.0,0.018,0.032,0.086,0.001,0.482,0.0,0.124,0.0,0.102,0.048,0.726,puan,0,0,1,0,0,0,,19.3
c59_18,29.14081,40.9158,0.189,0.157,0.326,0.127,0.25,B,0.2,0.25,0.127,0.18,0.183,0.023,0.0,0.019,0.083,0.545,0.041,0.086,0.0,0.04,0.0,0.087,0.075,0.797,puan,257,1749,2,0,0,0,0.0,12.2
c59_19,29.14081,40.92029,0.345,0.296,0.438,0.276,0.414,B,0.345,0.414,0.276,0.29,0.316,0.124,0.002,0.011,0.143,0.089,0.025,0.344,0.0,0.141,0.0,0.11,0.012,0.738,puan,980,1124,3,0,0,0,0.0,31.1
c59_20,29.14081,40.92478,0.358,0.294,0.472,0.298,0.414,B,0.363,0.414,0.303,0.298,0.324,0.152,0.001,0.01,0.088,0.092,0.034,0.329,0.0,0.143,0.0,0.122,0.031,0.705,puan,494,0,3,0,0,0,0.0,34.2
c59_21,29.14081,40.92927,0.306,0.279,0.366,0.242,0.369,B,0.311,0.369,0.242,0.255,0.296,0.111,0.006,0.007,0.11,0.157,0.018,0.366,0.0,0.152,0.0,0.046,0.028,0.774,puan,857,0,3,1,1,0,1.2,22.8
c59_22,29.14081,40.93376,0.409,0.328,0.526,0.305,0.474,B,0.407,0.474,0.344,0.305,0.392,0.153,0.0,0.007,0.12,0.069,0.015,0.266,0.0,0.214,0.0,0.04,0.117,0.63,puan,2682,0,6,7,4,3,2.6,45.5
c59_23,29.14081,40.93825,0.348,0.317,0.407,0.284,0.413,B,0.35,0.413,0.284,0.293,0.335,0.14,0.001,0.004,0.12,0.065,0.002,0.423,0.0,0.142,0.03,0.046,0.029,0.754,puan,1709,0,2,8,4,4,4.7,31.8
c60_16,29.14676,40.90682,0.418,0.383,0.466,0.383,0.452,A,0.432,0.452,0.384,0.383,0.397,0.279,0.0,0.011,0.004,0.07,0.006,0.477,0.0,0.077,0.0,0.065,0.011,0.847,puan,0,0,1,0,0,0,,47.3
c60_17,29.14676,40.91131,0.607,0.552,0.643,0.562,0.63,A,0.617,0.63,0.584,0.562,0.587,0.464,0.0,0.009,0.001,0.061,0.002,0.31,0.0,0.068,0.0,0.037,0.047,0.847,puan,0,0,1,0,0,0,,71.2
c60_18,29.14676,40.9158,0.414,0.324,0.541,0.346,0.481,B,0.414,0.481,0.346,0.351,0.381,0.16,0.0,0.034,0.156,0.066,0.069,0.203,0.0,0.123,0.0,0.087,0.103,0.687,puan,1151,2182,2,0,0,0,0.0,46.4
c60_19,29.14676,40.92029,0.325,0.271,0.436,0.269,0.38,B,0.332,0.38,0.269,0.274,0.298,0.133,0.0,0.006,0.072,0.108,0.0,0.406,0.0,0.133,0.0,0.113,0.03,0.724,puan,0,0,1,0,0,0,,26.4
c60_20,29.14676,40.92478,0.294,0.242,0.419,0.24,0.348,B,0.302,0.348,0.24,0.246,0.269,0.111,0.0,0.005,0.061,0.111,0.013,0.409,0.0,0.137,0.0,0.124,0.028,0.71,puan,12,0,1,0,0,0,,21.2
c60_21,29.14676,40.92927,0.387,0.308,0.512,0.287,0.458,B,0.386,0.458,0.316,0.287,0.373,0.124,0.001,0.012,0.129,0.192,0.007,0.145,0.0,0.212,0.022,0.033,0.123,0.609,puan,3784,0,7,17,14,3,4.5,41.0
c60_22,29.14676,40.93376,0.35,0.287,0.467,0.282,0.415,B,0.352,0.415,0.285,0.282,0.31,0.127,0.0,0.005,0.11,0.078,0.0,0.364,0.0,0.165,0.0,0.148,0.003,0.685,puan,494,0,1,0,0,0,0.0,32.3
c60_23,29.14676,40.93825,0.27,0.225,0.393,0.211,0.329,B,0.279,0.329,0.211,0.233,0.246,0.089,0.001,0.005,0.072,0.095,0.0,0.472,0.0,0.117,0.0,0.149,0.0,0.734,puan,0,0,1,0,0,0,,18.5
c61_16,29.15271,40.90682,0.411,0.288,0.586,0.32,0.565,C,0.565,0.501,0.32,0.389,0.397,0.046,0.415,0.003,0.025,0.052,0.001,0.133,0.0,0.037,0.0,0.033,0.254,0.676,puan,0,0,1,0,0,0,,46.0
c61_17,29.15271,40.91131,0.338,0.243,0.524,0.284,0.392,B,0.349,0.392,0.285,0.284,0.306,0.124,0.017,0.008,0.071,0.106,0.068,0.238,0.0,0.122,0.0,0.112,0.135,0.632,puan,1014,1715,3,11,9,2,4.0,29.3
c61_18,29.15271,40.9158,0.272,0.221,0.409,0.209,0.335,B,0.276,0.335,0.209,0.236,0.253,0.079,0.0,0.017,0.114,0.243,0.08,0.189,0.0,0.112,0.0,0.108,0.058,0.722,puan,1123,182,2,0,0,0,0.0,18.7
c61_19,29.15271,40.92029,0.321,0.267,0.434,0.262,0.379,B,0.327,0.379,0.262,0.271,0.288,0.126,0.001,0.004,0.081,0.054,0.0,0.459,0.0,0.132,0.0,0.144,0.0,0.724,puan,0,0,1,0,0,0,,25.8
c61_20,29.15271,40.92478,0.469,0.392,0.556,0.343,0.564,C,0.45,0.564,0.373,0.343,0.448,0.144,0.001,0.003,0.238,0.051,0.001,0.192,0.0,0.231,0.016,0.04,0.083,0.629,puan,3958,0,2,13,10,3,3.3,55.6
c61_21,29.15271,40.92927,0.323,0.276,0.421,0.274,0.372,A,0.332,0.372,0.274,0.299,0.306,0.159,0.0,0.006,0.058,0.392,0.031,0.155,0.0,0.065,0.0,0.076,0.059,0.8,puan,62,0,1,0,0,0,0.0,26.0
c61_22,29.15271,40.93376,0.507,0.278,0.73,0.4,0.539,C,0.536,0.539,0.475,0.4,0.426,0.185,0.002,0.064,0.024,0.028,0.058,0.11,0.0,0.127,0.014,0.127,0.261,0.471,puan,0,0,1,0,0,0,,60.3
c61_23,29.15271,40.93825,0.399,0.244,0.633,0.298,0.469,B,0.402,0.469,0.329,0.303,0.298,0.1,0.007,0.009,0.095,0.079,0.009,0.162,0.0,0.146,0.099,0.271,0.022,0.462,puan,0,0,1,0,0,0,,43.7
c62_16,29.15866,40.90682,0.41,0.322,0.536,0.333,0.497,B,0.497,0.487,0.333,0.366,0.379,0.105,0.258,0.011,0.083,0.06,0.08,0.122,0.0,0.085,0.0,0.087,0.109,0.719,puan,1253,1731,3,5,5,0,1.7,45.7
c62_17,29.15866,40.91131,0.304,0.274,0.372,0.258,0.349,A,0.31,0.349,0.258,0.269,0.29,0.151,0.005,0.008,0.071,0.243,0.144,0.188,0.0,0.104,0.0,0.068,0.02,0.809,puan,1322,537,3,6,5,1,3.2,22.5
c62_18,29.15866,40.9158,0.282,0.233,0.407,0.227,0.338,B,0.292,0.338,0.227,0.25,0.264,0.102,0.001,0.019,0.079,0.204,0.056,0.285,0.0,0.096,0.0,0.098,0.059,0.747,puan,555,0,2,0,0,0,0.0,20.0
c62_19,29.15866,40.92029,0.252,0.227,0.328,0.208,0.296,A,0.26,0.296,0.208,0.22,0.241,0.111,0.001,0.008,0.059,0.098,0.161,0.357,0.0,0.116,0.0,0.076,0.013,0.795,puan,394,0,2,0,0,0,0.0,16.5
c62_20,29.15866,40.92478,0.388,0.348,0.452,0.317,0.425,B,0.402,0.425,0.352,0.317,0.374,0.211,0.0,0.042,0.047,0.076,0.131,0.239,0.0,0.168,0.0,0.043,0.044,0.746,puan,896,0,2,2,1,1,2.2,41.2
c62_21,29.15866,40.92927,0.308,0.219,0.509,0.246,0.358,B,0.319,0.358,0.258,0.246,0.255,0.108,0.0,0.006,0.037,0.088,0.001,0.361,0.0,0.153,0.0,0.244,0.003,0.6,puan,0,0,1,0,0,0,,23.1
c62_22,29.15866,40.93376,0.376,0.23,0.618,0.281,0.417,B,0.388,0.417,0.335,0.281,0.284,0.138,0.001,0.003,0.015,0.037,0.0,0.313,0.0,0.172,0.0,0.293,0.029,0.507,puan,0,0,1,0,0,0,,38.5
c62_23,29.15866,40.93825,0.292,0.181,0.559,0.228,0.337,B,0.305,0.337,0.246,0.228,0.23,0.093,0.001,0.001,0.015,0.032,0.0,0.383,0.0,0.147,0.009,0.309,0.01,0.525,puan,0,0,1,0,0,0,,21.0
c63_16,29.16461,40.90682,0.307,0.259,0.418,0.247,0.368,B,0.31,0.368,0.247,0.255,0.281,0.11,0.001,0.01,0.11,0.063,0.074,0.348,0.0,0.148,0.0,0.12,0.016,0.717,puan,392,437,2,1,0,1,1.2,23.0
c63_17,29.16461,40.91131,0.362,0.305,0.463,0.285,0.44,B,0.359,0.44,0.285,0.299,0.328,0.119,0.002,0.008,0.169,0.066,0.001,0.35,0.0,0.152,0.0,0.122,0.011,0.714,puan,0,0,1,0,0,0,,35.2
c63_18,29.16461,40.9158,0.369,0.25,0.573,0.298,0.416,B,0.375,0.416,0.322,0.298,0.308,0.143,0.001,0.018,0.066,0.037,0.097,0.221,0.0,0.139,0.0,0.194,0.084,0.582,puan,114,0,1,0,0,0,0.0,36.8
c63_19,29.16461,40.92029,0.509,0.436,0.579,0.389,0.629,C,0.474,0.629,0.389,0.419,0.498,0.146,0.0,0.018,0.419,0.027,0.096,0.018,0.0,0.155,0.0,0.02,0.101,0.724,puan,3209,0,4,4,3,1,1.2,60.6
c63_20,29.16461,40.92478,0.308,0.254,0.431,0.254,0.344,A,0.315,0.344,0.272,0.254,0.284,0.152,0.0,0.004,0.038,0.109,0.158,0.237,0.0,0.151,0.0,0.109,0.041,0.699,puan,0,0,1,0,0,0,,23.1
c63_21,29.16461,40.92927,0.406,0.262,0.617,0.311,0.446,B,0.416,0.446,0.366,0.315,0.311,0.166,0.001,0.001,0.019,0.056,0.0,0.302,0.0,0.157,0.0,0.277,0.023,0.544,puan,0,0,1,0,0,0,,44.8
c63_22,29.16461,40.93376,0.42,0.262,0.637,0.324,0.46,B,0.431,0.46,0.379,0.326,0.324,0.167,0.001,0.007,0.021,0.045,0.0,0.288,0.0,0.152,0.0,0.255,0.063,0.53,puan,0,0,1,0,0,0,,47.9
c63_23,29.16461,40.93825,0.477,0.307,0.663,0.36,0.508,B,0.492,0.508,0.445,0.377,0.36,0.215,0.001,0.014,0.003,0.003,0.0,0.314,0.0,0.146,0.0,0.272,0.032,0.551,puan,0,0,1,0,0,0,,56.5
c56_24,29.12296,40.94274,0.499,0.411,0.587,0.431,0.543,B,0.504,0.543,0.455,0.431,0.438,0.28,0.0,0.007,0.066,0.127,0.0,0.246,0.0,0.115,0.004,0.142,0.013,0.726,puan,0,0,1,0,0,0,,59.3
c56_25,29.12296,40.94723,0.385,0.346,0.447,0.309,0.462,B,0.381,0.462,0.309,0.312,0.365,0.142,0.0,0.011,0.18,0.11,0.008,0.291,0.0,0.175,0.0,0.064,0.02,0.742,puan,1382,0,2,1,0,1,0.7,40.7
c56_26,29.12296,40.95172,0.544,0.411,0.656,0.424,0.635,C,0.536,0.635,0.453,0.424,0.516,0.185,0.004,0.047,0.24,0.057,0.034,0.055,0.0,0.176,0.0,0.045,0.157,0.622,puan,2853,0,5,9,8,1,3.2,65.3
c56_27,29.12296,40.95621,0.032,0.031,0.036,0.03,0.033,A,0.033,0.033,0.03,0.031,0.032,0.027,0.0,0.004,0.0,0.014,0.934,0.011,0.0,0.006,0.0,0.0,0.005,0.989,puan,0,0,1,0,0,0,,7.1
c56_28,29.12296,40.9607,0.074,0.074,0.074,0.057,0.11,A,0.11,0.09,0.057,0.074,0.074,0.003,0.149,0.001,0.0,0.0,0.847,0.0,0.0,0.0,0.0,0.0,0.0,1.0,puan,0,0,1,0,0,0,,8.7
c56_29,29.12296,40.96519,0.406,0.277,0.594,0.32,0.495,B,0.495,0.469,0.343,0.332,0.32,0.105,0.185,0.027,0.026,0.025,0.053,0.168,0.0,0.133,0.002,0.262,0.012,0.59,puan,0,0,1,0,0,0,,44.8
c56_30,29.12296,40.96968,0.374,0.295,0.507,0.311,0.437,B,0.377,0.437,0.311,0.328,0.328,0.152,0.0,0.011,0.11,0.05,0.0,0.387,0.0,0.099,0.0,0.161,0.029,0.71,puan,0,0,1,0,0,0,,38.1
c56_31,29.12296,40.97417,0.353,0.267,0.51,0.298,0.407,B,0.36,0.407,0.298,0.316,0.299,0.15,0.001,0.005,0.07,0.047,0.001,0.423,0.0,0.081,0.0,0.214,0.009,0.696,puan,823,0,2,5,5,0,6.1,33.0
c57_24,29.12891,40.94274,0.525,0.406,0.632,0.342,0.588,C,0.541,0.588,0.461,0.342,0.489,0.172,0.0,0.073,0.113,0.03,0.024,0.108,0.0,0.279,0.049,0.051,0.101,0.521,puan,5814,0,8,19,14,5,3.3,63.1
c57_25,29.12891,40.94723,0.424,0.335,0.544,0.331,0.494,B,0.423,0.494,0.353,0.331,0.372,0.152,0.001,0.017,0.135,0.138,0.0,0.188,0.0,0.177,0.024,0.133,0.035,0.631,puan,1595,0,3,0,0,0,0.0,48.6
c57_26,29.12891,40.95172,0.347,0.316,0.405,0.291,0.402,B,0.396,0.402,0.291,0.307,0.33,0.139,0.153,0.008,0.061,0.164,0.15,0.139,0.0,0.106,0.0,0.067,0.013,0.814,puan,0,0,1,0,0,0,,31.4
c57_27,29.12891,40.95621,0.055,0.055,0.055,0.048,0.069,A,0.069,0.063,0.048,0.055,0.055,0.026,0.056,0.0,0.006,0.0,0.912,0.0,0.0,0.0,0.0,0.0,0.0,1.0,puan,0,0,1,0,0,0,,8.0
c57_28,29.12891,40.9607,0.012,0.012,0.012,0.009,0.018,A,0.018,0.014,0.009,0.012,0.012,0.0,0.025,0.0,0.0,0.0,0.975,0.0,0.0,0.0,0.0,0.0,0.0,1.0,puan,0,0,1,0,0,0,,6.3
c57_29,29.12891,40.96519,0.407,0.402,0.415,0.328,0.571,C,0.571,0.485,0.328,0.399,0.407,0.083,0.626,0.014,0.0,0.078,0.149,0.016,0.0,0.021,0.0,0.0,0.013,0.966,puan,0,0,1,0,0,0,,45.2
c57_30,29.12891,40.96968,0.388,0.281,0.557,0.315,0.457,B,0.386,0.457,0.319,0.318,0.315,0.133,0.001,0.004,0.123,0.106,0.002,0.254,0.0,0.138,0.0,0.239,0.0,0.624,puan,0,0,1,0,0,0,,41.2
c57_31,29.12891,40.97417,0.279,0.214,0.446,0.229,0.329,B,0.295,0.329,0.229,0.236,0.246,0.1,0.002,0.015,0.031,0.041,0.001,0.483,0.0,0.123,0.0,0.18,0.023,0.674,puan,0,0,1,0,0,0,,19.5
c58_24,29.13486,40.94274,0.328,0.282,0.423,0.262,0.394,B,0.334,0.394,0.262,0.267,0.32,0.109,0.002,0.015,0.11,0.302,0.0,0.157,0.0,0.16,0.031,0.03,0.084,0.695,puan,1311,0,3,1,1,0,0.8,27.4
c58_25,29.13486,40.94723,0.691,0.644,0.712,0.55,0.727,B,0.71,0.727,0.655,0.55,0.679,0.178,0.02,0.006,0.022,0.031,0.0,0.048,0.0,0.078,0.594,0.006,0.016,0.305,puan,1273,0,3,0,0,0,0.0,77.1
c58_26,29.13486,40.95172,0.473,0.437,0.512,0.385,0.625,C,0.625,0.559,0.385,0.429,0.451,0.113,0.521,0.004,0.046,0.025,0.061,0.06,0.0,0.084,0.02,0.056,0.01,0.829,puan,1262,0,2,3,3,0,2.4,56.1
c58_27,29.13486,40.95621,0.529,0.529,0.529,0.447,0.693,C,0.693,0.612,0.447,0.529,0.529,0.197,0.672,0.0,0.026,0.034,0.071,0.0,0.0,0.0,0.0,0.0,0.0,1.0,puan,0,0,1,0,0,0,,63.5
c58_28,29.13486,40.9607,0.528,0.528,0.528,0.451,0.695,C,0.695,0.604,0.451,0.528,0.528,0.209,0.68,0.0,0.0,0.001,0.11,0.0,0.0,0.0,0.0,0.0,0.0,1.0,puan,0,0,1,0,0,0,,63.3
c58_29,29.13486,40.96519,0.516,0.516,0.516,0.414,0.735,C,0.735,0.617,0.414,0.516,0.516,0.095,0.895,0.0,0.0,0.01,0.0,0.0,0.0,0.0,0.0,0.0,0.0,1.0,puan,0,0,1,0,0,0,,61.4
c58_30,29.13486,40.96968,0.428,0.324,0.567,0.344,0.512,B,0.492,0.512,0.344,0.364,0.355,0.109,0.181,0.008,0.113,0.06,0.0,0.196,0.0,0.117,0.0,0.213,0.001,0.668,puan,0,0,1,0,0,0,,49.2
c58_31,29.13486,40.97417,0.324,0.251,0.477,0.275,0.372,B,0.336,0.372,0.276,0.275,0.281,0.137,0.0,0.01,0.037,0.063,0.004,0.429,0.0,0.122,0.0,0.188,0.011,0.68,puan,0,0,1,0,0,0,,26.2
c59_24,29.14081,40.94274,0.362,0.301,0.468,0.302,0.419,B,0.378,0.419,0.304,0.302,0.335,0.144,0.001,0.048,0.082,0.131,0.0,0.309,0.0,0.142,0.0,0.09,0.053,0.715,puan,328,0,2,0,0,0,0.0,35.2
c59_25,29.14081,40.94723,0.84,0.706,0.866,0.717,0.876,B,0.835,0.876,0.804,0.717,0.828,0.476,0.005,0.007,0.098,0.024,0.0,0.029,0.0,0.109,0.13,0.011,0.11,0.639,puan,1703,0,3,0,0,0,0.0,85.3
c59_26,29.14081,40.95172,0.574,0.46,0.659,0.48,0.675,B,0.675,0.668,0.48,0.518,0.562,0.148,0.259,0.014,0.114,0.049,0.003,0.001,0.0,0.064,0.202,0.016,0.13,0.588,puan,477,0,2,0,0,0,0.0,68.5
c59_27,29.14081,40.95621,0.627,0.588,0.651,0.555,0.782,C,0.782,0.699,0.555,0.585,0.616,0.261,0.483,0.028,0.004,0.001,0.0,0.025,0.0,0.058,0.085,0.019,0.035,0.802,puan,1854,0,2,0,0,0,0.0,73.0
c59_28,29.14081,40.9607,0.718,0.688,0.73,0.652,0.809,B,0.809,0.766,0.669,0.652,0.716,0.254,0.177,0.0,0.006,0.044,0.0,0.0,0.0,0.049,0.45,0.002,0.019,0.48,puan,1362,0,2,0,0,0,0.0,78.6
c59_29,29.14081,40.96519,0.62,0.602,0.632,0.536,0.791,C,0.791,0.702,0.538,0.536,0.618,0.071,0.175,0.0,0.004,0.0,0.0,0.0,0.0,0.039,0.704,0.001,0.006,0.25,puan,1018,0,2,0,0,0,0.0,72.6
c59_30,29.14081,40.96968,0.528,0.415,0.629,0.443,0.588,B,0.552,0.588,0.468,0.443,0.443,0.229,0.064,0.011,0.092,0.053,0.0,0.195,0.0,0.123,0.057,0.171,0.004,0.644,puan,996,0,2,0,0,0,0.0,63.3
c59_31,29.14081,40.97417,0.449,0.361,0.558,0.382,0.502,B,0.454,0.502,0.396,0.382,0.389,0.219,0.0,0.016,0.09,0.056,0.007,0.316,0.0,0.124,0.0,0.162,0.01,0.704,puan,281,0,2,5,5,0,17.8,53.0
c60_24,29.14676,40.94274,0.299,0.256,0.401,0.24,0.358,B,0.306,0.358,0.24,0.254,0.279,0.11,0.005,0.005,0.088,0.079,0.025,0.428,0.0,0.133,0.0,0.096,0.03,0.741,puan,788,0,2,0,0,0,0.0,21.8
c60_25,29.14676,40.94723,0.601,0.5,0.668,0.366,0.633,C,0.613,0.633,0.57,0.366,0.552,0.102,0.0,0.008,0.009,0.006,0.0,0.074,0.0,0.129,0.631,0.023,0.017,0.2,puan,2063,0,3,0,0,0,0.0,70.7
c60_26,29.14676,40.95172,0.342,0.253,0.513,0.254,0.388,B,0.357,0.388,0.296,0.254,0.289,0.041,0.0,0.005,0.009,0.01,0.0,0.121,0.0,0.064,0.686,0.06,0.005,0.185,puan,0,0,1,0,0,0,,30.3
c60_27,29.14676,40.95621,0.404,0.3,0.556,0.313,0.453,B,0.41,0.453,0.354,0.313,0.34,0.153,0.0,0.003,0.048,0.032,0.002,0.309,0.0,0.159,0.104,0.163,0.026,0.548,puan,322,0,2,0,0,0,0.0,44.4
c60_28,29.14676,40.9607,0.329,0.24,0.512,0.252,0.373,B,0.341,0.373,0.286,0.252,0.284,0.088,0.0,0.0,0.011,0.038,0.0,0.26,0.0,0.122,0.333,0.115,0.034,0.397,puan,405,0,2,1,0,1,2.5,27.6
c60_29,29.14676,40.96519,1.0,1.0,1.0,0.036,1.0,C,1.0,1.0,1.0,0.036,1.0,0.001,0.0,0.0,0.0,0.0,0.0,0.0,0.0,0.023,0.976,0.0,0.0,0.001,kanıt yetersiz,0,0,1,0,0,0,,
c60_30,29.14676,40.96968,0.53,0.498,0.559,0.44,0.687,C,0.687,0.619,0.44,0.485,0.508,0.085,0.3,0.001,0.025,0.013,0.0,0.039,0.0,0.043,0.464,0.027,0.003,0.463,puan,820,0,2,1,1,0,1.2,63.7
c60_31,29.14676,40.97417,0.396,0.335,0.489,0.324,0.462,B,0.458,0.462,0.329,0.324,0.357,0.13,0.17,0.002,0.054,0.058,0.004,0.294,0.0,0.158,0.0,0.119,0.011,0.712,puan,956,0,3,6,6,0,6.3,42.8
c61_24,29.15271,40.94274,0.351,0.308,0.43,0.29,0.411,B,0.354,0.411,0.29,0.29,0.326,0.143,0.0,0.008,0.103,0.151,0.011,0.313,0.0,0.154,0.015,0.091,0.01,0.73,puan,0,0,1,0,0,0,,32.5
c61_25,29.15271,40.94723,0.342,0.292,0.439,0.272,0.388,B,0.354,0.388,0.296,0.272,0.319,0.135,0.003,0.01,0.036,0.094,0.03,0.298,0.0,0.156,0.132,0.071,0.034,0.607,puan,1023,0,2,0,0,0,0.0,30.3
c61_26,29.15271,40.95172,0.562,0.431,0.664,0.433,0.589,B,0.571,0.589,0.535,0.433,0.464,0.113,0.0,0.002,0.002,0.002,0.0,0.111,0.0,0.068,0.631,0.067,0.003,0.23,puan,160,0,1,0,0,0,0.0,67.3
c61_27,29.15271,40.95621,0.266,0.186,0.488,0.214,0.31,B,0.281,0.31,0.222,0.214,0.224,0.085,0.0,0.001,0.007,0.035,0.0,0.421,0.0,0.134,0.08,0.237,0.0,0.548,puan,0,0,1,0,0,0,,18.0
c61_28,29.15271,40.9607,0.313,0.199,0.562,0.222,0.356,B,0.325,0.356,0.269,0.222,0.245,0.037,0.0,0.0,0.005,0.004,0.0,0.137,0.0,0.075,0.64,0.103,0.0,0.182,puan,0,0,1,0,0,0,,24.3
c61_29,29.15271,40.96519,0.469,0.469,0.469,0.021,0.714,C,0.714,0.581,0.356,0.021,0.469,0.0,0.001,0.0,0.0,0.0,0.0,0.0,0.0,0.021,0.978,0.0,0.0,0.001,kanıt yetersiz,0,0,1,0,0,0,,
c61_30,29.15271,40.96968,0.452,0.452,0.452,0.344,0.679,C,0.679,0.559,0.344,0.451,0.452,0.008,0.711,0.0,0.002,0.05,0.0,0.0,0.0,0.002,0.227,0.0,0.0,0.771,puan,0,0,1,0,0,0,,53.5
c61_31,29.15271,40.97417,0.434,0.409,0.466,0.349,0.546,B,0.546,0.518,0.349,0.376,0.419,0.093,0.313,0.007,0.06,0.089,0.0,0.13,0.0,0.107,0.16,0.034,0.008,0.691,puan,1142,0,2,2,2,0,1.8,50.2
c62_24,29.15866,40.94274,0.206,0.167,0.354,0.159,0.253,A,0.219,0.253,0.159,0.181,0.199,0.061,0.0,0.014,0.035,0.108,0.088,0.425,0.0,0.101,0.0,0.068,0.1,0.731,puan,0,0,1,0,0,0,,13.2
c62_25,29.15866,40.94723,0.242,0.199,0.377,0.193,0.291,A,0.263,0.291,0.193,0.21,0.239,0.078,0.0,0.037,0.032,0.061,0.031,0.491,0.0,0.113,0.0,0.021,0.136,0.729,puan,0,0,1,0,0,0,,15.6
c62_26,29.15866,40.95172,0.433,0.286,0.625,0.235,0.468,C,0.448,0.468,0.397,0.235,0.417,0.039,0.0,0.003,0.002,0.036,0.0,0.036,0.0,0.097,0.728,0.006,0.053,0.116,puan,1330,0,2,0,0,0,0.0,49.9
c62_27,29.15866,40.95621,0.967,0.886,0.97,0.897,0.969,A,0.967,0.969,0.965,0.897,0.955,0.245,0.0,0.0,0.0,0.0,0.0,0.01,0.0,0.02,0.703,0.004,0.02,0.254,puan,0,0,1,0,0,0,,90.6
c62_28,29.15866,40.9607,0.898,0.832,0.905,0.805,0.903,A,0.9,0.903,0.892,0.805,0.841,0.334,0.0,0.0,0.0,0.0,0.001,0.042,0.0,0.044,0.549,0.03,0.0,0.378,puan,0,0,1,0,0,0,,87.8
c62_29,29.15866,40.96519,0.0,0.0,0.0,0.0,0.0,A,0.0,0.0,0.0,0.0,0.0,0.0,0.0,0.0,0.0,0.0,0.072,0.0,0.0,0.019,0.909,0.0,0.0,0.072,kanıt yetersiz,0,0,1,0,0,0,,
c62_30,29.15866,40.96968,0.754,0.754,0.754,0.215,0.868,C,0.868,0.806,0.702,0.215,0.754,0.001,0.001,0.0,0.0,0.0,0.0,0.0,0.0,0.006,0.992,0.0,0.0,0.002,kanıt yetersiz,0,0,1,0,0,0,,
c62_31,29.15866,40.97417,1.0,1.0,1.0,0.021,1.0,C,1.0,1.0,1.0,0.021,1.0,0.0,0.0,0.0,0.0,0.0,0.0,0.0,0.0,0.018,0.981,0.0,0.0,0.0,kanıt yetersiz,4,0,1,0,0,0,,
c63_24,29.16461,40.94274,0.396,0.242,0.631,0.305,0.434,B,0.407,0.434,0.358,0.305,0.326,0.136,0.0,0.001,0.01,0.059,0.0,0.249,0.0,0.136,0.121,0.16,0.129,0.455,puan,0,0,1,0,0,0,,42.8
c63_25,29.16461,40.94723,0.475,0.418,0.537,0.422,0.522,B,0.478,0.522,0.427,0.422,0.451,0.279,0.0,0.005,0.08,0.055,0.0,0.369,0.0,0.099,0.005,0.058,0.049,0.789,puan,0,0,1,0,0,0,,56.2
c63_26,29.16461,40.95172,0.426,0.383,0.485,0.345,0.474,B,0.437,0.474,0.378,0.345,0.419,0.207,0.004,0.017,0.058,0.086,0.0,0.32,0.0,0.164,0.066,0.017,0.061,0.692,puan,1899,0,3,0,0,0,0.0,48.9
c63_27,29.16461,40.95621,0.394,0.357,0.451,0.307,0.43,B,0.407,0.43,0.358,0.307,0.386,0.127,0.001,0.001,0.002,0.029,0.0,0.258,0.0,0.119,0.419,0.013,0.03,0.419,puan,1343,0,2,0,0,0,0.0,42.4
c63_28,29.16461,40.9607,0.172,0.166,0.198,0.159,0.174,A,0.174,0.172,0.171,0.159,0.171,0.107,0.0,0.006,0.0,0.0,0.524,0.0,0.0,0.05,0.292,0.008,0.014,0.637,puan,30,0,1,0,0,0,,11.2
c63_29,29.16461,40.96519,0.005,0.005,0.007,0.005,0.006,A,0.005,0.005,0.005,0.005,0.006,0.002,0.0,0.0,0.0,0.0,0.368,0.0,0.0,0.002,0.628,0.001,0.0,0.37,puan,0,0,1,0,0,0,,5.6
c63_30,29.16461,40.96968,0.519,0.519,0.52,0.327,0.712,C,0.451,0.712,0.327,0.467,0.519,0.005,0.0,0.0,0.113,0.0,0.0,0.0,0.0,0.013,0.869,0.0,0.0,0.118,puan,0,0,1,0,0,0,,62.0
c63_31,29.16461,40.97417,1.0,1.0,1.0,0.353,1.0,C,1.0,1.0,1.0,0.353,1.0,0.012,0.0,0.0,0.0,0.0,0.0,0.0,0.0,0.022,0.966,0.0,0.0,0.012,kanıt yetersiz,0,0,1,0,0,0,,
c56_32,29.12296,40.97866,0.367,0.323,0.443,0.298,0.437,B,0.368,0.437,0.298,0.326,0.346,0.151,0.0,0.012,0.152,0.087,0.002,0.388,0.0,0.101,0.0,0.077,0.031,0.791,puan,1607,0,4,11,11,0,6.8,36.1
c56_33,29.12296,40.98315,0.381,0.351,0.429,0.336,0.425,A,0.406,0.425,0.336,0.356,0.367,0.214,0.001,0.076,0.04,0.165,0.0,0.37,0.0,0.06,0.0,0.047,0.027,0.866,puan,0,0,1,0,0,0,,39.9
c56_34,29.12296,40.98764,0.4,0.375,0.438,0.345,0.442,A,0.412,0.442,0.358,0.345,0.391,0.232,0.0,0.034,0.06,0.064,0.078,0.347,0.0,0.131,0.0,0.028,0.026,0.814,puan,1491,0,3,1,1,0,0.7,43.8
c56_35,29.12296,40.99213,0.385,0.334,0.467,0.305,0.466,B,0.38,0.466,0.305,0.345,0.383,0.139,0.001,0.02,0.217,0.084,0.026,0.3,0.0,0.092,0.0,0.006,0.115,0.787,puan,2,0,1,1,1,0,,40.7
c56_36,29.12296,40.99662,0.852,0.744,0.871,0.702,0.901,B,0.835,0.901,0.802,0.702,0.847,0.534,0.0,0.0,0.175,0.005,0.001,0.017,0.0,0.157,0.005,0.005,0.1,0.733,puan,3951,0,4,2,0,2,0.5,85.9
c56_37,29.12296,41.00111,0.453,0.393,0.526,0.367,0.504,B,0.459,0.504,0.402,0.367,0.422,0.23,0.001,0.015,0.082,0.091,0.001,0.3,0.0,0.169,0.0,0.076,0.035,0.721,puan,1033,0,3,0,0,0,0.0,53.7
c56_38,29.12296,41.0056,0.641,0.517,0.71,0.508,0.672,B,0.645,0.672,0.61,0.508,0.594,0.374,0.0,0.005,0.041,0.05,0.0,0.197,0.0,0.174,0.0,0.067,0.093,0.667,puan,1709,0,2,0,0,0,0.0,73.8
c56_39,29.12296,41.01009,0.548,0.475,0.608,0.423,0.579,B,0.557,0.579,0.516,0.423,0.528,0.322,0.002,0.006,0.022,0.127,0.001,0.212,0.0,0.203,0.0,0.034,0.071,0.691,puan,1518,0,3,2,2,0,1.3,65.9
c57_32,29.12891,40.97866,0.451,0.375,0.543,0.369,0.505,B,0.458,0.505,0.396,0.369,0.418,0.212,0.0,0.034,0.103,0.062,0.029,0.263,0.0,0.155,0.0,0.078,0.065,0.703,puan,2256,0,5,21,16,5,9.3,53.3
c57_33,29.12891,40.98315,0.339,0.318,0.38,0.267,0.411,B,0.37,0.411,0.267,0.316,0.334,0.089,0.001,0.186,0.205,0.041,0.158,0.17,0.0,0.061,0.032,0.02,0.037,0.85,puan,246,0,1,2,2,0,8.1,29.7
c57_34,29.12891,40.98764,0.459,0.427,0.496,0.416,0.498,A,0.481,0.498,0.419,0.416,0.449,0.282,0.005,0.065,0.044,0.12,0.03,0.286,0.0,0.086,0.02,0.025,0.037,0.832,puan,1116,0,2,2,2,0,1.8,54.3
c57_35,29.12891,40.99213,0.484,0.444,0.526,0.42,0.537,B,0.492,0.537,0.431,0.42,0.482,0.273,0.0,0.041,0.113,0.057,0.02,0.301,0.0,0.123,0.0,0.005,0.067,0.805,puan,1162,0,3,10,10,0,8.6,57.4
c57_36,29.12891,40.99662,0.629,0.389,0.771,0.459,0.671,C,0.626,0.671,0.587,0.459,0.592,0.251,0.0,0.004,0.065,0.024,0.021,0.117,0.0,0.178,0.044,0.038,0.259,0.481,puan,4235,0,4,12,12,0,2.8,73.1
c57_37,29.12891,41.00111,0.392,0.355,0.45,0.323,0.446,B,0.4,0.446,0.338,0.323,0.377,0.191,0.002,0.015,0.082,0.071,0.0,0.396,0.0,0.163,0.0,0.047,0.033,0.757,puan,1160,0,2,0,0,0,0.0,42.1
c57_38,29.12891,41.0056,0.332,0.272,0.454,0.275,0.388,B,0.342,0.388,0.277,0.275,0.304,0.131,0.0,0.015,0.07,0.025,0.0,0.458,0.0,0.145,0.0,0.112,0.043,0.7,puan,679,0,1,2,2,0,2.9,28.1
c57_39,29.12891,41.01009,0.319,0.299,0.362,0.263,0.375,B,0.327,0.375,0.263,0.263,0.31,0.138,0.002,0.007,0.077,0.167,0.002,0.388,0.0,0.166,0.0,0.04,0.013,0.781,puan,311,0,2,0,0,0,0.0,25.5
c58_32,29.13486,40.97866,0.338,0.301,0.41,0.287,0.389,B,0.353,0.389,0.287,0.301,0.316,0.162,0.001,0.029,0.058,0.336,0.001,0.215,0.0,0.099,0.0,0.094,0.004,0.803,puan,1039,0,2,6,6,0,5.8,29.3
c58_33,29.13486,40.98315,0.353,0.317,0.421,0.282,0.425,B,0.353,0.425,0.282,0.316,0.337,0.138,0.0,0.012,0.163,0.383,0.0,0.114,0.0,0.096,0.0,0.065,0.029,0.81,puan,2160,0,3,6,6,0,2.8,33.0
c58_34,29.13486,40.98764,0.253,0.235,0.305,0.195,0.311,B,0.268,0.311,0.195,0.228,0.249,0.084,0.002,0.029,0.071,0.179,0.0,0.479,0.0,0.093,0.0,0.024,0.039,0.844,puan,101,0,1,1,1,0,9.9,16.5
c58_35,29.13486,40.99213,0.388,0.338,0.466,0.34,0.434,A,0.402,0.434,0.342,0.34,0.385,0.204,0.0,0.03,0.049,0.113,0.0,0.381,0.0,0.11,0.0,0.008,0.106,0.776,puan,0,0,1,0,0,0,,41.2
c58_36,29.13486,40.99662,0.408,0.362,0.473,0.325,0.458,B,0.416,0.458,0.358,0.325,0.387,0.201,0.001,0.014,0.067,0.067,0.0,0.375,0.0,0.185,0.0,0.056,0.035,0.724,puan,1307,0,2,0,0,0,0.0,45.4
c58_37,29.13486,41.00111,0.324,0.297,0.38,0.269,0.379,B,0.335,0.379,0.269,0.273,0.311,0.141,0.0,0.021,0.074,0.074,0.004,0.47,0.0,0.145,0.0,0.053,0.018,0.784,puan,0,0,1,0,0,0,,26.2
c58_38,29.13486,41.0056,0.339,0.309,0.397,0.275,0.403,B,0.344,0.403,0.275,0.283,0.323,0.135,0.002,0.012,0.114,0.063,0.0,0.443,0.0,0.154,0.003,0.061,0.014,0.769,puan,1126,0,2,0,0,0,0.0,29.7
c58_39,29.13486,41.01009,0.295,0.276,0.341,0.23,0.361,B,0.302,0.361,0.23,0.254,0.284,0.104,0.001,0.014,0.117,0.133,0.0,0.443,0.0,0.132,0.0,0.056,0.0,0.812,puan,551,0,3,2,2,0,3.6,21.3
c59_32,29.14081,40.97866,0.336,0.259,0.487,0.268,0.4,B,0.341,0.4,0.272,0.268,0.288,0.11,0.001,0.013,0.097,0.113,0.0,0.314,0.0,0.162,0.0,0.191,0.0,0.647,puan,1035,0,2,9,9,0,8.7,28.9
c59_33,29.14081,40.98315,0.39,0.278,0.565,0.314,0.446,B,0.396,0.446,0.333,0.32,0.314,0.15,0.001,0.012,0.077,0.185,0.0,0.192,0.0,0.135,0.0,0.247,0.001,0.617,puan,0,0,1,0,0,0,,41.7
c59_34,29.14081,40.98764,0.304,0.251,0.423,0.251,0.356,B,0.316,0.356,0.251,0.266,0.285,0.124,0.0,0.017,0.056,0.152,0.01,0.382,0.0,0.105,0.0,0.085,0.069,0.741,puan,1166,0,2,4,3,1,3.4,22.5
c59_35,29.14081,40.99213,0.386,0.347,0.448,0.332,0.47,B,0.47,0.439,0.332,0.349,0.38,0.117,0.0,0.344,0.059,0.032,0.0,0.255,0.0,0.086,0.016,0.019,0.072,0.807,puan,0,0,1,0,0,0,,40.9
c59_36,29.14081,40.99662,0.43,0.389,0.485,0.34,0.481,B,0.435,0.481,0.38,0.34,0.415,0.219,0.0,0.008,0.076,0.073,0.0,0.351,0.0,0.192,0.003,0.039,0.038,0.728,puan,1025,0,2,2,0,2,2.0,49.5
c59_37,29.14081,41.00111,0.343,0.323,0.382,0.284,0.402,B,0.35,0.402,0.284,0.293,0.332,0.155,0.003,0.01,0.101,0.051,0.0,0.491,0.0,0.138,0.0,0.044,0.007,0.811,puan,936,0,2,7,7,0,7.5,30.6
c59_38,29.14081,41.0056,0.323,0.292,0.389,0.267,0.379,B,0.333,0.379,0.267,0.275,0.305,0.138,0.0,0.019,0.077,0.129,0.0,0.416,0.0,0.137,0.0,0.079,0.005,0.779,puan,614,0,2,5,5,0,8.1,26.0
c59_39,29.14081,41.01009,0.404,0.339,0.5,0.322,0.461,B,0.408,0.461,0.346,0.322,0.36,0.178,0.001,0.009,0.093,0.067,0.0,0.344,0.0,0.177,0.0,0.128,0.004,0.691,puan,1010,0,2,8,8,0,7.9,44.4
c60_32,29.14676,40.97866,0.433,0.212,0.723,0.302,0.499,C,0.436,0.499,0.368,0.302,0.357,0.105,0.001,0.014,0.076,0.028,0.0,0.179,0.0,0.175,0.0,0.133,0.29,0.403,puan,1414,0,3,7,7,0,4.9,49.9
c60_33,29.14676,40.98315,0.452,0.308,0.626,0.354,0.495,B,0.456,0.495,0.409,0.355,0.354,0.194,0.002,0.016,0.067,0.023,0.091,0.183,0.0,0.157,0.0,0.246,0.022,0.575,puan,0,0,1,0,0,0,,53.5
c60_34,29.14676,40.98764,0.418,0.314,0.562,0.323,0.477,B,0.423,0.477,0.358,0.323,0.351,0.161,0.002,0.018,0.091,0.056,0.0,0.289,0.0,0.181,0.0,0.18,0.023,0.616,puan,921,0,2,7,7,0,7.6,47.3
c60_35,29.14676,40.99213,0.377,0.269,0.555,0.328,0.423,B,0.404,0.423,0.331,0.328,0.34,0.152,0.004,0.061,0.032,0.084,0.006,0.298,0.0,0.095,0.013,0.111,0.145,0.637,puan,511,0,2,0,0,0,0.0,38.9
c60_36,29.14676,40.99662,0.536,0.462,0.6,0.409,0.663,C,0.5,0.663,0.409,0.451,0.529,0.16,0.0,0.008,0.434,0.052,0.0,0.087,0.0,0.14,0.0,0.013,0.106,0.741,puan,1132,0,2,0,0,0,0.0,64.3
c60_37,29.14676,41.00111,0.321,0.3,0.365,0.261,0.38,B,0.325,0.38,0.261,0.272,0.309,0.136,0.003,0.002,0.1,0.068,0.013,0.478,0.0,0.144,0.0,0.051,0.005,0.8,puan,1131,0,2,4,4,0,3.5,25.8
c60_38,29.14676,41.0056,0.334,0.293,0.414,0.269,0.399,B,0.336,0.399,0.269,0.272,0.309,0.126,0.001,0.001,0.114,0.065,0.002,0.425,0.0,0.166,0.0,0.099,0.002,0.733,puan,1210,0,2,0,0,0,0.0,28.5
c60_39,29.14676,41.01009,0.367,0.285,0.508,0.281,0.428,B,0.369,0.428,0.306,0.281,0.313,0.134,0.001,0.003,0.09,0.048,0.0,0.353,0.0,0.191,0.0,0.18,0.0,0.629,puan,0,0,1,0,0,0,,36.1
c61_32,29.15271,40.97866,0.419,0.242,0.665,0.302,0.473,C,0.427,0.473,0.365,0.302,0.314,0.131,0.002,0.01,0.054,0.065,0.0,0.208,0.0,0.183,0.0,0.261,0.085,0.471,puan,289,0,2,3,3,0,10.4,47.7
c61_33,29.15271,40.98315,0.364,0.237,0.586,0.271,0.411,B,0.372,0.411,0.317,0.271,0.283,0.13,0.002,0.002,0.038,0.03,0.015,0.315,0.0,0.183,0.0,0.274,0.012,0.532,puan,0,0,1,0,0,0,,35.5
c61_34,29.15271,40.98764,0.342,0.298,0.428,0.285,0.391,B,0.359,0.391,0.294,0.285,0.315,0.156,0.001,0.031,0.045,0.08,0.005,0.422,0.0,0.148,0.0,0.105,0.006,0.741,puan,0,0,1,0,0,0,,30.3
c61_35,29.15271,40.99213,0.455,0.386,0.539,0.388,0.5,B,0.473,0.5,0.411,0.388,0.447,0.234,0.0,0.08,0.09,0.049,0.115,0.17,0.0,0.128,0.0,0.02,0.113,0.739,puan,2595,0,4,9,8,1,3.5,53.9
c61_36,29.15271,40.99662,0.505,0.469,0.54,0.366,0.643,C,0.463,0.643,0.366,0.4,0.5,0.117,0.0,0.002,0.482,0.076,0.0,0.07,0.0,0.196,0.0,0.009,0.048,0.747,puan,5448,0,6,3,3,0,0.6,60.0
c61_37,29.15271,41.00111,0.29,0.266,0.351,0.216,0.365,B,0.29,0.365,0.216,0.249,0.276,0.083,0.0,0.002,0.156,0.142,0.0,0.412,0.0,0.132,0.0,0.073,0.001,0.794,puan,588,0,2,0,0,0,0.0,20.6
c61_38,29.15271,41.0056,0.421,0.364,0.5,0.319,0.524,C,0.401,0.524,0.319,0.353,0.384,0.122,0.0,0.001,0.3,0.124,0.0,0.193,0.0,0.143,0.0,0.107,0.01,0.74,puan,887,0,3,0,0,0,0.0,48.0
c61_39,29.15271,41.01009,0.348,0.287,0.463,0.269,0.428,B,0.343,0.428,0.269,0.282,0.309,0.102,0.0,0.004,0.169,0.074,0.0,0.341,0.0,0.163,0.0,0.147,0.001,0.69,puan,0,0,1,0,0,0,,31.8
c62_32,29.15866,40.97866,0.524,0.393,0.643,0.39,0.568,B,0.529,0.568,0.48,0.39,0.428,0.141,0.002,0.004,0.032,0.035,0.0,0.13,0.0,0.118,0.424,0.109,0.006,0.344,puan,1431,0,2,0,0,0,0.0,62.8
c62_33,29.15866,40.98315,0.362,0.235,0.586,0.272,0.419,B,0.369,0.419,0.305,0.272,0.28,0.116,0.002,0.005,0.062,0.034,0.0,0.314,0.0,0.178,0.0,0.285,0.002,0.534,puan,0,0,1,0,0,0,,35.2
c62_34,29.15866,40.98764,0.291,0.216,0.476,0.237,0.345,B,0.306,0.345,0.238,0.237,0.252,0.095,0.005,0.013,0.046,0.053,0.0,0.421,0.0,0.145,0.0,0.199,0.024,0.632,puan,0,0,1,0,0,0,,20.8
c62_35,29.15866,40.99213,0.348,0.306,0.426,0.302,0.392,A,0.358,0.392,0.304,0.302,0.337,0.183,0.0,0.008,0.041,0.153,0.036,0.356,0.0,0.117,0.0,0.041,0.065,0.777,puan,597,0,2,0,0,0,0.0,31.8
c62_36,29.15866,40.99662,0.374,0.305,0.491,0.298,0.451,B,0.37,0.451,0.298,0.307,0.371,0.125,0.005,0.001,0.162,0.397,0.0,0.0,0.0,0.152,0.0,0.011,0.147,0.69,puan,3804,0,5,0,0,0,0.0,38.1
c62_37,29.15866,41.00111,0.264,0.262,0.269,0.173,0.355,B,0.256,0.355,0.173,0.253,0.264,0.033,0.0,0.002,0.273,0.632,0.0,0.01,0.0,0.043,0.0,0.003,0.004,0.95,puan,1002,0,3,5,4,1,5.0,17.8
c62_38,29.15866,41.0056,0.334,0.328,0.347,0.209,0.459,C,0.307,0.459,0.209,0.313,0.332,0.019,0.0,0.003,0.466,0.43,0.0,0.001,0.0,0.063,0.0,0.011,0.007,0.919,puan,1342,0,3,5,5,0,3.7,28.5
c62_39,29.15866,41.01009,0.578,0.533,0.611,0.524,0.631,B,0.573,0.631,0.525,0.524,0.547,0.374,0.001,0.002,0.143,0.087,0.001,0.233,0.0,0.087,0.0,0.062,0.01,0.841,puan,0,0,1,0,0,0,,68.7
c63_32,29.16461,40.97866,0.38,0.335,0.453,0.327,0.432,B,0.385,0.432,0.327,0.333,0.352,0.092,0.0,0.001,0.037,0.135,0.0,0.106,0.0,0.052,0.527,0.045,0.005,0.372,puan,426,0,1,0,0,0,0.0,39.6
c63_33,29.16461,40.98315,0.404,0.375,0.447,0.279,0.529,C,0.374,0.529,0.279,0.364,0.387,0.076,0.0,0.003,0.446,0.122,0.0,0.194,0.0,0.093,0.0,0.054,0.012,0.841,puan,36,0,1,0,0,0,,44.4
c63_34,29.16461,40.98764,0.4,0.265,0.602,0.282,0.456,B,0.404,0.456,0.344,0.282,0.307,0.134,0.003,0.001,0.064,0.035,0.0,0.283,0.0,0.217,0.0,0.264,0.0,0.52,puan,0,0,1,0,0,0,,43.8
c63_35,29.16461,40.99213,0.454,0.295,0.646,0.319,0.486,B,0.462,0.486,0.423,0.319,0.362,0.192,0.001,0.0,0.013,0.013,0.039,0.251,0.0,0.216,0.0,0.198,0.077,0.509,puan,830,0,2,0,0,0,0.0,53.8
c63_36,29.16461,40.99662,0.088,0.086,0.113,0.063,0.114,A,0.097,0.114,0.063,0.085,0.089,0.022,0.0,0.0,0.003,0.473,0.438,0.0,0.0,0.038,0.0,0.004,0.022,0.937,puan,903,0,2,1,0,1,1.1,9.1
c63_37,29.16461,41.00111,0.194,0.184,0.234,0.137,0.251,B,0.202,0.251,0.137,0.186,0.194,0.045,0.009,0.0,0.094,0.645,0.12,0.0,0.0,0.04,0.0,0.003,0.045,0.913,puan,1142,0,2,11,11,0,9.6,12.5
c63_38,29.16461,41.0056,0.212,0.199,0.263,0.155,0.27,B,0.223,0.27,0.155,0.191,0.207,0.058,0.0,0.001,0.061,0.566,0.0,0.162,0.0,0.094,0.0,0.051,0.006,0.848,puan,242,0,2,9,6,3,37.2,13.7
c63_39,29.16461,41.01009,0.544,0.458,0.616,0.449,0.588,B,0.546,0.588,0.499,0.449,0.479,0.309,0.001,0.005,0.075,0.107,0.0,0.219,0.0,0.15,0.0,0.13,0.004,0.716,puan,1090,0,2,1,1,0,0.9,65.3
c56_40,29.12296,41.01458,0.469,0.424,0.521,0.371,0.514,B,0.476,0.514,0.425,0.371,0.458,0.255,0.0,0.007,0.059,0.181,0.002,0.213,0.0,0.19,0.016,0.025,0.052,0.717,puan,1126,0,3,0,0,0,0.0,55.6
c56_41,29.12296,41.01907,0.441,0.401,0.491,0.336,0.5,B,0.459,0.5,0.381,0.336,0.429,0.18,0.002,0.069,0.102,0.119,0.0,0.206,0.0,0.211,0.044,0.025,0.043,0.678,puan,3277,0,7,12,11,1,3.7,51.7
c56_42,29.12296,41.02356,0.52,0.461,0.573,0.414,0.625,C,0.497,0.625,0.414,0.44,0.499,0.172,0.001,0.017,0.313,0.026,0.001,0.16,0.0,0.125,0.099,0.037,0.05,0.689,puan,999,0,3,0,0,0,0.0,62.1
c56_43,29.12296,41.02805,0.558,0.454,0.64,0.414,0.623,C,0.558,0.623,0.493,0.414,0.548,0.219,0.0,0.03,0.132,0.05,0.001,0.142,0.0,0.2,0.095,0.014,0.117,0.574,puan,3924,0,7,0,0,0,0.0,67.0
c56_44,29.12296,41.03254,0.661,0.549,0.718,0.514,0.681,B,0.673,0.681,0.641,0.514,0.642,0.232,0.0,0.012,0.001,0.0,0.0,0.141,0.0,0.11,0.426,0.014,0.064,0.385,puan,2343,0,7,0,0,0,0.0,75.1
c56_45,29.12296,41.03703,0.938,0.653,0.957,0.577,0.955,C,0.955,0.944,0.931,0.577,0.932,0.116,0.0,0.012,0.001,0.0,0.0,0.0,0.0,0.081,0.733,0.001,0.056,0.129,puan,1363,0,4,0,0,0,0.0,89.4
c56_46,29.12296,41.04152,1.0,0.494,1.0,0.661,1.0,C,1.0,1.0,1.0,0.661,0.986,0.152,0.0,0.0,0.0,0.0,0.0,0.0,0.0,0.078,0.613,0.002,0.153,0.152,puan,1455,0,3,0,0,0,0.0,94.5
c56_47,29.12296,41.04601,0.985,0.577,0.991,0.706,0.986,C,0.985,0.986,0.983,0.706,0.979,0.289,0.0,0.0,0.001,0.001,0.0,0.004,0.0,0.116,0.381,0.002,0.206,0.295,puan,2360,0,4,0,0,0,0.0,91.7
c57_40,29.12891,41.01458,0.295,0.289,0.309,0.238,0.353,B,0.302,0.353,0.238,0.245,0.293,0.121,0.004,0.006,0.092,0.255,0.035,0.304,0.0,0.166,0.0,0.009,0.008,0.817,puan,745,0,3,3,3,0,4.0,21.3
c57_41,29.12891,41.01907,0.359,0.315,0.438,0.27,0.449,B,0.349,0.449,0.27,0.292,0.338,0.096,0.0,0.012,0.231,0.081,0.023,0.286,0.0,0.168,0.001,0.073,0.029,0.729,puan,1871,0,3,8,8,0,4.3,34.6
c57_42,29.12891,41.02356,0.662,0.522,0.733,0.507,0.725,C,0.653,0.725,0.598,0.507,0.648,0.272,0.0,0.016,0.14,0.014,0.0,0.107,0.0,0.168,0.136,0.015,0.132,0.55,puan,2663,0,1,4,4,0,1.5,75.2
c57_43,29.12891,41.02805,0.614,0.48,0.698,0.476,0.654,B,0.615,0.654,0.573,0.476,0.579,0.32,0.0,0.005,0.067,0.023,0.0,0.212,0.0,0.181,0.016,0.048,0.128,0.628,puan,3086,0,4,0,0,0,0.0,72.0
c57_44,29.12891,41.03254,0.341,0.293,0.435,0.293,0.383,A,0.352,0.383,0.299,0.293,0.31,0.035,0.0,0.0,0.004,0.0,0.0,0.109,0.0,0.024,0.803,0.024,0.0,0.148,puan,0,0,1,0,0,0,,30.1
c57_45,29.12891,41.03703,,,,,,C,,,,0.0,,0.0,0.0,0.0,0.0,0.0,0.0,0.0,0.0,0.022,0.978,0.0,0.0,0.0,kanıt yetersiz,0,0,1,0,0,0,,
c57_46,29.12891,41.04152,0.375,0.008,0.987,0.076,0.571,C,0.571,0.425,0.325,0.076,0.338,0.0,0.0,0.007,0.0,0.0,0.0,0.0,0.0,0.029,0.615,0.001,0.348,0.007,kanıt yetersiz,0,0,1,0,0,0,,
c57_47,29.12891,41.04601,0.661,0.034,0.983,0.193,0.796,C,0.612,0.796,0.525,0.193,0.607,0.004,0.0,0.0,0.008,0.0,0.0,0.0,0.0,0.028,0.752,0.001,0.208,0.011,kanıt yetersiz,0,0,1,0,0,0,,
c58_40,29.13486,41.01458,0.288,0.282,0.305,0.23,0.347,B,0.299,0.347,0.23,0.243,0.286,0.113,0.003,0.015,0.084,0.26,0.0,0.353,0.0,0.153,0.0,0.012,0.008,0.828,puan,431,0,2,0,0,0,0.0,20.5
c58_41,29.13486,41.01907,0.339,0.301,0.413,0.264,0.406,B,0.337,0.406,0.272,0.264,0.316,0.12,0.001,0.008,0.14,0.06,0.063,0.317,0.0,0.202,0.0,0.088,0.001,0.708,puan,1121,0,2,1,1,0,0.9,29.7
c58_42,29.13486,41.02356,0.374,0.281,0.53,0.283,0.422,B,0.385,0.422,0.326,0.283,0.312,0.15,0.001,0.012,0.042,0.022,0.0,0.378,0.0,0.194,0.0,0.198,0.002,0.605,puan,0,0,1,0,0,0,,38.1
c58_43,29.13486,41.02805,0.894,0.836,0.901,0.822,0.905,A,0.894,0.905,0.883,0.822,0.865,0.735,0.001,0.001,0.022,0.003,0.0,0.086,0.0,0.074,0.021,0.034,0.025,0.847,puan,1228,0,2,0,0,0,0.0,87.6
c58_44,29.13486,41.03254,0.891,0.808,0.901,0.654,0.925,C,0.925,0.9,0.882,0.654,0.888,0.184,0.0,0.039,0.0,0.0,0.0,0.0,0.0,0.081,0.673,0.001,0.022,0.223,puan,1469,0,1,0,0,0,0.0,87.6
c58_45,29.13486,41.03703,0.425,0.425,0.425,0.298,0.605,C,0.605,0.471,0.379,0.298,0.425,0.003,0.0,0.035,0.0,0.0,0.0,0.0,0.0,0.016,0.947,0.0,0.0,0.038,kanıt yetersiz,0,0,1,0,0,0,,
c58_46,29.13486,41.04152,1.0,1.0,1.0,0.734,1.0,C,1.0,1.0,1.0,0.734,1.0,0.025,0.0,0.0,0.0,0.0,0.0,0.0,0.0,0.009,0.967,0.0,0.0,0.025,kanıt yetersiz,0,0,1,0,0,0,,
c58_47,29.13486,41.04601,1.0,1.0,1.0,0.458,1.0,C,1.0,1.0,1.0,0.458,1.0,0.007,0.0,0.0,0.0,0.0,0.0,0.0,0.0,0.008,0.985,0.0,0.0,0.007,kanıt yetersiz,0,0,1,0,0,0,,
c59_40,29.14081,41.01458,0.317,0.295,0.366,0.25,0.38,B,0.322,0.38,0.255,0.25,0.305,0.119,0.001,0.004,0.1,0.147,0.0,0.372,0.0,0.199,0.0,0.053,0.004,0.744,puan,979,0,2,6,5,1,6.1,25.1
c59_41,29.14081,41.01907,0.324,0.254,0.47,0.251,0.375,B,0.335,0.375,0.273,0.251,0.282,0.124,0.004,0.002,0.044,0.049,0.0,0.414,0.0,0.187,0.0,0.171,0.004,0.638,puan,34,0,1,0,0,0,,26.2
c59_42,29.14081,41.02356,0.45,0.339,0.585,0.36,0.487,B,0.459,0.487,0.413,0.36,0.37,0.226,0.001,0.0,0.021,0.032,0.0,0.355,0.0,0.159,0.0,0.206,0.0,0.635,puan,0,0,1,0,0,0,,53.1
c59_43,29.14081,41.02805,0.899,0.836,0.906,0.858,0.905,A,0.901,0.905,0.893,0.866,0.858,0.794,0.0,0.001,0.002,0.004,0.0,0.098,0.0,0.034,0.0,0.05,0.018,0.899,puan,0,0,1,0,0,0,,87.8
c59_44,29.14081,41.03254,0.942,0.91,0.944,0.891,0.96,A,0.96,0.947,0.937,0.891,0.942,0.83,0.0,0.085,0.0,0.0,0.0,0.0,0.0,0.053,0.0,0.0,0.032,0.915,puan,942,0,2,0,0,0,0.0,89.5
c59_45,29.14081,41.03703,0.656,0.531,0.722,0.567,0.764,B,0.764,0.684,0.628,0.567,0.624,0.113,0.0,0.138,0.0,0.0,0.0,0.0,0.0,0.039,0.65,0.016,0.043,0.251,puan,362,0,2,0,0,0,0.0,74.7
c59_46,29.14081,41.04152,1.0,0.998,1.0,0.852,1.0,B,1.0,1.0,1.0,0.852,0.998,0.104,0.0,0.0,0.0,0.0,0.0,0.0,0.0,0.018,0.878,0.0,0.0,0.104,puan,0,0,1,0,0,0,,94.5
c59_47,29.14081,41.04601,1.0,0.962,1.0,0.197,1.0,C,1.0,1.0,1.0,0.197,0.967,0.003,0.0,0.0,0.0,0.0,0.0,0.0,0.0,0.012,0.984,0.0,0.0,0.003,kanıt yetersiz,0,0,1,0,0,0,,
c60_40,29.14676,41.01458,0.378,0.323,0.468,0.293,0.447,B,0.376,0.447,0.309,0.293,0.342,0.139,0.0,0.003,0.135,0.042,0.0,0.365,0.0,0.2,0.0,0.115,0.001,0.684,puan,1020,0,2,2,2,0,2.0,39.2
c60_41,29.14676,41.01907,0.349,0.266,0.503,0.275,0.393,B,0.359,0.393,0.304,0.275,0.297,0.149,0.0,0.003,0.029,0.018,0.001,0.434,0.0,0.169,0.0,0.188,0.01,0.634,puan,0,0,1,0,0,0,,32.0
c60_42,29.14676,41.02356,0.338,0.244,0.521,0.252,0.381,B,0.349,0.381,0.294,0.252,0.279,0.132,0.0,0.002,0.02,0.039,0.002,0.386,0.0,0.197,0.0,0.222,0.001,0.58,puan,0,0,1,0,0,0,,29.3
c60_43,29.14676,41.02805,0.522,0.362,0.668,0.412,0.555,B,0.53,0.555,0.489,0.412,0.412,0.256,0.001,0.003,0.019,0.028,0.0,0.279,0.0,0.157,0.0,0.224,0.035,0.585,puan,0,0,1,0,0,0,,62.4
c60_44,29.14676,41.03254,0.752,0.647,0.787,0.729,0.762,A,0.762,0.76,0.744,0.729,0.73,0.605,0.0,0.033,0.001,0.001,0.101,0.097,0.0,0.026,0.0,0.031,0.106,0.837,puan,0,0,1,0,0,0,,80.9
c60_45,29.14676,41.03703,0.836,0.655,0.872,0.673,0.845,B,0.845,0.841,0.831,0.673,0.822,0.254,0.0,0.013,0.0,0.0,0.026,0.02,0.0,0.076,0.525,0.006,0.08,0.313,puan,1370,0,2,0,0,0,0.0,85.1
c60_46,29.14676,41.04152,0.068,0.042,0.429,0.041,0.095,B,0.079,0.095,0.041,0.045,0.09,0.0,0.0,0.0,0.0,0.0,0.019,0.022,0.0,0.02,0.913,0.026,0.0,0.041,kanıt yetersiz,0,0,1,0,0,0,,
c60_47,29.14676,41.04601,0.873,0.843,0.877,0.801,0.878,A,0.874,0.878,0.868,0.801,0.849,0.227,0.0,0.0,0.001,0.0,0.015,0.02,0.0,0.024,0.703,0.009,0.0,0.264,puan,0,0,1,0,0,0,,86.6
c61_40,29.15271,41.01458,0.347,0.278,0.478,0.271,0.411,B,0.347,0.411,0.284,0.271,0.304,0.123,0.0,0.001,0.105,0.034,0.015,0.374,0.0,0.185,0.0,0.158,0.005,0.653,puan,1050,0,2,5,4,1,4.8,31.4
c61_41,29.15271,41.01907,0.309,0.239,0.467,0.245,0.358,B,0.32,0.358,0.261,0.245,0.27,0.119,0.003,0.006,0.041,0.022,0.027,0.426,0.0,0.168,0.0,0.178,0.012,0.642,puan,0,0,1,0,0,0,,23.3
c61_42,29.15271,41.02356,0.311,0.236,0.476,0.248,0.36,B,0.322,0.36,0.262,0.248,0.27,0.114,0.0,0.004,0.034,0.069,0.0,0.39,0.0,0.154,0.044,0.169,0.023,0.61,puan,0,0,1,0,0,0,,23.8
c61_43,29.15271,41.02805,0.32,0.232,0.507,0.255,0.368,B,0.334,0.368,0.273,0.255,0.269,0.117,0.0,0.012,0.029,0.013,0.0,0.425,0.0,0.153,0.024,0.21,0.017,0.596,puan,0,0,1,0,0,0,,25.6
c61_44,29.15271,41.03254,0.319,0.264,0.435,0.266,0.384,B,0.384,0.372,0.266,0.277,0.295,0.08,0.0,0.228,0.048,0.022,0.016,0.342,0.0,0.112,0.0,0.104,0.048,0.736,puan,0,0,1,0,0,0,,25.5
c61_45,29.15271,41.03703,0.423,0.374,0.489,0.355,0.491,B,0.442,0.491,0.355,0.361,0.41,0.148,0.0,0.126,0.181,0.029,0.141,0.086,0.0,0.12,0.077,0.031,0.061,0.71,puan,1613,0,1,0,0,0,0.0,48.4
c61_46,29.15271,41.04152,0.517,0.475,0.555,0.465,0.537,A,0.524,0.537,0.496,0.465,0.488,0.097,0.0,0.0,0.0,0.008,0.026,0.078,0.0,0.023,0.749,0.016,0.002,0.21,puan,0,0,1,0,0,0,,61.6
c61_47,29.15271,41.04601,0.434,0.35,0.544,0.381,0.466,A,0.446,0.466,0.402,0.381,0.403,0.079,0.0,0.0,0.0,0.0,0.001,0.143,0.0,0.031,0.693,0.025,0.028,0.223,puan,0,0,1,0,0,0,,50.2
c62_40,29.15866,41.01458,0.499,0.442,0.557,0.425,0.544,B,0.51,0.544,0.454,0.425,0.463,0.286,0.0,0.038,0.077,0.032,0.024,0.306,0.0,0.133,0.006,0.083,0.016,0.762,puan,987,0,2,5,5,0,5.1,59.3
c62_41,29.15866,41.01907,0.347,0.274,0.484,0.288,0.396,B,0.355,0.396,0.298,0.288,0.304,0.149,0.0,0.003,0.045,0.04,0.0,0.43,0.0,0.135,0.022,0.158,0.019,0.666,puan,40,0,1,2,2,0,,31.4
c62_42,29.15866,41.02356,0.358,0.272,0.512,0.276,0.403,B,0.369,0.403,0.314,0.276,0.306,0.147,0.002,0.003,0.03,0.017,0.007,0.395,0.0,0.178,0.033,0.175,0.015,0.6,puan,0,0,1,0,0,0,,34.2
c62_43,29.15866,41.02805,0.355,0.252,0.542,0.27,0.407,B,0.364,0.407,0.303,0.27,0.289,0.126,0.0,0.009,0.051,0.02,0.0,0.366,0.0,0.179,0.016,0.23,0.004,0.571,puan,0,0,1,0,0,0,,33.4
c62_44,29.15866,41.03254,0.299,0.244,0.428,0.251,0.347,A,0.329,0.347,0.251,0.251,0.268,0.107,0.0,0.073,0.029,0.045,0.001,0.451,0.0,0.134,0.0,0.154,0.005,0.706,puan,48,0,1,0,0,0,,21.8
c62_45,29.15866,41.03703,0.468,0.44,0.5,0.373,0.513,B,0.498,0.513,0.423,0.373,0.467,0.219,0.004,0.088,0.049,0.094,0.0,0.226,0.0,0.174,0.102,0.002,0.042,0.681,puan,1574,0,2,0,0,0,0.0,55.5
c62_46,29.15866,41.04152,0.312,0.267,0.412,0.272,0.347,A,0.331,0.347,0.277,0.272,0.293,0.083,0.0,0.016,0.002,0.024,0.042,0.219,0.0,0.057,0.49,0.044,0.021,0.387,puan,0,0,1,0,0,0,,24.0
c62_47,29.15866,41.04601,0.185,0.157,0.305,0.144,0.225,A,0.201,0.225,0.144,0.158,0.176,0.008,0.0,0.001,0.0,0.002,0.011,0.082,0.0,0.018,0.86,0.018,0.0,0.104,puan,0,0,1,0,0,0,,11.8
c63_40,29.16461,41.01458,0.547,0.51,0.578,0.474,0.617,B,0.55,0.617,0.478,0.474,0.528,0.284,0.0,0.058,0.197,0.158,0.0,0.101,0.0,0.124,0.021,0.038,0.019,0.797,puan,1986,0,3,17,16,1,8.6,65.7
c63_41,29.16461,41.01907,0.337,0.286,0.437,0.276,0.397,B,0.342,0.397,0.276,0.281,0.309,0.129,0.002,0.007,0.092,0.069,0.0,0.409,0.0,0.139,0.027,0.107,0.019,0.708,puan,570,0,2,0,0,0,0.0,29.0
c63_42,29.16461,41.02356,0.293,0.233,0.439,0.239,0.339,B,0.306,0.339,0.248,0.239,0.261,0.12,0.0,0.002,0.02,0.004,0.0,0.526,0.0,0.152,0.002,0.16,0.014,0.672,puan,0,0,1,0,0,0,,21.1
c63_43,29.16461,41.02805,0.448,0.342,0.577,0.355,0.485,B,0.461,0.485,0.411,0.355,0.377,0.223,0.0,0.014,0.019,0.016,0.0,0.366,0.0,0.166,0.0,0.18,0.016,0.638,puan,0,0,1,0,0,0,,52.8
c63_44,29.16461,41.03254,0.378,0.274,0.549,0.287,0.421,B,0.405,0.421,0.335,0.287,0.343,0.137,0.0,0.067,0.037,0.07,0.055,0.203,0.0,0.181,0.035,0.092,0.124,0.569,puan,1233,0,2,0,0,0,0.0,39.2
c63_45,29.16461,41.03703,0.54,0.307,0.739,0.396,0.59,C,0.563,0.59,0.491,0.396,0.426,0.082,0.002,0.031,0.034,0.042,0.025,0.0,0.0,0.078,0.541,0.082,0.082,0.216,puan,36,0,1,0,0,0,,64.8
c63_46,29.16461,41.04152,0.151,0.124,0.304,0.102,0.2,A,0.173,0.2,0.102,0.126,0.146,0.002,0.0,0.002,0.0,0.003,0.0,0.09,0.0,0.019,0.862,0.021,0.0,0.097,kanıt yetersiz,0,0,1,0,0,0,,
c63_47,29.16461,41.04601,0.234,0.19,0.378,0.189,0.279,A,0.253,0.279,0.189,0.198,0.213,0.032,0.0,0.006,0.002,0.005,0.0,0.229,0.0,0.05,0.614,0.063,0.0,0.273,puan,0,0,1,0,0,0,,14.9
c56_48,29.12296,41.0505,0.981,0.821,0.984,0.759,0.982,C,0.981,0.982,0.979,0.759,0.972,0.504,0.0,0.0,0.001,0.0,0.0,0.011,0.0,0.151,0.232,0.005,0.096,0.516,puan,2838,0,4,0,0,0,0.0,91.4
c56_49,29.12296,41.05499,,0.0,1.0,,,C,,,,0.0,,0.0,0.0,0.0,0.0,0.0,0.0,0.0,0.0,0.034,0.938,0.0,0.028,0.0,kanıt yetersiz,723,0,2,0,0,0,0.0,
c56_50,29.12296,41.05948,1.0,0.922,1.0,0.919,1.0,A,1.0,1.0,1.0,0.919,0.932,0.013,0.0,0.0,0.0,0.0,0.0,0.0,0.0,0.001,0.984,0.001,0.0,0.013,kanıt yetersiz,0,0,1,0,0,0,,
c56_51,29.12296,41.06397,1.0,1.0,1.0,0.164,1.0,C,1.0,1.0,1.0,0.164,1.0,0.003,0.0,0.0,0.0,0.0,0.0,0.0,0.0,0.015,0.982,0.0,0.0,0.003,kanıt yetersiz,0,0,1,0,0,0,,
c56_52,29.12296,41.06846,1.0,1.0,1.0,0.005,1.0,C,1.0,1.0,1.0,0.005,1.0,0.0,0.0,0.0,0.0,0.0,0.0,0.0,0.0,0.017,0.983,0.0,0.0,0.0,kanıt yetersiz,0,0,3,0,0,0,,
c56_53,29.12296,41.07295,,,,,,C,,,,0.0,,0.0,0.0,0.0,0.0,0.0,0.0,0.0,0.0,0.009,0.991,0.0,0.0,0.0,kanıt yetersiz,0,0,2,0,0,0,,
c56_54,29.12296,41.07744,,,,,,C,,,,0.0,,0.0,0.0,0.0,0.0,0.0,0.0,0.0,0.0,0.006,0.994,0.0,0.0,0.0,kanıt yetersiz,0,0,2,0,0,0,,
c56_55,29.12296,41.08193,1.0,1.0,1.0,0.167,1.0,C,1.0,1.0,1.0,0.167,1.0,0.004,0.0,0.0,0.0,0.0,0.0,0.0,0.0,0.019,0.977,0.0,0.0,0.004,kanıt yetersiz,0,0,1,0,0,0,,
c57_48,29.12891,41.0505,1.0,0.263,1.0,0.391,1.0,C,1.0,1.0,1.0,0.391,0.933,0.052,0.0,0.0,0.0,0.0,0.0,0.0,0.0,0.081,0.722,0.004,0.141,0.052,kanıt yetersiz,1524,0,2,0,0,0,0.0,
c57_49,29.12891,41.05499,1.0,1.0,1.0,0.373,1.0,C,1.0,1.0,1.0,0.373,1.0,0.004,0.0,0.0,0.0,0.0,0.0,0.0,0.0,0.007,0.989,0.0,0.0,0.004,kanıt yetersiz,0,0,1,0,0,0,,
c57_50,29.12891,41.05948,1.0,1.0,1.0,1.0,1.0,A,1.0,1.0,1.0,1.0,1.0,0.016,0.0,0.0,0.0,0.0,0.0,0.0,0.0,0.0,0.984,0.0,0.0,0.016,kanıt yetersiz,0,0,1,0,0,0,,
c57_51,29.12891,41.06397,1.0,1.0,1.0,0.543,1.0,C,1.0,1.0,1.0,0.543,1.0,0.01,0.0,0.0,0.0,0.0,0.0,0.0,0.0,0.008,0.982,0.0,0.0,0.01,kanıt yetersiz,0,0,1,0,0,0,,
c57_52,29.12891,41.06846,1.0,0.055,1.0,0.348,1.0,C,1.0,1.0,1.0,0.348,0.49,0.01,0.0,0.0,0.0,0.0,0.0,0.0,0.0,0.018,0.807,0.013,0.151,0.01,kanıt yetersiz,0,0,2,0,0,0,,
c57_53,29.12891,41.07295,0.905,0.043,0.995,0.263,0.932,C,0.926,0.932,0.877,0.263,0.365,0.006,0.001,0.0,0.001,0.0,0.0,0.0,0.0,0.019,0.814,0.018,0.141,0.008,kanıt yetersiz,0,0,1,0,0,0,,
c57_54,29.12891,41.07744,1.0,0.015,1.0,0.105,1.0,C,1.0,1.0,1.0,0.105,0.22,0.001,0.0,0.0,0.0,0.0,0.0,0.0,0.0,0.006,0.944,0.006,0.043,0.001,kanıt yetersiz,0,0,1,0,0,0,,
c57_55,29.12891,41.08193,1.0,1.0,1.0,0.4,1.0,C,1.0,1.0,1.0,0.4,1.0,0.0,0.0,0.0,0.0,0.0,0.0,0.0,0.0,0.001,0.999,0.0,0.0,0.0,kanıt yetersiz,0,0,2,0,0,0,,
c58_48,29.13486,41.0505,1.0,0.079,1.0,0.119,1.0,C,1.0,1.0,1.0,0.119,0.625,0.009,0.0,0.0,0.0,0.0,0.0,0.0,0.0,0.069,0.813,0.007,0.101,0.009,kanıt yetersiz,184,0,1,0,0,0,0.0,
c58_49,29.13486,41.05499,0.995,0.06,1.0,0.37,0.997,C,0.994,0.997,0.993,0.37,0.695,0.035,0.0,0.0,0.0,0.0,0.0,0.0,0.0,0.059,0.363,0.018,0.524,0.035,kanıt yetersiz,0,0,1,0,0,0,,
c58_50,29.13486,41.05948,0.968,0.094,0.997,0.357,0.974,C,0.967,0.974,0.963,0.357,0.853,0.039,0.0,0.0,0.001,0.001,0.0,0.0,0.0,0.069,0.514,0.006,0.37,0.04,kanıt yetersiz,0,0,1,0,0,0,,
c58_51,29.13486,41.06397,0.981,0.072,0.999,0.34,0.988,C,0.978,0.988,0.973,0.34,0.742,0.024,0.0,0.0,0.001,0.0,0.0,0.0,0.0,0.047,0.615,0.01,0.304,0.025,kanıt yetersiz,0,0,2,0,0,0,,
c58_52,29.13486,41.06846,1.0,0.039,1.0,0.375,1.0,C,1.0,1.0,1.0,0.375,0.565,0.02,0.0,0.0,0.0,0.0,0.0,0.0,0.0,0.033,0.47,0.019,0.458,0.02,kanıt yetersiz,0,0,1,0,0,0,,
c58_53,29.13486,41.07295,0.963,0.064,0.998,0.389,0.97,C,0.961,0.97,0.956,0.389,0.496,0.03,0.0,0.0,0.001,0.001,0.0,0.0,0.0,0.048,0.471,0.041,0.408,0.032,kanıt yetersiz,0,0,1,0,0,0,,
c58_54,29.13486,41.07744,0.984,0.386,0.994,0.74,0.989,C,0.982,0.989,0.979,0.74,0.929,0.109,0.0,0.0,0.003,0.0,0.0,0.0,0.0,0.037,0.676,0.008,0.167,0.113,puan,0,0,1,0,0,0,,91.7
c58_55,29.13486,41.08193,0.853,0.09,0.985,0.447,0.901,C,0.838,0.901,0.806,0.447,0.695,0.023,0.0,0.0,0.007,0.001,0.0,0.0,0.0,0.028,0.674,0.009,0.257,0.031,kanıt yetersiz,0,0,1,0,0,0,,
c59_48,29.14081,41.0505,1.0,0.078,1.0,0.098,1.0,C,1.0,1.0,1.0,0.098,0.47,0.008,0.0,0.0,0.0,0.0,0.0,0.0,0.0,0.076,0.819,0.013,0.085,0.008,kanıt yetersiz,975,0,1,0,0,0,0.0,
c59_49,29.14081,41.05499,0.991,0.037,1.0,0.361,0.991,C,0.991,0.991,0.99,0.361,0.526,0.025,0.0,0.0,0.0,0.0,0.0,0.0,0.0,0.044,0.29,0.029,0.612,0.025,kanıt yetersiz,0,0,1,0,0,0,,
c59_50,29.14081,41.05948,0.938,0.083,0.995,0.385,0.942,C,0.94,0.942,0.935,0.385,0.685,0.039,0.0,0.0,0.0,0.003,0.0,0.0,0.0,0.061,0.463,0.019,0.415,0.042,kanıt yetersiz,0,0,1,0,0,0,,
c59_51,29.14081,41.06397,0.993,0.098,0.999,0.41,0.996,C,0.992,0.996,0.99,0.41,0.654,0.046,0.0,0.0,0.001,0.0,0.0,0.0,0.0,0.067,0.453,0.03,0.402,0.047,kanıt yetersiz,0,0,1,0,0,0,,
c59_52,29.14081,41.06846,0.973,0.102,0.997,0.426,0.984,C,0.97,0.984,0.963,0.426,0.681,0.037,0.0,0.0,0.002,0.0,0.0,0.0,0.0,0.051,0.573,0.021,0.316,0.04,kanıt yetersiz,0,0,1,0,0,0,,
c59_53,29.14081,41.07295,0.817,0.199,0.955,0.586,0.849,C,0.849,0.83,0.804,0.586,0.634,0.147,0.0,0.034,0.004,0.001,0.012,0.0,0.0,0.078,0.108,0.071,0.544,0.199,puan,0,0,1,0,0,0,,84.1
c59_54,29.14081,41.07744,0.993,0.454,0.997,0.924,0.996,C,0.992,0.996,0.99,0.924,0.932,0.436,0.0,0.0,0.006,0.0,0.0,0.0,0.0,0.033,0.0,0.034,0.492,0.442,puan,0,0,1,0,0,0,,92.5
c59_55,29.14081,41.08193,0.829,0.17,0.965,0.531,0.874,C,0.827,0.874,0.784,0.531,0.589,0.129,0.0,0.01,0.037,0.008,0.0,0.0,0.0,0.103,0.0,0.095,0.618,0.184,puan,0,0,1,0,0,0,,84.8
c60_48,29.14676,41.0505,0.832,0.109,0.978,0.068,0.868,C,0.868,0.844,0.819,0.068,0.544,0.004,0.0,0.001,0.0,0.0,0.0,0.0,0.0,0.061,0.898,0.004,0.032,0.005,kanıt yetersiz,1001,0,3,0,0,0,0.0,
c60_49,29.14676,41.05499,1.0,0.037,1.0,0.208,1.0,C,1.0,1.0,1.0,0.208,1.0,0.004,0.0,0.0,0.0,0.0,0.0,0.0,0.0,0.016,0.873,0.0,0.107,0.004,kanıt yetersiz,0,0,1,0,0,0,,
c60_50,29.14676,41.05948,1.0,0.36,1.0,0.354,1.0,C,1.0,1.0,1.0,0.354,0.82,0.018,0.0,0.0,0.0,0.0,0.0,0.0,0.0,0.033,0.916,0.005,0.028,0.018,kanıt yetersiz,0,0,1,0,0,0,,
c60_51,29.14676,41.06397,0.928,0.072,0.994,0.399,0.933,C,0.928,0.933,0.922,0.399,0.592,0.046,0.0,0.0,0.0,0.004,0.0,0.0,0.0,0.066,0.29,0.036,0.559,0.05,kanıt yetersiz,0,0,1,0,0,0,,
c60_52,29.14676,41.06846,1.0,0.223,1.0,0.796,1.0,C,1.0,1.0,1.0,0.796,0.838,0.187,0.0,0.0,0.0,0.0,0.0,0.0,0.0,0.048,0.116,0.042,0.608,0.187,puan,0,0,1,0,0,0,,94.5
c60_53,29.14676,41.07295,0.997,0.288,0.999,0.797,0.997,C,0.997,0.997,0.997,0.797,0.866,0.268,0.0,0.0,0.0,0.001,0.0,0.0,0.0,0.068,0.0,0.048,0.615,0.269,puan,0,0,1,0,0,0,,93.4
c60_54,29.14676,41.07744,0.988,0.493,0.994,0.859,0.991,C,0.987,0.991,0.985,0.859,0.921,0.456,0.0,0.0,0.006,0.003,0.0,0.0,0.0,0.07,0.0,0.039,0.427,0.465,puan,0,0,1,0,0,0,,92.0
c60_55,29.14676,41.08193,0.994,0.24,0.999,0.768,0.995,C,0.995,0.995,0.994,0.768,0.817,0.223,0.0,0.001,0.001,0.001,0.0,0.0,0.0,0.066,0.0,0.058,0.651,0.225,puan,0,0,1,0,0,0,,92.8
c61_48,29.15271,41.0505,1.0,0.208,1.0,0.11,1.0,C,1.0,1.0,1.0,0.11,0.755,0.01,0.0,0.0,0.0,0.0,0.0,0.0,0.0,0.082,0.869,0.004,0.035,0.01,kanıt yetersiz,1009,0,3,0,0,0,0.0,
c61_49,29.15271,41.05499,0.914,0.032,0.997,0.193,0.919,C,0.916,0.919,0.909,0.193,0.453,0.004,0.0,0.0,0.0,0.0,0.0,0.0,0.0,0.016,0.861,0.006,0.113,0.004,kanıt yetersiz,0,0,1,0,0,0,,
c61_50,29.15271,41.05948,0.915,0.099,0.991,0.387,0.949,C,0.903,0.949,0.881,0.387,0.612,0.026,0.0,0.0,0.005,0.0,0.0,0.0,0.0,0.042,0.672,0.019,0.235,0.031,kanıt yetersiz,0,0,1,0,0,0,,
c61_51,29.15271,41.06397,0.882,0.047,0.994,0.389,0.894,C,0.89,0.894,0.87,0.389,0.512,0.032,0.0,0.002,0.001,0.003,0.0,0.0,0.0,0.049,0.225,0.037,0.652,0.038,kanıt yetersiz,0,0,1,0,0,0,,
c61_52,29.15271,41.06846,0.996,0.356,0.998,0.832,0.997,C,0.996,0.997,0.995,0.832,0.909,0.332,0.0,0.0,0.001,0.001,0.0,0.0,0.0,0.066,0.0,0.037,0.563,0.334,puan,0,0,1,0,0,0,,93.3
c61_53,29.15271,41.07295,0.994,0.208,0.999,0.758,0.995,C,0.993,0.995,0.992,0.758,0.839,0.194,0.0,0.0,0.001,0.001,0.0,0.0,0.0,0.061,0.0,0.043,0.7,0.196,puan,0,0,1,0,0,0,,92.8
c61_54,29.15271,41.07744,0.995,0.47,0.998,0.851,0.996,C,0.995,0.996,0.994,0.851,0.917,0.434,0.0,0.0,0.002,0.001,0.0,0.0,0.0,0.074,0.0,0.043,0.445,0.437,puan,0,0,1,0,0,0,,93.0
c61_55,29.15271,41.08193,0.925,0.103,0.992,0.468,0.943,C,0.924,0.943,0.908,0.468,0.583,0.088,0.0,0.002,0.008,0.003,0.0,0.0,0.0,0.098,0.0,0.075,0.727,0.1,puan,0,0,1,0,0,0,,88.8
c62_48,29.15866,41.0505,0.225,0.135,0.534,0.1,0.254,B,0.235,0.254,0.195,0.1,0.213,0.011,0.0,0.0,0.0,0.0,0.019,0.043,0.0,0.091,0.788,0.01,0.039,0.073,kanıt yetersiz,1010,0,3,0,0,0,0.0,
c62_49,29.15866,41.05499,0.303,0.094,0.785,0.195,0.343,C,0.318,0.343,0.263,0.195,0.263,0.008,0.0,0.0,0.0,0.0,0.0,0.031,0.0,0.022,0.853,0.011,0.076,0.039,kanıt yetersiz,0,0,1,0,0,0,,
c62_50,29.15866,41.05948,0.964,0.076,0.997,0.384,0.969,C,0.969,0.966,0.962,0.384,0.578,0.038,0.0,0.001,0.0,0.001,0.0,0.0,0.0,0.061,0.432,0.034,0.433,0.04,kanıt yetersiz,0,0,1,0,0,0,,
c62_51,29.15866,41.06397,0.971,0.091,0.997,0.447,0.977,C,0.971,0.977,0.965,0.447,0.533,0.08,0.0,0.001,0.002,0.001,0.0,0.0,0.0,0.099,0.0,0.09,0.727,0.084,kanıt yetersiz,0,0,1,0,0,0,,
c62_52,29.15866,41.06846,0.999,0.324,1.0,0.832,0.999,C,0.998,0.999,0.998,0.832,0.881,0.304,0.0,0.0,0.001,0.0,0.0,0.0,0.0,0.061,0.0,0.048,0.587,0.305,puan,0,0,1,0,0,0,,93.8
c62_53,29.15866,41.07295,0.936,0.209,0.986,0.688,0.953,C,0.932,0.953,0.919,0.688,0.809,0.185,0.0,0.001,0.016,0.006,0.0,0.0,0.0,0.075,0.0,0.038,0.68,0.207,puan,0,0,1,0,0,0,,89.4
c62_54,29.15866,41.07744,1.0,0.543,1.0,0.897,1.0,C,1.0,1.0,1.0,0.897,0.962,0.511,0.0,0.0,0.0,0.0,0.0,0.0,0.0,0.059,0.0,0.023,0.407,0.511,puan,0,0,1,0,0,0,,94.5
c62_55,29.15866,41.08193,0.913,0.158,0.985,0.571,0.934,C,0.916,0.934,0.891,0.571,0.727,0.133,0.0,0.008,0.015,0.002,0.0,0.0,0.0,0.094,0.0,0.049,0.7,0.157,puan,0,0,1,0,0,0,,88.2
c63_48,29.16461,41.0505,0.085,0.053,0.43,0.041,0.107,B,0.097,0.107,0.062,0.041,0.087,0.001,0.0,0.001,0.0,0.0,0.03,0.024,0.0,0.061,0.847,0.004,0.03,0.057,kanıt yetersiz,1042,0,3,0,0,0,0.0,
c63_49,29.16461,41.05499,0.998,0.773,0.999,0.921,0.999,B,0.998,0.999,0.998,0.921,0.981,0.425,0.0,0.0,0.001,0.0,0.0,0.0,0.0,0.036,0.415,0.008,0.116,0.426,puan,0,0,1,0,0,0,,93.6
c63_50,29.16461,41.05948,0.995,0.366,0.998,0.802,0.996,C,0.995,0.996,0.994,0.802,0.868,0.33,0.0,0.0,0.001,0.001,0.0,0.0,0.0,0.08,0.016,0.057,0.514,0.332,puan,0,0,1,0,0,0,,93.0
c63_51,29.16461,41.06397,0.998,0.489,0.999,0.892,0.998,C,0.998,0.998,0.998,0.892,0.936,0.462,0.0,0.0,0.0,0.001,0.0,0.0,0.0,0.055,0.0,0.035,0.447,0.463,puan,0,0,1,0,0,0,,93.6
c63_52,29.16461,41.06846,0.962,0.138,0.995,0.641,0.968,C,0.961,0.968,0.956,0.641,0.746,0.126,0.0,0.0,0.003,0.004,0.0,0.0,0.0,0.067,0.0,0.047,0.753,0.133,puan,0,0,1,0,0,0,,90.3
c63_53,29.16461,41.07295,1.0,0.609,1.0,0.939,1.0,B,1.0,1.0,1.0,0.939,0.977,0.586,0.0,0.0,0.0,0.0,0.0,0.0,0.0,0.038,0.0,0.016,0.36,0.586,puan,0,0,1,0,0,0,,94.5
c63_54,29.16461,41.07744,0.999,0.56,1.0,0.907,1.0,C,1.0,0.999,0.999,0.907,0.967,0.53,0.0,0.001,0.0,0.0,0.0,0.0,0.0,0.054,0.0,0.02,0.396,0.53,puan,0,0,1,0,0,0,,93.8
c63_55,29.16461,41.08193,0.993,0.399,0.997,0.864,0.994,C,0.994,0.994,0.992,0.864,0.948,0.375,0.0,0.001,0.001,0.002,0.0,0.0,0.0,0.056,0.0,0.021,0.544,0.379,puan,0,0,1,0,0,0,,92.5
c56_56,29.12296,41.08642,0.975,0.262,0.993,0.552,0.98,C,0.977,0.98,0.97,0.552,0.667,0.061,0.0,0.001,0.001,0.0,0.0,0.0,0.0,0.048,0.717,0.036,0.136,0.063,kanıt yetersiz,0,0,1,0,0,0,,
c56_57,29.12296,41.09091,0.766,0.16,0.951,0.426,0.812,C,0.758,0.812,0.719,0.426,0.491,0.064,0.0,0.001,0.019,0.015,0.0,0.0,0.0,0.079,0.445,0.074,0.302,0.099,kanıt yetersiz,559,0,2,0,0,0,0.0,
c56_58,29.12296,41.0954,1.0,0.136,1.0,0.123,1.0,C,1.0,1.0,1.0,0.123,0.749,0.006,0.0,0.0,0.0,0.0,0.0,0.0,0.0,0.043,0.912,0.002,0.036,0.006,kanıt yetersiz,0,0,1,0,0,0,,
c56_59,29.12296,41.09989,1.0,0.146,1.0,0.24,1.0,C,1.0,1.0,1.0,0.24,0.9,0.013,0.0,0.0,0.0,0.0,0.0,0.0,0.0,0.04,0.872,0.002,0.073,0.013,kanıt yetersiz,0,0,1,0,0,0,,
c56_60,29.12296,41.10438,0.804,0.074,0.982,0.201,0.865,C,0.865,0.819,0.788,0.201,0.438,0.008,0.0,0.004,0.0,0.0,0.0,0.0,0.0,0.034,0.843,0.013,0.099,0.011,kanıt yetersiz,0,0,1,0,0,0,,
c56_61,29.12296,41.10887,0.525,0.135,0.878,0.358,0.573,C,0.563,0.573,0.477,0.358,0.397,0.082,0.0,0.046,0.024,0.078,0.0,0.0,0.0,0.107,0.0,0.108,0.556,0.229,puan,0,0,1,0,0,0,,63.1
c56_62,29.12296,41.11336,0.657,0.064,0.967,0.354,0.688,C,0.679,0.688,0.626,0.354,0.381,0.05,0.001,0.008,0.005,0.026,0.0,0.0,0.0,0.077,0.0,0.097,0.736,0.09,kanıt yetersiz,0,0,1,0,0,0,,
c56_63,29.12296,41.11785,0.86,0.082,0.987,0.291,0.896,C,0.861,0.896,0.825,0.291,0.441,0.061,0.0,0.004,0.012,0.003,0.0,0.0,0.0,0.158,0.0,0.107,0.655,0.081,kanıt yetersiz,888,0,1,0,0,0,0.0,
c57_56,29.12891,41.08642,0.866,0.184,0.971,0.315,0.886,C,0.863,0.886,0.845,0.315,0.486,0.013,0.0,0.0,0.001,0.002,0.0,0.0,0.0,0.027,0.899,0.016,0.042,0.016,kanıt yetersiz,0,0,1,0,0,0,,
c57_57,29.12891,41.09091,0.887,0.442,0.944,0.73,0.895,C,0.89,0.895,0.879,0.73,0.803,0.319,0.0,0.003,0.003,0.044,0.0,0.0,0.0,0.08,0.18,0.046,0.326,0.369,puan,544,0,2,0,0,0,0.0,87.4
c57_58,29.12891,41.0954,0.911,0.063,0.994,0.38,0.928,C,0.916,0.928,0.895,0.38,0.524,0.027,0.0,0.001,0.002,0.001,0.0,0.0,0.0,0.043,0.506,0.03,0.39,0.031,kanıt yetersiz,0,0,1,0,0,0,,
c57_59,29.12891,41.09989,0.925,0.1,0.992,0.377,0.949,C,0.949,0.931,0.919,0.377,0.626,0.014,0.0,0.002,0.0,0.0,0.0,0.0,0.0,0.023,0.832,0.009,0.12,0.016,kanıt yetersiz,0,0,1,0,0,0,,
c57_60,29.12891,41.10438,0.928,0.229,0.982,0.589,0.943,C,0.943,0.937,0.918,0.589,0.68,0.099,0.0,0.01,0.003,0.001,0.0,0.0,0.0,0.064,0.483,0.05,0.291,0.112,puan,0,0,1,0,0,0,,89.0
c57_61,29.12891,41.10887,0.717,0.117,0.954,0.384,0.759,C,0.749,0.759,0.675,0.384,0.417,0.08,0.0,0.029,0.019,0.014,0.0,0.0,0.0,0.124,0.0,0.147,0.586,0.143,puan,0,0,1,0,0,0,,78.6
c57_62,29.12891,41.11336,0.767,0.112,0.966,0.403,0.811,C,0.782,0.811,0.723,0.403,0.514,0.081,0.0,0.017,0.022,0.01,0.0,0.0,0.0,0.117,0.0,0.084,0.67,0.129,puan,0,0,1,0,0,0,,81.8
c57_63,29.12891,41.11785,0.867,0.081,0.988,0.358,0.899,C,0.899,0.882,0.852,0.358,0.403,0.065,0.0,0.014,0.002,0.001,0.0,0.0,0.0,0.117,0.0,0.138,0.663,0.082,kanıt yetersiz,332,0,2,0,0,0,0.0,
c58_56,29.13486,41.08642,0.87,0.132,0.98,0.498,0.903,C,0.862,0.903,0.837,0.498,0.648,0.076,0.0,0.001,0.014,0.006,0.0,0.0,0.0,0.072,0.292,0.041,0.498,0.097,kanıt yetersiz,615,0,1,2,2,0,3.3,
c58_57,29.13486,41.09091,0.87,0.069,0.99,0.39,0.891,C,0.871,0.891,0.849,0.39,0.434,0.049,0.0,0.002,0.005,0.005,0.0,0.0,0.0,0.075,0.164,0.086,0.615,0.061,kanıt yetersiz,35,0,1,0,0,0,,
c58_58,29.13486,41.0954,0.96,0.073,0.997,0.407,0.967,C,0.967,0.963,0.957,0.407,0.578,0.043,0.0,0.002,0.0,0.001,0.0,0.0,0.0,0.061,0.348,0.038,0.508,0.045,kanıt yetersiz,0,0,1,0,0,0,,
c58_59,29.13486,41.09989,0.994,0.509,0.997,0.896,0.995,C,0.995,0.995,0.994,0.896,0.913,0.453,0.0,0.001,0.001,0.002,0.0,0.0,0.0,0.05,0.058,0.047,0.388,0.456,puan,0,0,1,0,0,0,,92.8
c58_60,29.13486,41.10438,0.976,0.578,0.986,0.856,0.98,C,0.977,0.98,0.972,0.856,0.917,0.499,0.0,0.006,0.008,0.006,0.0,0.0,0.0,0.073,0.054,0.039,0.317,0.518,puan,0,0,1,0,0,0,,91.2
c58_61,29.13486,41.10887,0.753,0.121,0.96,0.38,0.811,C,0.811,0.783,0.723,0.38,0.463,0.082,0.0,0.043,0.009,0.003,0.0,0.0,0.0,0.134,0.02,0.117,0.593,0.136,puan,0,0,1,0,0,0,,81.1
c58_62,29.13486,41.11336,0.759,0.115,0.964,0.388,0.812,C,0.812,0.782,0.736,0.388,0.449,0.084,0.0,0.036,0.004,0.008,0.0,0.0,0.0,0.126,0.0,0.126,0.616,0.132,puan,0,0,1,0,0,0,,81.3
c58_63,29.13486,41.11785,0.789,0.129,0.966,0.394,0.836,C,0.836,0.815,0.764,0.394,0.443,0.093,0.0,0.036,0.008,0.003,0.0,0.0,0.0,0.141,0.0,0.153,0.565,0.141,puan,0,0,1,0,0,0,,82.7
c59_56,29.14081,41.08642,0.975,0.239,0.994,0.699,0.98,C,0.976,0.98,0.971,0.699,0.709,0.215,0.001,0.001,0.004,0.003,0.0,0.0,0.0,0.088,0.0,0.102,0.586,0.224,puan,0,0,1,0,0,0,,91.1
c59_57,29.14081,41.09091,0.838,0.277,0.947,0.691,0.857,C,0.839,0.857,0.82,0.691,0.736,0.243,0.0,0.002,0.017,0.046,0.0,0.0,0.0,0.066,0.0,0.052,0.574,0.308,puan,0,0,1,0,0,0,,85.2
c59_58,29.14081,41.0954,0.853,0.11,0.981,0.557,0.874,C,0.853,0.874,0.832,0.557,0.571,0.096,0.0,0.002,0.009,0.014,0.0,0.0,0.0,0.064,0.0,0.076,0.739,0.121,puan,0,0,1,0,0,0,,85.9
c59_59,29.14081,41.09989,0.989,0.267,0.997,0.814,0.989,C,0.989,0.989,0.988,0.814,0.886,0.251,0.0,0.001,0.0,0.003,0.0,0.0,0.0,0.055,0.0,0.034,0.656,0.255,puan,0,0,1,0,0,0,,92.1
c59_60,29.14081,41.10438,0.823,0.299,0.935,0.59,0.833,C,0.828,0.833,0.812,0.59,0.659,0.121,0.0,0.001,0.0,0.001,0.0,0.029,0.0,0.06,0.52,0.047,0.22,0.153,puan,0,0,1,0,0,0,,84.6
c59_61,29.14081,41.10887,0.65,0.144,0.922,0.366,0.694,C,0.659,0.694,0.606,0.366,0.443,0.039,0.0,0.005,0.01,0.001,0.0,0.019,0.0,0.059,0.6,0.049,0.216,0.076,kanıt yetersiz,0,0,1,0,0,0,,
c59_62,29.14081,41.11336,0.661,0.12,0.938,0.37,0.706,C,0.682,0.706,0.617,0.37,0.441,0.073,0.001,0.018,0.019,0.006,0.0,0.025,0.0,0.111,0.112,0.099,0.536,0.141,puan,0,0,1,0,0,0,,75.1
c59_63,29.14081,41.11785,0.788,0.1,0.973,0.405,0.839,C,0.839,0.813,0.763,0.405,0.409,0.074,0.0,0.032,0.006,0.001,0.0,0.0,0.0,0.107,0.0,0.151,0.629,0.113,puan,0,0,1,0,0,0,,82.6
c60_56,29.14676,41.08642,0.979,0.126,0.997,0.548,0.981,C,0.98,0.981,0.977,0.548,0.634,0.113,0.0,0.0,0.001,0.002,0.0,0.0,0.0,0.092,0.0,0.079,0.713,0.117,puan,0,0,1,0,0,0,,91.3
c60_57,29.14676,41.09091,0.998,0.504,0.999,0.917,0.998,C,0.998,0.998,0.997,0.917,0.936,0.482,0.0,0.001,0.0,0.001,0.0,0.0,0.0,0.043,0.0,0.037,0.438,0.483,puan,0,0,1,0,0,0,,93.6
c60_58,29.14676,41.0954,0.916,0.235,0.978,0.7,0.934,C,0.912,0.934,0.897,0.7,0.724,0.207,0.0,0.002,0.019,0.011,0.0,0.0,0.0,0.073,0.0,0.076,0.612,0.238,puan,0,0,1,0,0,0,,88.4
c60_59,29.14676,41.09989,0.972,0.064,0.998,0.383,0.981,C,0.97,0.981,0.963,0.383,0.529,0.051,0.0,0.0,0.002,0.0,0.0,0.0,0.0,0.084,0.095,0.059,0.708,0.054,kanıt yetersiz,0,0,1,0,0,0,,
c60_60,29.14676,41.10438,0.99,0.064,0.999,0.404,0.993,C,0.993,0.991,0.989,0.404,0.736,0.026,0.0,0.0,0.0,0.0,0.0,0.0,0.0,0.038,0.554,0.011,0.37,0.027,kanıt yetersiz,0,0,1,0,0,0,,
c60_61,29.14676,41.10887,0.952,0.034,0.998,0.396,0.962,C,0.962,0.956,0.949,0.396,0.484,0.021,0.0,0.001,0.0,0.0,0.0,0.0,0.0,0.032,0.336,0.03,0.58,0.023,kanıt yetersiz,0,0,1,0,0,0,,
c60_62,29.14676,41.11336,0.895,0.05,0.994,0.389,0.91,C,0.899,0.91,0.88,0.389,0.485,0.024,0.0,0.001,0.001,0.002,0.0,0.0,0.0,0.036,0.47,0.031,0.435,0.028,kanıt yetersiz,0,0,1,0,0,0,,
c60_63,29.14676,41.11785,0.84,0.122,0.977,0.483,0.872,C,0.847,0.872,0.808,0.483,0.532,0.068,0.001,0.005,0.011,0.006,0.0,0.0,0.0,0.068,0.302,0.069,0.469,0.092,kanıt yetersiz,0,0,1,0,0,0,,
c61_56,29.15271,41.08642,0.953,0.072,0.996,0.392,0.956,C,0.955,0.956,0.951,0.392,0.547,0.065,0.0,0.0,0.0,0.003,0.0,0.0,0.0,0.098,0.0,0.066,0.768,0.068,kanıt yetersiz,0,0,1,0,0,0,,
c61_57,29.15271,41.09091,0.958,0.108,0.995,0.519,0.967,C,0.959,0.967,0.95,0.519,0.674,0.096,0.0,0.001,0.003,0.002,0.0,0.0,0.0,0.087,0.0,0.053,0.758,0.103,puan,0,0,1,0,0,0,,90.2
c61_58,29.15271,41.0954,0.998,0.743,0.999,0.961,0.999,B,0.999,0.998,0.998,0.961,0.963,0.721,0.0,0.002,0.0,0.0,0.0,0.0,0.0,0.028,0.0,0.03,0.219,0.724,puan,0,0,1,0,0,0,,93.6
c61_59,29.15271,41.09989,0.955,0.242,0.989,0.661,0.965,C,0.954,0.965,0.945,0.661,0.722,0.191,0.0,0.002,0.009,0.004,0.0,0.0,0.0,0.092,0.093,0.081,0.529,0.206,puan,0,0,1,0,0,0,,90.0
c61_60,29.15271,41.10438,0.324,0.149,0.69,0.253,0.363,C,0.339,0.363,0.286,0.253,0.293,0.029,0.0,0.0,0.0,0.0,0.0,0.099,0.0,0.036,0.683,0.024,0.127,0.129,puan,0,0,1,0,0,0,,26.2
c61_61,29.15271,41.10887,1.0,0.048,1.0,0.372,1.0,C,1.0,1.0,1.0,0.372,0.543,0.01,0.0,0.0,0.0,0.0,0.0,0.0,0.0,0.018,0.766,0.011,0.194,0.01,kanıt yetersiz,0,0,1,0,0,0,,
c61_62,29.15271,41.11336,0.866,0.044,0.993,0.395,0.893,C,0.893,0.888,0.845,0.395,0.467,0.014,0.0,0.003,0.001,0.0,0.0,0.0,0.0,0.022,0.615,0.022,0.323,0.018,kanıt yetersiz,0,0,1,0,0,0,,
c61_63,29.15271,41.11785,0.992,0.521,0.996,0.873,0.993,C,0.992,0.993,0.991,0.873,0.932,0.246,0.0,0.0,0.001,0.002,0.0,0.0,0.0,0.034,0.492,0.018,0.206,0.249,puan,0,0,1,0,0,0,,92.4
c62_56,29.15866,41.08642,0.969,0.091,0.997,0.462,0.977,C,0.967,0.977,0.962,0.462,0.582,0.081,0.0,0.0,0.003,0.001,0.0,0.0,0.0,0.094,0.0,0.072,0.748,0.086,kanıt yetersiz,0,0,1,0,0,0,,
c62_57,29.15866,41.09091,0.997,0.344,0.999,0.766,0.998,C,0.997,0.998,0.997,0.766,0.884,0.311,0.0,0.001,0.0,0.0,0.0,0.0,0.0,0.094,0.0,0.046,0.547,0.312,puan,0,0,1,0,0,0,,93.4
c62_58,29.15866,41.0954,1.0,0.49,1.0,0.914,1.0,C,1.0,1.0,1.0,0.914,0.959,0.467,0.0,0.0,0.0,0.0,0.0,0.0,0.0,0.044,0.004,0.023,0.463,0.467,puan,0,0,1,0,0,0,,94.5
c62_59,29.15866,41.09989,0.945,0.241,0.986,0.651,0.955,C,0.944,0.955,0.935,0.651,0.747,0.106,0.0,0.001,0.005,0.004,0.0,0.0,0.0,0.052,0.492,0.037,0.303,0.116,puan,0,0,1,0,0,0,,89.7
c62_60,29.15866,41.10438,0.962,0.103,0.996,0.421,0.971,C,0.971,0.965,0.959,0.421,0.633,0.037,0.0,0.002,0.0,0.0,0.0,0.0,0.0,0.05,0.583,0.025,0.302,0.039,kanıt yetersiz,0,0,1,0,0,0,,
c62_61,29.15866,41.10887,0.82,0.077,0.983,0.398,0.874,C,0.803,0.874,0.765,0.398,0.61,0.034,0.0,0.0,0.013,0.002,0.0,0.0,0.0,0.053,0.409,0.022,0.466,0.05,kanıt yetersiz,0,0,1,0,0,0,,
c62_62,29.15866,41.11336,0.975,0.178,0.995,0.355,0.982,C,0.973,0.982,0.968,0.355,0.697,0.02,0.0,0.0,0.001,0.0,0.0,0.0,0.0,0.037,0.848,0.01,0.084,0.021,kanıt yetersiz,0,0,1,0,0,0,,
c62_63,29.15866,41.11785,0.996,0.079,1.0,0.318,0.997,C,0.997,0.996,0.995,0.318,0.694,0.023,0.0,0.0,0.0,0.0,0.0,0.0,0.0,0.049,0.663,0.012,0.253,0.023,kanıt yetersiz,0,0,1,0,0,0,,
c63_56,29.16461,41.08642,0.986,0.248,0.997,0.695,0.991,C,0.986,0.991,0.981,0.695,0.79,0.222,0.002,0.0,0.004,0.0,0.0,0.0,0.0,0.096,0.0,0.067,0.61,0.228,puan,0,0,1,0,0,0,,91.8
c63_57,29.16461,41.09091,0.996,0.39,0.998,0.811,0.997,C,0.996,0.997,0.995,0.811,0.911,0.357,0.0,0.001,0.001,0.0,0.0,0.0,0.0,0.082,0.0,0.039,0.52,0.359,puan,0,0,1,0,0,0,,93.3
c63_58,29.16461,41.0954,0.954,0.152,0.993,0.6,0.958,C,0.957,0.958,0.949,0.6,0.768,0.134,0.0,0.002,0.001,0.005,0.0,0.0,0.0,0.084,0.023,0.041,0.71,0.142,puan,0,0,1,0,0,0,,90.0
c63_59,29.16461,41.09989,0.979,0.073,0.998,0.404,0.988,C,0.976,0.988,0.971,0.404,0.657,0.015,0.0,0.0,0.001,0.0,0.0,0.0,0.0,0.022,0.772,0.009,0.182,0.015,kanıt yetersiz,0,0,1,0,0,0,,
c63_60,29.16461,41.10438,0.992,0.253,0.998,0.428,0.993,C,0.993,0.993,0.992,0.428,0.761,0.01,0.0,0.0,0.0,0.0,0.0,0.0,0.0,0.014,0.945,0.004,0.027,0.011,kanıt yetersiz,0,0,1,0,0,0,,
c63_61,29.16461,41.10887,0.933,0.237,0.983,0.43,0.96,C,0.924,0.96,0.906,0.43,0.534,0.02,0.0,0.0,0.003,0.0,0.0,0.0,0.0,0.027,0.884,0.022,0.045,0.023,kanıt yetersiz,0,0,1,0,0,0,,
c63_62,29.16461,41.11336,1.0,1.0,1.0,0.126,1.0,C,1.0,1.0,1.0,0.126,1.0,0.002,0.0,0.0,0.0,0.0,0.0,0.0,0.0,0.011,0.988,0.0,0.0,0.002,kanıt yetersiz,0,0,1,0,0,0,,
c63_63,29.16461,41.11785,,,,,,C,,,,0.0,,0.0,0.0,0.0,0.0,0.0,0.0,0.0,0.0,0.009,0.991,0.0,0.0,0.0,kanıt yetersiz,0,0,1,0,0,0,,
c56_64,29.12296,41.12234,0.903,0.081,0.991,0.441,0.912,C,0.907,0.912,0.894,0.441,0.617,0.072,0.0,0.001,0.002,0.007,0.0,0.0,0.0,0.086,0.0,0.048,0.785,0.082,kanıt yetersiz,0,0,1,0,0,0,,
c56_65,29.12296,41.12683,0.999,0.82,0.999,0.916,1.0,A,0.999,1.0,0.999,0.916,0.99,0.27,0.0,0.0,0.0,0.0,0.0,0.0,0.0,0.024,0.646,0.003,0.056,0.27,puan,0,0,1,0,0,0,,93.8
c56_66,29.12296,41.13132,,,,,,C,,,,0.0,,0.0,0.0,0.0,0.0,0.0,0.0,0.0,0.0,0.021,0.979,0.0,0.0,0.0,kanıt yetersiz,0,0,1,0,0,0,,
c56_67,29.12296,41.13581,0.061,0.03,0.544,0.047,0.069,C,0.061,0.062,0.061,0.047,0.069,0.016,0.0,0.0,0.001,0.0,0.259,0.0,0.0,0.087,0.343,0.041,0.251,0.277,puan,979,0,2,0,0,0,0.0,8.2
c56_68,29.12296,41.1403,0.786,0.088,0.976,0.355,0.811,C,0.782,0.811,0.761,0.355,0.46,0.062,0.0,0.001,0.009,0.005,0.009,0.0,0.0,0.105,0.12,0.084,0.604,0.086,kanıt yetersiz,496,0,2,0,0,0,0.0,
c56_69,29.12296,41.14479,0.979,0.036,0.999,0.342,0.985,C,0.979,0.985,0.972,0.342,0.501,0.018,0.0,0.0,0.001,0.0,0.0,0.0,0.0,0.036,0.45,0.024,0.471,0.019,kanıt yetersiz,0,0,1,0,0,0,,
c56_70,29.12296,41.14928,0.939,0.117,0.992,0.429,0.958,C,0.935,0.958,0.92,0.429,0.615,0.032,0.0,0.0,0.003,0.0,0.0,0.0,0.0,0.043,0.67,0.024,0.228,0.036,kanıt yetersiz,0,0,1,0,0,0,,
c56_71,29.12296,41.15377,0.764,0.176,0.946,0.337,0.796,C,0.796,0.782,0.747,0.337,0.644,0.026,0.0,0.006,0.0,0.006,0.0,0.0,0.0,0.047,0.79,0.009,0.117,0.037,kanıt yetersiz,0,0,1,0,0,0,,
c57_64,29.12891,41.12234,0.935,0.052,0.996,0.227,0.953,C,0.953,0.942,0.928,0.227,0.5,0.043,0.0,0.005,0.001,0.0,0.0,0.0,0.0,0.149,0.0,0.055,0.749,0.048,kanıt yetersiz,2342,0,4,0,0,0,0.0,
c57_65,29.12891,41.12683,1.0,0.809,1.0,0.922,1.0,A,1.0,1.0,1.0,0.922,0.995,0.278,0.0,0.0,0.0,0.0,0.0,0.0,0.0,0.024,0.632,0.002,0.064,0.278,puan,0,0,1,0,0,0,,94.5
c57_66,29.12891,41.13132,,0.0,1.0,,,C,,,,0.0,,0.0,0.0,0.0,0.0,0.0,0.0,0.0,0.0,0.071,0.851,0.0,0.078,0.0,kanıt yetersiz,827,0,2,0,0,0,0.0,
c57_67,29.12891,41.13581,0.97,0.109,0.997,0.461,0.975,C,0.97,0.975,0.965,0.461,0.642,0.078,0.0,0.0,0.002,0.002,0.0,0.0,0.0,0.09,0.182,0.052,0.595,0.081,kanıt yetersiz,512,0,2,0,0,0,0.0,
c57_68,29.12891,41.1403,0.986,0.602,0.992,0.891,0.987,B,0.987,0.987,0.985,0.891,0.955,0.564,0.0,0.001,0.001,0.008,0.0,0.0,0.0,0.061,0.0,0.022,0.344,0.573,puan,0,0,1,0,0,0,,91.8
c57_69,29.12891,41.14479,0.958,0.129,0.994,0.504,0.964,C,0.959,0.964,0.952,0.504,0.649,0.078,0.0,0.001,0.002,0.003,0.0,0.0,0.0,0.075,0.307,0.049,0.486,0.083,kanıt yetersiz,0,0,1,0,0,0,,
c57_70,29.12891,41.14928,0.94,0.076,0.995,0.324,0.95,C,0.95,0.946,0.934,0.324,0.441,0.013,0.0,0.0,0.0,0.001,0.0,0.0,0.0,0.027,0.802,0.022,0.136,0.014,kanıt yetersiz,0,0,1,0,0,0,,
c57_71,29.12891,41.15377,0.926,0.154,0.988,0.395,0.943,C,0.924,0.943,0.909,0.395,0.495,0.045,0.0,0.001,0.004,0.002,0.0,0.0,0.0,0.069,0.62,0.06,0.199,0.052,kanıt yetersiz,0,0,1,0,0,0,,
c58_64,29.13486,41.12234,0.965,0.237,0.992,0.668,0.972,C,0.969,0.972,0.959,0.668,0.736,0.208,0.0,0.006,0.005,0.002,0.0,0.0,0.0,0.098,0.0,0.083,0.598,0.221,puan,1088,0,2,0,0,0,0.0,90.4
c58_65,29.13486,41.12683,0.979,0.18,0.996,0.587,0.984,C,0.978,0.984,0.974,0.587,0.711,0.07,0.0,0.0,0.002,0.0,0.0,0.0,0.0,0.049,0.553,0.033,0.292,0.073,kanıt yetersiz,0,0,1,0,0,0,,
c58_66,29.13486,41.13132,0.892,0.038,0.995,0.119,0.898,C,0.894,0.898,0.886,0.119,0.547,0.005,0.0,0.0,0.0,0.001,0.0,0.0,0.0,0.038,0.828,0.005,0.124,0.006,kanıt yetersiz,453,0,1,0,0,0,0.0,
c58_67,29.13486,41.13581,0.741,0.067,0.977,0.362,0.756,C,0.751,0.756,0.725,0.362,0.502,0.041,0.0,0.002,0.0,0.016,0.0,0.0,0.0,0.062,0.273,0.038,0.567,0.06,kanıt yetersiz,0,0,1,0,0,0,,
c58_68,29.13486,41.1403,0.91,0.298,0.971,0.717,0.916,C,0.913,0.916,0.905,0.717,0.814,0.27,0.0,0.002,0.0,0.03,0.0,0.0,0.0,0.081,0.0,0.042,0.576,0.301,puan,0,0,1,0,0,0,,88.2
c58_69,29.13486,41.14479,1.0,0.117,1.0,0.538,1.0,C,1.0,1.0,1.0,0.538,0.702,0.06,0.0,0.0,0.0,0.0,0.0,0.0,0.0,0.051,0.438,0.031,0.421,0.06,kanıt yetersiz,0,0,1,0,0,0,,
c58_70,29.13486,41.14928,0.897,0.223,0.974,0.387,0.934,C,0.885,0.934,0.86,0.387,0.703,0.01,0.0,0.0,0.002,0.0,0.0,0.0,0.0,0.017,0.931,0.004,0.035,0.013,kanıt yetersiz,0,0,1,0,0,0,,
c58_71,29.13486,41.15377,0.977,0.133,0.997,0.387,0.985,C,0.975,0.985,0.968,0.387,0.629,0.028,0.0,0.0,0.001,0.0,0.0,0.0,0.0,0.045,0.737,0.02,0.167,0.03,kanıt yetersiz,0,0,1,0,0,0,,
c59_64,29.14081,41.12234,0.971,0.452,0.987,0.755,0.976,C,0.976,0.976,0.967,0.755,0.835,0.39,0.0,0.011,0.006,0.002,0.0,0.0,0.0,0.117,0.005,0.078,0.391,0.409,puan,772,0,2,1,1,0,1.3,90.8
c59_65,29.14081,41.12683,0.962,0.072,0.997,0.354,0.975,C,0.957,0.975,0.948,0.354,0.584,0.026,0.0,0.0,0.002,0.0,0.0,0.0,0.0,0.048,0.58,0.023,0.321,0.028,kanıt yetersiz,109,0,1,0,0,0,0.0,
c59_66,29.14081,41.13132,1.0,0.078,1.0,0.283,1.0,C,1.0,1.0,1.0,0.283,0.626,0.008,0.0,0.0,0.0,0.0,0.0,0.0,0.0,0.02,0.877,0.006,0.089,0.008,kanıt yetersiz,0,0,1,0,0,0,,
c59_67,29.14081,41.13581,0.702,0.076,0.968,0.34,0.72,C,0.708,0.72,0.683,0.34,0.505,0.031,0.0,0.0,0.0,0.016,0.0,0.0,0.0,0.051,0.504,0.025,0.372,0.048,kanıt yetersiz,0,0,1,0,0,0,,
c59_68,29.14081,41.1403,0.952,0.486,0.975,0.848,0.955,C,0.952,0.955,0.948,0.848,0.91,0.453,0.0,0.0,0.002,0.025,0.0,0.0,0.0,0.059,0.0,0.026,0.435,0.481,puan,0,0,1,0,0,0,,90.0
c59_69,29.14081,41.14479,0.988,0.171,0.998,0.665,0.989,C,0.988,0.989,0.987,0.665,0.707,0.052,0.0,0.0,0.0,0.001,0.0,0.0,0.0,0.026,0.669,0.026,0.227,0.053,kanıt yetersiz,0,0,1,0,0,0,,
c59_70,29.14081,41.14928,1.0,0.088,1.0,0.334,1.0,C,1.0,1.0,1.0,0.334,0.75,0.014,0.0,0.0,0.0,0.0,0.0,0.0,0.0,0.028,0.814,0.006,0.139,0.014,kanıt yetersiz,0,0,1,0,0,0,,
c59_71,29.14081,41.15377,0.904,0.153,0.984,0.301,0.909,C,0.906,0.909,0.898,0.301,0.504,0.013,0.0,0.0,0.0,0.002,0.0,0.0,0.0,0.03,0.881,0.016,0.058,0.015,kanıt yetersiz,0,0,1,0,0,0,,
c60_64,29.14676,41.12234,0.969,0.467,0.985,0.721,0.981,C,0.966,0.981,0.958,0.721,0.901,0.232,0.0,0.001,0.014,0.0,0.0,0.0,0.0,0.085,0.401,0.022,0.244,0.247,puan,0,0,1,0,0,0,,90.8
c60_65,29.14676,41.12683,0.634,0.065,0.963,0.306,0.638,C,0.633,0.638,0.629,0.306,0.501,0.032,0.0,0.0,0.001,0.001,0.017,0.0,0.0,0.054,0.447,0.018,0.43,0.051,kanıt yetersiz,556,0,2,0,0,0,0.0,
c60_66,29.14676,41.13132,0.695,0.049,0.978,0.331,0.713,C,0.705,0.713,0.678,0.331,0.585,0.021,0.0,0.001,0.0,0.011,0.0,0.0,0.0,0.036,0.502,0.008,0.421,0.033,kanıt yetersiz,0,0,1,0,0,0,,
c60_67,29.14676,41.13581,0.73,0.038,0.986,0.337,0.745,C,0.736,0.745,0.715,0.337,0.489,0.032,0.0,0.0,0.0,0.014,0.0,0.0,0.0,0.054,0.046,0.031,0.823,0.046,kanıt yetersiz,0,0,1,0,0,0,,
c60_68,29.14676,41.1403,0.651,0.072,0.961,0.386,0.68,C,0.662,0.68,0.622,0.386,0.542,0.058,0.001,0.004,0.005,0.035,0.0,0.0,0.0,0.07,0.0,0.027,0.8,0.102,puan,0,0,1,0,0,0,,74.3
c60_69,29.14676,41.14479,0.776,0.06,0.983,0.364,0.803,C,0.777,0.803,0.749,0.364,0.478,0.04,0.0,0.001,0.005,0.011,0.0,0.0,0.0,0.064,0.206,0.048,0.626,0.056,kanıt yetersiz,0,0,1,0,0,0,,
c60_70,29.14676,41.14928,0.927,0.098,0.992,0.26,0.95,C,0.95,0.933,0.921,0.26,0.647,0.013,0.0,0.002,0.0,0.0,0.0,0.0,0.0,0.037,0.828,0.008,0.113,0.014,kanıt yetersiz,0,0,1,0,0,0,,
c60_71,29.14676,41.15377,1.0,0.212,1.0,0.285,1.0,C,1.0,1.0,1.0,0.285,1.0,0.015,0.0,0.0,0.0,0.0,0.0,0.0,0.0,0.037,0.894,0.0,0.054,0.015,kanıt yetersiz,0,0,1,0,0,0,,
c61_64,29.15271,41.12234,0.964,0.23,0.991,0.56,0.968,C,0.965,0.968,0.96,0.56,0.778,0.089,0.0,0.0,0.001,0.003,0.0,0.0,0.0,0.067,0.54,0.027,0.273,0.094,kanıt yetersiz,0,0,1,0,0,0,,
c61_65,29.15271,41.12683,0.645,0.07,0.962,0.306,0.651,C,0.643,0.651,0.639,0.306,0.49,0.03,0.0,0.0,0.001,0.0,0.016,0.0,0.0,0.053,0.502,0.02,0.376,0.048,kanıt yetersiz,329,0,2,0,0,0,0.0,
c61_66,29.15271,41.13132,0.972,0.079,0.998,0.38,0.979,C,0.975,0.979,0.966,0.38,0.595,0.044,0.0,0.001,0.001,0.0,0.0,0.0,0.0,0.072,0.358,0.037,0.486,0.046,kanıt yetersiz,721,0,2,1,1,0,1.4,
c61_67,29.15271,41.13581,0.948,0.021,0.999,0.375,0.955,C,0.955,0.952,0.945,0.375,0.498,0.02,0.0,0.001,0.0,0.001,0.0,0.0,0.0,0.033,0.009,0.026,0.912,0.021,kanıt yetersiz,200,0,2,0,0,0,0.0,
c61_68,29.15271,41.1403,0.775,0.037,0.989,0.364,0.788,C,0.782,0.788,0.762,0.364,0.624,0.033,0.0,0.001,0.0,0.011,0.0,0.0,0.0,0.051,0.0,0.014,0.891,0.045,kanıt yetersiz,0,0,1,0,0,0,,
c61_69,29.15271,41.14479,0.827,0.04,0.992,0.369,0.838,C,0.833,0.838,0.816,0.369,0.527,0.037,0.0,0.001,0.0,0.008,0.0,0.0,0.0,0.057,0.0,0.034,0.863,0.046,kanıt yetersiz,0,0,1,0,0,0,,
c61_70,29.15271,41.14928,1.0,0.047,1.0,0.283,1.0,C,1.0,1.0,1.0,0.283,0.635,0.017,0.0,0.0,0.0,0.0,0.0,0.0,0.0,0.042,0.6,0.012,0.329,0.017,kanıt yetersiz,0,0,1,0,0,0,,
c61_71,29.15271,41.15377,1.0,0.216,1.0,0.334,1.0,C,1.0,1.0,1.0,0.334,1.0,0.014,0.0,0.0,0.0,0.0,0.0,0.0,0.0,0.028,0.907,0.0,0.051,0.014,kanıt yetersiz,0,0,1,0,0,0,,
c62_64,29.15866,41.12234,0.929,0.192,0.985,0.355,0.958,C,0.919,0.958,0.901,0.355,0.682,0.007,0.0,0.0,0.001,0.0,0.0,0.0,0.0,0.014,0.945,0.004,0.029,0.008,kanıt yetersiz,0,0,1,0,0,0,,
c62_65,29.15866,41.12683,0.849,0.094,0.983,0.434,0.865,C,0.865,0.863,0.834,0.434,0.571,0.053,0.0,0.006,0.002,0.006,0.0,0.0,0.0,0.064,0.335,0.042,0.493,0.067,kanıt yetersiz,0,0,1,0,0,0,,
c62_66,29.15866,41.13132,0.861,0.093,0.985,0.267,0.869,C,0.863,0.869,0.853,0.267,0.608,0.013,0.0,0.0,0.0,0.002,0.0,0.0,0.0,0.033,0.828,0.008,0.116,0.015,kanıt yetersiz,0,0,1,0,0,0,,
c62_67,29.15866,41.13581,0.987,0.117,0.998,0.328,0.992,C,0.985,0.992,0.981,0.328,0.87,0.013,0.0,0.0,0.0,0.0,0.0,0.0,0.0,0.028,0.856,0.002,0.1,0.014,kanıt yetersiz,332,0,2,1,1,0,3.0,
c62_68,29.15866,41.1403,1.0,0.048,1.0,0.377,1.0,C,1.0,1.0,1.0,0.377,0.749,0.035,0.0,0.0,0.0,0.0,0.0,0.0,0.0,0.058,0.207,0.014,0.686,0.035,kanıt yetersiz,484,0,2,0,0,0,0.0,
c62_69,29.15866,41.14479,0.656,0.035,0.982,0.34,0.678,C,0.664,0.678,0.634,0.34,0.489,0.03,0.0,0.001,0.001,0.019,0.0,0.0,0.0,0.047,0.0,0.023,0.879,0.051,kanıt yetersiz,0,0,1,0,0,0,,
c62_70,29.15866,41.14928,0.985,0.028,1.0,0.385,0.991,C,0.983,0.991,0.979,0.385,0.638,0.014,0.0,0.0,0.0,0.0,0.0,0.0,0.0,0.022,0.489,0.009,0.466,0.014,kanıt yetersiz,0,0,1,0,0,0,,
c62_71,29.15866,41.15377,1.0,0.103,1.0,0.324,1.0,C,1.0,1.0,1.0,0.324,0.531,0.012,0.0,0.0,0.0,0.0,0.0,0.0,0.0,0.025,0.857,0.014,0.092,0.012,kanıt yetersiz,0,0,1,0,0,0,,
c63_64,29.16461,41.12234,,,,,,C,,,,0.0,,0.0,0.0,0.0,0.0,0.0,0.0,0.0,0.0,0.005,0.995,0.0,0.0,0.0,kanıt yetersiz,0,0,1,0,0,0,,
c63_65,29.16461,41.12683,,0.0,1.0,,,C,,,,0.0,0.125,0.0,0.0,0.0,0.0,0.0,0.0,0.0,0.0,0.004,0.991,0.001,0.004,0.0,kanıt yetersiz,0,0,1,0,0,0,,
c63_66,29.16461,41.13132,0.797,0.044,0.989,0.289,0.81,C,0.806,0.81,0.784,0.289,0.388,0.014,0.0,0.001,0.0,0.004,0.0,0.0,0.0,0.032,0.638,0.028,0.283,0.018,kanıt yetersiz,0,0,1,0,0,0,,
c63_67,29.16461,41.13581,0.973,0.07,0.998,0.392,0.975,C,0.975,0.975,0.972,0.392,0.573,0.034,0.0,0.0,0.0,0.001,0.0,0.0,0.0,0.052,0.462,0.031,0.419,0.035,kanıt yetersiz,0,0,1,0,0,0,,
c63_68,29.16461,41.1403,0.899,0.088,0.99,0.348,0.911,C,0.898,0.911,0.887,0.348,0.692,0.014,0.0,0.0,0.001,0.002,0.0,0.0,0.0,0.026,0.804,0.006,0.147,0.017,kanıt yetersiz,356,0,2,1,1,0,2.8,
c63_69,29.16461,41.14479,0.984,0.043,0.999,0.412,0.985,C,0.985,0.985,0.984,0.412,0.628,0.039,0.0,0.0,0.0,0.001,0.0,0.0,0.0,0.055,0.039,0.028,0.838,0.04,kanıt yetersiz,499,0,2,1,1,0,2.0,
c63_70,29.16461,41.14928,0.992,0.062,1.0,0.388,0.995,C,0.991,0.995,0.989,0.388,0.588,0.041,0.0,0.0,0.001,0.0,0.0,0.0,0.0,0.065,0.263,0.036,0.594,0.042,kanıt yetersiz,0,0,1,0,0,0,,
c63_71,29.16461,41.15377,1.0,0.12,1.0,0.323,1.0,C,1.0,1.0,1.0,0.323,0.797,0.013,0.0,0.0,0.0,0.0,0.0,0.0,0.0,0.028,0.862,0.004,0.093,0.013,kanıt yetersiz,0,0,1,0,0,0,,
c56_72,29.12296,41.15826,1.0,0.341,1.0,0.292,1.0,C,1.0,1.0,1.0,0.292,0.917,0.009,0.0,0.0,0.0,0.0,0.0,0.0,0.0,0.021,0.953,0.001,0.016,0.009,kanıt yetersiz,0,0,1,0,0,0,,
c56_73,29.12296,41.16275,1.0,0.692,1.0,0.246,1.0,C,1.0,1.0,1.0,0.246,0.73,0.006,0.0,0.0,0.0,0.0,0.0,0.0,0.0,0.017,0.974,0.003,0.0,0.006,kanıt yetersiz,0,0,1,0,0,0,,
c56_74,29.12296,41.16724,0.145,0.096,0.429,0.062,0.202,B,0.124,0.202,0.087,0.062,0.138,0.0,0.0,0.0,0.0,0.0,0.001,0.0,0.0,0.002,0.995,0.001,0.0,0.002,kanıt yetersiz,0,0,1,0,0,0,,
c56_75,29.12296,41.17173,0.159,0.158,0.167,0.126,0.167,A,0.157,0.167,0.152,0.126,0.159,0.015,0.0,0.0,0.004,0.0,0.087,0.0,0.0,0.028,0.865,0.001,0.0,0.105,puan,0,0,1,0,0,0,,10.8
c56_76,29.12296,41.17622,0.001,0.001,0.001,0.001,0.001,A,0.001,0.001,0.001,0.001,0.001,0.001,0.0,0.0,0.0,0.0,0.978,0.0,0.0,0.005,0.016,0.0,0.0,0.979,puan,0,0,1,0,0,0,,5.0
c56_77,29.12296,41.18071,0.0,0.0,0.0,0.0,0.0,A,0.0,0.0,0.0,0.0,0.0,0.0,0.0,0.0,0.0,0.0,1.0,0.0,0.0,0.0,0.0,0.0,0.0,1.0,puan,0,0,1,0,0,0,,0.0
c56_78,29.12296,41.1852,0.0,0.0,0.0,0.0,0.0,A,0.0,0.0,0.0,0.0,0.0,0.0,0.0,0.0,0.0,0.0,1.0,0.0,0.0,0.0,0.0,0.0,0.0,1.0,puan,0,0,1,0,0,0,,0.0
c56_79,29.12296,41.18969,0.0,0.0,0.0,0.0,0.0,A,0.0,0.0,0.0,0.0,0.0,0.0,0.0,0.0,0.0,0.0,1.0,0.0,0.0,0.0,0.0,0.0,0.0,1.0,puan,0,0,1,0,0,0,,0.0
c57_72,29.12891,41.15826,0.989,0.166,0.998,0.309,0.993,C,0.987,0.993,0.984,0.309,0.542,0.016,0.0,0.0,0.0,0.0,0.0,0.0,0.0,0.035,0.87,0.017,0.062,0.016,kanıt yetersiz,0,0,1,0,0,0,,
c57_73,29.12891,41.16275,1.0,0.95,1.0,0.28,1.0,C,1.0,1.0,1.0,0.28,0.956,0.006,0.0,0.0,0.0,0.0,0.0,0.0,0.0,0.015,0.979,0.0,0.0,0.006,kanıt yetersiz,0,0,1,0,0,0,,
c57_74,29.12891,41.16724,1.0,0.965,1.0,0.354,1.0,C,1.0,1.0,1.0,0.354,0.97,0.02,0.0,0.0,0.0,0.0,0.0,0.0,0.0,0.037,0.942,0.001,0.0,0.02,kanıt yetersiz,0,0,1,0,0,0,,
c57_75,29.12891,41.17173,0.058,0.058,0.058,0.049,0.058,A,0.058,0.058,0.058,0.049,0.058,0.002,0.0,0.0,0.0,0.0,0.03,0.0,0.0,0.006,0.963,0.0,0.0,0.031,kanıt yetersiz,0,0,1,0,0,0,,
c57_76,29.12891,41.17622,0.0,0.0,0.0,0.0,0.0,A,0.0,0.0,0.0,0.0,0.0,0.0,0.0,0.0,0.0,0.0,0.273,0.0,0.0,0.007,0.721,0.0,0.0,0.273,puan,0,0,1,0,0,0,,0.0
c57_77,29.12891,41.18071,0.0,0.0,0.0,0.0,0.0,A,0.0,0.0,0.0,0.0,0.0,0.0,0.0,0.0,0.0,0.0,0.433,0.0,0.0,0.006,0.561,0.0,0.0,0.433,puan,0,0,1,0,0,0,,0.0
c57_78,29.12891,41.1852,0.0,0.0,0.0,0.0,0.0,A,0.0,0.0,0.0,0.0,0.0,0.0,0.0,0.0,0.0,0.0,0.5,0.0,0.0,0.002,0.497,0.0,0.0,0.5,puan,0,0,1,0,0,0,,0.0
c57_79,29.12891,41.18969,0.0,0.0,0.0,0.0,0.0,A,0.0,0.0,0.0,0.0,0.0,0.0,0.0,0.0,0.0,0.0,0.395,0.0,0.0,0.004,0.601,0.0,0.0,0.395,puan,0,0,1,0,0,0,,0.0
c58_72,29.13486,41.15826,1.0,0.172,1.0,0.351,1.0,C,1.0,1.0,1.0,0.351,0.576,0.019,0.0,0.0,0.0,0.0,0.0,0.0,0.0,0.034,0.858,0.017,0.071,0.019,kanıt yetersiz,0,0,1,0,0,0,,
c58_73,29.13486,41.16275,0.091,0.082,0.185,0.053,0.095,A,0.091,0.091,0.091,0.053,0.095,0.002,0.0,0.0,0.0,0.0,0.018,0.0,0.0,0.014,0.963,0.002,0.0,0.02,kanıt yetersiz,0,0,1,0,0,0,,
c58_74,29.13486,41.16724,0.118,0.118,0.118,0.099,0.118,A,0.118,0.118,0.118,0.099,0.118,0.002,0.0,0.0,0.0,0.0,0.015,0.0,0.0,0.003,0.979,0.0,0.0,0.017,kanıt yetersiz,0,0,1,0,0,0,,
c58_75,29.13486,41.17173,1.0,1.0,1.0,0.385,1.0,C,1.0,1.0,1.0,0.385,1.0,0.015,0.0,0.0,0.0,0.0,0.0,0.0,0.0,0.025,0.96,0.0,0.0,0.015,kanıt yetersiz,0,0,1,0,0,0,,
c58_76,29.13486,41.17622,1.0,1.0,1.0,0.174,1.0,C,1.0,1.0,1.0,0.174,1.0,0.001,0.0,0.0,0.0,0.0,0.0,0.0,0.0,0.007,0.992,0.0,0.0,0.001,kanıt yetersiz,0,0,1,0,0,0,,
c58_77,29.13486,41.18071,,,,,,C,,,,0.0,,0.0,0.0,0.0,0.0,0.0,0.0,0.0,0.0,0.006,0.994,0.0,0.0,0.0,kanıt yetersiz,0,0,1,0,0,0,,
c58_78,29.13486,41.1852,,,,,,C,,,,0.0,,0.0,0.0,0.0,0.0,0.0,0.0,0.0,0.0,0.001,0.999,0.0,0.0,0.0,kanıt yetersiz,0,0,1,0,0,0,,
c58_79,29.13486,41.18969,,0.0,1.0,,,C,,,,0.0,0.125,0.0,0.0,0.0,0.0,0.0,0.0,0.0,0.0,0.003,0.996,0.0,0.0,0.0,kanıt yetersiz,0,0,1,0,0,0,,
c59_72,29.14081,41.15826,1.0,0.029,1.0,0.39,1.0,C,1.0,1.0,1.0,0.39,0.396,0.002,0.0,0.0,0.0,0.0,0.0,0.0,0.0,0.003,0.942,0.004,0.05,0.002,kanıt yetersiz,0,0,1,0,0,0,,
c59_73,29.14081,41.16275,0.969,0.663,0.979,0.38,0.971,C,0.97,0.971,0.967,0.38,0.702,0.015,0.0,0.0,0.0,0.001,0.0,0.0,0.0,0.024,0.953,0.007,0.0,0.015,kanıt yetersiz,0,0,1,0,0,0,,
c59_74,29.14081,41.16724,1.0,0.969,1.0,0.367,1.0,C,1.0,1.0,1.0,0.367,0.973,0.011,0.0,0.0,0.0,0.0,0.0,0.0,0.0,0.019,0.969,0.0,0.0,0.011,kanıt yetersiz,0,0,1,0,0,0,,
c59_75,29.14081,41.17173,1.0,1.0,1.0,0.333,1.0,C,1.0,1.0,1.0,0.333,1.0,0.001,0.0,0.0,0.0,0.0,0.0,0.0,0.0,0.001,0.998,0.0,0.0,0.001,kanıt yetersiz,0,0,1,0,0,0,,
c59_76,29.14081,41.17622,1.0,0.986,1.0,0.368,1.0,C,1.0,1.0,1.0,0.368,0.987,0.022,0.0,0.0,0.0,0.0,0.0,0.0,0.0,0.037,0.941,0.0,0.0,0.022,kanıt yetersiz,0,0,1,0,0,0,,
c59_77,29.14081,41.18071,1.0,1.0,1.0,0.42,1.0,C,1.0,1.0,1.0,0.42,1.0,0.012,0.0,0.0,0.0,0.0,0.0,0.0,0.0,0.016,0.972,0.0,0.0,0.012,kanıt yetersiz,0,0,1,0,0,0,,
c59_78,29.14081,41.1852,1.0,0.921,1.0,0.363,1.0,C,1.0,1.0,1.0,0.363,0.931,0.005,0.0,0.0,0.0,0.0,0.0,0.0,0.0,0.009,0.985,0.0,0.0,0.005,kanıt yetersiz,0,0,1,0,0,0,,
c59_79,29.14081,41.18969,1.0,0.729,1.0,0.325,1.0,C,1.0,1.0,1.0,0.325,0.763,0.007,0.0,0.0,0.0,0.0,0.0,0.0,0.0,0.014,0.976,0.003,0.0,0.007,kanıt yetersiz,0,0,1,0,0,0,,
c60_72,29.14676,41.15826,,,,,,C,,,,0.0,,0.0,0.0,0.0,0.0,0.0,0.0,0.0,0.0,0.006,0.994,0.0,0.0,0.0,kanıt yetersiz,0,0,1,0,0,0,,
c60_73,29.14676,41.16275,,0.0,1.0,,,C,,,,0.0,0.125,0.0,0.0,0.0,0.0,0.0,0.0,0.0,0.0,0.022,0.976,0.002,0.0,0.0,kanıt yetersiz,0,0,1,0,0,0,,
c60_74,29.14676,41.16724,1.0,0.862,1.0,0.189,1.0,C,1.0,1.0,1.0,0.189,0.879,0.003,0.0,0.0,0.0,0.0,0.0,0.0,0.0,0.011,0.985,0.0,0.0,0.003,kanıt yetersiz,0,0,1,0,0,0,,
c60_75,29.14676,41.17173,0.22,0.216,0.237,0.176,0.265,A,0.236,0.265,0.176,0.183,0.218,0.014,0.0,0.0,0.0,0.0,0.0,0.117,0.0,0.026,0.839,0.003,0.0,0.131,puan,0,0,1,0,0,0,,14.0
c60_76,29.14676,41.17622,1.0,0.705,1.0,0.353,1.0,C,1.0,1.0,1.0,0.353,0.742,0.013,0.0,0.0,0.0,0.0,0.0,0.0,0.0,0.023,0.958,0.005,0.0,0.013,kanıt yetersiz,0,0,1,0,0,0,,
c60_77,29.14676,41.18071,,0.0,1.0,,,C,,,,0.0,0.125,0.0,0.0,0.0,0.0,0.0,0.0,0.0,0.0,0.006,0.994,0.0,0.0,0.0,kanıt yetersiz,0,0,1,0,0,0,,
c60_78,29.14676,41.1852,1.0,0.993,1.0,0.325,1.0,C,1.0,1.0,1.0,0.325,0.994,0.008,0.0,0.0,0.0,0.0,0.0,0.0,0.0,0.016,0.976,0.0,0.0,0.008,kanıt yetersiz,0,0,1,0,0,0,,
c60_79,29.14676,41.18969,0.92,0.859,0.925,0.333,0.93,C,0.93,0.923,0.918,0.333,0.868,0.019,0.0,0.001,0.0,0.0,0.001,0.0,0.0,0.037,0.94,0.002,0.0,0.021,kanıt yetersiz,0,0,1,0,0,0,,
c61_72,29.15271,41.15826,1.0,0.334,1.0,0.318,1.0,C,1.0,1.0,1.0,0.318,0.418,0.001,0.0,0.0,0.0,0.0,0.0,0.0,0.0,0.002,0.995,0.002,0.0,0.001,kanıt yetersiz,0,0,1,0,0,0,,
c61_73,29.15271,41.16275,,,,,,C,,,,,,0.0,0.0,0.0,0.0,0.0,0.0,0.0,0.0,0.0,1.0,0.0,0.0,0.0,kanıt yetersiz,0,0,1,0,0,0,,
c61_74,29.15271,41.16724,,,,,,C,,,,0.0,,0.0,0.0,0.0,0.0,0.0,0.0,0.0,0.0,0.004,0.996,0.0,0.0,0.0,kanıt yetersiz,0,0,1,0,0,0,,
c61_75,29.15271,41.17173,,,,,,C,,,,0.0,,0.0,0.0,0.0,0.0,0.0,0.0,0.0,0.0,0.0,1.0,0.0,0.0,0.0,kanıt yetersiz,0,0,1,0,0,0,,
c61_76,29.15271,41.17622,1.0,0.757,1.0,0.385,1.0,C,1.0,1.0,1.0,0.385,0.787,0.008,0.0,0.0,0.0,0.0,0.0,0.0,0.0,0.013,0.976,0.003,0.0,0.008,kanıt yetersiz,0,0,1,0,0,0,,
c61_77,29.15271,41.18071,1.0,0.957,1.0,0.727,1.0,C,1.0,1.0,1.0,0.727,0.963,0.03,0.0,0.0,0.0,0.0,0.0,0.0,0.0,0.011,0.957,0.001,0.0,0.03,kanıt yetersiz,0,0,1,0,0,0,,
c61_78,29.15271,41.1852,,,,,,C,,,,0.0,,0.0,0.0,0.0,0.0,0.0,0.0,0.0,0.0,0.005,0.995,0.0,0.0,0.0,kanıt yetersiz,0,0,1,0,0,0,,
c61_79,29.15271,41.18969,,,,,,C,,,,,,0.0,0.0,0.0,0.0,0.0,0.0,0.0,0.0,0.0,1.0,0.0,0.0,0.0,kanıt yetersiz,0,0,1,0,0,0,,
c62_72,29.15866,41.15826,,0.0,1.0,,,C,,,,,0.125,0.0,0.0,0.0,0.0,0.0,0.0,0.0,0.0,0.0,0.999,0.001,0.0,0.0,kanıt yetersiz,0,0,1,0,0,0,,
c62_73,29.15866,41.16275,,,,,,C,,,,,,0.0,0.0,0.0,0.0,0.0,0.0,0.0,0.0,0.0,1.0,0.0,0.0,0.0,kanıt yetersiz,0,0,1,0,0,0,,
c62_74,29.15866,41.16724,,,,,,C,,,,,,0.0,0.0,0.0,0.0,0.0,0.0,0.0,0.0,0.0,1.0,0.0,0.0,0.0,kanıt yetersiz,0,0,1,0,0,0,,
c62_75,29.15866,41.17173,0.187,0.178,0.225,0.14,0.233,A,0.203,0.233,0.14,0.168,0.184,0.007,0.0,0.0,0.0,0.0,0.0,0.094,0.0,0.011,0.883,0.005,0.0,0.101,puan,0,0,1,0,0,0,,12.0
c62_76,29.15866,41.17622,0.211,0.179,0.334,0.166,0.257,A,0.228,0.257,0.166,0.175,0.198,0.01,0.0,0.0,0.0,0.0,0.0,0.09,0.0,0.021,0.86,0.018,0.0,0.1,puan,0,0,1,0,0,0,,13.5
c62_77,29.15866,41.18071,0.325,0.304,0.369,0.283,0.364,A,0.343,0.364,0.286,0.283,0.312,0.074,0.0,0.007,0.001,0.0,0.0,0.252,0.0,0.05,0.592,0.023,0.0,0.334,puan,0,0,1,0,0,0,,26.4
c62_78,29.15866,41.1852,0.631,0.504,0.706,0.121,0.652,C,0.639,0.652,0.61,0.121,0.529,0.001,0.0,0.0,0.0,0.0,0.0,0.001,0.0,0.009,0.989,0.001,0.0,0.002,kanıt yetersiz,0,0,1,0,0,0,,
c62_79,29.15866,41.18969,,,,,,C,,,,0.0,,0.0,0.0,0.0,0.0,0.0,0.0,0.0,0.0,0.003,0.997,0.0,0.0,0.0,kanıt yetersiz,0,0,1,0,0,0,,
c63_72,29.16461,41.15826,1.0,0.317,1.0,0.375,1.0,C,1.0,1.0,1.0,0.375,0.742,0.003,0.0,0.0,0.0,0.0,0.0,0.0,0.0,0.006,0.983,0.001,0.006,0.003,kanıt yetersiz,0,0,1,0,0,0,,
c63_73,29.16461,41.16275,,,,,,C,,,,,,0.0,0.0,0.0,0.0,0.0,0.0,0.0,0.0,0.0,1.0,0.0,0.0,0.0,kanıt yetersiz,0,0,1,0,0,0,,
c63_74,29.16461,41.16724,0.335,0.295,0.414,0.246,0.373,B,0.349,0.373,0.297,0.246,0.31,0.0,0.0,0.0,0.0,0.0,0.0,0.001,0.0,0.0,0.998,0.0,0.0,0.001,kanıt yetersiz,0,0,1,0,0,0,,
c63_75,29.16461,41.17173,0.273,0.245,0.349,0.212,0.315,B,0.288,0.315,0.232,0.212,0.258,0.018,0.0,0.0,0.0,0.0,0.0,0.088,0.0,0.031,0.851,0.012,0.0,0.106,puan,0,0,1,0,0,0,,18.8
c63_76,29.16461,41.17622,0.177,0.164,0.237,0.13,0.224,A,0.194,0.224,0.13,0.156,0.173,0.011,0.0,0.0,0.0,0.001,0.0,0.171,0.0,0.025,0.777,0.015,0.0,0.183,puan,0,0,1,0,0,0,,11.4
c63_77,29.16461,41.18071,0.19,0.18,0.234,0.144,0.236,A,0.207,0.236,0.144,0.171,0.186,0.031,0.0,0.0,0.0,0.0,0.0,0.384,0.0,0.046,0.514,0.024,0.0,0.415,puan,0,0,1,0,0,0,,12.3
c63_78,29.16461,41.1852,0.224,0.201,0.305,0.179,0.27,A,0.24,0.27,0.179,0.191,0.214,0.026,0.0,0.0,0.001,0.0,0.0,0.205,0.0,0.04,0.701,0.027,0.0,0.232,puan,0,0,1,0,0,0,,14.2
c63_79,29.16461,41.18969,0.198,0.182,0.264,0.152,0.244,A,0.214,0.244,0.152,0.169,0.192,0.013,0.0,0.0,0.0,0.0,0.0,0.141,0.0,0.026,0.806,0.014,0.0,0.154,puan,0,0,1,0,0,0,,12.7
c64_80,29.17056,41.19418,1.0,0.357,1.0,0.455,1.0,C,1.0,1.0,1.0,0.455,0.819,0.004,0.0,0.0,0.0,0.0,0.0,0.0,0.0,0.005,0.984,0.001,0.006,0.004,kanıt yetersiz,0,0,1,0,0,0,,
c64_81,29.17056,41.19867,0.365,0.081,0.859,0.17,0.403,C,0.379,0.403,0.328,0.17,0.335,0.021,0.0,0.001,0.001,0.0,0.0,0.056,0.0,0.091,0.555,0.011,0.265,0.079,kanıt yetersiz,721,0,1,0,0,0,0.0,
c64_82,29.17056,41.20316,0.216,0.03,0.893,0.171,0.261,C,0.234,0.261,0.171,0.18,0.206,0.008,0.0,0.001,0.0,0.0,0.0,0.071,0.0,0.016,0.401,0.011,0.493,0.08,kanıt yetersiz,0,0,1,0,0,0,,
c64_83,29.17056,41.20765,,0.0,1.0,,,C,,,,0.0,0.125,0.0,0.0,0.0,0.0,0.0,0.0,0.0,0.0,0.006,0.773,0.0,0.221,0.0,kanıt yetersiz,0,0,1,0,0,0,,
c64_84,29.17056,41.21214,,0.0,1.0,,,C,,,,,,0.0,0.0,0.0,0.0,0.0,0.0,0.0,0.0,0.0,0.542,0.0,0.458,0.0,kanıt yetersiz,0,0,1,0,0,0,,
c64_85,29.17056,41.21663,0.056,0.0,0.997,0.009,0.122,C,0.056,0.056,0.056,0.009,0.122,0.0,0.0,0.0,0.0,0.0,0.001,0.0,0.0,0.005,0.725,0.021,0.248,0.001,kanıt yetersiz,0,0,1,0,0,0,,
c64_86,29.17056,41.22112,1.0,0.052,1.0,0.587,1.0,C,1.0,1.0,1.0,0.587,0.852,0.005,0.0,0.0,0.0,0.0,0.0,0.0,0.014,0.014,0.608,0.004,0.355,0.02,kanıt yetersiz,0,0,1,0,0,0,,
c65_80,29.17651,41.19418,1.0,0.04,1.0,0.025,1.0,C,1.0,1.0,1.0,0.025,1.0,0.001,0.0,0.0,0.0,0.0,0.0,0.0,0.0,0.035,0.942,0.0,0.022,0.001,kanıt yetersiz,511,0,3,0,0,0,0.0,
c65_81,29.17651,41.19867,1.0,0.429,1.0,0.469,1.0,C,1.0,1.0,1.0,0.469,0.99,0.049,0.0,0.0,0.0,0.0,0.0,0.0,0.0,0.055,0.831,0.001,0.064,0.049,kanıt yetersiz,555,0,3,0,0,0,0.0,
c65_82,29.17651,41.20316,1.0,0.03,1.0,0.378,1.0,C,1.0,1.0,1.0,0.378,0.944,0.017,0.0,0.0,0.0,0.0,0.0,0.0,0.0,0.028,0.416,0.001,0.538,0.017,kanıt yetersiz,0,0,1,0,0,0,,
c65_83,29.17651,41.20765,1.0,0.014,1.0,0.319,1.0,C,1.0,1.0,1.0,0.319,0.863,0.008,0.0,0.0,0.0,0.0,0.0,0.0,0.0,0.017,0.394,0.001,0.579,0.008,kanıt yetersiz,0,0,1,0,0,0,,
c65_84,29.17651,41.21214,1.0,0.013,1.0,0.224,1.0,C,1.0,1.0,1.0,0.224,0.658,0.005,0.0,0.0,0.0,0.0,0.0,0.0,0.0,0.017,0.62,0.003,0.355,0.005,kanıt yetersiz,0,0,1,0,0,0,,
c65_85,29.17651,41.21663,,0.0,1.0,,,C,,,,0.0,0.125,0.0,0.0,0.0,0.0,0.0,0.0,0.0,0.0,0.004,0.773,0.001,0.223,0.0,kanıt yetersiz,0,0,1,0,0,0,,
c65_86,29.17651,41.22112,1.0,0.58,1.0,0.905,1.0,C,1.0,1.0,1.0,0.905,1.0,0.0,0.0,0.0,0.0,0.0,0.0,0.0,0.121,0.013,0.778,0.0,0.088,0.121,puan,0,0,1,0,0,0,,94.5
c66_80,29.18246,41.19418,1.0,0.226,1.0,0.189,1.0,C,1.0,1.0,1.0,0.189,0.985,0.018,0.0,0.0,0.0,0.0,0.0,0.0,0.0,0.077,0.844,0.0,0.061,0.018,kanıt yetersiz,1199,0,3,0,0,0,0.0,
c66_81,29.18246,41.19867,0.988,0.766,0.991,0.507,0.989,C,0.988,0.989,0.987,0.507,0.883,0.018,0.0,0.0,0.0,0.0,0.0,0.0,0.0,0.017,0.96,0.003,0.003,0.018,kanıt yetersiz,0,0,1,0,0,0,,
c66_82,29.18246,41.20316,0.77,0.063,0.981,0.303,0.783,C,0.776,0.783,0.756,0.303,0.546,0.014,0.0,0.0,0.0,0.005,0.0,0.0,0.0,0.029,0.74,0.01,0.202,0.019,kanıt yetersiz,0,0,1,0,0,0,,
c66_83,29.18246,41.20765,1.0,0.014,1.0,0.193,1.0,C,1.0,1.0,1.0,0.193,0.741,0.006,0.0,0.0,0.0,0.0,0.0,0.0,0.0,0.025,0.557,0.002,0.409,0.006,kanıt yetersiz,0,0,1,0,0,0,,
c66_84,29.18246,41.21214,,0.0,1.0,,,C,,,,0.0,0.125,0.0,0.0,0.0,0.0,0.0,0.0,0.0,0.0,0.008,0.878,0.0,0.114,0.0,kanıt yetersiz,0,0,1,0,0,0,,
c66_85,29.18246,41.21663,,0.0,1.0,,,C,,,,,0.125,0.0,0.0,0.0,0.0,0.0,0.0,0.0,0.0,0.0,0.697,0.0,0.303,0.0,kanıt yetersiz,0,0,1,0,0,0,,
c66_86,29.18246,41.22112,1.0,0.427,1.0,0.998,1.0,C,1.0,1.0,1.0,1.0,0.998,0.032,0.0,0.0,0.0,0.0,0.0,0.0,0.116,0.0,0.653,0.0,0.198,0.148,puan,0,0,1,0,0,0,,94.5
c67_80,29.18841,41.19418,1.0,0.876,1.0,0.828,1.0,B,1.0,1.0,1.0,0.828,0.996,0.108,0.0,0.0,0.0,0.0,0.0,0.0,0.0,0.022,0.855,0.0,0.015,0.108,puan,291,0,1,0,0,0,0.0,94.5
c67_81,29.18841,41.19867,0.916,0.916,0.916,0.32,0.921,C,0.918,0.921,0.912,0.32,0.916,0.009,0.0,0.0,0.0,0.001,0.0,0.0,0.0,0.018,0.972,0.0,0.0,0.01,kanıt yetersiz,0,0,1,0,0,0,,
c67_82,29.18841,41.20316,1.0,1.0,1.0,0.206,1.0,C,1.0,1.0,1.0,0.206,1.0,0.003,0.0,0.0,0.0,0.0,0.0,0.0,0.0,0.013,0.984,0.0,0.0,0.003,kanıt yetersiz,0,0,1,0,0,0,,
c67_83,29.18841,41.20765,,0.0,1.0,,,C,,,,0.0,,0.0,0.0,0.0,0.0,0.0,0.0,0.0,0.0,0.006,0.994,0.0,0.0,0.0,kanıt yetersiz,0,0,1,0,0,0,,
c67_84,29.18841,41.21214,,0.0,1.0,,,C,,,,0.0,0.125,0.0,0.0,0.0,0.0,0.0,0.0,0.0,0.0,0.01,0.744,0.002,0.243,0.0,kanıt yetersiz,0,0,1,0,0,0,,
c67_85,29.18841,41.21663,1.0,0.011,1.0,0.175,1.0,C,1.0,1.0,1.0,0.175,0.774,0.006,0.0,0.0,0.0,0.0,0.0,0.0,0.0,0.029,0.384,0.002,0.579,0.006,kanıt yetersiz,0,0,1,0,0,0,,
c67_86,29.18841,41.22112,1.0,0.418,1.0,0.991,1.0,C,1.0,1.0,1.0,0.991,0.992,0.402,0.0,0.0,0.0,0.0,0.0,0.0,0.0,0.004,0.034,0.004,0.557,0.402,puan,0,0,1,0,0,0,,94.5
c68_80,29.19436,41.19418,1.0,0.233,1.0,0.209,1.0,C,1.0,1.0,1.0,0.209,1.0,0.008,0.0,0.0,0.0,0.0,0.0,0.0,0.0,0.032,0.932,0.0,0.028,0.008,kanıt yetersiz,697,0,3,0,0,0,0.0,
c68_81,29.19436,41.19867,1.0,1.0,1.0,0.076,1.0,C,1.0,1.0,1.0,0.076,1.0,0.001,0.0,0.0,0.0,0.0,0.0,0.0,0.0,0.014,0.984,0.0,0.0,0.001,kanıt yetersiz,0,0,1,0,0,0,,
c68_82,29.19436,41.20316,,,,,,C,,,,0.0,,0.0,0.0,0.0,0.0,0.0,0.0,0.0,0.0,0.011,0.989,0.0,0.0,0.0,kanıt yetersiz,0,0,1,0,0,0,,
c68_83,29.19436,41.20765,,,,,,C,,,,0.0,,0.0,0.0,0.0,0.0,0.0,0.0,0.0,0.0,0.011,0.989,0.0,0.0,0.0,kanıt yetersiz,0,0,1,0,0,0,,
c68_84,29.19436,41.21214,1.0,0.878,1.0,0.105,1.0,C,1.0,1.0,1.0,0.105,0.974,0.003,0.0,0.0,0.0,0.0,0.0,0.0,0.0,0.022,0.975,0.0,0.0,0.003,kanıt yetersiz,0,0,1,0,0,0,,
c68_85,29.19436,41.21663,,0.0,1.0,,,C,,,,0.0,0.125,0.0,0.0,0.0,0.0,0.0,0.0,0.0,0.0,0.015,0.985,0.0,0.0,0.0,kanıt yetersiz,0,0,1,0,0,0,,
c68_86,29.19436,41.22112,1.0,0.547,1.0,1.0,1.0,C,1.0,1.0,1.0,1.0,1.0,0.226,0.0,0.0,0.0,0.0,0.0,0.0,0.007,0.0,0.575,0.0,0.193,0.232,puan,0,0,1,0,0,0,,94.5
c69_80,29.20031,41.19418,0.422,0.124,0.831,0.156,0.455,C,0.434,0.455,0.389,0.156,0.34,0.012,0.0,0.0,0.0,0.0,0.0,0.023,0.0,0.059,0.823,0.013,0.07,0.035,kanıt yetersiz,1341,0,4,0,0,0,0.0,
c69_81,29.20031,41.19867,1.0,0.354,1.0,0.028,1.0,C,1.0,1.0,1.0,0.028,0.435,0.0,0.0,0.0,0.0,0.0,0.0,0.0,0.0,0.004,0.996,0.0,0.0,0.0,kanıt yetersiz,0,0,1,0,0,0,,
c69_82,29.20031,41.20316,,,,,,C,,,,0.0,,0.0,0.0,0.0,0.0,0.0,0.0,0.0,0.0,0.006,0.994,0.0,0.0,0.0,kanıt yetersiz,0,0,1,0,0,0,,
c69_83,29.20031,41.20765,0.219,0.064,0.772,0.174,0.263,C,0.235,0.263,0.174,0.176,0.196,0.002,0.0,0.0,0.0,0.0,0.0,0.015,0.0,0.004,0.937,0.005,0.036,0.017,kanıt yetersiz,0,0,1,0,0,0,,
c69_84,29.20031,41.21214,0.223,0.033,0.885,0.15,0.296,C,0.234,0.296,0.15,0.153,0.18,0.002,0.0,0.003,0.012,0.001,0.0,0.054,0.0,0.033,0.481,0.055,0.359,0.072,kanıt yetersiz,0,0,1,0,0,0,,
c69_85,29.20031,41.21663,0.133,0.029,0.813,0.083,0.182,C,0.151,0.182,0.083,0.11,0.131,0.001,0.0,0.0,0.0,0.0,0.0,0.075,0.0,0.015,0.633,0.013,0.263,0.076,kanıt yetersiz,0,0,1,0,0,0,,
c69_86,29.20031,41.22112,0.883,0.232,0.969,0.748,0.896,C,0.896,0.886,0.88,0.748,0.811,0.132,0.0,0.012,0.0,0.0,0.014,0.0,0.023,0.033,0.278,0.019,0.489,0.181,puan,0,0,1,0,0,0,,87.3
c70_80,29.20626,41.19418,0.975,0.465,0.988,0.325,0.977,C,0.976,0.977,0.974,0.325,0.725,0.023,0.0,0.0,0.0,0.001,0.0,0.0,0.0,0.047,0.904,0.01,0.016,0.023,kanıt yetersiz,457,0,1,0,0,0,0.0,
c70_81,29.20626,41.19867,1.0,1.0,1.0,1.0,1.0,A,1.0,1.0,1.0,1.0,1.0,0.0,0.0,0.0,0.0,0.0,0.0,0.0,0.0,0.0,1.0,0.0,0.0,0.0,kanıt yetersiz,0,0,1,0,0,0,,
c70_82,29.20626,41.20316,,,,,,C,,,,0.0,,0.0,0.0,0.0,0.0,0.0,0.0,0.0,0.0,0.008,0.992,0.0,0.0,0.0,kanıt yetersiz,0,0,1,0,0,0,,
c70_83,29.20626,41.20765,,,,,,C,,,,0.0,,0.0,0.0,0.0,0.0,0.0,0.0,0.0,0.0,0.01,0.99,0.0,0.0,0.0,kanıt yetersiz,0,0,1,0,0,0,,
c70_84,29.20626,41.21214,,0.0,1.0,,,C,,,,0.0,,0.0,0.0,0.0,0.0,0.0,0.0,0.0,0.0,0.005,0.872,0.0,0.123,0.0,kanıt yetersiz,0,0,1,0,0,0,,
c70_85,29.20626,41.21663,1.0,0.001,1.0,0.01,1.0,C,1.0,1.0,1.0,0.01,0.487,0.0,0.0,0.0,0.0,0.0,0.0,0.0,0.0,0.02,0.73,0.0,0.25,0.0,kanıt yetersiz,0,0,1,0,0,0,,
c70_86,29.20626,41.22112,0.999,0.614,1.0,0.968,0.999,B,0.999,0.999,0.999,0.968,0.997,0.422,0.0,0.0,0.0,0.0,0.0,0.0,0.004,0.014,0.292,0.001,0.267,0.427,puan,0,0,1,0,0,0,,93.8
c71_80,29.21221,41.19418,1.0,0.813,1.0,0.519,1.0,C,1.0,1.0,1.0,0.519,0.98,0.068,0.0,0.0,0.0,0.0,0.0,0.0,0.0,0.063,0.854,0.002,0.014,0.068,kanıt yetersiz,1294,0,2,0,0,0,0.0,
c71_81,29.21221,41.19867,1.0,0.195,1.0,0.217,1.0,C,1.0,1.0,1.0,0.217,1.0,0.006,0.0,0.0,0.0,0.0,0.0,0.0,0.0,0.022,0.946,0.0,0.026,0.006,kanıt yetersiz,255,0,2,0,0,0,0.0,
c71_82,29.21221,41.20316,,0.0,1.0,,,C,,,,0.0,0.125,0.0,0.0,0.0,0.0,0.0,0.0,0.0,0.0,0.018,0.853,0.001,0.128,0.0,kanıt yetersiz,0,0,1,0,0,0,,
c71_83,29.21221,41.20765,,,,,,C,,,,0.0,,0.0,0.0,0.0,0.0,0.0,0.0,0.0,0.0,0.007,0.993,0.0,0.0,0.0,kanıt yetersiz,0,0,1,0,0,0,,
c71_84,29.21221,41.21214,0.674,0.08,0.961,0.366,0.776,C,0.776,0.7,0.647,0.366,0.653,0.014,0.0,0.015,0.0,0.0,0.0,0.0,0.0,0.024,0.738,0.001,0.208,0.028,kanıt yetersiz,0,0,1,0,0,0,,
c71_85,29.21221,41.21663,0.411,0.153,0.781,0.364,0.594,C,0.594,0.458,0.364,0.374,0.402,0.021,0.0,0.326,0.0,0.002,0.0,0.0,0.0,0.035,0.028,0.011,0.577,0.349,puan,0,0,1,0,0,0,,46.0
c71_86,29.21221,41.22112,0.98,0.643,0.987,0.966,0.987,B,0.987,0.982,0.979,0.966,0.967,0.629,0.0,0.02,0.0,0.0,0.0,0.0,0.0,0.01,0.0,0.01,0.33,0.649,puan,0,0,1,0,0,0,,91.4
c64_13,29.17056,40.89335,0.609,0.567,0.636,0.517,0.672,B,0.598,0.672,0.546,0.517,0.601,0.302,0.0,0.007,0.199,0.036,0.029,0.17,0.056,0.143,0.0,0.013,0.045,0.799,puan,1342,24,2,8,8,0,5.9,71.5
c64_14,29.17056,40.89784,0.335,0.315,0.375,0.269,0.401,B,0.336,0.401,0.269,0.283,0.328,0.13,0.001,0.024,0.163,0.063,0.103,0.317,0.0,0.148,0.0,0.029,0.022,0.801,puan,1295,2447,3,9,7,2,2.4,28.8
c64_15,29.17056,40.90233,0.351,0.284,0.476,0.284,0.416,B,0.353,0.416,0.286,0.284,0.32,0.126,0.003,0.007,0.114,0.056,0.015,0.356,0.0,0.162,0.0,0.11,0.051,0.677,puan,232,48,1,0,0,0,0.0,32.5
c65_12,29.17651,40.88886,0.621,0.563,0.656,0.496,0.654,B,0.62,0.654,0.587,0.496,0.603,0.316,0.0,0.008,0.076,0.042,0.077,0.142,0.078,0.186,0.0,0.027,0.048,0.739,puan,1828,1235,4,10,9,1,3.3,72.7
c65_13,29.17651,40.89335,0.377,0.348,0.424,0.307,0.447,B,0.375,0.447,0.307,0.329,0.371,0.16,0.0,0.019,0.178,0.203,0.048,0.208,0.0,0.119,0.0,0.02,0.047,0.815,puan,1367,1836,3,9,8,1,2.8,38.9
c65_14,29.17651,40.89784,0.29,0.255,0.376,0.235,0.345,B,0.298,0.345,0.235,0.244,0.273,0.114,0.003,0.002,0.07,0.119,0.024,0.423,0.0,0.143,0.0,0.085,0.018,0.754,puan,66,7,1,0,0,0,0.0,20.6
c65_15,29.17651,40.90233,0.331,0.291,0.412,0.275,0.378,B,0.345,0.378,0.283,0.275,0.312,0.152,0.001,0.02,0.04,0.145,0.004,0.384,0.0,0.152,0.0,0.073,0.029,0.745,puan,0,0,1,0,0,0,,27.9
c66_11,29.18246,40.88437,0.973,0.911,0.975,0.74,0.98,C,0.98,0.976,0.97,0.74,0.963,0.552,0.0,0.028,0.004,0.0,0.0,0.0,0.14,0.227,0.0,0.008,0.041,0.723,puan,1356,0,3,10,10,0,7.4,90.9
c66_12,29.18246,40.88886,0.418,0.371,0.483,0.344,0.485,B,0.414,0.485,0.351,0.344,0.403,0.183,0.002,0.014,0.167,0.073,0.063,0.244,0.0,0.16,0.0,0.041,0.053,0.746,puan,1116,1550,2,5,3,2,1.9,47.3
c66_13,29.18246,40.89335,0.326,0.303,0.374,0.272,0.38,B,0.334,0.38,0.272,0.273,0.313,0.148,0.0,0.007,0.072,0.139,0.003,0.417,0.0,0.154,0.0,0.054,0.006,0.787,puan,0,0,1,0,0,0,,26.7
c66_14,29.18246,40.89784,0.273,0.257,0.316,0.223,0.323,A,0.284,0.323,0.223,0.231,0.268,0.117,0.0,0.012,0.055,0.177,0.053,0.391,0.0,0.145,0.0,0.028,0.022,0.805,puan,0,0,1,0,0,0,,18.8
c66_15,29.18246,40.90233,0.304,0.268,0.386,0.251,0.357,B,0.315,0.357,0.251,0.254,0.289,0.125,0.0,0.013,0.063,0.199,0.015,0.337,0.0,0.147,0.0,0.069,0.031,0.753,puan,0,0,1,0,0,0,,22.5
c67_12,29.18841,40.88886,0.595,0.519,0.647,0.468,0.645,B,0.593,0.645,0.545,0.468,0.573,0.3,0.002,0.023,0.131,0.029,0.067,0.129,0.025,0.191,0.0,0.034,0.069,0.706,puan,2445,635,3,2,2,0,0.6,70.3
c67_13,29.18841,40.89335,0.339,0.281,0.452,0.276,0.392,B,0.36,0.392,0.286,0.276,0.312,0.131,0.0,0.051,0.058,0.123,0.001,0.332,0.0,0.159,0.0,0.103,0.041,0.697,puan,141,0,1,0,0,0,0.0,29.7
c67_14,29.18841,40.89784,0.352,0.324,0.403,0.304,0.399,A,0.367,0.399,0.304,0.308,0.339,0.18,0.0,0.034,0.052,0.145,0.01,0.394,0.0,0.115,0.0,0.049,0.021,0.815,puan,0,0,1,0,0,0,,32.7
c67_15,29.18841,40.90233,0.41,0.332,0.523,0.334,0.464,B,0.421,0.464,0.356,0.334,0.37,0.18,0.001,0.031,0.083,0.084,0.014,0.289,0.0,0.157,0.0,0.111,0.049,0.682,puan,0,0,1,0,0,0,,45.7
c68_11,29.19436,40.88437,0.819,0.72,0.841,0.647,0.837,B,0.837,0.831,0.806,0.647,0.805,0.518,0.0,0.056,0.004,0.043,0.0,0.062,0.029,0.189,0.0,0.014,0.083,0.713,puan,1174,0,3,2,2,0,1.7,84.3
c68_12,29.19436,40.88886,0.296,0.256,0.391,0.243,0.349,B,0.306,0.349,0.243,0.25,0.277,0.118,0.002,0.013,0.068,0.133,0.041,0.371,0.0,0.139,0.0,0.092,0.024,0.746,puan,89,1589,1,2,0,2,1.2,21.5
c68_13,29.19436,40.89335,0.476,0.39,0.57,0.374,0.526,B,0.483,0.526,0.425,0.374,0.438,0.218,0.0,0.027,0.081,0.054,0.015,0.25,0.0,0.176,0.038,0.077,0.065,0.644,puan,1247,0,2,2,2,0,1.6,56.3
c68_14,29.19436,40.89784,0.353,0.259,0.526,0.289,0.409,B,0.359,0.409,0.297,0.289,0.304,0.133,0.0,0.004,0.07,0.052,0.002,0.366,0.0,0.14,0.005,0.171,0.058,0.626,puan,0,0,1,0,0,0,,33.0
c68_15,29.19436,40.90233,0.312,0.234,0.484,0.254,0.369,B,0.323,0.369,0.254,0.257,0.277,0.1,0.002,0.025,0.075,0.21,0.027,0.199,0.0,0.134,0.014,0.148,0.066,0.638,puan,0,0,1,0,0,0,,24.0
c69_11,29.20031,40.88437,0.615,0.469,0.706,0.527,0.638,B,0.625,0.638,0.591,0.527,0.572,0.332,0.0,0.023,0.016,0.03,0.043,0.193,0.039,0.113,0.0,0.065,0.146,0.677,puan,1035,1553,3,1,0,1,0.4,72.2
c69_12,29.20031,40.88886,0.285,0.239,0.401,0.241,0.329,A,0.295,0.329,0.241,0.244,0.261,0.127,0.001,0.005,0.035,0.124,0.061,0.383,0.0,0.123,0.0,0.13,0.012,0.735,puan,0,165,1,0,0,0,0.0,20.2
c69_13,29.20031,40.89335,0.31,0.235,0.477,0.248,0.366,B,0.331,0.366,0.254,0.248,0.281,0.092,0.001,0.043,0.053,0.111,0.0,0.302,0.0,0.15,0.055,0.114,0.079,0.602,puan,1022,0,2,0,0,0,0.0,23.6
c69_14,29.20031,40.89784,0.274,0.205,0.456,0.213,0.335,B,0.295,0.335,0.213,0.237,0.254,0.066,0.001,0.055,0.071,0.211,0.003,0.255,0.0,0.103,0.012,0.099,0.124,0.662,puan,198,0,1,0,0,0,0.0,18.9
c69_15,29.20031,40.90233,0.157,0.116,0.378,0.117,0.197,B,0.167,0.197,0.117,0.145,0.15,0.034,0.0,0.006,0.026,0.267,0.169,0.12,0.0,0.051,0.105,0.18,0.042,0.622,puan,0,0,1,0,0,0,,10.7
c70_11,29.20626,40.88437,0.491,0.369,0.617,0.374,0.571,B,0.47,0.571,0.41,0.374,0.474,0.143,0.0,0.0,0.197,0.133,0.075,0.001,0.022,0.179,0.061,0.028,0.16,0.571,puan,2492,1569,3,2,2,0,0.5,58.2
c70_12,29.20626,40.88886,0.208,0.176,0.331,0.169,0.248,A,0.22,0.248,0.169,0.196,0.196,0.088,0.0,0.003,0.016,0.548,0.134,0.012,0.0,0.052,0.0,0.14,0.007,0.802,puan,889,0,2,0,0,0,0.0,13.3
c70_13,29.20626,40.89335,0.214,0.176,0.354,0.164,0.265,B,0.228,0.265,0.164,0.204,0.2,0.065,0.0,0.003,0.027,0.62,0.011,0.018,0.0,0.039,0.057,0.149,0.012,0.744,puan,996,0,2,0,0,0,0.0,13.7
c70_14,29.20626,40.89784,0.316,0.268,0.42,0.222,0.409,B,0.307,0.409,0.222,0.281,0.288,0.059,0.0,0.015,0.243,0.42,0.005,0.025,0.0,0.095,0.0,0.128,0.01,0.767,puan,2024,0,3,7,7,0,3.5,25.0
c70_15,29.20626,40.90233,0.321,0.274,0.419,0.26,0.381,B,0.327,0.381,0.26,0.272,0.302,0.104,0.0,0.009,0.079,0.435,0.001,0.0,0.0,0.112,0.154,0.067,0.04,0.628,puan,1482,0,1,1,0,1,0.7,25.8
c71_10,29.21221,40.87988,0.861,0.746,0.879,0.727,0.894,B,0.859,0.894,0.827,0.727,0.858,0.508,0.0,0.034,0.116,0.007,0.018,0.0,0.064,0.138,0.0,0.002,0.112,0.748,puan,1455,0,2,0,0,0,0.0,86.1
c71_11,29.21221,40.88437,0.538,0.438,0.623,0.509,0.547,A,0.536,0.547,0.528,0.509,0.521,0.399,0.0,0.005,0.035,0.002,0.338,0.0,0.0,0.045,0.0,0.033,0.143,0.779,puan,268,2186,2,2,1,1,0.8,64.5
c71_12,29.21221,40.88886,0.279,0.232,0.399,0.245,0.306,A,0.287,0.306,0.252,0.245,0.261,0.15,0.0,0.035,0.054,0.068,0.363,0.076,0.0,0.105,0.0,0.099,0.05,0.746,puan,0,0,1,0,0,0,,19.5
c71_13,29.21221,40.89335,0.377,0.29,0.52,0.299,0.418,B,0.387,0.418,0.335,0.299,0.319,0.174,0.0,0.003,0.024,0.089,0.006,0.345,0.0,0.167,0.0,0.19,0.001,0.642,puan,0,0,1,0,0,0,,38.9
c71_14,29.21221,40.89784,0.377,0.267,0.558,0.295,0.429,B,0.388,0.429,0.324,0.295,0.308,0.14,0.001,0.019,0.057,0.127,0.0,0.248,0.0,0.164,0.0,0.222,0.022,0.592,puan,0,0,1,0,0,0,,38.9
c71_15,29.21221,40.90233,0.404,0.348,0.486,0.349,0.459,B,0.432,0.459,0.349,0.356,0.369,0.125,0.001,0.073,0.061,0.225,0.0,0.056,0.0,0.072,0.301,0.078,0.008,0.54,puan,689,0,2,0,0,0,0.0,44.4
c64_16,29.17056,40.90682,0.329,0.255,0.479,0.267,0.382,B,0.34,0.382,0.275,0.267,0.286,0.125,0.009,0.005,0.054,0.101,0.001,0.362,0.0,0.152,0.0,0.175,0.015,0.658,puan,0,0,1,0,0,0,,27.6
c64_17,29.17056,40.91131,0.406,0.338,0.506,0.342,0.466,B,0.42,0.466,0.347,0.342,0.372,0.173,0.002,0.05,0.103,0.14,0.005,0.246,0.0,0.136,0.0,0.099,0.046,0.719,puan,0,0,1,0,0,0,,44.8
c64_18,29.17056,40.9158,0.43,0.387,0.487,0.301,0.559,C,0.398,0.559,0.301,0.39,0.418,0.08,0.0,0.03,0.489,0.097,0.077,0.051,0.0,0.084,0.0,0.035,0.056,0.825,puan,424,0,1,0,0,0,0.0,49.5
c64_19,29.17056,40.92029,0.229,0.186,0.376,0.18,0.256,A,0.239,0.256,0.203,0.18,0.22,0.093,0.0,0.046,0.055,0.008,0.376,0.059,0.0,0.175,0.037,0.066,0.084,0.637,puan,4142,0,8,2,1,1,0.5,14.6
c64_20,29.17056,40.92478,0.094,0.09,0.13,0.079,0.108,A,0.097,0.108,0.079,0.089,0.095,0.052,0.001,0.002,0.016,0.036,0.644,0.159,0.0,0.052,0.0,0.032,0.006,0.91,puan,0,0,1,0,0,0,,9.2
c64_21,29.17056,40.92927,0.141,0.136,0.173,0.121,0.16,A,0.144,0.16,0.121,0.131,0.141,0.083,0.0,0.0,0.026,0.072,0.547,0.171,0.0,0.065,0.0,0.006,0.029,0.9,puan,0,0,1,0,0,0,,10.2
c64_22,29.17056,40.93376,0.326,0.218,0.548,0.265,0.362,B,0.336,0.362,0.289,0.268,0.265,0.137,0.0,0.002,0.015,0.048,0.066,0.318,0.0,0.126,0.0,0.255,0.033,0.586,puan,0,0,1,0,0,0,,26.7
c64_23,29.17056,40.93825,0.086,0.078,0.171,0.078,0.093,A,0.088,0.093,0.078,0.081,0.088,0.058,0.0,0.001,0.003,0.011,0.689,0.104,0.0,0.045,0.0,0.052,0.038,0.866,puan,0,0,1,0,0,0,,8.9
c65_16,29.17651,40.90682,0.406,0.328,0.521,0.317,0.454,B,0.413,0.454,0.359,0.317,0.358,0.186,0.002,0.009,0.06,0.062,0.026,0.314,0.0,0.184,0.0,0.135,0.022,0.658,puan,0,0,1,0,0,0,,44.8
c65_17,29.17651,40.91131,0.37,0.278,0.525,0.292,0.427,B,0.387,0.427,0.312,0.292,0.33,0.131,0.001,0.045,0.073,0.104,0.0,0.274,0.0,0.166,0.0,0.122,0.084,0.628,puan,0,0,1,0,0,0,,37.0
c65_18,29.17651,40.9158,0.449,0.352,0.568,0.314,0.583,C,0.417,0.583,0.314,0.381,0.447,0.072,0.0,0.022,0.412,0.182,0.0,0.0,0.0,0.121,0.0,0.004,0.186,0.688,puan,1221,0,2,1,0,1,0.8,53.0
c65_19,29.17651,40.92029,0.137,0.119,0.25,0.111,0.163,A,0.13,0.163,0.111,0.126,0.137,0.058,0.0,0.0,0.094,0.019,0.606,0.027,0.0,0.074,0.0,0.003,0.119,0.804,puan,1550,0,2,0,0,0,0.0,10.2
c65_20,29.17651,40.92478,0.0,0.0,0.0,0.0,0.0,A,0.0,0.0,0.0,0.0,0.0,0.0,0.0,0.0,0.0,0.0,1.0,0.0,0.0,0.0,0.0,0.0,0.0,1.0,puan,0,0,1,0,0,0,,0.0
c65_21,29.17651,40.92927,0.0,0.0,0.001,0.0,0.0,A,0.0,0.0,0.0,0.0,0.0,0.0,0.0,0.0,0.0,0.0,0.997,0.002,0.0,0.0,0.0,0.0,0.0,1.0,puan,0,0,1,0,0,0,,0.0
c65_22,29.17651,40.93376,0.017,0.017,0.059,0.014,0.022,A,0.019,0.021,0.014,0.017,0.022,0.008,0.0,0.001,0.0,0.002,0.875,0.058,0.0,0.013,0.0,0.042,0.0,0.945,puan,0,0,1,0,0,0,,6.6
c65_23,29.17651,40.93825,0.0,0.0,0.0,0.0,0.0,A,0.0,0.0,0.0,0.0,0.0,0.0,0.0,0.0,0.0,0.0,1.0,0.0,0.0,0.0,0.0,0.0,0.0,1.0,puan,0,0,1,0,0,0,,0.0
c66_16,29.18246,40.90682,0.312,0.266,0.414,0.254,0.358,B,0.323,0.358,0.267,0.254,0.29,0.139,0.0,0.011,0.04,0.172,0.042,0.311,0.0,0.162,0.0,0.098,0.025,0.714,puan,0,0,1,0,0,0,,24.0
c66_17,29.18246,40.91131,0.331,0.299,0.394,0.272,0.389,B,0.335,0.389,0.272,0.289,0.318,0.147,0.0,0.001,0.094,0.502,0.0,0.056,0.0,0.116,0.0,0.054,0.03,0.8,puan,0,0,1,0,0,0,,27.9
c66_18,29.18246,40.9158,0.136,0.113,0.283,0.117,0.154,A,0.142,0.154,0.119,0.117,0.136,0.068,0.0,0.0,0.002,0.25,0.413,0.0,0.0,0.118,0.0,0.001,0.148,0.732,puan,1099,0,2,1,0,1,0.9,10.1
c66_19,29.18246,40.92029,0.127,0.096,0.337,0.103,0.15,B,0.128,0.15,0.103,0.116,0.127,0.047,0.002,0.002,0.039,0.05,0.446,0.122,0.0,0.068,0.0,0.022,0.203,0.707,puan,1083,0,2,0,0,0,0.0,9.8
c66_20,29.18246,40.92478,0.0,0.0,0.0,0.0,0.0,A,0.0,0.0,0.0,0.0,0.0,0.0,0.0,0.0,0.0,0.0,1.0,0.0,0.0,0.0,0.0,0.0,0.0,1.0,puan,0,0,1,0,0,0,,0.0
c66_21,29.18246,40.92927,0.0,0.0,0.0,0.0,0.0,A,0.0,0.0,0.0,0.0,0.0,0.0,0.0,0.0,0.0,0.0,1.0,0.0,0.0,0.0,0.0,0.0,0.0,1.0,puan,0,0,1,0,0,0,,0.0
c66_22,29.18246,40.93376,0.0,0.0,0.0,0.0,0.0,A,0.0,0.0,0.0,0.0,0.0,0.0,0.0,0.0,0.0,0.0,1.0,0.0,0.0,0.0,0.0,0.0,0.0,1.0,puan,0,0,1,0,0,0,,0.0
c66_23,29.18246,40.93825,0.0,0.0,0.0,0.0,0.0,A,0.0,0.0,0.0,0.0,0.0,0.0,0.0,0.0,0.0,0.0,1.0,0.0,0.0,0.0,0.0,0.0,0.0,1.0,puan,0,0,1,0,0,0,,0.0
c67_16,29.18841,40.90682,0.367,0.318,0.45,0.283,0.45,B,0.363,0.45,0.283,0.309,0.343,0.113,0.016,0.005,0.205,0.159,0.027,0.214,0.0,0.139,0.009,0.081,0.031,0.74,puan,0,0,1,0,0,0,,36.1
c67_17,29.18841,40.91131,0.31,0.298,0.339,0.261,0.36,A,0.325,0.36,0.261,0.27,0.309,0.149,0.0,0.028,0.052,0.362,0.011,0.236,0.0,0.124,0.002,0.006,0.03,0.838,puan,461,0,2,2,0,2,4.3,23.6
c67_18,29.18841,40.9158,0.262,0.218,0.387,0.217,0.29,A,0.275,0.29,0.234,0.217,0.257,0.13,0.0,0.024,0.014,0.132,0.223,0.187,0.0,0.146,0.0,0.027,0.117,0.71,puan,806,0,2,0,0,0,0.0,17.7
c67_19,29.18841,40.92029,0.201,0.17,0.326,0.177,0.222,A,0.207,0.222,0.181,0.177,0.193,0.112,0.0,0.003,0.01,0.023,0.364,0.242,0.0,0.105,0.0,0.092,0.048,0.755,puan,1300,0,2,0,0,0,0.0,13.0
c67_20,29.18841,40.92478,0.0,0.0,0.0,0.0,0.0,A,0.0,0.0,0.0,0.0,0.0,0.0,0.0,0.0,0.0,0.0,1.0,0.0,0.0,0.0,0.0,0.0,0.0,1.0,puan,0,0,1,0,0,0,,0.0
c67_21,29.18841,40.92927,0.0,0.0,0.0,0.0,0.0,A,0.0,0.0,0.0,0.0,0.0,0.0,0.0,0.0,0.0,0.0,1.0,0.0,0.0,0.0,0.0,0.0,0.0,1.0,puan,0,0,1,0,0,0,,0.0
c67_22,29.18841,40.93376,0.0,0.0,0.0,0.0,0.0,A,0.0,0.0,0.0,0.0,0.0,0.0,0.0,0.0,0.0,0.0,1.0,0.0,0.0,0.0,0.0,0.0,0.0,1.0,puan,0,0,1,0,0,0,,0.0
c67_23,29.18841,40.93825,0.0,0.0,0.0,0.0,0.0,A,0.0,0.0,0.0,0.0,0.0,0.0,0.0,0.0,0.0,0.0,1.0,0.0,0.0,0.0,0.0,0.0,0.0,1.0,puan,0,0,1,0,0,0,,0.0
c68_16,29.19436,40.90682,0.344,0.292,0.443,0.251,0.437,B,0.333,0.437,0.251,0.303,0.32,0.084,0.001,0.005,0.245,0.289,0.003,0.135,0.0,0.103,0.001,0.095,0.04,0.761,puan,0,0,1,0,0,0,,30.9
c68_17,29.19436,40.91131,0.379,0.299,0.509,0.288,0.469,B,0.383,0.469,0.288,0.308,0.362,0.087,0.004,0.055,0.207,0.255,0.001,0.054,0.0,0.152,0.01,0.047,0.129,0.663,puan,1236,0,2,3,1,2,2.4,39.4
c68_18,29.19436,40.9158,0.337,0.262,0.486,0.275,0.4,B,0.36,0.4,0.275,0.279,0.303,0.102,0.002,0.07,0.091,0.079,0.001,0.322,0.0,0.14,0.0,0.129,0.064,0.667,puan,0,0,1,0,0,0,,29.0
c68_19,29.19436,40.92029,0.25,0.183,0.449,0.206,0.281,B,0.258,0.281,0.218,0.206,0.226,0.108,0.002,0.002,0.017,0.038,0.185,0.284,0.0,0.133,0.0,0.146,0.084,0.637,puan,1997,0,2,0,0,0,0.0,16.3
c68_20,29.19436,40.92478,0.001,0.001,0.001,0.001,0.001,A,0.001,0.001,0.001,0.001,0.001,0.001,0.0,0.0,0.0,0.0,0.999,0.0,0.0,0.0,0.0,0.0,0.0,1.0,puan,0,0,1,0,0,0,,5.0
c68_21,29.19436,40.92927,0.0,0.0,0.0,0.0,0.0,A,0.0,0.0,0.0,0.0,0.0,0.0,0.0,0.0,0.0,0.0,1.0,0.0,0.0,0.0,0.0,0.0,0.0,1.0,puan,0,0,1,0,0,0,,0.0
c68_22,29.19436,40.93376,0.0,0.0,0.0,0.0,0.0,A,0.0,0.0,0.0,0.0,0.0,0.0,0.0,0.0,0.0,0.0,1.0,0.0,0.0,0.0,0.0,0.0,0.0,1.0,puan,0,0,1,0,0,0,,0.0
c68_23,29.19436,40.93825,0.0,0.0,0.0,0.0,0.0,A,0.0,0.0,0.0,0.0,0.0,0.0,0.0,0.0,0.0,0.0,1.0,0.0,0.0,0.0,0.0,0.0,0.0,1.0,puan,0,0,1,0,0,0,,0.0
c69_16,29.20031,40.90682,0.265,0.182,0.497,0.207,0.324,B,0.274,0.324,0.207,0.238,0.241,0.062,0.001,0.007,0.056,0.268,0.016,0.124,0.0,0.061,0.16,0.113,0.133,0.534,puan,9,0,1,0,0,0,,17.9
c69_17,29.20031,40.91131,0.312,0.253,0.442,0.243,0.38,B,0.329,0.38,0.243,0.252,0.298,0.077,0.001,0.071,0.124,0.188,0.038,0.182,0.0,0.161,0.0,0.055,0.103,0.68,puan,1269,0,2,0,0,0,0.0,24.0
c69_18,29.20031,40.9158,0.37,0.316,0.462,0.302,0.437,B,0.371,0.437,0.302,0.321,0.337,0.148,0.002,0.012,0.139,0.075,0.001,0.379,0.0,0.114,0.0,0.117,0.012,0.757,puan,0,0,1,0,0,0,,37.0
c69_19,29.20031,40.92029,0.26,0.202,0.424,0.224,0.296,B,0.269,0.296,0.224,0.226,0.238,0.117,0.0,0.006,0.025,0.018,0.151,0.38,0.0,0.104,0.0,0.139,0.06,0.697,puan,1062,0,2,0,0,0,0.0,17.4
c69_20,29.20031,40.92478,0.0,0.0,0.0,0.0,0.0,A,0.0,0.0,0.0,0.0,0.0,0.0,0.0,0.0,0.0,0.0,1.0,0.0,0.0,0.0,0.0,0.0,0.0,1.0,puan,0,0,1,0,0,0,,0.0
c69_21,29.20031,40.92927,0.0,0.0,0.0,0.0,0.0,A,0.0,0.0,0.0,0.0,0.0,0.0,0.0,0.0,0.0,0.0,1.0,0.0,0.0,0.0,0.0,0.0,0.0,1.0,puan,0,0,1,0,0,0,,0.0
c69_22,29.20031,40.93376,0.0,0.0,0.0,0.0,0.0,A,0.0,0.0,0.0,0.0,0.0,0.0,0.0,0.0,0.0,0.0,1.0,0.0,0.0,0.0,0.0,0.0,0.0,1.0,puan,0,0,1,0,0,0,,0.0
c69_23,29.20031,40.93825,0.0,0.0,0.0,0.0,0.0,A,0.0,0.0,0.0,0.0,0.0,0.0,0.0,0.0,0.0,0.0,1.0,0.0,0.0,0.0,0.0,0.0,0.0,1.0,puan,0,0,1,0,0,0,,0.0
c70_16,29.20626,40.90682,0.7,0.57,0.756,0.516,0.733,C,0.711,0.733,0.667,0.516,0.677,0.266,0.0,0.027,0.038,0.106,0.0,0.004,0.0,0.157,0.3,0.018,0.083,0.441,puan,1822,0,2,3,2,1,1.6,77.6
c70_17,29.20626,40.91131,0.311,0.229,0.493,0.258,0.365,B,0.339,0.365,0.258,0.262,0.274,0.095,0.001,0.068,0.048,0.066,0.002,0.352,0.0,0.119,0.025,0.156,0.069,0.631,puan,64,0,1,0,0,0,0.0,23.8
c70_18,29.20626,40.9158,0.397,0.302,0.54,0.315,0.465,B,0.394,0.465,0.328,0.315,0.349,0.143,0.0,0.005,0.126,0.043,0.002,0.319,0.0,0.165,0.0,0.136,0.062,0.636,puan,0,0,1,0,0,0,,43.0
c70_19,29.20626,40.92029,0.32,0.245,0.479,0.266,0.37,B,0.331,0.37,0.27,0.266,0.285,0.127,0.001,0.007,0.044,0.06,0.005,0.42,0.0,0.134,0.0,0.143,0.06,0.664,puan,178,0,1,0,0,0,0.0,25.6
c70_20,29.20626,40.92478,0.208,0.12,0.543,0.154,0.218,C,0.21,0.218,0.198,0.154,0.196,0.087,0.001,0.0,0.007,0.029,0.316,0.033,0.0,0.164,0.017,0.079,0.267,0.473,puan,1958,0,2,0,0,0,0.0,13.3
c70_21,29.20626,40.92927,0.133,0.097,0.367,0.115,0.145,B,0.134,0.145,0.12,0.115,0.132,0.065,0.002,0.001,0.019,0.017,0.48,0.073,0.0,0.099,0.0,0.078,0.166,0.657,puan,1005,0,2,1,0,1,1.0,10.0
c70_22,29.20626,40.93376,0.032,0.025,0.25,0.029,0.035,B,0.032,0.034,0.031,0.029,0.035,0.02,0.0,0.0,0.004,0.005,0.686,0.004,0.0,0.073,0.0,0.023,0.185,0.719,puan,1038,0,2,0,0,0,0.0,7.1
c70_23,29.20626,40.93825,0.0,0.0,0.013,0.0,0.0,A,0.0,0.0,0.0,0.0,0.0,0.0,0.0,0.0,0.0,0.0,0.978,0.0,0.0,0.01,0.0,0.0,0.012,0.978,puan,181,0,1,0,0,0,0.0,0.0
c71_16,29.21221,40.90682,0.544,0.392,0.672,0.379,0.627,C,0.53,0.627,0.461,0.379,0.535,0.182,0.0,0.011,0.181,0.175,0.0,0.0,0.0,0.239,0.0,0.013,0.2,0.548,puan,5356,0,6,23,15,8,4.3,65.3
c71_17,29.21221,40.91131,0.505,0.294,0.712,0.395,0.576,C,0.511,0.576,0.435,0.395,0.479,0.151,0.0,0.044,0.12,0.06,0.009,0.108,0.0,0.136,0.019,0.037,0.317,0.491,puan,2474,0,3,0,0,0,0.0,60.0
c71_18,29.21221,40.9158,0.534,0.311,0.729,0.401,0.567,C,0.545,0.567,0.502,0.401,0.471,0.218,0.001,0.01,0.016,0.056,0.0,0.186,0.0,0.162,0.0,0.09,0.261,0.487,puan,954,0,1,0,0,0,0.0,64.0
c71_19,29.21221,40.92029,0.359,0.178,0.682,0.249,0.405,C,0.369,0.405,0.313,0.249,0.295,0.099,0.0,0.002,0.023,0.04,0.0,0.244,0.0,0.18,0.0,0.152,0.261,0.407,puan,1100,0,1,1,0,1,0.9,34.6
c71_20,29.21221,40.92478,0.724,0.22,0.916,0.419,0.754,C,0.728,0.754,0.694,0.419,0.568,0.159,0.0,0.007,0.021,0.051,0.0,0.01,0.0,0.181,0.0,0.088,0.482,0.249,puan,1082,0,2,0,0,0,0.0,78.9
c71_21,29.21221,40.92927,0.432,0.307,0.597,0.358,0.493,B,0.433,0.493,0.371,0.358,0.424,0.171,0.0,0.008,0.103,0.11,0.0,0.228,0.0,0.128,0.0,0.017,0.236,0.62,puan,0,0,1,0,0,0,,49.8
c71_22,29.21221,40.93376,0.457,0.275,0.673,0.377,0.512,B,0.461,0.512,0.402,0.377,0.424,0.165,0.0,0.015,0.077,0.09,0.012,0.171,0.0,0.113,0.007,0.057,0.293,0.529,puan,0,0,1,0,0,0,,54.1
c71_23,29.21221,40.93825,0.574,0.436,0.676,0.502,0.596,B,0.584,0.596,0.551,0.502,0.562,0.316,0.0,0.031,0.028,0.056,0.112,0.083,0.0,0.089,0.087,0.016,0.182,0.626,puan,916,0,2,0,0,0,0.0,68.5
c64_24,29.17056,40.94274,0.064,0.058,0.149,0.055,0.072,A,0.067,0.072,0.055,0.058,0.069,0.012,0.0,0.0,0.0,0.0,0.23,0.048,0.0,0.027,0.652,0.028,0.001,0.291,puan,0,0,1,0,0,0,,8.2
c64_25,29.17056,40.94723,0.306,0.279,0.368,0.218,0.352,B,0.322,0.352,0.259,0.218,0.299,0.024,0.0,0.003,0.005,0.005,0.0,0.094,0.0,0.053,0.803,0.005,0.008,0.131,puan,0,0,1,0,0,0,,22.8
c64_26,29.17056,40.95172,0.285,0.174,0.563,0.221,0.334,B,0.3,0.334,0.236,0.221,0.27,0.048,0.0,0.007,0.013,0.032,0.0,0.201,0.0,0.088,0.42,0.031,0.161,0.301,puan,0,0,1,0,0,0,,20.2
c64_27,29.17056,40.95621,0.661,0.214,0.891,0.432,0.689,C,0.665,0.689,0.634,0.432,0.579,0.16,0.0,0.001,0.013,0.006,0.0,0.091,0.0,0.144,0.019,0.049,0.518,0.27,puan,1969,0,5,0,0,0,0.0,75.1
c64_28,29.17056,40.9607,0.944,0.725,0.957,0.839,0.953,B,0.953,0.948,0.94,0.839,0.908,0.326,0.0,0.016,0.003,0.0,0.008,0.0,0.0,0.044,0.496,0.016,0.091,0.353,puan,0,0,1,0,0,0,,89.6
c64_29,29.17056,40.96519,1.0,1.0,1.0,0.318,1.0,C,1.0,1.0,1.0,0.318,1.0,0.006,0.0,0.0,0.0,0.0,0.0,0.0,0.0,0.012,0.982,0.0,0.0,0.006,kanıt yetersiz,0,0,1,0,0,0,,
c64_30,29.17056,40.96968,,,,,,C,,,,0.0,,0.0,0.0,0.0,0.0,0.0,0.0,0.0,0.0,0.018,0.982,0.0,0.0,0.0,kanıt yetersiz,0,0,1,0,0,0,,
c64_31,29.17056,40.97417,0.543,0.449,0.622,0.09,0.569,C,0.552,0.569,0.517,0.09,0.471,0.002,0.0,0.0,0.0,0.0,0.0,0.002,0.0,0.023,0.971,0.001,0.0,0.005,kanıt yetersiz,0,0,1,0,0,0,,
c65_24,29.17651,40.94274,0.0,0.0,0.0,0.0,0.0,A,0.0,0.0,0.0,0.0,0.0,0.0,0.0,0.0,0.0,0.0,0.64,0.0,0.0,0.0,0.36,0.0,0.0,0.64,puan,0,0,1,0,0,0,,0.0
c65_25,29.17651,40.94723,1.0,0.998,1.0,0.805,1.0,B,1.0,1.0,1.0,0.805,0.999,0.08,0.0,0.0,0.0,0.0,0.0,0.0,0.0,0.019,0.901,0.0,0.0,0.08,kanıt yetersiz,0,0,1,0,0,0,,
c65_26,29.17651,40.95172,1.0,0.669,1.0,0.721,1.0,C,1.0,1.0,1.0,0.721,1.0,0.057,0.0,0.0,0.0,0.0,0.0,0.0,0.0,0.022,0.893,0.0,0.028,0.057,kanıt yetersiz,0,0,1,0,0,0,,
c65_27,29.17651,40.95621,0.557,0.34,0.73,0.463,0.759,C,0.759,0.651,0.463,0.509,0.537,0.071,0.349,0.0,0.002,0.001,0.0,0.0,0.0,0.04,0.266,0.02,0.25,0.424,puan,108,0,1,0,0,0,0.0,66.9
c65_28,29.17651,40.9607,0.527,0.37,0.668,0.342,0.745,C,0.745,0.627,0.426,0.342,0.518,0.018,0.151,0.0,0.0,0.0,0.0,0.0,0.0,0.092,0.667,0.004,0.068,0.17,puan,1336,0,2,0,0,0,0.0,63.3
c65_29,29.17651,40.96519,1.0,0.92,1.0,0.18,1.0,C,1.0,1.0,1.0,0.18,0.93,0.003,0.0,0.0,0.0,0.0,0.0,0.0,0.0,0.015,0.982,0.0,0.0,0.003,kanıt yetersiz,0,0,1,0,0,0,,
c65_30,29.17651,40.96968,,0.0,1.0,,,C,,,,0.0,0.125,0.0,0.0,0.0,0.0,0.0,0.0,0.0,0.0,0.019,0.981,0.0,0.0,0.0,kanıt yetersiz,0,0,1,0,0,0,,
c65_31,29.17651,40.97417,0.403,0.079,0.883,0.181,0.443,C,0.413,0.443,0.363,0.181,0.247,0.006,0.0,0.0,0.001,0.0,0.0,0.013,0.0,0.023,0.879,0.024,0.054,0.019,kanıt yetersiz,0,0,1,0,0,0,,
c66_24,29.18246,40.94274,0.0,0.0,0.0,0.0,0.0,A,0.0,0.0,0.0,0.0,0.0,0.0,0.0,0.0,0.0,0.0,1.0,0.0,0.0,0.0,0.0,0.0,0.0,1.0,puan,0,0,1,0,0,0,,0.0
c66_25,29.18246,40.94723,0.726,0.627,0.763,0.707,0.726,A,0.726,0.726,0.726,0.707,0.721,0.498,0.0,0.0,0.0,0.001,0.187,0.0,0.0,0.018,0.188,0.006,0.103,0.686,puan,0,0,1,0,0,0,,79.2
c66_26,29.18246,40.95172,0.903,0.9,0.904,0.858,0.909,A,0.905,0.909,0.898,0.858,0.9,0.243,0.0,0.0,0.0,0.03,0.0,0.0,0.0,0.015,0.711,0.001,0.0,0.273,puan,0,0,1,0,0,0,,88.0
c66_27,29.18246,40.95621,0.489,0.489,0.49,0.386,0.687,C,0.687,0.592,0.386,0.466,0.489,0.033,0.346,0.002,0.019,0.027,0.0,0.0,0.0,0.021,0.552,0.0,0.001,0.427,puan,0,0,1,0,0,0,,58.0
c66_28,29.18246,40.9607,0.469,0.434,0.51,0.365,0.689,C,0.689,0.573,0.365,0.421,0.469,0.027,0.572,0.0,0.002,0.042,0.0,0.0,0.0,0.073,0.231,0.001,0.052,0.643,puan,2002,0,2,3,3,0,1.5,55.6
c66_29,29.18246,40.96519,0.232,0.215,0.288,0.186,0.279,A,0.262,0.279,0.186,0.198,0.225,0.012,0.0,0.009,0.001,0.097,0.0,0.0,0.0,0.021,0.851,0.009,0.0,0.119,puan,0,0,1,0,0,0,,14.7
c66_30,29.18246,40.96968,1.0,0.911,1.0,0.785,1.0,C,1.0,1.0,1.0,0.785,1.0,0.056,0.0,0.0,0.0,0.0,0.0,0.0,0.0,0.015,0.923,0.0,0.005,0.056,kanıt yetersiz,0,0,1,0,0,0,,
c66_31,29.18246,40.97417,0.509,0.412,0.602,0.401,0.617,C,0.508,0.617,0.401,0.472,0.504,0.103,0.018,0.044,0.217,0.11,0.0,0.0,0.0,0.039,0.354,0.006,0.109,0.492,puan,0,0,1,0,0,0,,60.6
c67_24,29.18841,40.94274,0.0,0.0,0.0,0.0,0.0,A,0.0,0.0,0.0,0.0,0.0,0.0,0.0,0.0,0.0,0.0,1.0,0.0,0.0,0.0,0.0,0.0,0.0,1.0,puan,0,0,1,0,0,0,,0.0
c67_25,29.18841,40.94723,0.045,0.044,0.072,0.045,0.045,A,0.045,0.045,0.045,0.045,0.045,0.04,0.0,0.0,0.0,0.0,0.85,0.0,0.0,0.005,0.078,0.0,0.026,0.89,puan,0,0,1,0,0,0,,7.5
c67_26,29.18841,40.95172,0.995,0.585,0.997,0.927,0.995,C,0.995,0.995,0.995,0.934,0.927,0.316,0.0,0.0,0.0,0.0,0.001,0.0,0.0,0.021,0.438,0.027,0.196,0.318,puan,0,0,1,0,0,0,,93.0
c67_27,29.18841,40.95621,0.579,0.531,0.614,0.5,0.732,C,0.732,0.658,0.5,0.535,0.572,0.12,0.282,0.001,0.009,0.041,0.0,0.0,0.0,0.038,0.469,0.008,0.033,0.453,puan,0,0,1,0,0,0,,68.9
c67_28,29.18841,40.9607,0.462,0.447,0.479,0.363,0.669,C,0.669,0.56,0.363,0.44,0.462,0.045,0.702,0.059,0.009,0.072,0.001,0.0,0.0,0.043,0.041,0.0,0.029,0.887,puan,866,0,2,0,0,0,0.0,54.5
c67_29,29.18841,40.96519,0.046,0.036,0.253,0.04,0.051,B,0.048,0.051,0.04,0.042,0.048,0.009,0.0,0.0,0.0,0.032,0.25,0.0,0.0,0.028,0.6,0.008,0.073,0.291,puan,160,0,1,0,0,0,0.0,7.6
c67_30,29.18841,40.96968,1.0,0.16,1.0,0.326,1.0,C,1.0,1.0,1.0,0.326,0.43,0.004,0.0,0.0,0.0,0.0,0.0,0.0,0.0,0.008,0.968,0.007,0.013,0.004,kanıt yetersiz,0,0,1,0,0,0,,
c67_31,29.18841,40.97417,0.584,0.123,0.913,0.383,0.708,C,0.708,0.617,0.552,0.383,0.457,0.03,0.0,0.054,0.0,0.002,0.0,0.0,0.0,0.045,0.545,0.033,0.291,0.086,kanıt yetersiz,0,0,1,0,0,0,,
c68_24,29.19436,40.94274,0.0,0.0,0.0,0.0,0.0,A,0.0,0.0,0.0,0.0,0.0,0.0,0.0,0.0,0.0,0.0,1.0,0.0,0.0,0.0,0.0,0.0,0.0,1.0,puan,0,0,1,0,0,0,,0.0
c68_25,29.19436,40.94723,0.0,0.0,0.0,0.0,0.0,A,0.0,0.0,0.0,0.0,0.0,0.0,0.0,0.0,0.0,0.0,1.0,0.0,0.0,0.0,0.0,0.0,0.0,1.0,puan,0,0,1,0,0,0,,0.0
c68_26,29.19436,40.95172,0.317,0.294,0.367,0.314,0.32,A,0.316,0.32,0.314,0.315,0.314,0.257,0.0,0.0,0.012,0.0,0.561,0.0,0.0,0.005,0.1,0.014,0.051,0.83,puan,0,0,1,0,0,0,,25.1
c68_27,29.19436,40.95621,0.758,0.604,0.808,0.733,0.772,B,0.767,0.772,0.744,0.733,0.739,0.504,0.012,0.0,0.002,0.158,0.023,0.0,0.0,0.024,0.097,0.022,0.157,0.7,puan,0,0,1,0,0,0,,81.3
c68_28,29.19436,40.9607,0.512,0.498,0.524,0.429,0.677,C,0.677,0.594,0.429,0.489,0.509,0.111,0.411,0.0,0.0,0.096,0.0,0.0,0.0,0.028,0.337,0.005,0.012,0.618,puan,0,0,1,0,0,0,,61.0
c68_29,29.19436,40.96519,0.563,0.525,0.592,0.505,0.599,A,0.599,0.58,0.546,0.505,0.555,0.364,0.107,0.004,0.001,0.007,0.258,0.0,0.0,0.085,0.121,0.013,0.04,0.741,puan,1060,0,2,0,0,0,0.0,67.4
c68_30,29.19436,40.96968,0.357,0.31,0.441,0.315,0.386,A,0.383,0.386,0.328,0.315,0.345,0.122,0.002,0.054,0.018,0.0,0.135,0.147,0.0,0.064,0.386,0.025,0.047,0.478,puan,0,0,1,0,0,0,,33.9
c68_31,29.19436,40.97417,0.966,0.659,0.977,0.932,0.968,B,0.967,0.968,0.963,0.932,0.957,0.59,0.0,0.003,0.002,0.006,0.0,0.015,0.0,0.023,0.076,0.006,0.28,0.616,puan,0,0,1,0,0,0,,90.5
c69_24,29.20031,40.94274,0.0,0.0,0.0,0.0,0.0,A,0.0,0.0,0.0,0.0,0.0,0.0,0.0,0.0,0.0,0.0,1.0,0.0,0.0,0.0,0.0,0.0,0.0,1.0,puan,0,0,1,0,0,0,,0.0
c69_25,29.20031,40.94723,0.0,0.0,0.0,0.0,0.0,A,0.0,0.0,0.0,0.0,0.0,0.0,0.0,0.0,0.0,0.0,1.0,0.0,0.0,0.0,0.0,0.0,0.0,1.0,puan,0,0,1,0,0,0,,0.0
c69_26,29.20031,40.95172,0.0,0.0,0.0,0.0,0.0,A,0.0,0.0,0.0,0.0,0.0,0.0,0.0,0.0,0.0,0.0,0.997,0.0,0.0,0.0,0.003,0.0,0.0,0.997,puan,0,0,1,0,0,0,,0.0
c69_27,29.20031,40.95621,0.611,0.594,0.621,0.588,0.611,A,0.611,0.611,0.61,0.588,0.608,0.261,0.0,0.0,0.0,0.004,0.163,0.0,0.0,0.017,0.543,0.002,0.01,0.429,puan,0,0,1,0,0,0,,71.6
c69_28,29.20031,40.9607,0.301,0.298,0.306,0.261,0.341,A,0.315,0.341,0.261,0.265,0.299,0.019,0.0,0.0,0.0,0.077,0.0,0.0,0.0,0.013,0.89,0.001,0.0,0.096,kanıt yetersiz,0,0,1,0,0,0,,
c69_29,29.20031,40.96519,0.596,0.557,0.622,0.533,0.612,A,0.6,0.612,0.579,0.533,0.589,0.442,0.0,0.0,0.01,0.216,0.128,0.0,0.0,0.094,0.055,0.012,0.043,0.796,puan,1437,0,2,3,3,0,2.1,70.4
c69_30,29.20031,40.96968,0.439,0.337,0.569,0.366,0.47,B,0.447,0.47,0.408,0.366,0.407,0.231,0.002,0.002,0.02,0.028,0.079,0.278,0.0,0.127,0.039,0.072,0.121,0.641,puan,1420,0,2,0,0,0,0.0,51.1
c69_31,29.20031,40.97417,0.371,0.258,0.562,0.318,0.423,B,0.376,0.423,0.318,0.339,0.346,0.143,0.0,0.0,0.058,0.166,0.0,0.231,0.0,0.056,0.085,0.066,0.196,0.598,puan,0,0,1,0,0,0,,37.3
c70_24,29.20626,40.94274,0.0,0.0,0.0,0.0,0.0,A,0.0,0.0,0.0,0.0,0.0,0.0,0.0,0.0,0.0,0.0,1.0,0.0,0.0,0.0,0.0,0.0,0.0,1.0,puan,0,0,1,0,0,0,,0.0
c70_25,29.20626,40.94723,0.0,0.0,0.0,0.0,0.0,A,0.0,0.0,0.0,0.0,0.0,0.0,0.0,0.0,0.0,0.0,1.0,0.0,0.0,0.0,0.0,0.0,0.0,1.0,puan,0,0,1,0,0,0,,0.0
c70_26,29.20626,40.95172,0.0,0.0,0.0,0.0,0.0,A,0.0,0.0,0.0,0.0,0.0,0.0,0.0,0.0,0.0,0.0,1.0,0.0,0.0,0.0,0.0,0.0,0.0,1.0,puan,0,0,1,0,0,0,,0.0
c70_27,29.20626,40.95621,0.045,0.045,0.045,0.045,0.045,A,0.045,0.045,0.045,0.045,0.045,0.041,0.0,0.0,0.0,0.0,0.883,0.0,0.0,0.002,0.073,0.0,0.0,0.925,puan,0,0,1,0,0,0,,7.5
c70_28,29.20626,40.9607,0.389,0.253,0.603,0.342,0.401,B,0.393,0.401,0.376,0.342,0.375,0.102,0.0,0.0,0.001,0.067,0.114,0.0,0.0,0.038,0.525,0.016,0.137,0.284,puan,0,0,1,0,0,0,,41.5
c70_29,29.20626,40.96519,0.197,0.197,0.198,0.187,0.215,A,0.215,0.207,0.187,0.196,0.197,0.144,0.05,0.015,0.0,0.051,0.653,0.0,0.0,0.006,0.08,0.001,0.0,0.913,puan,0,0,2,0,0,0,,12.6
c70_30,29.20626,40.96968,0.155,0.134,0.268,0.117,0.193,A,0.177,0.193,0.117,0.142,0.152,0.026,0.028,0.066,0.072,0.183,0.419,0.0,0.0,0.071,0.012,0.081,0.041,0.795,puan,1288,0,2,0,0,0,0.0,10.6
c70_31,29.20626,40.97417,0.176,0.116,0.457,0.119,0.234,B,0.185,0.234,0.119,0.164,0.169,0.018,0.0,0.0,0.047,0.462,0.038,0.0,0.0,0.044,0.099,0.094,0.198,0.565,puan,0,0,1,0,0,0,,11.4
c71_24,29.21221,40.94274,0.16,0.137,0.285,0.143,0.162,A,0.161,0.162,0.159,0.143,0.159,0.116,0.0,0.001,0.001,0.002,0.606,0.015,0.0,0.091,0.038,0.017,0.112,0.742,puan,2397,0,2,0,0,0,0.0,10.8
c71_25,29.21221,40.94723,0.008,0.008,0.031,0.008,0.008,A,0.008,0.008,0.008,0.008,0.008,0.008,0.0,0.0,0.0,0.0,0.957,0.0,0.0,0.01,0.003,0.0,0.022,0.965,puan,389,0,2,0,0,0,0.0,5.9
c71_26,29.21221,40.95172,0.022,0.022,0.029,0.02,0.024,A,0.022,0.024,0.02,0.022,0.022,0.017,0.0,0.0,0.006,0.001,0.937,0.009,0.0,0.024,0.0,0.003,0.004,0.97,puan,0,0,1,0,0,0,,6.8
c71_27,29.21221,40.95621,0.226,0.209,0.284,0.193,0.259,A,0.224,0.259,0.193,0.201,0.221,0.119,0.0,0.005,0.087,0.09,0.429,0.102,0.0,0.102,0.0,0.04,0.027,0.832,puan,0,0,1,0,0,0,,14.3
c71_28,29.21221,40.9607,0.591,0.359,0.751,0.486,0.622,B,0.596,0.622,0.559,0.486,0.512,0.242,0.0,0.007,0.027,0.021,0.016,0.163,0.0,0.103,0.115,0.097,0.21,0.476,puan,0,0,1,0,0,0,,69.9
c71_29,29.21221,40.96519,0.567,0.472,0.639,0.498,0.601,B,0.588,0.601,0.533,0.498,0.539,0.257,0.0,0.051,0.029,0.18,0.004,0.04,0.0,0.078,0.248,0.038,0.074,0.562,puan,0,0,1,0,0,0,,67.7
c71_30,29.21221,40.96968,0.318,0.287,0.384,0.245,0.329,A,0.322,0.329,0.306,0.245,0.315,0.15,0.0,0.001,0.001,0.04,0.252,0.077,0.0,0.154,0.268,0.008,0.049,0.521,puan,3286,0,1,0,0,0,0.0,25.3
c71_31,29.21221,40.97417,0.511,0.435,0.583,0.413,0.553,B,0.514,0.553,0.468,0.413,0.492,0.201,0.0,0.0,0.043,0.233,0.0,0.021,0.0,0.117,0.299,0.026,0.06,0.498,puan,1047,0,3,0,0,0,0.0,60.8
c64_32,29.17056,40.97866,0.24,0.216,0.315,0.195,0.285,A,0.251,0.285,0.195,0.209,0.229,0.067,0.0,0.002,0.021,0.036,0.052,0.35,0.0,0.078,0.337,0.056,0.001,0.527,puan,0,0,1,0,0,0,,15.4
c64_33,29.17056,40.98315,0.249,0.212,0.362,0.195,0.303,B,0.259,0.303,0.195,0.215,0.232,0.085,0.0,0.003,0.054,0.046,0.019,0.542,0.0,0.117,0.0,0.124,0.009,0.75,puan,0,0,1,0,0,0,,16.1
c64_34,29.17056,40.98764,0.253,0.202,0.404,0.196,0.311,B,0.265,0.311,0.196,0.222,0.228,0.077,0.001,0.009,0.059,0.049,0.0,0.523,0.0,0.1,0.0,0.181,0.0,0.718,puan,0,0,1,0,0,0,,16.5
c64_35,29.17056,40.99213,0.475,0.304,0.664,0.372,0.516,B,0.481,0.516,0.434,0.372,0.423,0.202,0.0,0.003,0.039,0.111,0.013,0.176,0.0,0.152,0.0,0.095,0.21,0.543,puan,1080,0,3,0,0,0,0.0,56.2
c64_36,29.17056,40.99662,0.166,0.161,0.19,0.101,0.231,B,0.174,0.231,0.101,0.166,0.165,0.0,0.0,0.014,0.121,0.765,0.072,0.0,0.0,0.0,0.0,0.029,0.0,0.971,puan,0,0,1,0,0,0,,11.0
c64_37,29.17056,41.00111,0.214,0.206,0.246,0.144,0.285,B,0.219,0.285,0.144,0.208,0.213,0.033,0.0,0.008,0.142,0.741,0.008,0.0,0.0,0.029,0.0,0.008,0.031,0.932,puan,438,0,2,1,1,0,2.3,13.7
c64_38,29.17056,41.0056,0.269,0.215,0.416,0.221,0.316,B,0.278,0.316,0.221,0.225,0.246,0.1,0.0,0.014,0.054,0.241,0.095,0.187,0.0,0.134,0.0,0.127,0.047,0.691,puan,1161,0,2,2,2,0,1.7,18.4
c64_39,29.17056,41.01009,0.312,0.241,0.469,0.252,0.367,B,0.326,0.367,0.258,0.252,0.271,0.11,0.001,0.021,0.055,0.117,0.001,0.349,0.0,0.155,0.0,0.187,0.005,0.653,puan,0,0,1,0,0,0,,24.0
c65_32,29.17651,40.97866,0.227,0.194,0.338,0.175,0.278,B,0.24,0.278,0.175,0.198,0.215,0.07,0.0,0.004,0.031,0.031,0.0,0.594,0.0,0.106,0.041,0.093,0.03,0.73,puan,0,0,1,0,0,0,,14.4
c65_33,29.17651,40.98315,0.237,0.209,0.325,0.185,0.288,B,0.249,0.288,0.185,0.205,0.224,0.084,0.0,0.001,0.035,0.035,0.0,0.624,0.0,0.119,0.0,0.097,0.005,0.779,puan,0,0,1,0,0,0,,15.2
c65_34,29.17651,40.98764,0.268,0.214,0.416,0.209,0.327,B,0.275,0.327,0.209,0.228,0.239,0.084,0.001,0.001,0.07,0.045,0.001,0.498,0.0,0.123,0.0,0.177,0.0,0.7,puan,0,0,1,0,0,0,,18.3
c65_35,29.17651,40.99213,0.38,0.348,0.432,0.324,0.435,B,0.386,0.435,0.324,0.334,0.369,0.192,0.003,0.011,0.093,0.432,0.0,0.082,0.0,0.112,0.0,0.034,0.04,0.813,puan,1018,0,1,0,0,0,0.0,39.6
c65_36,29.17651,40.99662,0.205,0.203,0.212,0.141,0.268,B,0.23,0.268,0.141,0.205,0.204,0.023,0.0,0.091,0.095,0.781,0.0,0.0,0.0,0.0,0.0,0.009,0.0,0.991,puan,0,0,1,0,0,0,,13.2
c65_37,29.17651,41.00111,0.267,0.253,0.305,0.19,0.344,B,0.281,0.344,0.19,0.253,0.266,0.053,0.027,0.035,0.17,0.606,0.0,0.01,0.0,0.05,0.0,0.003,0.046,0.901,puan,0,0,1,0,0,0,,18.1
c65_38,29.17651,41.0056,0.376,0.358,0.407,0.303,0.45,B,0.375,0.45,0.303,0.328,0.366,0.153,0.003,0.025,0.201,0.283,0.058,0.11,0.0,0.123,0.0,0.037,0.006,0.833,puan,1396,0,2,6,6,0,4.3,38.5
c65_39,29.17651,41.01009,0.29,0.254,0.378,0.231,0.349,B,0.298,0.349,0.231,0.256,0.276,0.108,0.0,0.014,0.093,0.19,0.027,0.352,0.0,0.105,0.0,0.074,0.037,0.784,puan,0,0,1,0,0,0,,20.6
c66_32,29.18246,40.97866,0.254,0.225,0.338,0.207,0.301,A,0.27,0.301,0.207,0.25,0.24,0.116,0.0,0.012,0.022,0.603,0.001,0.121,0.0,0.013,0.0,0.104,0.007,0.876,puan,0,0,1,0,0,0,,16.7
c66_33,29.18246,40.98315,0.185,0.166,0.265,0.131,0.238,B,0.207,0.238,0.131,0.175,0.179,0.034,0.0,0.04,0.03,0.488,0.001,0.265,0.0,0.047,0.0,0.094,0.0,0.859,puan,0,0,1,0,0,0,,11.8
c66_34,29.18246,40.98764,0.327,0.289,0.405,0.281,0.374,A,0.371,0.374,0.281,0.295,0.307,0.134,0.001,0.143,0.025,0.227,0.0,0.276,0.0,0.088,0.0,0.09,0.016,0.806,puan,0,0,1,0,0,0,,27.1
c66_35,29.18246,40.99213,0.257,0.235,0.319,0.205,0.309,B,0.272,0.309,0.205,0.23,0.249,0.1,0.0,0.019,0.046,0.66,0.0,0.005,0.0,0.095,0.0,0.053,0.023,0.83,puan,965,0,1,0,0,0,0.0,17.0
c66_36,29.18246,40.99662,0.233,0.231,0.239,0.162,0.304,B,0.24,0.304,0.162,0.228,0.233,0.05,0.0,0.018,0.151,0.754,0.0,0.0,0.0,0.02,0.0,0.003,0.004,0.973,puan,0,0,1,0,0,0,,14.8
c66_37,29.18246,41.00111,0.226,0.218,0.254,0.18,0.272,A,0.233,0.272,0.18,0.218,0.226,0.103,0.0,0.003,0.067,0.577,0.173,0.006,0.0,0.037,0.0,0.007,0.028,0.929,puan,0,0,1,0,0,0,,14.3
c66_38,29.18246,41.0056,0.318,0.245,0.475,0.252,0.372,B,0.329,0.372,0.265,0.252,0.274,0.115,0.002,0.009,0.052,0.189,0.0,0.268,0.0,0.168,0.009,0.187,0.003,0.633,puan,1004,0,2,3,3,0,3.0,25.3
c66_39,29.18246,41.01009,0.314,0.25,0.453,0.251,0.377,B,0.327,0.377,0.251,0.266,0.284,0.089,0.0,0.033,0.084,0.112,0.0,0.304,0.0,0.112,0.107,0.118,0.041,0.622,puan,0,0,1,0,0,0,,24.6
c67_32,29.18841,40.97866,0.587,0.419,0.705,0.562,0.612,B,0.595,0.612,0.562,0.568,0.564,0.303,0.0,0.0,0.005,0.271,0.0,0.0,0.0,0.019,0.171,0.03,0.202,0.579,puan,0,0,1,0,0,0,,69.5
c67_33,29.18841,40.98315,0.159,0.144,0.24,0.101,0.217,B,0.172,0.217,0.101,0.159,0.156,0.012,0.0,0.002,0.054,0.82,0.0,0.015,0.0,0.001,0.0,0.096,0.0,0.903,puan,0,0,1,0,0,0,,10.8
c67_34,29.18841,40.98764,0.267,0.237,0.348,0.22,0.313,A,0.28,0.313,0.22,0.224,0.252,0.114,0.001,0.002,0.019,0.069,0.0,0.556,0.0,0.145,0.0,0.085,0.009,0.76,puan,268,0,1,0,0,0,0.0,18.1
c67_35,29.18841,40.99213,0.244,0.222,0.312,0.187,0.301,B,0.255,0.301,0.187,0.217,0.236,0.082,0.0,0.007,0.064,0.604,0.0,0.061,0.0,0.101,0.0,0.061,0.02,0.818,puan,761,0,2,1,0,1,1.3,15.7
c67_36,29.18841,40.99662,0.334,0.287,0.429,0.265,0.403,B,0.334,0.403,0.265,0.283,0.306,0.12,0.0,0.001,0.134,0.268,0.0,0.219,0.0,0.136,0.0,0.116,0.007,0.742,puan,0,0,1,0,0,0,,28.5
c67_37,29.18841,41.00111,0.293,0.217,0.477,0.233,0.336,B,0.3,0.336,0.25,0.233,0.254,0.113,0.0,0.005,0.042,0.09,0.097,0.273,0.0,0.159,0.0,0.188,0.031,0.621,puan,0,0,1,0,0,0,,21.1
c67_38,29.18841,41.0056,0.358,0.282,0.494,0.29,0.424,B,0.382,0.424,0.292,0.29,0.318,0.106,0.0,0.087,0.105,0.071,0.0,0.291,0.0,0.156,0.005,0.138,0.04,0.661,puan,1076,0,2,4,4,0,3.7,34.2
c67_39,29.18841,41.01009,0.286,0.264,0.341,0.218,0.355,B,0.291,0.355,0.218,0.243,0.275,0.086,0.003,0.01,0.123,0.291,0.0,0.262,0.0,0.139,0.021,0.056,0.008,0.775,puan,0,0,1,0,0,0,,20.3
c68_32,29.19436,40.97866,0.894,0.611,0.928,0.868,0.911,B,0.911,0.902,0.887,0.871,0.868,0.542,0.0,0.05,0.001,0.041,0.0,0.0,0.0,0.017,0.058,0.022,0.27,0.633,puan,0,0,1,0,0,0,,87.6
c68_33,29.19436,40.98315,0.194,0.174,0.277,0.145,0.243,A,0.209,0.243,0.145,0.191,0.187,0.063,0.0,0.002,0.014,0.764,0.0,0.042,0.0,0.013,0.0,0.088,0.014,0.885,puan,0,0,1,0,0,0,,12.5
c68_34,29.19436,40.98764,0.376,0.283,0.529,0.29,0.43,B,0.393,0.43,0.322,0.29,0.358,0.136,0.001,0.04,0.06,0.244,0.0,0.123,0.0,0.18,0.02,0.046,0.151,0.604,puan,1261,0,2,0,0,0,0.0,38.5
c68_35,29.19436,40.99213,0.179,0.167,0.237,0.115,0.243,B,0.188,0.243,0.115,0.173,0.177,0.016,0.0,0.0,0.084,0.728,0.003,0.003,0.0,0.031,0.072,0.042,0.021,0.834,puan,0,0,1,0,0,0,,11.6
c68_36,29.19436,40.99662,0.276,0.233,0.389,0.223,0.329,B,0.303,0.329,0.223,0.251,0.257,0.094,0.003,0.07,0.045,0.443,0.0,0.124,0.0,0.077,0.0,0.11,0.035,0.778,puan,0,0,1,0,0,0,,19.1
c68_37,29.19436,41.00111,0.324,0.252,0.474,0.268,0.38,B,0.331,0.38,0.268,0.273,0.282,0.123,0.001,0.006,0.068,0.162,0.0,0.32,0.0,0.126,0.0,0.181,0.013,0.679,puan,0,0,1,0,0,0,,26.2
c68_38,29.19436,41.0056,0.344,0.315,0.399,0.245,0.443,B,0.333,0.443,0.245,0.291,0.328,0.07,0.0,0.018,0.283,0.141,0.0,0.274,0.0,0.142,0.0,0.064,0.008,0.786,puan,1044,0,3,6,6,0,5.7,30.9
c68_39,29.19436,41.01009,0.382,0.372,0.398,0.321,0.443,B,0.384,0.443,0.321,0.33,0.379,0.192,0.001,0.007,0.127,0.219,0.002,0.298,0.0,0.133,0.0,0.01,0.012,0.844,puan,171,0,1,0,0,0,0.0,40.2
c69_32,29.20031,40.97866,0.587,0.447,0.686,0.467,0.708,C,0.591,0.708,0.467,0.563,0.559,0.162,0.0,0.152,0.384,0.002,0.0,0.0,0.0,0.03,0.049,0.047,0.173,0.701,puan,0,0,1,0,0,0,,69.5
c69_33,29.20031,40.98315,0.542,0.456,0.615,0.463,0.611,B,0.531,0.611,0.473,0.463,0.529,0.273,0.0,0.0,0.182,0.281,0.0,0.0,0.0,0.125,0.0,0.023,0.116,0.736,puan,1423,0,3,0,0,0,0.0,64.9
c69_34,29.20031,40.98764,0.2,0.168,0.326,0.166,0.234,A,0.209,0.234,0.166,0.188,0.196,0.087,0.0,0.0,0.013,0.464,0.196,0.0,0.0,0.046,0.052,0.036,0.106,0.761,puan,220,0,1,0,0,0,0.0,12.9
c69_35,29.20031,40.99213,0.061,0.061,0.063,0.052,0.07,A,0.061,0.07,0.052,0.06,0.061,0.031,0.0,0.0,0.019,0.081,0.707,0.0,0.0,0.007,0.152,0.001,0.001,0.838,puan,0,0,1,0,0,0,,8.2
c69_36,29.20031,40.99662,0.042,0.04,0.073,0.03,0.053,A,0.042,0.053,0.03,0.041,0.043,0.013,0.0,0.001,0.024,0.097,0.792,0.02,0.0,0.021,0.0,0.012,0.02,0.946,puan,0,0,1,0,0,0,,7.4
c69_37,29.20031,41.00111,0.162,0.127,0.339,0.138,0.185,B,0.167,0.185,0.138,0.139,0.154,0.071,0.0,0.002,0.019,0.11,0.352,0.147,0.0,0.112,0.0,0.177,0.011,0.7,puan,0,0,1,0,0,0,,10.9
c69_38,29.20031,41.0056,0.391,0.369,0.425,0.307,0.474,B,0.4,0.474,0.307,0.34,0.383,0.125,0.0,0.103,0.248,0.16,0.066,0.125,0.0,0.123,0.0,0.024,0.025,0.827,puan,73,0,1,1,1,0,13.7,41.9
c69_39,29.20031,41.01009,0.381,0.371,0.398,0.322,0.437,B,0.389,0.437,0.326,0.322,0.38,0.195,0.0,0.022,0.097,0.299,0.007,0.206,0.0,0.151,0.0,0.004,0.019,0.825,puan,1032,0,2,11,11,0,10.7,39.9
c70_32,29.20626,40.97866,0.396,0.365,0.443,0.312,0.48,B,0.396,0.48,0.312,0.362,0.391,0.141,0.0,0.046,0.234,0.401,0.0,0.0,0.0,0.077,0.032,0.015,0.054,0.822,puan,1187,0,2,0,0,0,0.0,42.8
c70_33,29.20626,40.98315,0.691,0.583,0.739,0.531,0.741,C,0.701,0.741,0.64,0.531,0.672,0.298,0.0,0.055,0.101,0.098,0.0,0.0,0.0,0.166,0.18,0.019,0.083,0.552,puan,3317,0,4,0,0,0,0.0,77.1
c70_34,29.20626,40.98764,0.099,0.094,0.15,0.085,0.114,A,0.103,0.114,0.085,0.098,0.101,0.058,0.0,0.0,0.011,0.228,0.631,0.0,0.0,0.017,0.0,0.045,0.01,0.928,puan,0,0,1,0,0,0,,9.4
c70_35,29.20626,40.99213,0.001,0.001,0.005,0.0,0.001,A,0.001,0.001,0.0,0.001,0.001,0.0,0.0,0.0,0.002,0.0,0.994,0.0,0.0,0.0,0.0,0.005,0.0,0.995,puan,0,0,1,0,0,0,,5.0
c70_36,29.20626,40.99662,0.117,0.117,0.123,0.07,0.164,A,0.101,0.164,0.07,0.117,0.117,0.0,0.0,0.0,0.233,0.0,0.761,0.0,0.0,0.0,0.0,0.006,0.0,0.994,puan,0,0,1,0,0,0,,9.7
c70_37,29.20626,41.00111,0.177,0.176,0.184,0.13,0.225,A,0.164,0.225,0.13,0.172,0.177,0.055,0.0,0.004,0.209,0.042,0.619,0.034,0.0,0.029,0.0,0.0,0.008,0.963,puan,0,0,1,0,0,0,,11.4
c70_38,29.20626,41.0056,0.351,0.346,0.359,0.294,0.39,A,0.363,0.39,0.311,0.294,0.35,0.205,0.001,0.014,0.029,0.27,0.057,0.253,0.0,0.161,0.0,0.002,0.008,0.829,puan,0,0,1,0,0,0,,32.5
c70_39,29.20626,41.01009,0.337,0.336,0.338,0.27,0.403,B,0.339,0.403,0.27,0.274,0.337,0.136,0.004,0.005,0.134,0.286,0.002,0.243,0.0,0.187,0.0,0.0,0.002,0.811,puan,1454,0,3,3,3,0,2.1,29.0
c71_32,29.21221,40.97866,0.477,0.373,0.591,0.364,0.59,C,0.449,0.59,0.364,0.404,0.448,0.126,0.0,0.0,0.31,0.025,0.0,0.182,0.0,0.115,0.063,0.057,0.122,0.643,puan,472,0,2,0,0,0,0.0,56.5
c71_33,29.21221,40.98315,0.358,0.286,0.488,0.287,0.43,B,0.354,0.43,0.287,0.305,0.333,0.125,0.0,0.0,0.148,0.413,0.014,0.0,0.0,0.124,0.0,0.086,0.09,0.7,puan,1295,0,2,0,0,0,0.0,34.2
c71_34,29.21221,40.98764,0.003,0.003,0.071,0.003,0.003,A,0.003,0.003,0.003,0.003,0.003,0.003,0.0,0.0,0.0,0.0,0.929,0.0,0.0,0.0,0.0,0.004,0.064,0.931,puan,0,0,1,0,0,0,,5.4
c71_35,29.21221,40.99213,0.001,0.001,0.003,0.001,0.001,A,0.001,0.001,0.001,0.001,0.001,0.0,0.0,0.0,0.002,0.0,0.997,0.0,0.0,0.0,0.0,0.002,0.0,0.998,puan,0,0,1,0,0,0,,5.0
c71_36,29.21221,40.99662,0.245,0.245,0.245,0.147,0.342,B,0.21,0.342,0.147,0.245,0.245,0.0,0.0,0.0,0.489,0.0,0.511,0.0,0.0,0.0,0.0,0.0,0.0,1.0,puan,0,0,1,0,0,0,,15.8
c71_37,29.21221,41.00111,0.359,0.351,0.372,0.251,0.466,C,0.333,0.466,0.251,0.332,0.358,0.077,0.002,0.017,0.433,0.104,0.178,0.098,0.0,0.073,0.0,0.003,0.017,0.907,puan,0,0,1,0,0,0,,34.6
c71_38,29.21221,41.0056,0.34,0.337,0.346,0.279,0.401,B,0.347,0.401,0.279,0.283,0.339,0.147,0.0,0.024,0.117,0.28,0.022,0.226,0.0,0.163,0.012,0.002,0.006,0.817,puan,46,0,1,2,2,0,,29.9
c71_39,29.21221,41.01009,0.476,0.393,0.568,0.377,0.575,B,0.461,0.575,0.377,0.394,0.427,0.154,0.004,0.021,0.279,0.093,0.003,0.145,0.0,0.146,0.006,0.114,0.034,0.699,puan,1682,0,5,21,21,0,12.5,56.3
c64_40,29.17056,41.01458,0.265,0.225,0.375,0.215,0.315,A,0.284,0.315,0.215,0.225,0.245,0.097,0.001,0.029,0.03,0.171,0.0,0.411,0.0,0.131,0.0,0.123,0.007,0.738,puan,0,0,1,0,0,0,,17.9
c64_41,29.17056,41.01907,0.324,0.269,0.438,0.261,0.387,B,0.338,0.387,0.261,0.264,0.305,0.105,0.0,0.044,0.096,0.15,0.0,0.304,0.0,0.158,0.0,0.076,0.067,0.699,puan,1153,0,2,8,7,1,6.9,26.2
c64_42,29.17056,41.02356,0.305,0.242,0.45,0.241,0.359,B,0.315,0.359,0.252,0.241,0.27,0.111,0.001,0.005,0.05,0.049,0.0,0.434,0.0,0.172,0.009,0.156,0.014,0.649,puan,0,0,1,0,0,0,,22.7
c64_43,29.17056,41.02805,0.364,0.239,0.583,0.258,0.42,B,0.37,0.42,0.308,0.258,0.317,0.115,0.002,0.004,0.057,0.031,0.0,0.308,0.0,0.212,0.0,0.128,0.144,0.517,puan,2287,0,1,7,7,0,3.1,35.5
c64_44,29.17056,41.03254,0.787,0.565,0.847,0.613,0.824,C,0.786,0.824,0.751,0.613,0.7,0.397,0.0,0.018,0.08,0.031,0.0,0.051,0.0,0.164,0.032,0.087,0.14,0.577,puan,957,0,3,4,4,0,4.2,82.6
c64_45,29.17056,41.03703,0.731,0.446,0.836,0.589,0.75,B,0.736,0.75,0.712,0.589,0.595,0.28,0.001,0.006,0.012,0.04,0.012,0.062,0.0,0.1,0.226,0.119,0.144,0.412,puan,0,0,1,0,0,0,,79.5
c64_46,29.17056,41.04152,0.598,0.372,0.75,0.476,0.621,B,0.608,0.621,0.574,0.476,0.529,0.069,0.0,0.002,0.0,0.0,0.0,0.057,0.0,0.033,0.761,0.022,0.056,0.128,puan,0,0,1,0,0,0,,70.6
c64_47,29.17056,41.04601,0.381,0.155,0.749,0.245,0.418,C,0.407,0.418,0.345,0.245,0.321,0.018,0.0,0.005,0.0,0.001,0.0,0.043,0.0,0.037,0.8,0.02,0.076,0.066,kanıt yetersiz,0,0,1,0,0,0,,
c65_40,29.17651,41.01458,0.312,0.281,0.382,0.248,0.377,B,0.316,0.377,0.248,0.267,0.301,0.115,0.0,0.009,0.121,0.142,0.013,0.382,0.0,0.132,0.0,0.049,0.038,0.781,puan,339,0,2,3,2,1,8.8,24.0
c65_41,29.17651,41.01907,0.347,0.29,0.455,0.282,0.408,B,0.361,0.408,0.286,0.282,0.313,0.126,0.003,0.039,0.093,0.143,0.002,0.293,0.0,0.163,0.0,0.126,0.012,0.699,puan,765,0,2,1,1,0,1.3,31.4
c65_42,29.17651,41.02356,0.324,0.265,0.448,0.249,0.372,B,0.337,0.372,0.277,0.249,0.312,0.129,0.001,0.023,0.049,0.124,0.056,0.273,0.0,0.199,0.0,0.042,0.105,0.654,puan,1152,0,2,1,0,1,0.9,26.2
c65_43,29.17651,41.02805,0.325,0.278,0.421,0.265,0.383,B,0.337,0.383,0.267,0.265,0.312,0.123,0.005,0.022,0.077,0.071,0.0,0.422,0.0,0.16,0.0,0.049,0.071,0.719,puan,507,0,2,0,0,0,0.0,26.4
c65_44,29.17651,41.03254,0.361,0.316,0.44,0.3,0.42,B,0.37,0.42,0.302,0.3,0.335,0.145,0.001,0.026,0.092,0.086,0.0,0.364,0.0,0.144,0.04,0.087,0.014,0.714,puan,0,0,1,0,0,0,,35.0
c65_45,29.17651,41.03703,0.671,0.313,0.847,0.48,0.717,C,0.672,0.717,0.624,0.48,0.505,0.203,0.001,0.014,0.06,0.047,0.004,0.043,0.0,0.148,0.054,0.162,0.263,0.372,puan,0,0,1,0,0,0,,75.8
c65_46,29.17651,41.04152,0.411,0.2,0.713,0.334,0.464,C,0.422,0.464,0.358,0.334,0.345,0.11,0.001,0.015,0.044,0.046,0.0,0.193,0.0,0.094,0.067,0.123,0.307,0.409,puan,0,0,1,0,0,0,,46.0
c65_47,29.17651,41.04601,0.394,0.157,0.759,0.307,0.451,C,0.417,0.451,0.338,0.307,0.325,0.062,0.0,0.029,0.033,0.078,0.0,0.071,0.0,0.078,0.235,0.094,0.32,0.274,puan,0,0,1,0,0,0,,42.4
c66_40,29.18246,41.01458,0.437,0.392,0.495,0.356,0.498,B,0.439,0.498,0.375,0.356,0.427,0.203,0.0,0.03,0.142,0.116,0.044,0.211,0.0,0.168,0.0,0.024,0.062,0.746,puan,2858,0,7,13,12,1,4.5,50.7
c66_41,29.18246,41.01907,0.419,0.358,0.504,0.328,0.47,B,0.425,0.47,0.368,0.328,0.403,0.199,0.0,0.011,0.073,0.12,0.011,0.277,0.0,0.191,0.0,0.04,0.078,0.69,puan,1803,0,3,0,0,0,0.0,47.7
c66_42,29.18246,41.02356,0.365,0.273,0.524,0.298,0.426,B,0.376,0.426,0.304,0.298,0.31,0.128,0.001,0.031,0.09,0.1,0.0,0.291,0.0,0.144,0.0,0.189,0.026,0.641,puan,90,0,1,0,0,0,0.0,35.7
c66_43,29.18246,41.02805,0.361,0.25,0.558,0.285,0.426,B,0.368,0.426,0.296,0.285,0.292,0.111,0.002,0.018,0.094,0.105,0.0,0.253,0.0,0.157,0.0,0.241,0.019,0.583,puan,0,0,1,0,0,0,,35.0
c66_44,29.18246,41.03254,0.429,0.353,0.53,0.358,0.482,B,0.436,0.482,0.377,0.358,0.383,0.185,0.0,0.014,0.072,0.057,0.0,0.305,0.0,0.127,0.105,0.113,0.023,0.632,puan,0,0,1,0,0,0,,49.4
c66_45,29.18246,41.03703,0.648,0.111,0.939,0.47,0.671,C,0.657,0.671,0.624,0.47,0.478,0.087,0.001,0.004,0.005,0.023,0.01,0.019,0.0,0.056,0.076,0.071,0.647,0.149,puan,0,0,1,0,0,0,,74.1
c66_46,29.18246,41.04152,0.77,0.244,0.927,0.491,0.806,C,0.77,0.806,0.734,0.556,0.491,0.18,0.002,0.007,0.035,0.02,0.004,0.019,0.0,0.103,0.054,0.203,0.374,0.267,puan,0,0,1,0,0,0,,82.0
c66_47,29.18246,41.04601,0.472,0.325,0.636,0.413,0.504,B,0.484,0.504,0.441,0.413,0.436,0.127,0.0,0.003,0.002,0.121,0.0,0.072,0.0,0.046,0.482,0.038,0.109,0.325,puan,0,0,1,0,0,0,,56.0
c67_40,29.18841,41.01458,0.416,0.371,0.478,0.323,0.507,B,0.403,0.507,0.325,0.323,0.389,0.132,0.003,0.004,0.237,0.1,0.0,0.234,0.0,0.204,0.0,0.072,0.013,0.711,puan,860,0,1,4,4,0,4.6,46.8
c67_41,29.18841,41.01907,0.336,0.286,0.434,0.267,0.399,B,0.339,0.399,0.273,0.267,0.305,0.123,0.003,0.002,0.101,0.264,0.0,0.205,0.0,0.18,0.0,0.12,0.001,0.698,puan,0,0,1,0,0,0,,28.9
c67_42,29.18841,41.02356,0.406,0.301,0.56,0.326,0.466,B,0.414,0.466,0.347,0.326,0.342,0.156,0.003,0.019,0.092,0.053,0.0,0.305,0.0,0.154,0.0,0.187,0.031,0.628,puan,0,0,1,0,0,0,,44.8
c67_43,29.18841,41.02805,0.384,0.291,0.533,0.324,0.44,B,0.399,0.44,0.328,0.327,0.324,0.153,0.001,0.041,0.077,0.032,0.0,0.364,0.0,0.117,0.0,0.202,0.011,0.669,puan,0,0,1,0,0,0,,40.5
c67_44,29.18841,41.03254,0.542,0.43,0.637,0.462,0.575,B,0.553,0.575,0.509,0.472,0.462,0.303,0.0,0.016,0.027,0.056,0.0,0.267,0.0,0.099,0.057,0.16,0.015,0.669,puan,99,0,1,0,0,0,0.0,64.9
c67_45,29.18841,41.03703,0.418,0.101,0.86,0.347,0.457,C,0.44,0.457,0.38,0.347,0.382,0.065,0.0,0.014,0.005,0.02,0.0,0.108,0.0,0.044,0.071,0.03,0.642,0.213,puan,0,0,1,0,0,0,,47.3
c67_46,29.18841,41.04152,0.431,0.085,0.888,0.272,0.465,C,0.455,0.465,0.398,0.272,0.344,0.021,0.0,0.004,0.0,0.038,0.0,0.0,0.0,0.037,0.64,0.025,0.234,0.063,kanıt yetersiz,0,0,1,0,0,0,,
c67_47,29.18841,41.04601,0.368,0.324,0.443,0.306,0.404,A,0.383,0.404,0.331,0.306,0.339,0.056,0.0,0.002,0.0,0.002,0.0,0.144,0.0,0.041,0.726,0.027,0.0,0.204,puan,0,0,1,0,0,0,,36.5
c68_40,29.19436,41.01458,0.383,0.311,0.499,0.282,0.458,B,0.38,0.458,0.308,0.282,0.337,0.121,0.003,0.009,0.146,0.117,0.011,0.223,0.0,0.225,0.0,0.139,0.007,0.63,puan,1098,0,2,1,0,1,0.9,40.4
c68_41,29.19436,41.01907,0.538,0.354,0.695,0.383,0.601,C,0.533,0.601,0.474,0.383,0.401,0.191,0.001,0.009,0.109,0.07,0.0,0.131,0.0,0.207,0.018,0.253,0.012,0.511,puan,488,0,2,0,0,0,0.0,64.5
c68_42,29.19436,41.02356,0.488,0.396,0.585,0.369,0.544,B,0.49,0.544,0.433,0.369,0.428,0.197,0.001,0.009,0.088,0.065,0.006,0.204,0.0,0.184,0.112,0.113,0.02,0.571,puan,996,0,2,0,0,0,0.0,57.9
c68_43,29.19436,41.02805,0.582,0.479,0.655,0.474,0.611,B,0.591,0.611,0.552,0.474,0.516,0.22,0.0,0.008,0.014,0.004,0.0,0.191,0.0,0.099,0.371,0.073,0.02,0.437,puan,1411,0,2,0,0,0,0.0,69.0
c68_44,29.19436,41.03254,0.929,0.595,0.954,0.461,0.935,C,0.933,0.935,0.922,0.461,0.901,0.105,0.0,0.003,0.001,0.0,0.0,0.007,0.0,0.117,0.702,0.004,0.061,0.116,puan,2626,0,5,0,0,0,0.0,89.1
c68_45,29.19436,41.03703,0.941,0.832,0.948,0.719,0.944,C,0.942,0.944,0.937,0.719,0.927,0.269,0.0,0.0,0.0,0.006,0.0,0.013,0.0,0.089,0.584,0.005,0.033,0.289,puan,1040,0,2,0,0,0,0.0,89.5
c68_46,29.19436,41.04152,0.707,0.162,0.933,0.239,0.724,C,0.713,0.724,0.69,0.239,0.576,0.032,0.0,0.0,0.0,0.016,0.0,0.0,0.0,0.094,0.695,0.014,0.148,0.048,kanıt yetersiz,1015,0,2,0,0,0,0.0,
c68_47,29.19436,41.04601,0.995,0.559,0.997,0.638,0.996,C,0.996,0.996,0.995,0.638,0.967,0.179,0.0,0.0,0.0,0.0,0.0,0.001,0.0,0.101,0.578,0.006,0.134,0.18,puan,2329,0,5,0,0,0,0.0,93.0
c69_40,29.20031,41.01458,0.513,0.487,0.537,0.443,0.565,B,0.513,0.565,0.461,0.443,0.509,0.314,0.001,0.009,0.116,0.108,0.001,0.278,0.0,0.13,0.0,0.007,0.036,0.826,puan,1922,0,4,0,0,0,0.0,61.1
c69_41,29.20031,41.01907,0.593,0.545,0.626,0.516,0.614,A,0.598,0.614,0.572,0.516,0.58,0.433,0.0,0.0,0.015,0.092,0.075,0.186,0.0,0.12,0.008,0.022,0.048,0.801,puan,1775,0,2,0,0,0,0.0,70.2
c69_42,29.20031,41.02356,0.334,0.331,0.34,0.296,0.372,A,0.348,0.372,0.296,0.31,0.333,0.128,0.0,0.0,0.0,0.131,0.001,0.276,0.0,0.042,0.418,0.004,0.0,0.535,puan,0,0,1,0,0,0,,28.5
c69_43,29.20031,41.02805,,,,,,C,,,,0.0,,0.0,0.0,0.0,0.0,0.0,0.0,0.0,0.0,0.004,0.996,0.0,0.0,0.0,kanıt yetersiz,0,0,1,0,0,0,,
c69_44,29.20031,41.03254,,0.0,1.0,,,C,,,,0.0,0.125,0.0,0.0,0.0,0.0,0.0,0.0,0.0,0.0,0.014,0.986,0.001,0.0,0.0,kanıt yetersiz,0,0,1,0,0,0,,
c69_45,29.20031,41.03703,,0.0,1.0,,,C,,,,0.0,0.125,0.0,0.0,0.0,0.0,0.0,0.0,0.0,0.0,0.012,0.966,0.003,0.02,0.0,kanıt yetersiz,0,0,1,0,0,0,,
c69_46,29.20031,41.04152,0.066,0.001,0.986,0.015,0.12,C,0.075,0.092,0.039,0.015,0.12,0.0,0.0,0.0,0.0,0.003,0.003,0.0,0.0,0.02,0.584,0.071,0.319,0.006,kanıt yetersiz,0,0,1,0,0,0,,
c69_47,29.20031,41.04601,1.0,0.396,1.0,0.42,1.0,C,1.0,1.0,1.0,0.42,0.981,0.063,0.0,0.0,0.0,0.0,0.0,0.0,0.0,0.087,0.754,0.001,0.095,0.063,kanıt yetersiz,1613,0,4,0,0,0,0.0,
c70_40,29.20626,41.01458,0.378,0.351,0.423,0.317,0.44,B,0.364,0.44,0.317,0.317,0.374,0.175,0.002,0.002,0.207,0.077,0.264,0.059,0.0,0.152,0.0,0.015,0.047,0.787,puan,3497,0,9,4,3,1,1.1,39.2
c70_41,29.20626,41.01907,0.503,0.474,0.532,0.472,0.516,A,0.508,0.516,0.491,0.472,0.498,0.418,0.0,0.0,0.0,0.172,0.246,0.05,0.0,0.059,0.0,0.014,0.041,0.886,puan,610,0,2,0,0,0,0.0,59.6
c70_42,29.20626,41.02356,0.465,0.464,0.466,0.434,0.495,A,0.476,0.495,0.434,0.457,0.464,0.177,0.0,0.0,0.0,0.067,0.001,0.21,0.0,0.007,0.537,0.001,0.0,0.455,puan,0,0,1,0,0,0,,55.0
c70_43,29.20626,41.02805,1.0,1.0,1.0,0.899,1.0,B,1.0,1.0,1.0,0.899,1.0,0.054,0.0,0.0,0.0,0.0,0.0,0.0,0.0,0.006,0.94,0.0,0.0,0.054,kanıt yetersiz,0,0,1,0,0,0,,
c70_44,29.20626,41.03254,,,,,,C,,,,0.0,,0.0,0.0,0.0,0.0,0.0,0.0,0.0,0.0,0.012,0.988,0.0,0.0,0.0,kanıt yetersiz,0,0,1,0,0,0,,
c70_45,29.20626,41.03703,,0.0,1.0,,,C,,,,0.0,0.125,0.0,0.0,0.0,0.0,0.0,0.0,0.0,0.0,0.014,0.985,0.001,0.0,0.0,kanıt yetersiz,0,0,1,0,0,0,,
c70_46,29.20626,41.04152,1.0,0.084,1.0,0.045,1.0,C,1.0,1.0,1.0,0.045,0.74,0.002,0.0,0.0,0.0,0.0,0.0,0.0,0.0,0.04,0.937,0.001,0.02,0.002,kanıt yetersiz,349,0,1,0,0,0,0.0,
c70_47,29.20626,41.04601,1.0,0.153,1.0,0.069,1.0,C,1.0,1.0,1.0,0.069,0.969,0.005,0.0,0.0,0.0,0.0,0.0,0.0,0.0,0.066,0.903,0.0,0.027,0.005,kanıt yetersiz,722,0,3,0,0,0,0.0,
c71_40,29.21221,41.01458,0.277,0.198,0.482,0.224,0.318,B,0.282,0.318,0.236,0.224,0.234,0.105,0.002,0.007,0.052,0.031,0.164,0.252,0.0,0.144,0.0,0.24,0.002,0.613,puan,0,0,1,0,0,0,,19.3
c71_41,29.21221,41.01907,0.058,0.053,0.134,0.05,0.066,A,0.059,0.066,0.05,0.051,0.061,0.03,0.0,0.001,0.012,0.011,0.675,0.07,0.0,0.11,0.022,0.037,0.033,0.798,puan,1465,0,2,0,0,0,0.0,8.1
c71_42,29.21221,41.02356,0.242,0.231,0.277,0.19,0.294,B,0.26,0.294,0.19,0.2,0.239,0.014,0.0,0.005,0.007,0.015,0.002,0.095,0.0,0.029,0.826,0.003,0.004,0.138,puan,292,0,1,0,0,0,0.0,15.6
c71_43,29.21221,41.02805,0.487,0.428,0.549,0.438,0.529,A,0.496,0.529,0.445,0.438,0.443,0.105,0.0,0.006,0.021,0.001,0.0,0.146,0.0,0.031,0.652,0.038,0.0,0.278,puan,0,0,1,0,0,0,,57.7
c71_44,29.21221,41.03254,,,,,,C,,,,0.0,,0.0,0.0,0.0,0.0,0.0,0.0,0.0,0.0,0.011,0.989,0.0,0.0,0.0,kanıt yetersiz,0,0,1,0,0,0,,
c71_45,29.21221,41.03703,,0.0,1.0,,,C,,,,0.0,0.125,0.0,0.0,0.0,0.0,0.0,0.0,0.0,0.0,0.023,0.975,0.001,0.0,0.0,kanıt yetersiz,0,0,1,0,0,0,,
c71_46,29.21221,41.04152,1.0,0.177,1.0,0.084,1.0,C,1.0,1.0,1.0,0.084,1.0,0.007,0.0,0.0,0.0,0.0,0.0,0.0,0.0,0.074,0.887,0.0,0.032,0.007,kanıt yetersiz,1006,0,3,0,0,0,0.0,
c71_47,29.21221,41.04601,1.0,1.0,1.0,0.343,1.0,C,1.0,1.0,1.0,0.343,1.0,0.012,0.0,0.0,0.0,0.0,0.0,0.0,0.0,0.023,0.965,0.0,0.0,0.012,kanıt yetersiz,0,0,1,0,0,0,,
c64_48,29.17056,41.0505,0.405,0.14,0.794,0.253,0.449,C,0.419,0.449,0.361,0.253,0.359,0.036,0.0,0.005,0.007,0.012,0.0,0.066,0.0,0.075,0.562,0.024,0.213,0.126,puan,282,0,2,0,0,0,0.0,44.6
c64_49,29.17056,41.05499,0.776,0.422,0.878,0.472,0.788,C,0.781,0.788,0.763,0.472,0.7,0.111,0.0,0.001,0.0,0.003,0.001,0.034,0.0,0.096,0.629,0.02,0.106,0.15,puan,615,0,1,0,0,0,0.0,82.1
c64_50,29.17056,41.05948,0.616,0.118,0.927,0.231,0.616,C,0.616,0.616,0.615,0.231,0.497,0.02,0.0,0.0,0.0,0.0,0.012,0.0,0.0,0.054,0.777,0.01,0.127,0.032,kanıt yetersiz,0,0,1,0,0,0,,
c64_51,29.17056,41.06397,0.944,0.089,0.995,0.379,0.964,C,0.939,0.964,0.923,0.379,0.563,0.041,0.0,0.0,0.005,0.0,0.0,0.0,0.0,0.068,0.448,0.04,0.398,0.046,kanıt yetersiz,0,0,1,0,0,0,,
c64_52,29.17056,41.06846,0.956,0.08,0.996,0.37,0.962,C,0.957,0.962,0.95,0.37,0.68,0.034,0.0,0.0,0.001,0.001,0.0,0.0,0.0,0.056,0.516,0.018,0.374,0.036,kanıt yetersiz,0,0,1,0,0,0,,
c64_53,29.17056,41.07295,0.884,0.043,0.994,0.359,0.893,C,0.886,0.893,0.876,0.359,0.547,0.038,0.0,0.0,0.0,0.006,0.0,0.0,0.0,0.064,0.025,0.035,0.832,0.044,kanıt yetersiz,0,0,1,0,0,0,,
c64_54,29.17056,41.07744,0.998,0.277,1.0,0.874,0.999,C,0.999,0.998,0.998,0.874,0.978,0.265,0.0,0.001,0.0,0.0,0.0,0.0,0.0,0.038,0.004,0.006,0.687,0.266,puan,0,0,1,0,0,0,,93.6
c64_55,29.17056,41.08193,0.995,0.308,0.998,0.825,0.996,C,0.995,0.996,0.994,0.825,0.93,0.289,0.0,0.0,0.001,0.001,0.0,0.0,0.0,0.06,0.0,0.023,0.626,0.291,puan,0,0,1,0,0,0,,93.0
c65_48,29.17651,41.0505,0.666,0.274,0.863,0.558,0.684,C,0.669,0.684,0.649,0.558,0.602,0.169,0.0,0.002,0.009,0.055,0.037,0.0,0.0,0.053,0.288,0.037,0.352,0.271,puan,0,0,1,0,0,0,,75.5
c65_49,29.17651,41.05499,0.996,0.75,0.997,0.879,0.997,B,0.996,0.997,0.996,0.879,0.969,0.158,0.0,0.0,0.0,0.001,0.0,0.0,0.0,0.021,0.768,0.005,0.047,0.159,puan,22,0,1,0,0,0,,93.3
c65_50,29.17651,41.05948,1.0,1.0,1.0,0.11,1.0,C,1.0,1.0,1.0,0.11,1.0,0.003,0.0,0.0,0.0,0.0,0.0,0.0,0.0,0.025,0.971,0.0,0.0,0.003,kanıt yetersiz,0,0,1,0,0,0,,
c65_51,29.17651,41.06397,1.0,0.454,1.0,0.259,1.0,C,1.0,1.0,1.0,0.259,0.92,0.005,0.0,0.0,0.0,0.0,0.0,0.0,0.0,0.015,0.973,0.001,0.006,0.005,kanıt yetersiz,0,0,1,0,0,0,,
c65_52,29.17651,41.06846,1.0,0.081,1.0,0.089,1.0,C,1.0,1.0,1.0,0.089,1.0,0.002,0.0,0.0,0.0,0.0,0.0,0.0,0.0,0.023,0.949,0.0,0.026,0.002,kanıt yetersiz,0,0,1,0,0,0,,
c65_53,29.17651,41.07295,0.984,0.074,0.999,0.39,0.985,C,0.984,0.985,0.983,0.39,0.664,0.038,0.0,0.0,0.0,0.001,0.0,0.0,0.0,0.059,0.427,0.023,0.453,0.038,kanıt yetersiz,0,0,1,0,0,0,,
c65_54,29.17651,41.07744,0.948,0.073,0.996,0.391,0.953,C,0.953,0.951,0.945,0.391,0.6,0.028,0.0,0.001,0.0,0.001,0.0,0.0,0.0,0.043,0.564,0.022,0.341,0.03,kanıt yetersiz,0,0,1,0,0,0,,
c65_55,29.17651,41.08193,0.994,0.072,1.0,0.453,0.996,C,0.996,0.994,0.993,0.453,0.686,0.048,0.0,0.0,0.0,0.0,0.0,0.0,0.0,0.058,0.27,0.027,0.596,0.049,kanıt yetersiz,0,0,1,0,0,0,,
c66_48,29.18246,41.0505,0.374,0.352,0.411,0.313,0.41,A,0.389,0.41,0.338,0.313,0.359,0.115,0.0,0.005,0.0,0.036,0.0,0.253,0.0,0.08,0.486,0.026,0.0,0.409,puan,0,0,1,0,0,0,,38.1
c66_49,29.18246,41.05499,0.981,0.916,0.983,0.842,0.983,B,0.982,0.983,0.98,0.842,0.977,0.419,0.0,0.0,0.001,0.001,0.0,0.007,0.0,0.071,0.469,0.002,0.029,0.429,puan,891,0,2,0,0,0,0.0,91.4
c66_50,29.18246,41.05948,1.0,1.0,1.0,0.155,1.0,C,1.0,1.0,1.0,0.155,1.0,0.004,0.0,0.0,0.0,0.0,0.0,0.0,0.0,0.023,0.973,0.0,0.0,0.004,kanıt yetersiz,0,0,1,0,0,0,,
c66_51,29.18246,41.06397,1.0,1.0,1.0,0.08,1.0,C,1.0,1.0,1.0,0.08,1.0,0.002,0.0,0.0,0.0,0.0,0.0,0.0,0.0,0.02,0.979,0.0,0.0,0.002,kanıt yetersiz,0,0,1,0,0,0,,
c66_52,29.18246,41.06846,1.0,1.0,1.0,0.299,1.0,C,1.0,1.0,1.0,0.299,1.0,0.005,0.0,0.0,0.0,0.0,0.0,0.0,0.0,0.013,0.982,0.0,0.0,0.005,kanıt yetersiz,0,0,1,0,0,0,,
c66_53,29.18246,41.07295,1.0,0.088,1.0,0.249,1.0,C,1.0,1.0,1.0,0.249,0.763,0.006,0.0,0.0,0.0,0.0,0.0,0.0,0.0,0.017,0.918,0.002,0.057,0.006,kanıt yetersiz,0,0,1,0,0,0,,
c66_54,29.18246,41.07744,1.0,0.728,1.0,0.4,1.0,C,1.0,1.0,1.0,0.4,0.851,0.011,0.0,0.0,0.0,0.0,0.0,0.0,0.0,0.016,0.969,0.002,0.002,0.011,kanıt yetersiz,0,0,1,0,0,0,,
c66_55,29.18246,41.08193,0.332,0.105,0.788,0.245,0.37,C,0.346,0.37,0.293,0.245,0.28,0.027,0.0,0.001,0.0,0.0,0.0,0.087,0.0,0.04,0.6,0.038,0.208,0.114,puan,0,0,1,0,0,0,,28.1
c67_48,29.18841,41.0505,0.178,0.16,0.257,0.148,0.207,A,0.193,0.207,0.148,0.158,0.173,0.022,0.0,0.006,0.001,0.004,0.073,0.119,0.0,0.028,0.723,0.024,0.0,0.225,puan,0,0,1,0,0,0,,11.5
c67_49,29.18841,41.05499,0.536,0.331,0.713,0.36,0.557,B,0.536,0.557,0.514,0.36,0.502,0.104,0.0,0.001,0.013,0.0,0.059,0.039,0.0,0.105,0.545,0.02,0.114,0.217,puan,1128,0,3,0,0,0,0.0,64.3
c67_50,29.18841,41.05948,1.0,1.0,1.0,0.08,1.0,C,1.0,1.0,1.0,0.08,1.0,0.002,0.0,0.0,0.0,0.0,0.0,0.0,0.0,0.023,0.975,0.0,0.0,0.002,kanıt yetersiz,0,0,1,0,0,0,,
c67_51,29.18841,41.06397,,,,,,C,,,,0.0,,0.0,0.0,0.0,0.0,0.0,0.0,0.0,0.0,0.021,0.979,0.0,0.0,0.0,kanıt yetersiz,0,0,1,0,0,0,,
c67_52,29.18841,41.06846,1.0,1.0,1.0,0.286,1.0,C,1.0,1.0,1.0,0.286,1.0,0.006,0.0,0.0,0.0,0.0,0.0,0.0,0.0,0.016,0.978,0.0,0.0,0.006,kanıt yetersiz,0,0,1,0,0,0,,
c67_53,29.18841,41.07295,,,,,,C,,,,0.0,,0.0,0.0,0.0,0.0,0.0,0.0,0.0,0.0,0.006,0.994,0.0,0.0,0.0,kanıt yetersiz,0,0,1,0,0,0,,
c67_54,29.18841,41.07744,0.907,0.482,0.951,0.402,0.925,C,0.925,0.914,0.901,0.402,0.54,0.021,0.0,0.002,0.0,0.001,0.0,0.0,0.0,0.03,0.925,0.021,0.0,0.024,kanıt yetersiz,0,0,1,0,0,0,,
c67_55,29.18841,41.08193,0.451,0.274,0.666,0.261,0.482,C,0.462,0.482,0.419,0.261,0.401,0.004,0.0,0.0,0.0,0.0,0.0,0.007,0.0,0.008,0.973,0.002,0.005,0.012,kanıt yetersiz,0,0,1,0,0,0,,
c68_48,29.19436,41.0505,1.0,0.761,1.0,0.682,1.0,C,1.0,1.0,1.0,0.682,1.0,0.276,0.0,0.0,0.0,0.0,0.0,0.0,0.0,0.129,0.509,0.0,0.086,0.276,puan,3347,0,6,0,0,0,0.0,94.5
c68_49,29.19436,41.05499,0.876,0.855,0.879,0.841,0.876,A,0.876,0.876,0.876,0.841,0.873,0.507,0.0,0.0,0.0,0.0,0.072,0.0,0.0,0.024,0.383,0.002,0.012,0.579,puan,228,0,2,0,0,0,0.0,86.8
c68_50,29.19436,41.05948,1.0,1.0,1.0,0.112,1.0,C,1.0,1.0,1.0,0.112,1.0,0.002,0.0,0.0,0.0,0.0,0.0,0.0,0.0,0.019,0.979,0.0,0.0,0.002,kanıt yetersiz,0,0,1,0,0,0,,
c68_51,29.19436,41.06397,1.0,0.812,1.0,0.059,1.0,C,1.0,1.0,1.0,0.059,0.835,0.001,0.0,0.0,0.0,0.0,0.0,0.0,0.0,0.022,0.976,0.0,0.0,0.001,kanıt yetersiz,0,0,1,0,0,0,,
c68_52,29.19436,41.06846,1.0,1.0,1.0,0.075,1.0,C,1.0,1.0,1.0,0.075,1.0,0.002,0.0,0.0,0.0,0.0,0.0,0.0,0.0,0.018,0.98,0.0,0.0,0.002,kanıt yetersiz,0,0,1,0,0,0,,
c68_53,29.19436,41.07295,1.0,0.869,1.0,0.077,1.0,C,1.0,1.0,1.0,0.077,0.886,0.002,0.0,0.0,0.0,0.0,0.0,0.0,0.0,0.02,0.978,0.0,0.0,0.002,kanıt yetersiz,0,0,1,0,0,0,,
c68_54,29.19436,41.07744,1.0,1.0,1.0,0.332,1.0,C,1.0,1.0,1.0,0.332,1.0,0.012,0.0,0.0,0.0,0.0,0.0,0.0,0.0,0.024,0.964,0.0,0.0,0.012,kanıt yetersiz,0,0,1,0,0,0,,
c68_55,29.19436,41.08193,1.0,1.0,1.0,0.227,1.0,C,1.0,1.0,1.0,0.227,1.0,0.003,0.0,0.0,0.0,0.0,0.0,0.0,0.0,0.011,0.986,0.0,0.0,0.003,kanıt yetersiz,0,0,1,0,0,0,,
c69_48,29.20031,41.0505,1.0,0.665,1.0,0.857,1.0,B,1.0,1.0,1.0,0.857,1.0,0.148,0.0,0.0,0.0,0.0,0.0,0.0,0.0,0.025,0.753,0.0,0.074,0.148,puan,445,0,2,0,0,0,0.0,94.5
c69_49,29.20031,41.05499,0.179,0.147,0.329,0.101,0.179,A,0.179,0.179,0.179,0.101,0.179,0.007,0.0,0.0,0.0,0.0,0.03,0.0,0.0,0.029,0.926,0.0,0.008,0.037,kanıt yetersiz,0,0,1,0,0,0,,
c69_50,29.20031,41.05948,1.0,0.997,1.0,0.595,1.0,C,1.0,1.0,1.0,0.595,0.997,0.012,0.0,0.0,0.0,0.0,0.0,0.0,0.0,0.008,0.98,0.0,0.0,0.012,kanıt yetersiz,0,0,1,0,0,0,,
c69_51,29.20031,41.06397,1.0,1.0,1.0,0.073,1.0,C,1.0,1.0,1.0,0.073,1.0,0.002,0.0,0.0,0.0,0.0,0.0,0.0,0.0,0.022,0.977,0.0,0.0,0.002,kanıt yetersiz,0,0,1,0,0,0,,
c69_52,29.20031,41.06846,1.0,1.0,1.0,0.287,1.0,C,1.0,1.0,1.0,0.287,1.0,0.007,0.0,0.0,0.0,0.0,0.0,0.0,0.0,0.018,0.975,0.0,0.0,0.007,kanıt yetersiz,0,0,1,0,0,0,,
c69_53,29.20031,41.07295,1.0,1.0,1.0,0.263,1.0,C,1.0,1.0,1.0,0.263,1.0,0.012,0.0,0.0,0.0,0.0,0.0,0.0,0.0,0.034,0.954,0.0,0.0,0.012,kanıt yetersiz,0,0,1,0,0,0,,
c69_54,29.20031,41.07744,1.0,1.0,1.0,0.39,1.0,C,1.0,1.0,1.0,0.39,1.0,0.013,0.0,0.0,0.0,0.0,0.0,0.0,0.0,0.02,0.967,0.0,0.0,0.013,kanıt yetersiz,0,0,1,0,0,0,,
c69_55,29.20031,41.08193,1.0,1.0,1.0,0.08,1.0,C,1.0,1.0,1.0,0.08,1.0,0.001,0.0,0.0,0.0,0.0,0.0,0.0,0.0,0.015,0.984,0.0,0.0,0.001,kanıt yetersiz,0,0,1,0,0,0,,
c70_48,29.20626,41.0505,1.0,0.85,1.0,0.117,1.0,C,1.0,1.0,1.0,0.117,0.869,0.003,0.0,0.0,0.0,0.0,0.0,0.0,0.0,0.022,0.974,0.001,0.0,0.003,kanıt yetersiz,0,0,1,0,0,0,,
c70_49,29.20626,41.05499,1.0,1.0,1.0,0.226,1.0,C,1.0,1.0,1.0,0.226,1.0,0.005,0.0,0.0,0.0,0.0,0.0,0.0,0.0,0.019,0.976,0.0,0.0,0.005,kanıt yetersiz,0,0,1,0,0,0,,
c70_50,29.20626,41.05948,1.0,0.932,1.0,0.524,1.0,C,1.0,1.0,1.0,0.524,0.94,0.011,0.0,0.0,0.0,0.0,0.0,0.0,0.0,0.01,0.977,0.001,0.0,0.011,kanıt yetersiz,0,0,1,0,0,0,,
c70_51,29.20626,41.06397,0.447,0.447,0.447,0.241,0.447,C,0.447,0.447,0.447,0.241,0.447,0.016,0.0,0.0,0.0,0.0,0.019,0.0,0.0,0.03,0.935,0.0,0.0,0.035,kanıt yetersiz,0,0,1,0,0,0,,
c70_52,29.20626,41.06846,0.046,0.046,0.046,0.042,0.046,A,0.046,0.046,0.046,0.042,0.046,0.009,0.0,0.0,0.0,0.0,0.187,0.0,0.0,0.021,0.784,0.0,0.0,0.196,puan,0,0,1,0,0,0,,7.6
c70_53,29.20626,41.07295,0.008,0.008,0.008,0.008,0.008,A,0.008,0.008,0.008,0.008,0.008,0.001,0.0,0.0,0.0,0.0,0.15,0.0,0.0,0.005,0.844,0.0,0.0,0.151,puan,0,0,1,0,0,0,,5.9
c70_54,29.20626,41.07744,1.0,0.956,1.0,0.379,1.0,C,1.0,1.0,1.0,0.379,0.962,0.01,0.0,0.0,0.0,0.0,0.0,0.0,0.0,0.016,0.974,0.0,0.0,0.01,kanıt yetersiz,0,0,1,0,0,0,,
c70_55,29.20626,41.08193,1.0,1.0,1.0,0.181,1.0,C,1.0,1.0,1.0,0.181,1.0,0.005,0.0,0.0,0.0,0.0,0.0,0.0,0.0,0.023,0.971,0.0,0.0,0.005,kanıt yetersiz,0,0,1,0,0,0,,
c71_48,29.21221,41.0505,1.0,1.0,1.0,0.231,1.0,C,1.0,1.0,1.0,0.231,1.0,0.012,0.0,0.0,0.0,0.0,0.0,0.0,0.0,0.039,0.949,0.0,0.0,0.012,kanıt yetersiz,0,0,1,0,0,0,,
c71_49,29.21221,41.05499,0.841,0.841,0.841,0.215,0.841,C,0.841,0.841,0.841,0.215,0.841,0.007,0.0,0.0,0.0,0.0,0.001,0.0,0.0,0.024,0.968,0.0,0.0,0.008,kanıt yetersiz,0,0,1,0,0,0,,
c71_50,29.21221,41.05948,0.018,0.018,0.018,0.018,0.018,A,0.018,0.018,0.018,0.018,0.018,0.006,0.0,0.0,0.0,0.0,0.335,0.0,0.0,0.009,0.65,0.0,0.0,0.341,puan,0,0,1,0,0,0,,6.6
c71_51,29.21221,41.06397,0.0,0.0,0.0,0.0,0.0,A,0.0,0.0,0.0,0.0,0.0,0.0,0.0,0.0,0.0,0.0,0.411,0.0,0.0,0.0,0.589,0.0,0.0,0.411,puan,0,0,1,0,0,0,,0.0
c71_52,29.21221,41.06846,0.034,0.034,0.034,0.026,0.034,A,0.034,0.034,0.034,0.026,0.034,0.002,0.0,0.0,0.0,0.0,0.044,0.0,0.0,0.013,0.942,0.0,0.0,0.045,kanıt yetersiz,0,0,1,0,0,0,,
c71_53,29.21221,41.07295,1.0,1.0,1.0,0.117,1.0,C,1.0,1.0,1.0,0.117,1.0,0.001,0.0,0.0,0.0,0.0,0.0,0.0,0.0,0.009,0.99,0.0,0.0,0.001,kanıt yetersiz,0,0,1,0,0,0,,
c71_54,29.21221,41.07744,1.0,1.0,1.0,0.203,1.0,C,1.0,1.0,1.0,0.203,1.0,0.001,0.0,0.0,0.0,0.0,0.0,0.0,0.0,0.005,0.994,0.0,0.0,0.001,kanıt yetersiz,0,0,1,0,0,0,,
c71_55,29.21221,41.08193,1.0,1.0,1.0,0.416,1.0,C,1.0,1.0,1.0,0.416,1.0,0.007,0.0,0.0,0.0,0.0,0.0,0.0,0.0,0.01,0.983,0.0,0.0,0.007,kanıt yetersiz,0,0,1,0,0,0,,
c64_56,29.17056,41.08642,0.999,0.4,1.0,0.87,1.0,C,0.999,1.0,0.999,0.87,0.947,0.378,0.0,0.0,0.0,0.0,0.0,0.0,0.0,0.056,0.0,0.024,0.541,0.378,puan,0,0,1,0,0,0,,93.8
c64_57,29.17056,41.09091,1.0,0.413,1.0,0.832,1.0,C,1.0,1.0,1.0,0.832,0.939,0.376,0.0,0.0,0.0,0.0,0.0,0.0,0.0,0.076,0.012,0.028,0.507,0.376,puan,0,0,1,0,0,0,,94.5
c64_58,29.17056,41.0954,0.989,0.256,0.997,0.787,0.991,C,0.991,0.99,0.988,0.787,0.882,0.238,0.0,0.003,0.001,0.0,0.0,0.0,0.0,0.062,0.004,0.034,0.658,0.242,puan,0,0,1,0,0,0,,92.1
c64_59,29.17056,41.09989,1.0,0.123,1.0,0.37,1.0,C,1.0,1.0,1.0,0.37,0.729,0.014,0.0,0.0,0.0,0.0,0.0,0.0,0.0,0.023,0.865,0.006,0.092,0.014,kanıt yetersiz,0,0,1,0,0,0,,
c64_60,29.17056,41.10438,1.0,1.0,1.0,0.099,1.0,C,1.0,1.0,1.0,0.099,1.0,0.001,0.0,0.0,0.0,0.0,0.0,0.0,0.0,0.01,0.989,0.0,0.0,0.001,kanıt yetersiz,0,0,1,0,0,0,,
c64_61,29.17056,41.10887,1.0,1.0,1.0,0.397,1.0,C,1.0,1.0,1.0,0.397,1.0,0.017,0.0,0.0,0.0,0.0,0.0,0.0,0.0,0.026,0.956,0.0,0.0,0.017,kanıt yetersiz,0,0,1,0,0,0,,
c64_62,29.17056,41.11336,1.0,0.979,1.0,0.348,1.0,C,1.0,1.0,1.0,0.348,0.982,0.005,0.0,0.0,0.0,0.0,0.0,0.0,0.0,0.009,0.985,0.0,0.0,0.005,kanıt yetersiz,0,0,1,0,0,0,,
c64_63,29.17056,41.11785,,,,,,C,,,,0.0,,0.0,0.0,0.0,0.0,0.0,0.0,0.0,0.0,0.006,0.994,0.0,0.0,0.0,kanıt yetersiz,0,0,1,0,0,0,,
c65_56,29.17651,41.08642,0.998,0.458,0.999,0.86,0.998,C,0.998,0.998,0.997,0.86,0.926,0.395,0.0,0.0,0.001,0.0,0.0,0.0,0.0,0.064,0.074,0.035,0.431,0.396,puan,0,0,1,0,0,0,,93.6
c65_57,29.17651,41.09091,0.425,0.229,0.691,0.335,0.46,C,0.439,0.46,0.391,0.335,0.38,0.064,0.0,0.003,0.002,0.002,0.0,0.121,0.0,0.052,0.592,0.034,0.13,0.191,puan,0,0,1,0,0,0,,48.8
c65_58,29.17651,41.0954,0.978,0.216,0.995,0.644,0.98,C,0.979,0.98,0.977,0.644,0.821,0.083,0.0,0.0,0.0,0.002,0.0,0.0,0.0,0.044,0.569,0.019,0.282,0.085,kanıt yetersiz,0,0,1,0,0,0,,
c65_59,29.17651,41.09989,1.0,1.0,1.0,0.022,1.0,C,1.0,1.0,1.0,0.022,1.0,0.0,0.0,0.0,0.0,0.0,0.0,0.0,0.0,0.011,0.989,0.0,0.0,0.0,kanıt yetersiz,0,0,1,0,0,0,,
c65_60,29.17651,41.10438,,,,,,C,,,,0.0,,0.0,0.0,0.0,0.0,0.0,0.0,0.0,0.0,0.01,0.99,0.0,0.0,0.0,kanıt yetersiz,0,0,1,0,0,0,,
c65_61,29.17651,41.10887,0.497,0.449,0.545,0.315,0.525,C,0.507,0.525,0.468,0.315,0.466,0.022,0.0,0.0,0.0,0.0,0.0,0.029,0.0,0.029,0.915,0.005,0.001,0.051,kanıt yetersiz,0,0,1,0,0,0,,
c65_62,29.17651,41.11336,1.0,1.0,1.0,0.686,1.0,C,1.0,1.0,1.0,0.686,1.0,0.015,0.0,0.0,0.0,0.0,0.0,0.0,0.0,0.007,0.977,0.0,0.0,0.015,kanıt yetersiz,0,0,1,0,0,0,,
c65_63,29.17651,41.11785,,,,,,C,,,,,,0.0,0.0,0.0,0.0,0.0,0.0,0.0,0.0,0.0,1.0,0.0,0.0,0.0,kanıt yetersiz,0,0,1,0,0,0,,
c66_56,29.18246,41.08642,0.261,0.222,0.372,0.215,0.304,A,0.277,0.304,0.219,0.215,0.246,0.025,0.0,0.0,0.0,0.0,0.0,0.138,0.0,0.035,0.772,0.021,0.008,0.164,puan,0,0,1,0,0,0,,17.5
c66_57,29.18246,41.09091,1.0,0.887,1.0,0.185,1.0,C,1.0,1.0,1.0,0.185,0.971,0.004,0.0,0.0,0.0,0.0,0.0,0.0,0.0,0.016,0.98,0.0,0.0,0.004,kanıt yetersiz,0,0,1,0,0,0,,
c66_58,29.18246,41.0954,,,,,,C,,,,0.0,,0.0,0.0,0.0,0.0,0.0,0.0,0.0,0.0,0.005,0.995,0.0,0.0,0.0,kanıt yetersiz,0,0,1,0,0,0,,
c66_59,29.18246,41.09989,1.0,0.451,1.0,0.07,1.0,C,1.0,1.0,1.0,0.07,0.52,0.001,0.0,0.0,0.0,0.0,0.0,0.0,0.0,0.013,0.985,0.001,0.0,0.001,kanıt yetersiz,0,0,1,0,0,0,,
c66_60,29.18246,41.10438,0.22,0.2,0.29,0.168,0.264,A,0.236,0.264,0.175,0.168,0.214,0.011,0.0,0.0,0.0,0.0,0.0,0.094,0.0,0.032,0.852,0.006,0.004,0.105,puan,0,0,1,0,0,0,,14.0
c66_61,29.18246,41.10887,0.21,0.189,0.288,0.164,0.255,A,0.226,0.255,0.164,0.191,0.203,0.015,0.0,0.0,0.0,0.0,0.0,0.142,0.0,0.016,0.809,0.013,0.004,0.157,puan,0,0,1,0,0,0,,13.5
c66_62,29.18246,41.11336,0.429,0.412,0.451,0.395,0.462,A,0.44,0.462,0.395,0.411,0.417,0.054,0.0,0.0,0.001,0.0,0.0,0.102,0.0,0.007,0.829,0.006,0.0,0.157,puan,0,0,1,0,0,0,,49.4
c66_63,29.18246,41.11785,1.0,1.0,1.0,0.027,1.0,C,1.0,1.0,1.0,0.027,1.0,0.0,0.0,0.0,0.0,0.0,0.0,0.0,0.0,0.008,0.991,0.0,0.0,0.0,kanıt yetersiz,0,0,1,0,0,0,,
c67_56,29.18841,41.08642,0.125,0.119,0.168,0.075,0.175,B,0.143,0.175,0.075,0.077,0.125,0.0,0.0,0.0,0.0,0.0,0.0,0.003,0.0,0.002,0.995,0.0,0.0,0.003,kanıt yetersiz,0,0,1,0,0,0,,
c67_57,29.18841,41.09091,1.0,0.803,1.0,0.063,1.0,C,1.0,1.0,1.0,0.063,0.828,0.001,0.0,0.0,0.0,0.0,0.0,0.0,0.0,0.01,0.989,0.0,0.0,0.001,kanıt yetersiz,0,0,1,0,0,0,,
c67_58,29.18841,41.0954,,,,,,C,,,,0.0,,0.0,0.0,0.0,0.0,0.0,0.0,0.0,0.0,0.009,0.991,0.0,0.0,0.0,kanıt yetersiz,0,0,1,0,0,0,,
c67_59,29.18841,41.09989,,,,,,C,,,,0.0,,0.0,0.0,0.0,0.0,0.0,0.0,0.0,0.0,0.008,0.992,0.0,0.0,0.0,kanıt yetersiz,0,0,1,0,0,0,,
c67_60,29.18841,41.10438,1.0,0.968,1.0,0.445,1.0,C,1.0,1.0,1.0,0.445,0.972,0.006,0.0,0.0,0.0,0.0,0.0,0.0,0.0,0.007,0.987,0.0,0.0,0.006,kanıt yetersiz,0,0,1,0,0,0,,
c67_61,29.18841,41.10887,1.0,1.0,1.0,0.365,1.0,C,1.0,1.0,1.0,0.365,1.0,0.015,0.0,0.0,0.0,0.0,0.0,0.0,0.0,0.026,0.96,0.0,0.0,0.015,kanıt yetersiz,0,0,1,0,0,0,,
c67_62,29.18841,41.11336,1.0,1.0,1.0,1.0,1.0,A,1.0,1.0,1.0,1.0,1.0,0.005,0.0,0.0,0.0,0.0,0.0,0.0,0.0,0.0,0.995,0.0,0.0,0.005,kanıt yetersiz,0,0,1,0,0,0,,
c67_63,29.18841,41.11785,1.0,1.0,1.0,1.0,1.0,A,1.0,1.0,1.0,1.0,1.0,0.005,0.0,0.0,0.0,0.0,0.0,0.0,0.0,0.0,0.995,0.0,0.0,0.005,kanıt yetersiz,0,0,1,0,0,0,,
c68_56,29.19436,41.08642,,,,,,C,,,,0.0,,0.0,0.0,0.0,0.0,0.0,0.0,0.0,0.0,0.009,0.991,0.0,0.0,0.0,kanıt yetersiz,0,0,1,0,0,0,,
c68_57,29.19436,41.09091,,,,,,C,,,,0.0,,0.0,0.0,0.0,0.0,0.0,0.0,0.0,0.0,0.001,0.999,0.0,0.0,0.0,kanıt yetersiz,0,0,1,0,0,0,,
c68_58,29.19436,41.0954,1.0,1.0,1.0,0.229,1.0,C,1.0,1.0,1.0,0.229,1.0,0.002,0.0,0.0,0.0,0.0,0.0,0.0,0.0,0.007,0.991,0.0,0.0,0.002,kanıt yetersiz,0,0,1,0,0,0,,
c68_59,29.19436,41.09989,1.0,1.0,1.0,1.0,1.0,A,1.0,1.0,1.0,1.0,1.0,0.005,0.0,0.0,0.0,0.0,0.0,0.0,0.0,0.0,0.995,0.0,0.0,0.005,kanıt yetersiz,0,0,1,0,0,0,,
c68_60,29.19436,41.10438,1.0,0.68,1.0,0.714,1.0,C,1.0,1.0,1.0,0.714,0.72,0.007,0.0,0.0,0.0,0.0,0.0,0.0,0.0,0.003,0.987,0.003,0.0,0.007,kanıt yetersiz,0,0,1,0,0,0,,
c68_61,29.19436,41.10887,1.0,1.0,1.0,0.36,1.0,C,1.0,1.0,1.0,0.36,1.0,0.016,0.0,0.0,0.0,0.0,0.0,0.0,0.0,0.028,0.957,0.0,0.0,0.016,kanıt yetersiz,0,0,1,0,0,0,,
c68_62,29.19436,41.11336,1.0,1.0,1.0,0.398,1.0,C,1.0,1.0,1.0,0.398,1.0,0.004,0.0,0.0,0.0,0.0,0.0,0.0,0.0,0.006,0.99,0.0,0.0,0.004,kanıt yetersiz,0,0,1,0,0,0,,
c68_63,29.19436,41.11785,1.0,0.943,1.0,0.117,1.0,C,1.0,1.0,1.0,0.117,0.95,0.001,0.0,0.0,0.0,0.0,0.0,0.0,0.0,0.008,0.99,0.0,0.0,0.001,kanıt yetersiz,0,0,1,0,0,0,,
c69_56,29.20031,41.08642,,,,,,C,,,,0.0,,0.0,0.0,0.0,0.0,0.0,0.0,0.0,0.0,0.01,0.99,0.0,0.0,0.0,kanıt yetersiz,0,0,1,0,0,0,,
c69_57,29.20031,41.09091,,,,,,C,,,,0.0,,0.0,0.0,0.0,0.0,0.0,0.0,0.0,0.0,0.002,0.998,0.0,0.0,0.0,kanıt yetersiz,0,0,1,0,0,0,,
c69_58,29.20031,41.0954,1.0,1.0,1.0,0.096,1.0,C,1.0,1.0,1.0,0.096,1.0,0.001,0.0,0.0,0.0,0.0,0.0,0.0,0.0,0.012,0.987,0.0,0.0,0.001,kanıt yetersiz,0,0,1,0,0,0,,
c69_59,29.20031,41.09989,1.0,1.0,1.0,0.448,1.0,C,1.0,1.0,1.0,0.448,1.0,0.005,0.0,0.0,0.0,0.0,0.0,0.0,0.0,0.006,0.989,0.0,0.0,0.005,kanıt yetersiz,0,0,1,0,0,0,,
c69_60,29.20031,41.10438,1.0,0.731,1.0,0.258,1.0,C,1.0,1.0,1.0,0.258,0.764,0.01,0.0,0.0,0.0,0.0,0.0,0.0,0.0,0.03,0.956,0.004,0.0,0.01,kanıt yetersiz,0,0,1,0,0,0,,
c69_61,29.20031,41.10887,0.786,0.775,0.789,0.464,0.853,C,0.853,0.803,0.769,0.464,0.777,0.011,0.0,0.006,0.0,0.0,0.0,0.0,0.0,0.012,0.97,0.0,0.0,0.017,kanıt yetersiz,0,0,1,0,0,0,,
c69_62,29.20031,41.11336,1.0,1.0,1.0,1.0,1.0,A,1.0,1.0,1.0,1.0,1.0,0.006,0.0,0.0,0.0,0.0,0.0,0.0,0.0,0.0,0.994,0.0,0.0,0.006,kanıt yetersiz,0,0,1,0,0,0,,
c69_63,29.20031,41.11785,,,,,,C,,,,0.0,,0.0,0.0,0.0,0.0,0.0,0.0,0.0,0.0,0.003,0.997,0.0,0.0,0.0,kanıt yetersiz,0,0,1,0,0,0,,
c70_56,29.20626,41.08642,1.0,1.0,1.0,0.268,1.0,C,1.0,1.0,1.0,0.268,1.0,0.006,0.0,0.0,0.0,0.0,0.0,0.0,0.0,0.015,0.979,0.0,0.0,0.006,kanıt yetersiz,0,0,1,0,0,0,,
c70_57,29.20626,41.09091,1.0,1.0,1.0,0.094,1.0,C,1.0,1.0,1.0,0.094,1.0,0.002,0.0,0.0,0.0,0.0,0.0,0.0,0.0,0.015,0.983,0.0,0.0,0.002,kanıt yetersiz,0,0,1,0,0,0,,
c70_58,29.20626,41.0954,1.0,1.0,1.0,0.475,1.0,C,1.0,1.0,1.0,0.475,1.0,0.009,0.0,0.0,0.0,0.0,0.0,0.0,0.0,0.01,0.98,0.0,0.0,0.009,kanıt yetersiz,0,0,1,0,0,0,,
c70_59,29.20626,41.09989,1.0,0.963,1.0,0.429,1.0,C,1.0,1.0,1.0,0.429,0.968,0.008,0.0,0.0,0.0,0.0,0.0,0.0,0.0,0.01,0.982,0.0,0.0,0.008,kanıt yetersiz,0,0,1,0,0,0,,
c70_60,29.20626,41.10438,1.0,1.0,1.0,0.959,1.0,A,1.0,1.0,1.0,0.959,1.0,0.009,0.0,0.0,0.0,0.0,0.0,0.0,0.0,0.0,0.991,0.0,0.0,0.009,kanıt yetersiz,0,0,1,0,0,0,,
c70_61,29.20626,41.10887,0.397,0.367,0.442,0.342,0.434,A,0.414,0.434,0.36,0.342,0.377,0.079,0.0,0.009,0.004,0.003,0.001,0.172,0.0,0.042,0.669,0.021,0.0,0.267,puan,0,0,1,0,0,0,,43.0
c70_62,29.20626,41.11336,0.175,0.153,0.28,0.12,0.23,B,0.189,0.23,0.12,0.168,0.169,0.002,0.0,0.0,0.003,0.001,0.0,0.052,0.0,0.002,0.932,0.008,0.0,0.058,kanıt yetersiz,0,0,1,0,0,0,,
c70_63,29.20626,41.11785,0.976,0.886,0.979,0.975,0.978,A,0.977,0.978,0.975,0.976,0.976,0.006,0.0,0.0,0.0,0.0,0.0,0.0,0.0,0.0,0.994,0.0,0.001,0.006,kanıt yetersiz,0,0,1,0,0,0,,
c71_56,29.21221,41.08642,1.0,1.0,1.0,0.144,1.0,C,1.0,1.0,1.0,0.144,1.0,0.003,0.0,0.0,0.0,0.0,0.0,0.0,0.0,0.017,0.98,0.0,0.0,0.003,kanıt yetersiz,0,0,1,0,0,0,,
c71_57,29.21221,41.09091,1.0,1.0,1.0,0.285,1.0,C,1.0,1.0,1.0,0.285,1.0,0.005,0.0,0.0,0.0,0.0,0.0,0.0,0.0,0.013,0.982,0.0,0.0,0.005,kanıt yetersiz,0,0,1,0,0,0,,
c71_58,29.21221,41.0954,1.0,1.0,1.0,0.329,1.0,C,1.0,1.0,1.0,0.329,1.0,0.002,0.0,0.0,0.0,0.0,0.0,0.0,0.0,0.005,0.993,0.0,0.0,0.002,kanıt yetersiz,0,0,1,0,0,0,,
c71_59,29.21221,41.09989,,,,,,C,,,,,,0.0,0.0,0.0,0.0,0.0,0.0,0.0,0.0,0.0,1.0,0.0,0.0,0.0,kanıt yetersiz,0,0,1,0,0,0,,
c71_60,29.21221,41.10438,1.0,0.923,1.0,0.933,1.0,A,1.0,1.0,1.0,1.0,0.933,0.008,0.0,0.0,0.0,0.0,0.0,0.0,0.0,0.0,0.992,0.001,0.0,0.008,kanıt yetersiz,0,0,1,0,0,0,,
c71_61,29.21221,41.10887,0.199,0.178,0.286,0.149,0.249,B,0.218,0.249,0.149,0.182,0.191,0.026,0.0,0.009,0.009,0.001,0.0,0.337,0.0,0.036,0.536,0.046,0.0,0.382,puan,0,0,1,0,0,0,,12.7
c71_62,29.21221,41.11336,0.172,0.146,0.295,0.12,0.224,B,0.19,0.224,0.12,0.164,0.168,0.017,0.0,0.008,0.012,0.001,0.0,0.425,0.0,0.022,0.434,0.039,0.042,0.463,puan,0,0,1,0,0,0,,11.2
c71_63,29.21221,41.11785,0.188,0.113,0.513,0.14,0.235,B,0.21,0.235,0.14,0.176,0.182,0.016,0.0,0.008,0.001,0.002,0.0,0.231,0.0,0.017,0.554,0.025,0.147,0.258,puan,0,0,1,0,0,0,,12.1
c64_64,29.17056,41.12234,,,,,,C,,,,0.0,,0.0,0.0,0.0,0.0,0.0,0.0,0.0,0.0,0.011,0.989,0.0,0.0,0.0,kanıt yetersiz,0,0,1,0,0,0,,
c64_65,29.17056,41.12683,,,,,,C,,,,,,0.0,0.0,0.0,0.0,0.0,0.0,0.0,0.0,0.0,1.0,0.0,0.0,0.0,kanıt yetersiz,0,0,1,0,0,0,,
c64_66,29.17056,41.13132,,,,,,C,,,,0.0,,0.0,0.0,0.0,0.0,0.0,0.0,0.0,0.0,0.002,0.998,0.0,0.0,0.0,kanıt yetersiz,0,0,1,0,0,0,,
c64_67,29.17056,41.13581,0.927,0.039,0.997,0.254,0.95,C,0.95,0.933,0.922,0.254,0.397,0.006,0.0,0.001,0.0,0.0,0.0,0.0,0.0,0.018,0.821,0.013,0.141,0.007,kanıt yetersiz,0,0,1,0,0,0,,
c64_68,29.17056,41.1403,0.883,0.058,0.992,0.379,0.89,C,0.887,0.89,0.876,0.379,0.512,0.022,0.0,0.0,0.0,0.003,0.0,0.0,0.0,0.034,0.581,0.024,0.336,0.025,kanıt yetersiz,0,0,1,0,0,0,,
c64_69,29.17056,41.14479,0.999,0.477,1.0,0.86,0.999,C,0.999,0.999,0.999,0.86,0.934,0.317,0.0,0.0,0.0,0.0,0.0,0.0,0.0,0.051,0.285,0.026,0.321,0.317,puan,948,0,2,0,0,0,0.0,93.8
c64_70,29.17056,41.14928,0.998,0.39,0.999,0.852,0.998,C,0.998,0.998,0.998,0.852,0.876,0.365,0.0,0.0,0.0,0.0,0.0,0.0,0.0,0.063,0.0,0.059,0.512,0.366,puan,0,0,1,0,0,0,,93.6
c64_71,29.17056,41.15377,0.183,0.077,0.657,0.137,0.23,C,0.201,0.23,0.137,0.165,0.173,0.019,0.0,0.001,0.0,0.0,0.0,0.268,0.0,0.032,0.284,0.063,0.334,0.287,puan,0,0,1,0,0,0,,11.8
c65_64,29.17651,41.12234,1.0,0.86,1.0,0.238,1.0,C,1.0,1.0,1.0,0.238,0.877,0.002,0.0,0.0,0.0,0.0,0.0,0.0,0.0,0.006,0.991,0.0,0.0,0.002,kanıt yetersiz,0,0,1,0,0,0,,
c65_65,29.17651,41.12683,,,,,,C,,,,,,0.0,0.0,0.0,0.0,0.0,0.0,0.0,0.0,0.0,1.0,0.0,0.0,0.0,kanıt yetersiz,0,0,1,0,0,0,,
c65_66,29.17651,41.13132,,,,,,C,,,,,,0.0,0.0,0.0,0.0,0.0,0.0,0.0,0.0,0.0,1.0,0.0,0.0,0.0,kanıt yetersiz,0,0,1,0,0,0,,
c65_67,29.17651,41.13581,1.0,0.931,1.0,0.94,1.0,A,1.0,1.0,1.0,1.0,0.94,0.001,0.0,0.0,0.0,0.0,0.0,0.0,0.0,0.0,0.999,0.0,0.0,0.001,kanıt yetersiz,0,0,1,0,0,0,,
c65_68,29.17651,41.1403,0.891,0.19,0.977,0.389,0.901,C,0.891,0.901,0.881,0.389,0.672,0.013,0.0,0.0,0.0,0.002,0.0,0.0,0.0,0.02,0.91,0.006,0.05,0.015,kanıt yetersiz,0,0,1,0,0,0,,
c65_69,29.17651,41.14479,0.973,0.189,0.995,0.389,0.979,C,0.975,0.979,0.967,0.389,0.737,0.046,0.0,0.001,0.001,0.0,0.0,0.0,0.0,0.073,0.679,0.019,0.182,0.048,kanıt yetersiz,381,0,2,0,0,0,0.0,
c65_70,29.17651,41.14928,0.997,0.413,0.999,0.803,0.998,C,0.997,0.998,0.997,0.803,0.964,0.2,0.0,0.0,0.001,0.0,0.0,0.0,0.0,0.049,0.467,0.008,0.276,0.201,puan,553,0,2,0,0,0,0.0,93.4
c65_71,29.17651,41.15377,0.238,0.07,0.778,0.191,0.282,C,0.254,0.282,0.195,0.191,0.226,0.017,0.0,0.0,0.0,0.0,0.0,0.117,0.0,0.033,0.506,0.017,0.31,0.135,puan,526,0,2,0,0,0,0.0,15.3
c66_64,29.18246,41.12234,1.0,0.045,1.0,0.53,1.0,C,1.0,1.0,1.0,0.53,0.598,0.004,0.0,0.0,0.0,0.0,0.0,0.0,0.0,0.003,0.917,0.003,0.073,0.004,kanıt yetersiz,0,0,1,0,0,0,,
c66_65,29.18246,41.12683,,0.0,1.0,,,C,,,,,,0.0,0.0,0.0,0.0,0.0,0.0,0.0,0.0,0.0,1.0,0.0,0.0,0.0,kanıt yetersiz,0,0,1,0,0,0,,
c66_66,29.18246,41.13132,,0.0,1.0,,,C,,,,,0.125,0.0,0.0,0.0,0.0,0.0,0.0,0.0,0.0,0.0,0.998,0.002,0.0,0.0,kanıt yetersiz,0,0,1,0,0,0,,
c66_67,29.18246,41.13581,,0.0,1.0,,,C,,,,0.0,0.125,0.0,0.0,0.0,0.0,0.0,0.0,0.0,0.0,0.008,0.99,0.002,0.0,0.0,kanıt yetersiz,0,0,1,0,0,0,,
c66_68,29.18246,41.1403,1.0,0.103,1.0,0.052,1.0,C,1.0,1.0,1.0,0.052,0.215,0.001,0.0,0.0,0.0,0.0,0.0,0.0,0.0,0.011,0.984,0.005,0.0,0.001,kanıt yetersiz,0,0,1,0,0,0,,
c66_69,29.18246,41.14479,1.0,0.11,1.0,0.349,1.0,C,1.0,1.0,1.0,0.349,0.772,0.005,0.0,0.0,0.0,0.0,0.0,0.0,0.0,0.01,0.94,0.002,0.042,0.005,kanıt yetersiz,0,0,1,0,0,0,,
c66_70,29.18246,41.14928,0.898,0.071,0.992,0.356,0.919,C,0.919,0.905,0.89,0.356,0.608,0.032,0.0,0.004,0.0,0.002,0.0,0.0,0.0,0.058,0.462,0.023,0.42,0.038,kanıt yetersiz,0,0,1,0,0,0,,
c66_71,29.18246,41.15377,0.962,0.061,0.998,0.347,0.967,C,0.967,0.965,0.96,0.347,0.615,0.023,0.0,0.001,0.0,0.001,0.0,0.0,0.0,0.042,0.582,0.017,0.336,0.024,kanıt yetersiz,0,0,1,0,0,0,,
c67_64,29.18841,41.12234,,0.0,1.0,,,C,,,,,0.125,0.0,0.0,0.0,0.0,0.0,0.0,0.0,0.0,0.0,1.0,0.0,0.0,0.0,kanıt yetersiz,0,0,1,0,0,0,,
c67_65,29.18841,41.12683,,,,,,C,,,,,,0.0,0.0,0.0,0.0,0.0,0.0,0.0,0.0,0.0,1.0,0.0,0.0,0.0,kanıt yetersiz,0,0,1,0,0,0,,
c67_66,29.18841,41.13132,,0.0,1.0,,,C,,,,0.0,0.125,0.0,0.0,0.0,0.0,0.0,0.0,0.0,0.0,0.013,0.983,0.004,0.0,0.0,kanıt yetersiz,0,0,1,0,0,0,,
c67_67,29.18841,41.13581,,0.0,1.0,,,C,,,,0.0,0.125,0.0,0.0,0.0,0.0,0.0,0.0,0.0,0.0,0.01,0.985,0.005,0.0,0.0,kanıt yetersiz,0,0,1,0,0,0,,
c67_68,29.18841,41.1403,,0.0,1.0,,,C,,,,0.0,0.125,0.0,0.0,0.0,0.0,0.0,0.0,0.0,0.0,0.012,0.985,0.004,0.0,0.0,kanıt yetersiz,0,0,1,0,0,0,,
c67_69,29.18841,41.14479,0.988,0.027,1.0,0.234,0.991,C,0.991,0.989,0.987,0.234,0.658,0.009,0.0,0.0,0.0,0.0,0.0,0.0,0.0,0.029,0.638,0.006,0.319,0.009,kanıt yetersiz,0,0,1,0,0,0,,
c67_70,29.18841,41.14928,0.967,0.222,0.993,0.579,0.969,C,0.968,0.969,0.965,0.579,0.791,0.08,0.0,0.0,0.0,0.003,0.0,0.0,0.0,0.056,0.579,0.022,0.259,0.084,kanıt yetersiz,0,0,1,0,0,0,,
c67_71,29.18841,41.15377,0.829,0.103,0.979,0.44,0.848,C,0.829,0.848,0.81,0.44,0.478,0.083,0.0,0.0,0.006,0.017,0.0,0.0,0.0,0.094,0.052,0.105,0.643,0.106,puan,0,0,1,0,0,0,,84.8
c68_64,29.19436,41.12234,,,,,,C,,,,,,0.0,0.0,0.0,0.0,0.0,0.0,0.0,0.0,0.0,1.0,0.0,0.0,0.0,kanıt yetersiz,0,0,1,0,0,0,,
c68_65,29.19436,41.12683,,,,,,C,,,,,,0.0,0.0,0.0,0.0,0.0,0.0,0.0,0.0,0.0,1.0,0.0,0.0,0.0,kanıt yetersiz,0,0,1,0,0,0,,
c68_66,29.19436,41.13132,,,,,,C,,,,,,0.0,0.0,0.0,0.0,0.0,0.0,0.0,0.0,0.0,1.0,0.0,0.0,0.0,kanıt yetersiz,0,0,1,0,0,0,,
c68_67,29.19436,41.13581,,0.0,1.0,,,C,,,,0.0,0.125,0.0,0.0,0.0,0.0,0.0,0.0,0.0,0.0,0.009,0.991,0.0,0.0,0.0,kanıt yetersiz,0,0,1,0,0,0,,
c68_68,29.19436,41.1403,,,,,,C,,,,0.0,,0.0,0.0,0.0,0.0,0.0,0.0,0.0,0.0,0.007,0.993,0.0,0.0,0.0,kanıt yetersiz,0,0,1,0,0,0,,
c68_69,29.19436,41.14479,1.0,0.961,1.0,0.249,1.0,C,1.0,1.0,1.0,0.249,0.966,0.006,0.0,0.0,0.0,0.0,0.0,0.0,0.0,0.017,0.977,0.0,0.0,0.006,kanıt yetersiz,0,0,1,0,0,0,,
c68_70,29.19436,41.14928,1.0,0.934,1.0,0.693,1.0,C,1.0,1.0,1.0,0.693,0.977,0.045,0.0,0.0,0.0,0.0,0.0,0.0,0.0,0.02,0.931,0.001,0.002,0.045,kanıt yetersiz,0,0,1,0,0,0,,
c68_71,29.19436,41.15377,0.672,0.039,0.981,0.224,0.738,C,0.738,0.695,0.649,0.224,0.485,0.01,0.0,0.006,0.0,0.003,0.0,0.0,0.0,0.039,0.624,0.01,0.308,0.019,kanıt yetersiz,0,0,1,0,0,0,,
c69_64,29.20031,41.12234,,0.0,1.0,,,C,,,,0.0,0.125,0.0,0.0,0.0,0.0,0.0,0.0,0.0,0.0,0.007,0.993,0.0,0.0,0.0,kanıt yetersiz,0,0,1,0,0,0,,
c69_65,29.20031,41.12683,,,,,,C,,,,,,0.0,0.0,0.0,0.0,0.0,0.0,0.0,0.0,0.0,1.0,0.0,0.0,0.0,kanıt yetersiz,0,0,1,0,0,0,,
c69_66,29.20031,41.13132,,,,,,C,,,,,,0.0,0.0,0.0,0.0,0.0,0.0,0.0,0.0,0.0,1.0,0.0,0.0,0.0,kanıt yetersiz,0,0,1,0,0,0,,
c69_67,29.20031,41.13581,,,,,,C,,,,0.0,,0.0,0.0,0.0,0.0,0.0,0.0,0.0,0.0,0.005,0.995,0.0,0.0,0.0,kanıt yetersiz,0,0,1,0,0,0,,
c69_68,29.20031,41.1403,,,,,,C,,,,0.0,,0.0,0.0,0.0,0.0,0.0,0.0,0.0,0.0,0.011,0.989,0.0,0.0,0.0,kanıt yetersiz,0,0,1,0,0,0,,
c69_69,29.20031,41.14479,1.0,0.92,1.0,0.069,1.0,C,1.0,1.0,1.0,0.069,0.93,0.001,0.0,0.0,0.0,0.0,0.0,0.0,0.0,0.016,0.983,0.0,0.0,0.001,kanıt yetersiz,0,0,1,0,0,0,,
c69_70,29.20031,41.14928,1.0,1.0,1.0,0.21,1.0,C,1.0,1.0,1.0,0.21,1.0,0.009,0.0,0.0,0.0,0.0,0.0,0.0,0.0,0.032,0.959,0.0,0.0,0.009,kanıt yetersiz,0,0,2,0,0,0,,
c69_71,29.20031,41.15377,1.0,0.152,1.0,0.007,1.0,C,1.0,1.0,1.0,0.007,0.258,0.0,0.0,0.0,0.0,0.0,0.0,0.0,0.0,0.018,0.981,0.001,0.0,0.0,kanıt yetersiz,0,0,1,0,0,0,,
c70_64,29.20626,41.12234,,0.0,1.0,,,C,,,,0.0,0.125,0.0,0.0,0.0,0.0,0.0,0.0,0.0,0.0,0.001,0.999,0.0,0.0,0.0,kanıt yetersiz,0,0,1,0,0,0,,
c70_65,29.20626,41.12683,,,,,,C,,,,0.0,,0.0,0.0,0.0,0.0,0.0,0.0,0.0,0.0,0.007,0.993,0.0,0.0,0.0,kanıt yetersiz,0,0,1,0,0,0,,
c70_66,29.20626,41.13132,,,,,,C,,,,0.0,,0.0,0.0,0.0,0.0,0.0,0.0,0.0,0.0,0.007,0.993,0.0,0.0,0.0,kanıt yetersiz,0,0,1,0,0,0,,
c70_67,29.20626,41.13581,,,,,,C,,,,0.0,,0.0,0.0,0.0,0.0,0.0,0.0,0.0,0.0,0.005,0.995,0.0,0.0,0.0,kanıt yetersiz,0,0,1,0,0,0,,
c70_68,29.20626,41.1403,,,,,,C,,,,0.0,,0.0,0.0,0.0,0.0,0.0,0.0,0.0,0.0,0.007,0.993,0.0,0.0,0.0,kanıt yetersiz,0,0,1,0,0,0,,
c70_69,29.20626,41.14479,,0.0,1.0,,,C,,,,0.0,0.125,0.0,0.0,0.0,0.0,0.0,0.0,0.0,0.0,0.006,0.994,0.0,0.0,0.0,kanıt yetersiz,0,0,1,0,0,0,,
c70_70,29.20626,41.14928,1.0,1.0,1.0,0.28,1.0,C,1.0,1.0,1.0,0.28,1.0,0.009,0.0,0.0,0.0,0.0,0.0,0.0,0.0,0.022,0.969,0.0,0.0,0.009,kanıt yetersiz,0,0,1,0,0,0,,
c70_71,29.20626,41.15377,,,,,,C,,,,0.0,,0.0,0.0,0.0,0.0,0.0,0.0,0.0,0.0,0.012,0.988,0.0,0.0,0.0,kanıt yetersiz,0,0,1,0,0,0,,
c71_64,29.21221,41.12234,1.0,1.0,1.0,1.0,1.0,A,1.0,1.0,1.0,1.0,1.0,0.003,0.0,0.0,0.0,0.0,0.0,0.0,0.0,0.0,0.997,0.0,0.0,0.003,kanıt yetersiz,0,0,1,0,0,0,,
c71_65,29.21221,41.12683,,,,,,C,,,,,,0.0,0.0,0.0,0.0,0.0,0.0,0.0,0.0,0.0,1.0,0.0,0.0,0.0,kanıt yetersiz,0,0,1,0,0,0,,
c71_66,29.21221,41.13132,,,,,,C,,,,,,0.0,0.0,0.0,0.0,0.0,0.0,0.0,0.0,0.0,1.0,0.0,0.0,0.0,kanıt yetersiz,0,0,1,0,0,0,,
c71_67,29.21221,41.13581,1.0,1.0,1.0,0.273,1.0,C,1.0,1.0,1.0,0.273,1.0,0.006,0.0,0.0,0.0,0.0,0.0,0.0,0.0,0.017,0.976,0.0,0.0,0.006,kanıt yetersiz,0,0,1,0,0,0,,
c71_68,29.21221,41.1403,1.0,1.0,1.0,0.091,1.0,C,1.0,1.0,1.0,0.091,1.0,0.0,0.0,0.0,0.0,0.0,0.0,0.0,0.0,0.005,0.995,0.0,0.0,0.0,kanıt yetersiz,0,0,1,0,0,0,,
c71_69,29.21221,41.14479,1.0,1.0,1.0,0.22,1.0,C,1.0,1.0,1.0,0.22,1.0,0.003,0.0,0.0,0.0,0.0,0.0,0.0,0.0,0.012,0.985,0.0,0.0,0.003,kanıt yetersiz,0,0,1,0,0,0,,
c71_70,29.21221,41.14928,1.0,1.0,1.0,0.27,1.0,C,1.0,1.0,1.0,0.27,1.0,0.01,0.0,0.0,0.0,0.0,0.0,0.0,0.0,0.028,0.962,0.0,0.0,0.01,kanıt yetersiz,0,0,1,0,0,0,,
c71_71,29.21221,41.15377,,,,,,C,,,,0.0,,0.0,0.0,0.0,0.0,0.0,0.0,0.0,0.0,0.01,0.99,0.0,0.0,0.0,kanıt yetersiz,0,0,1,0,0,0,,
c64_72,29.17056,41.15826,0.169,0.131,0.356,0.122,0.217,B,0.186,0.217,0.122,0.156,0.165,0.014,0.0,0.0,0.0,0.0,0.0,0.264,0.0,0.023,0.618,0.029,0.052,0.278,puan,0,0,1,0,0,0,,11.1
c64_73,29.17056,41.16275,0.237,0.162,0.479,0.193,0.281,B,0.254,0.281,0.194,0.193,0.23,0.014,0.0,0.001,0.0,0.0,0.0,0.096,0.0,0.025,0.813,0.008,0.043,0.111,puan,0,0,1,0,0,0,,15.2
c64_74,29.17056,41.16724,0.245,0.229,0.293,0.202,0.288,A,0.261,0.288,0.202,0.203,0.237,0.047,0.0,0.0,0.0,0.0,0.0,0.298,0.0,0.071,0.56,0.023,0.0,0.346,puan,0,0,1,0,0,0,,15.8
c64_75,29.17056,41.17173,0.454,0.383,0.541,0.283,0.486,C,0.466,0.486,0.423,0.283,0.402,0.018,0.0,0.0,0.0,0.0,0.0,0.03,0.0,0.029,0.915,0.009,0.0,0.047,kanıt yetersiz,0,0,1,0,0,0,,
c64_76,29.17056,41.17622,0.205,0.178,0.311,0.16,0.251,A,0.222,0.251,0.16,0.162,0.195,0.007,0.0,0.0,0.0,0.0,0.0,0.067,0.0,0.02,0.895,0.011,0.0,0.074,kanıt yetersiz,0,0,1,0,0,0,,
c64_77,29.17056,41.18071,0.415,0.393,0.447,0.143,0.449,C,0.427,0.449,0.382,0.143,0.4,0.001,0.0,0.0,0.0,0.0,0.0,0.003,0.0,0.008,0.987,0.0,0.0,0.004,kanıt yetersiz,0,0,1,0,0,0,,
c64_78,29.17056,41.1852,,,,,,C,,,,0.0,,0.0,0.0,0.0,0.0,0.0,0.0,0.0,0.0,0.006,0.994,0.0,0.0,0.0,kanıt yetersiz,0,0,1,0,0,0,,
c64_79,29.17056,41.18969,1.0,1.0,1.0,0.703,1.0,C,1.0,1.0,1.0,0.703,1.0,0.004,0.0,0.0,0.0,0.0,0.0,0.0,0.0,0.002,0.994,0.0,0.0,0.004,kanıt yetersiz,0,0,1,0,0,0,,
c65_72,29.17651,41.15826,0.311,0.094,0.792,0.216,0.35,C,0.325,0.35,0.272,0.216,0.3,0.012,0.0,0.0,0.0,0.001,0.0,0.044,0.0,0.025,0.787,0.004,0.127,0.057,kanıt yetersiz,497,0,2,0,0,0,0.0,
c65_73,29.17651,41.16275,0.942,0.092,0.994,0.354,0.957,C,0.94,0.957,0.928,0.354,0.616,0.036,0.0,0.0,0.002,0.001,0.0,0.0,0.0,0.066,0.526,0.026,0.342,0.04,kanıt yetersiz,507,0,2,0,0,0,0.0,
c65_74,29.17651,41.16724,0.933,0.121,0.991,0.343,0.958,C,0.927,0.958,0.909,0.343,0.776,0.015,0.0,0.0,0.002,0.0,0.0,0.0,0.0,0.03,0.836,0.004,0.113,0.017,kanıt yetersiz,579,0,2,0,0,0,0.0,
c65_75,29.17651,41.17173,0.997,0.189,0.999,0.334,0.998,C,0.996,0.998,0.995,0.334,0.946,0.013,0.0,0.0,0.0,0.0,0.0,0.0,0.0,0.026,0.904,0.001,0.056,0.013,kanıt yetersiz,539,0,2,0,0,0,0.0,
c65_76,29.17651,41.17622,1.0,0.721,1.0,0.074,1.0,C,1.0,1.0,1.0,0.074,1.0,0.001,0.0,0.0,0.0,0.0,0.0,0.0,0.0,0.011,0.988,0.0,0.0,0.001,kanıt yetersiz,35,0,1,0,0,0,,
c65_77,29.17651,41.18071,,,,,,C,,,,0.0,,0.0,0.0,0.0,0.0,0.0,0.0,0.0,0.0,0.006,0.994,0.0,0.0,0.0,kanıt yetersiz,0,0,1,0,0,0,,
c65_78,29.17651,41.1852,,,,,,C,,,,0.0,,0.0,0.0,0.0,0.0,0.0,0.0,0.0,0.0,0.003,0.997,0.0,0.0,0.0,kanıt yetersiz,0,0,1,0,0,0,,
c65_79,29.17651,41.18969,,,,,,C,,,,0.0,,0.0,0.0,0.0,0.0,0.0,0.0,0.0,0.0,0.005,0.995,0.0,0.0,0.0,kanıt yetersiz,0,0,1,0,0,0,,
c66_72,29.18246,41.15826,0.968,0.085,0.997,0.311,0.971,C,0.971,0.97,0.966,0.311,0.705,0.017,0.0,0.0,0.0,0.001,0.0,0.0,0.0,0.037,0.765,0.008,0.173,0.017,kanıt yetersiz,0,0,1,0,0,0,,
c66_73,29.18246,41.16275,,0.0,1.0,,,C,,,,0.0,0.125,0.0,0.0,0.0,0.0,0.0,0.0,0.0,0.0,0.021,0.876,0.006,0.097,0.0,kanıt yetersiz,0,0,1,0,0,0,,
c66_74,29.18246,41.16724,0.216,0.005,0.984,0.022,0.278,C,0.278,0.275,0.157,0.022,0.134,0.0,0.0,0.001,0.0,0.001,0.0,0.0,0.0,0.019,0.878,0.019,0.082,0.002,kanıt yetersiz,0,0,1,0,0,0,,
c66_75,29.18246,41.17173,,0.0,1.0,,,C,,,,,,0.0,0.0,0.0,0.0,0.0,0.0,0.0,0.0,0.0,0.993,0.0,0.007,0.0,kanıt yetersiz,0,0,1,0,0,0,,
c66_76,29.18246,41.17622,0.995,0.231,0.999,0.324,0.997,C,0.994,0.997,0.992,0.324,0.987,0.014,0.0,0.0,0.0,0.0,0.0,0.0,0.0,0.029,0.911,0.0,0.046,0.014,kanıt yetersiz,573,0,2,0,0,0,0.0,
c66_77,29.18246,41.18071,,0.0,1.0,,,C,,,,0.0,0.125,0.0,0.0,0.0,0.0,0.0,0.0,0.0,0.0,0.007,0.993,0.0,0.0,0.0,kanıt yetersiz,0,0,1,0,0,0,,
c66_78,29.18246,41.1852,,,,,,C,,,,0.0,,0.0,0.0,0.0,0.0,0.0,0.0,0.0,0.0,0.005,0.995,0.0,0.0,0.0,kanıt yetersiz,0,0,1,0,0,0,,
c66_79,29.18246,41.18969,,,,,,C,,,,0.0,,0.0,0.0,0.0,0.0,0.0,0.0,0.0,0.0,0.006,0.994,0.0,0.0,0.0,kanıt yetersiz,0,0,1,0,0,0,,
c67_72,29.18841,41.15826,0.994,0.149,0.999,0.637,0.995,C,0.995,0.994,0.993,0.637,0.868,0.089,0.0,0.001,0.0,0.0,0.0,0.0,0.0,0.05,0.35,0.015,0.495,0.09,kanıt yetersiz,0,0,1,0,0,0,,
c67_73,29.18841,41.16275,0.765,0.019,0.994,0.181,0.816,C,0.774,0.816,0.714,0.181,0.474,0.003,0.0,0.001,0.001,0.0,0.0,0.0,0.0,0.017,0.772,0.004,0.201,0.005,kanıt yetersiz,0,0,1,0,0,0,,
c67_74,29.18841,41.16724,0.923,0.034,0.997,0.1,0.947,C,0.947,0.929,0.917,0.1,0.362,0.002,0.0,0.0,0.0,0.0,0.0,0.0,0.0,0.015,0.938,0.004,0.042,0.002,kanıt yetersiz,0,0,1,0,0,0,,
c67_75,29.18841,41.17173,,,,,,C,,,,,,0.0,0.0,0.0,0.0,0.0,0.0,0.0,0.0,0.0,1.0,0.0,0.0,0.0,kanıt yetersiz,0,0,1,0,0,0,,
c67_76,29.18841,41.17622,0.992,0.503,0.996,0.684,0.995,C,0.991,0.995,0.989,0.684,0.965,0.056,0.0,0.0,0.001,0.0,0.0,0.0,0.0,0.026,0.861,0.002,0.054,0.057,kanıt yetersiz,503,0,2,0,0,0,0.0,
c67_77,29.18841,41.18071,1.0,0.999,1.0,0.932,1.0,A,1.0,1.0,1.0,0.932,1.0,0.121,0.0,0.0,0.0,0.0,0.0,0.0,0.0,0.009,0.87,0.0,0.0,0.121,puan,0,0,1,0,0,0,,94.5
c67_78,29.18841,41.1852,,,,,,C,,,,0.0,,0.0,0.0,0.0,0.0,0.0,0.0,0.0,0.0,0.007,0.993,0.0,0.0,0.0,kanıt yetersiz,0,0,1,0,0,0,,
c67_79,29.18841,41.18969,1.0,0.056,1.0,0.041,1.0,C,1.0,1.0,1.0,0.041,0.935,0.003,0.0,0.0,0.0,0.0,0.0,0.0,0.0,0.065,0.886,0.0,0.046,0.003,kanıt yetersiz,1379,0,4,0,0,0,0.0,
c68_72,29.19436,41.15826,0.754,0.011,0.996,0.148,0.788,C,0.768,0.788,0.72,0.148,0.358,0.004,0.0,0.001,0.001,0.001,0.0,0.0,0.0,0.025,0.547,0.01,0.411,0.006,kanıt yetersiz,0,0,1,0,0,0,,
c68_73,29.19436,41.16275,0.896,0.064,0.993,0.372,0.913,C,0.913,0.903,0.889,0.372,0.556,0.047,0.0,0.005,0.0,0.003,0.0,0.0,0.0,0.078,0.144,0.043,0.68,0.055,kanıt yetersiz,0,0,1,0,0,0,,
c68_74,29.19436,41.16724,0.708,0.027,0.989,0.272,0.728,C,0.716,0.728,0.688,0.272,0.4,0.01,0.0,0.0,0.0,0.005,0.0,0.0,0.0,0.024,0.583,0.017,0.361,0.015,kanıt yetersiz,0,0,1,0,0,0,,
c68_75,29.19436,41.17173,,0.0,1.0,,,C,,,,0.0,,0.0,0.0,0.0,0.0,0.0,0.0,0.0,0.0,0.008,0.991,0.0,0.001,0.0,kanıt yetersiz,0,0,1,0,0,0,,
c68_76,29.19436,41.17622,1.0,0.358,1.0,0.724,1.0,C,1.0,1.0,1.0,0.724,0.986,0.077,0.0,0.0,0.0,0.0,0.0,0.0,0.0,0.029,0.756,0.001,0.137,0.077,kanıt yetersiz,549,0,2,0,0,0,0.0,
c68_77,29.19436,41.18071,0.874,0.135,0.981,0.314,0.881,C,0.877,0.881,0.867,0.314,0.757,0.019,0.0,0.0,0.0,0.003,0.0,0.0,0.0,0.04,0.815,0.004,0.119,0.022,kanıt yetersiz,462,0,2,0,0,0,0.0,
c68_78,29.19436,41.1852,0.376,0.376,0.376,0.325,0.57,C,0.57,0.427,0.325,0.359,0.376,0.0,0.0,0.174,0.001,0.0,0.0,0.0,0.0,0.008,0.816,0.0,0.0,0.176,puan,0,0,1,0,0,0,,38.5
c68_79,29.19436,41.18969,1.0,0.396,1.0,0.346,1.0,C,1.0,1.0,1.0,0.346,0.995,0.047,0.0,0.0,0.0,0.0,0.0,0.0,0.0,0.089,0.791,0.0,0.072,0.047,kanıt yetersiz,1962,0,5,0,0,0,0.0,
c69_72,29.20031,41.15826,1.0,0.191,1.0,0.059,1.0,C,1.0,1.0,1.0,0.059,0.292,0.001,0.0,0.0,0.0,0.0,0.0,0.0,0.0,0.009,0.988,0.002,0.0,0.001,kanıt yetersiz,0,0,1,0,0,0,,
c69_73,29.20031,41.16275,0.614,0.023,0.986,0.13,0.636,C,0.622,0.636,0.592,0.13,0.394,0.003,0.0,0.0,0.0,0.002,0.0,0.0,0.0,0.017,0.862,0.004,0.113,0.005,kanıt yetersiz,0,0,1,0,0,0,,
c69_74,29.20031,41.16724,0.476,0.059,0.935,0.276,0.508,C,0.487,0.508,0.444,0.276,0.395,0.025,0.0,0.0,0.001,0.038,0.0,0.0,0.0,0.047,0.435,0.019,0.435,0.064,kanıt yetersiz,0,0,1,0,0,0,,
c69_75,29.20031,41.17173,0.498,0.03,0.969,0.246,0.526,C,0.508,0.526,0.469,0.246,0.436,0.014,0.0,0.0,0.0,0.019,0.0,0.0,0.0,0.033,0.432,0.006,0.496,0.033,kanıt yetersiz,0,0,1,0,0,0,,
c69_76,29.20031,41.17622,0.428,0.066,0.911,0.256,0.469,C,0.435,0.469,0.386,0.256,0.351,0.01,0.0,0.0,0.002,0.02,0.0,0.0,0.0,0.022,0.77,0.011,0.165,0.032,kanıt yetersiz,0,0,1,0,0,0,,
c69_77,29.20031,41.18071,0.872,0.185,0.973,0.625,0.882,C,0.874,0.882,0.862,0.625,0.692,0.146,0.0,0.0,0.003,0.024,0.0,0.0,0.0,0.068,0.117,0.055,0.587,0.173,puan,367,0,2,0,0,0,0.0,86.5
c69_78,29.20031,41.1852,0.928,0.749,0.942,0.843,0.951,B,0.951,0.934,0.922,0.843,0.913,0.487,0.0,0.063,0.0,0.0,0.0,0.0,0.0,0.056,0.263,0.011,0.121,0.55,puan,1299,0,2,0,0,0,0.0,89.0
c69_79,29.20031,41.18969,1.0,0.304,1.0,0.226,1.0,C,1.0,1.0,1.0,0.226,0.967,0.027,0.0,0.0,0.0,0.0,0.0,0.0,0.0,0.093,0.818,0.001,0.061,0.027,kanıt yetersiz,2340,0,5,0,0,0,0.0,
c70_72,29.20626,41.15826,,0.0,1.0,,,C,,,,0.0,0.125,0.0,0.0,0.0,0.0,0.0,0.0,0.0,0.0,0.014,0.986,0.0,0.0,0.0,kanıt yetersiz,0,0,1,0,0,0,,
c70_73,29.20626,41.16275,,,,,,C,,,,0.0,,0.0,0.0,0.0,0.0,0.0,0.0,0.0,0.0,0.013,0.987,0.0,0.0,0.0,kanıt yetersiz,0,0,1,0,0,0,,
c70_74,29.20626,41.16724,0.988,0.257,0.997,0.577,0.989,C,0.988,0.989,0.987,0.577,0.857,0.04,0.0,0.0,0.0,0.001,0.0,0.0,0.0,0.029,0.814,0.007,0.109,0.041,kanıt yetersiz,0,0,1,0,0,0,,
c70_75,29.20626,41.17173,0.967,0.196,0.993,0.856,0.969,C,0.969,0.969,0.965,0.856,0.874,0.083,0.0,0.001,0.0,0.003,0.0,0.0,0.0,0.011,0.563,0.011,0.329,0.086,kanıt yetersiz,0,0,1,0,0,0,,
c70_76,29.20626,41.17622,0.517,0.183,0.829,0.307,0.548,C,0.535,0.548,0.486,0.307,0.399,0.038,0.0,0.005,0.001,0.045,0.0,0.0,0.0,0.061,0.689,0.038,0.123,0.089,kanıt yetersiz,0,0,1,0,0,0,,
c70_77,29.20626,41.18071,0.25,0.085,0.745,0.203,0.294,C,0.266,0.294,0.207,0.203,0.225,0.019,0.0,0.001,0.0,0.045,0.0,0.07,0.0,0.031,0.572,0.034,0.227,0.135,puan,0,0,1,0,0,0,,16.3
c70_78,29.20626,41.1852,0.909,0.101,0.99,0.507,0.924,C,0.907,0.924,0.893,0.507,0.618,0.027,0.0,0.0,0.002,0.002,0.0,0.0,0.0,0.025,0.691,0.019,0.234,0.031,kanıt yetersiz,0,0,1,0,0,0,,
c70_79,29.20626,41.18969,0.929,0.514,0.961,0.337,0.933,C,0.93,0.933,0.925,0.337,0.905,0.082,0.0,0.0,0.0,0.007,0.0,0.0,0.0,0.158,0.681,0.003,0.07,0.09,kanıt yetersiz,3292,0,4,0,0,0,0.0,
c71_72,29.21221,41.15826,,,,,,C,,,,0.0,,0.0,0.0,0.0,0.0,0.0,0.0,0.0,0.0,0.017,0.983,0.0,0.0,0.0,kanıt yetersiz,0,0,1,0,0,0,,
c71_73,29.21221,41.16275,,0.0,1.0,,,C,,,,0.0,0.125,0.0,0.0,0.0,0.0,0.0,0.0,0.0,0.0,0.011,0.989,0.0,0.0,0.0,kanıt yetersiz,0,0,1,0,0,0,,
c71_74,29.21221,41.16724,1.0,1.0,1.0,0.506,1.0,C,1.0,1.0,1.0,0.506,1.0,0.016,0.0,0.0,0.0,0.0,0.0,0.0,0.0,0.016,0.968,0.0,0.0,0.016,kanıt yetersiz,0,0,1,0,0,0,,
c71_75,29.21221,41.17173,1.0,0.985,1.0,0.987,1.0,A,1.0,1.0,1.0,0.99,0.987,0.14,0.0,0.0,0.0,0.0,0.0,0.0,0.0,0.001,0.857,0.002,0.0,0.14,puan,0,0,1,0,0,0,,94.5
c71_76,29.21221,41.17622,0.703,0.344,0.855,0.408,0.728,C,0.728,0.722,0.685,0.409,0.408,0.006,0.0,0.001,0.0,0.002,0.0,0.0,0.0,0.006,0.976,0.009,0.0,0.009,kanıt yetersiz,0,0,1,0,0,0,,
c71_77,29.21221,41.18071,0.831,0.226,0.954,0.338,0.841,C,0.839,0.841,0.821,0.338,0.461,0.008,0.0,0.0,0.0,0.002,0.0,0.0,0.0,0.015,0.948,0.011,0.016,0.01,kanıt yetersiz,0,0,1,0,0,0,,
c71_78,29.21221,41.1852,0.936,0.518,0.965,0.674,0.94,C,0.937,0.94,0.932,0.674,0.928,0.055,0.0,0.0,0.0,0.004,0.0,0.0,0.0,0.023,0.87,0.001,0.047,0.059,kanıt yetersiz,299,0,2,0,0,0,0.0,
c71_79,29.21221,41.18969,1.0,0.319,1.0,0.187,1.0,C,1.0,1.0,1.0,0.187,0.946,0.016,0.0,0.0,0.0,0.0,0.0,0.0,0.0,0.068,0.882,0.001,0.033,0.016,kanıt yetersiz,555,0,3,0,0,0,0.0,
c79_5,29.25981,40.85743,0.012,0.012,0.012,0.012,0.012,A,0.012,0.012,0.012,0.012,0.012,0.0,0.0,0.0,0.0,0.0,0.988,0.0,0.012,0.0,0.0,0.0,0.0,1.0,puan,0,0,1,0,0,0,,6.3
c79_7,29.25981,40.86641,0.087,0.084,0.115,0.083,0.089,A,0.088,0.089,0.085,0.083,0.087,0.052,0.0,0.0,0.0,0.0,0.812,0.041,0.024,0.042,0.0,0.004,0.025,0.929,puan,667,782,3,1,0,1,0.7,9.0
c72_80,29.21816,41.19418,,0.0,1.0,,,C,,,,0.0,0.125,0.0,0.0,0.0,0.0,0.0,0.0,0.0,0.0,0.015,0.985,0.0,0.0,0.0,kanıt yetersiz,0,0,1,0,0,0,,
c72_81,29.21816,41.19867,1.0,0.132,1.0,0.2,1.0,C,1.0,1.0,1.0,0.2,0.639,0.007,0.0,0.0,0.0,0.0,0.0,0.0,0.0,0.03,0.914,0.005,0.044,0.007,kanıt yetersiz,300,0,2,0,0,0,0.0,
c72_82,29.21816,41.20316,0.881,0.064,0.991,0.347,0.904,C,0.883,0.904,0.858,0.347,0.597,0.026,0.0,0.001,0.003,0.002,0.0,0.0,0.0,0.049,0.515,0.019,0.385,0.032,kanıt yetersiz,799,0,1,1,1,0,1.3,
c72_83,29.21816,41.20765,1.0,0.122,1.0,0.347,1.0,C,1.0,1.0,1.0,0.347,0.946,0.013,0.0,0.0,0.0,0.0,0.0,0.0,0.0,0.025,0.865,0.001,0.095,0.013,kanıt yetersiz,0,0,1,0,0,0,,
c72_84,29.21816,41.21214,0.436,0.046,0.941,0.349,0.613,C,0.613,0.481,0.391,0.349,0.436,0.006,0.0,0.056,0.0,0.0,0.0,0.0,0.0,0.015,0.397,0.0,0.526,0.062,kanıt yetersiz,0,0,1,0,0,0,,
c72_85,29.21816,41.21663,0.444,0.173,0.783,0.399,0.618,C,0.618,0.488,0.399,0.429,0.444,0.043,0.0,0.343,0.0,0.0,0.0,0.0,0.0,0.013,0.0,0.0,0.601,0.385,puan,0,0,2,0,0,0,,52.3
c72_86,29.21816,41.22112,0.398,0.159,0.76,0.328,0.453,C,0.453,0.438,0.359,0.328,0.366,0.088,0.0,0.086,0.004,0.003,0.0,0.186,0.0,0.078,0.0,0.048,0.506,0.368,puan,0,0,2,0,0,0,,43.4
c72_87,29.21816,41.22561,0.614,0.522,0.672,0.555,0.642,A,0.63,0.642,0.585,0.555,0.571,0.395,0.001,0.045,0.025,0.002,0.001,0.295,0.017,0.082,0.0,0.075,0.063,0.781,puan,0,0,1,0,0,0,,72.0
c73_80,29.22411,41.19418,,0.0,1.0,,,C,,,,,0.125,0.0,0.0,0.0,0.0,0.0,0.0,0.0,0.0,0.0,0.963,0.0,0.037,0.0,kanıt yetersiz,0,0,1,0,0,0,,
c73_81,29.22411,41.19867,0.893,0.058,0.993,0.29,0.936,C,0.878,0.936,0.85,0.29,0.441,0.014,0.0,0.0,0.004,0.0,0.0,0.0,0.0,0.036,0.7,0.025,0.222,0.017,kanıt yetersiz,0,0,1,0,0,0,,
c73_82,29.22411,41.20316,1.0,0.209,1.0,0.382,1.0,C,1.0,1.0,1.0,0.382,0.857,0.017,0.0,0.0,0.0,0.0,0.0,0.0,0.0,0.027,0.894,0.003,0.06,0.017,kanıt yetersiz,0,0,1,0,0,0,,
c73_83,29.22411,41.20765,1.0,0.008,1.0,0.115,1.0,C,1.0,1.0,1.0,0.115,0.584,0.002,0.0,0.0,0.0,0.0,0.0,0.0,0.0,0.015,0.749,0.002,0.233,0.002,kanıt yetersiz,0,0,1,0,0,0,,
c73_84,29.22411,41.21214,1.0,0.011,1.0,0.427,1.0,C,1.0,1.0,1.0,0.427,0.9,0.011,0.0,0.0,0.0,0.0,0.0,0.0,0.0,0.014,0.0,0.001,0.974,0.011,kanıt yetersiz,0,0,2,0,0,0,,
c73_85,29.22411,41.21663,1.0,0.007,1.0,0.232,1.0,C,1.0,1.0,1.0,0.232,0.897,0.006,0.0,0.0,0.0,0.0,0.0,0.0,0.0,0.021,0.0,0.001,0.972,0.006,kanıt yetersiz,0,0,1,0,0,0,,
c73_86,29.22411,41.22112,0.221,0.035,0.875,0.176,0.265,C,0.237,0.265,0.176,0.181,0.201,0.017,0.0,0.0,0.0,0.0,0.0,0.138,0.0,0.034,0.0,0.04,0.771,0.155,puan,0,0,1,0,0,0,,14.1
c73_87,29.22411,41.22561,0.398,0.275,0.585,0.349,0.436,B,0.41,0.436,0.361,0.349,0.374,0.192,0.0,0.003,0.01,0.009,0.0,0.416,0.0,0.088,0.0,0.061,0.221,0.63,puan,0,0,1,0,0,0,,43.4
c74_80,29.23006,41.19418,0.924,0.043,0.996,0.463,0.953,C,0.915,0.953,0.896,0.481,0.463,0.023,0.0,0.0,0.004,0.0,0.0,0.0,0.0,0.025,0.397,0.037,0.515,0.027,kanıt yetersiz,0,0,2,0,0,0,,
c74_81,29.23006,41.19867,0.635,0.01,0.994,0.203,0.715,C,0.715,0.668,0.602,0.203,0.26,0.004,0.0,0.003,0.0,0.001,0.0,0.0,0.0,0.017,0.453,0.023,0.498,0.008,kanıt yetersiz,0,0,2,0,0,0,,
c74_82,29.23006,41.20316,0.975,0.068,0.998,0.391,0.983,C,0.983,0.977,0.973,0.391,0.792,0.016,0.0,0.001,0.0,0.0,0.0,0.0,0.0,0.025,0.732,0.005,0.221,0.017,kanıt yetersiz,0,0,2,0,0,0,,
c74_83,29.23006,41.20765,1.0,0.026,1.0,0.397,1.0,C,1.0,1.0,1.0,0.397,0.897,0.025,0.0,0.0,0.0,0.0,0.0,0.0,0.0,0.037,0.0,0.003,0.935,0.025,kanıt yetersiz,0,0,2,0,0,0,,
c74_84,29.23006,41.21214,0.968,0.045,0.999,0.366,0.97,C,0.97,0.969,0.967,0.366,0.783,0.042,0.0,0.0,0.0,0.0,0.001,0.0,0.0,0.071,0.0,0.012,0.874,0.043,kanıt yetersiz,0,0,2,0,0,0,,
c74_85,29.23006,41.21663,0.828,0.017,0.996,0.338,0.868,C,0.868,0.841,0.815,0.338,0.626,0.015,0.0,0.004,0.0,0.001,0.0,0.0,0.0,0.03,0.0,0.008,0.941,0.02,kanıt yetersiz,0,0,1,0,0,0,,
c74_86,29.23006,41.22112,0.605,0.069,0.955,0.452,0.628,C,0.613,0.628,0.582,0.452,0.579,0.06,0.0,0.0,0.0,0.0,0.0,0.05,0.0,0.037,0.0,0.006,0.847,0.11,puan,0,0,1,0,0,0,,71.0
c74_87,29.23006,41.22561,0.809,0.648,0.847,0.762,0.82,A,0.813,0.82,0.798,0.762,0.789,0.597,0.0,0.0,0.0,0.0,0.0,0.166,0.0,0.048,0.0,0.023,0.166,0.763,puan,0,0,1,0,0,0,,83.7
c75_80,29.23601,41.19418,,,,,,C,,,,,,0.0,0.0,0.0,0.0,0.0,0.0,0.0,0.0,0.0,1.0,0.0,0.0,0.0,kanıt yetersiz,0,0,1,0,0,0,,
c75_81,29.23601,41.19867,0.887,0.764,0.903,0.378,0.894,C,0.889,0.894,0.881,0.378,0.783,0.0,0.0,0.0,0.0,0.0,0.0,0.0,0.0,0.001,0.999,0.0,0.0,0.001,kanıt yetersiz,0,0,1,0,0,0,,
c75_82,29.23601,41.20316,0.259,0.098,0.719,0.21,0.302,C,0.274,0.302,0.216,0.21,0.227,0.042,0.0,0.0,0.001,0.001,0.0,0.236,0.0,0.066,0.194,0.087,0.372,0.281,puan,0,0,1,0,0,0,,17.3
c75_83,29.23601,41.20765,0.295,0.111,0.735,0.235,0.337,C,0.321,0.337,0.254,0.235,0.261,0.061,0.0,0.021,0.0,0.001,0.0,0.26,0.0,0.088,0.0,0.088,0.482,0.343,puan,0,0,1,0,0,0,,21.3
c75_84,29.23601,41.21214,0.572,0.242,0.819,0.468,0.6,C,0.58,0.6,0.544,0.468,0.499,0.193,0.0,0.003,0.008,0.0,0.0,0.183,0.0,0.086,0.0,0.075,0.452,0.387,puan,0,0,1,0,0,0,,68.3
c75_85,29.23601,41.21663,1.0,0.506,1.0,0.866,1.0,C,1.0,1.0,1.0,0.866,0.97,0.469,0.0,0.0,0.0,0.0,0.0,0.0,0.0,0.072,0.0,0.016,0.442,0.469,puan,0,0,1,0,0,0,,94.5
c75_86,29.23601,41.22112,0.993,0.334,0.998,0.749,0.995,C,0.995,0.994,0.993,0.749,0.912,0.3,0.0,0.003,0.0,0.0,0.0,0.0,0.0,0.099,0.0,0.031,0.567,0.303,puan,0,0,1,0,0,0,,92.5
c75_87,29.23601,41.22561,1.0,0.889,1.0,0.985,1.0,A,1.0,1.0,1.0,0.985,0.999,0.877,0.0,0.0,0.0,0.0,0.0,0.0,0.0,0.013,0.0,0.001,0.109,0.877,puan,0,0,1,0,0,0,,94.5
c76_80,29.24196,41.19418,0.842,0.597,0.888,0.336,0.842,C,0.842,0.842,0.842,0.336,0.842,0.011,0.0,0.0,0.0,0.0,0.002,0.0,0.0,0.019,0.964,0.0,0.005,0.013,kanıt yetersiz,0,0,1,0,0,0,,
c76_81,29.24196,41.19867,0.208,0.142,0.457,0.161,0.255,B,0.223,0.255,0.161,0.182,0.19,0.019,0.0,0.0,0.002,0.0,0.0,0.191,0.0,0.03,0.66,0.057,0.04,0.212,puan,0,0,1,0,0,0,,13.3
c76_82,29.24196,41.20316,0.112,0.067,0.466,0.079,0.145,B,0.131,0.145,0.079,0.107,0.114,0.012,0.0,0.024,0.002,0.0,0.195,0.353,0.0,0.027,0.0,0.113,0.275,0.585,puan,0,0,1,0,0,0,,9.7
c76_83,29.24196,41.20765,0.556,0.478,0.618,0.528,0.564,A,0.559,0.564,0.548,0.53,0.528,0.442,0.0,0.001,0.001,0.0,0.258,0.122,0.0,0.04,0.0,0.057,0.078,0.825,puan,0,0,1,0,0,0,,66.7
c76_84,29.24196,41.21214,0.95,0.742,0.961,0.921,0.953,B,0.951,0.953,0.947,0.921,0.931,0.719,0.0,0.0,0.0,0.0,0.0,0.044,0.0,0.024,0.0,0.017,0.196,0.763,puan,0,0,1,0,0,0,,89.9
c76_85,29.24196,41.21663,1.0,0.997,1.0,1.0,1.0,A,1.0,1.0,1.0,1.0,1.0,0.997,0.0,0.0,0.0,0.0,0.0,0.0,0.0,0.0,0.0,0.0,0.003,0.997,puan,0,0,1,0,0,0,,94.5
c76_86,29.24196,41.22112,0.999,0.382,1.0,0.79,0.999,C,0.999,0.999,0.999,0.79,0.97,0.347,0.0,0.0,0.0,0.0,0.0,0.0,0.0,0.091,0.0,0.012,0.55,0.347,puan,0,0,1,0,0,0,,93.8
c76_87,29.24196,41.22561,0.988,0.2,0.998,0.623,0.991,C,0.99,0.991,0.986,0.623,0.822,0.168,0.0,0.002,0.002,0.0,0.0,0.0,0.009,0.106,0.0,0.043,0.67,0.181,puan,0,0,1,0,0,0,,92.0
c77_80,29.24791,41.19418,,,,,,C,,,,,,0.0,0.0,0.0,0.0,0.0,0.0,0.0,0.0,0.0,1.0,0.0,0.0,0.0,kanıt yetersiz,0,0,1,0,0,0,,
c77_81,29.24791,41.19867,0.213,0.118,0.562,0.168,0.258,C,0.229,0.258,0.168,0.185,0.205,0.007,0.0,0.0,0.0,0.0,0.0,0.059,0.0,0.01,0.872,0.006,0.046,0.066,kanıt yetersiz,0,0,1,0,0,0,,
c77_82,29.24791,41.20316,0.101,0.094,0.162,0.076,0.125,A,0.11,0.125,0.076,0.1,0.101,0.035,0.0,0.0,0.0,0.0,0.416,0.442,0.0,0.005,0.036,0.015,0.051,0.893,puan,0,0,1,0,0,0,,9.5
c77_83,29.24791,41.20765,0.536,0.345,0.701,0.525,0.536,B,0.536,0.536,0.536,0.525,0.526,0.34,0.0,0.0,0.0,0.0,0.294,0.0,0.0,0.014,0.0,0.016,0.335,0.635,puan,0,0,1,0,0,0,,64.3
c77_84,29.24791,41.21214,1.0,0.208,1.0,0.988,1.0,C,1.0,1.0,1.0,1.0,0.988,0.208,0.0,0.0,0.0,0.0,0.0,0.0,0.0,0.0,0.0,0.003,0.789,0.208,puan,0,0,1,0,0,0,,94.5
c77_85,29.24791,41.21663,1.0,0.347,1.0,1.0,1.0,C,1.0,1.0,1.0,1.0,1.0,0.347,0.0,0.0,0.0,0.0,0.0,0.0,0.0,0.0,0.0,0.0,0.653,0.347,puan,0,0,1,0,0,0,,94.5
c77_86,29.24791,41.22112,1.0,0.647,1.0,0.928,1.0,B,1.0,1.0,1.0,0.928,0.997,0.616,0.0,0.0,0.0,0.0,0.0,0.0,0.0,0.047,0.0,0.002,0.335,0.616,puan,0,0,1,0,0,0,,94.5
c77_87,29.24791,41.22561,0.824,0.165,0.965,0.484,0.834,C,0.829,0.834,0.813,0.484,0.77,0.134,0.0,0.002,0.0,0.011,0.0,0.022,0.0,0.119,0.037,0.014,0.661,0.169,puan,0,0,1,0,0,0,,84.7
c78_80,29.25386,41.19418,,0.0,1.0,,,C,,,,,0.125,0.0,0.0,0.0,0.0,0.0,0.0,0.0,0.0,0.0,1.0,0.0,0.0,0.0,kanıt yetersiz,0,0,1,0,0,0,,
c78_81,29.25386,41.19867,1.0,1.0,1.0,0.4,1.0,C,1.0,1.0,1.0,0.4,1.0,0.006,0.0,0.0,0.0,0.0,0.0,0.0,0.0,0.01,0.984,0.0,0.0,0.006,kanıt yetersiz,0,0,1,0,0,0,,
c78_82,29.25386,41.20316,0.084,0.068,0.256,0.061,0.107,A,0.092,0.107,0.061,0.081,0.084,0.009,0.0,0.0,0.0,0.0,0.17,0.155,0.0,0.013,0.575,0.0,0.077,0.334,puan,0,0,1,0,0,0,,8.8
c78_83,29.25386,41.20765,0.067,0.011,0.843,0.063,0.07,C,0.067,0.067,0.067,0.063,0.07,0.011,0.0,0.0,0.0,0.0,0.147,0.0,0.0,0.011,0.051,0.008,0.772,0.158,puan,0,0,1,0,0,0,,8.4
c78_84,29.25386,41.21214,1.0,0.113,1.0,1.0,1.0,C,1.0,1.0,1.0,1.0,1.0,0.113,0.0,0.0,0.0,0.0,0.0,0.0,0.0,0.0,0.0,0.0,0.887,0.113,puan,0,0,1,0,0,0,,94.5
c78_85,29.25386,41.21663,1.0,0.255,1.0,1.0,1.0,C,1.0,1.0,1.0,1.0,1.0,0.255,0.0,0.0,0.0,0.0,0.0,0.0,0.0,0.0,0.0,0.0,0.745,0.255,puan,0,0,1,0,0,0,,94.5
c78_86,29.25386,41.22112,1.0,0.31,1.0,1.0,1.0,C,1.0,1.0,1.0,1.0,1.0,0.31,0.0,0.0,0.0,0.0,0.0,0.0,0.0,0.0,0.0,0.0,0.69,0.31,puan,0,0,1,0,0,0,,94.5
c78_87,29.25386,41.22561,1.0,0.654,1.0,0.943,1.0,B,1.0,1.0,1.0,0.943,0.996,0.629,0.0,0.0,0.0,0.0,0.0,0.0,0.0,0.038,0.0,0.003,0.33,0.629,puan,0,0,1,0,0,0,,94.5
c79_80,29.25981,41.19418,0.13,0.111,0.261,0.08,0.18,B,0.152,0.18,0.08,0.119,0.13,0.0,0.0,0.001,0.0,0.0,0.0,0.063,0.0,0.006,0.918,0.011,0.0,0.064,kanıt yetersiz,0,0,1,0,0,0,,
c79_81,29.25981,41.19867,0.664,0.659,0.666,0.329,0.683,C,0.671,0.683,0.644,0.329,0.66,0.009,0.0,0.0,0.0,0.0,0.0,0.006,0.0,0.015,0.971,0.0,0.0,0.014,kanıt yetersiz,0,0,1,0,0,0,,
c79_82,29.25981,41.20316,1.0,0.043,1.0,0.402,1.0,C,1.0,1.0,1.0,0.402,0.995,0.016,0.0,0.0,0.0,0.0,0.0,0.0,0.0,0.024,0.609,0.0,0.352,0.016,kanıt yetersiz,0,0,1,0,0,0,,
c79_83,29.25981,41.20765,1.0,0.007,1.0,1.0,1.0,C,1.0,1.0,1.0,1.0,1.0,0.007,0.0,0.0,0.0,0.0,0.0,0.0,0.0,0.0,0.0,0.0,0.993,0.007,kanıt yetersiz,0,0,1,0,0,0,,
c79_84,29.25981,41.21214,1.0,0.346,1.0,1.0,1.0,C,1.0,1.0,1.0,1.0,1.0,0.346,0.0,0.0,0.0,0.0,0.0,0.0,0.0,0.0,0.0,0.0,0.654,0.346,puan,0,0,1,0,0,0,,94.5
c79_85,29.25981,41.21663,1.0,0.34,1.0,1.0,1.0,C,1.0,1.0,1.0,1.0,1.0,0.34,0.0,0.0,0.0,0.0,0.0,0.0,0.0,0.0,0.0,0.0,0.66,0.34,puan,0,0,1,0,0,0,,94.5
c79_86,29.25981,41.22112,0.776,0.356,0.897,0.721,0.789,C,0.782,0.789,0.763,0.721,0.73,0.329,0.0,0.003,0.0,0.001,0.0,0.11,0.0,0.034,0.0,0.034,0.489,0.443,puan,0,0,1,0,0,0,,82.1
c79_87,29.25981,41.22561,0.981,0.145,0.997,0.579,0.983,C,0.982,0.983,0.98,0.579,0.925,0.131,0.0,0.0,0.0,0.0,0.0,0.003,0.0,0.093,0.0,0.009,0.763,0.134,puan,0,0,1,0,0,0,,91.4
c72_88,29.21816,41.2301,0.904,0.36,0.962,0.851,0.908,C,0.905,0.908,0.9,0.851,0.881,0.169,0.0,0.0,0.0,0.0,0.011,0.03,0.179,0.024,0.0,0.012,0.575,0.389,puan,0,0,1,0,0,0,,88.1
c73_88,29.22411,41.2301,0.753,0.541,0.823,0.732,0.768,B,0.76,0.768,0.738,0.744,0.732,0.348,0.003,0.001,0.001,0.001,0.0,0.196,0.162,0.009,0.0,0.025,0.254,0.712,puan,0,0,1,0,0,0,,81.1
c75_88,29.23601,41.2301,0.992,0.463,0.996,0.871,0.994,C,0.994,0.993,0.991,0.885,0.871,0.109,0.0,0.006,0.0,0.0,0.0,0.0,0.328,0.053,0.0,0.072,0.433,0.442,puan,0,0,1,0,0,0,,92.4
c77_88,29.24791,41.2301,0.808,0.329,0.922,0.638,0.819,C,0.815,0.819,0.797,0.638,0.755,0.187,0.0,0.005,0.0,0.028,0.0,0.044,0.081,0.092,0.059,0.029,0.474,0.345,puan,0,0,1,0,0,0,,83.6
c78_88,29.25386,41.2301,0.867,0.141,0.978,0.553,0.877,C,0.87,0.877,0.858,0.553,0.771,0.104,0.0,0.0,0.002,0.004,0.0,0.017,0.02,0.083,0.015,0.022,0.733,0.147,puan,0,0,1,0,0,0,,86.3
c78_89,29.25386,41.23459,0.995,0.213,0.999,0.972,0.996,C,0.995,0.996,0.993,0.973,0.972,0.0,0.0,0.0,0.002,0.0,0.0,0.0,0.211,0.005,0.0,0.006,0.776,0.214,puan,0,0,1,0,0,0,,93.0
c79_88,29.25981,41.2301,0.998,0.169,1.0,0.744,0.999,C,0.999,0.998,0.998,0.744,0.94,0.067,0.0,0.001,0.0,0.0,0.0,0.0,0.092,0.055,0.0,0.011,0.774,0.16,puan,0,0,1,0,0,0,,93.6
c72_10,29.21816,40.87988,0.663,0.451,0.771,0.548,0.73,B,0.646,0.73,0.596,0.548,0.623,0.284,0.0,0.004,0.177,0.053,0.039,0.026,0.008,0.124,0.008,0.047,0.231,0.591,puan,1718,1788,4,1,1,0,0.3,75.3
c72_11,29.21816,40.88437,0.561,0.414,0.677,0.471,0.592,B,0.569,0.592,0.531,0.471,0.494,0.311,0.0,0.006,0.023,0.037,0.006,0.262,0.0,0.124,0.0,0.118,0.113,0.645,puan,0,306,1,0,0,0,0.0,67.2
c72_12,29.21816,40.88886,0.404,0.306,0.549,0.321,0.456,B,0.411,0.456,0.353,0.321,0.338,0.172,0.001,0.007,0.063,0.079,0.001,0.308,0.0,0.165,0.0,0.196,0.007,0.632,puan,0,0,1,0,0,0,,44.4
c72_13,29.21816,40.89335,0.345,0.275,0.478,0.267,0.404,B,0.351,0.404,0.286,0.267,0.301,0.126,0.002,0.007,0.082,0.115,0.004,0.311,0.0,0.189,0.0,0.164,0.001,0.646,puan,0,0,1,0,0,0,,31.1
c72_14,29.21816,40.89784,0.337,0.295,0.42,0.288,0.386,A,0.359,0.386,0.288,0.291,0.312,0.15,0.001,0.054,0.047,0.194,0.005,0.315,0.0,0.122,0.0,0.101,0.009,0.767,puan,146,0,1,0,0,0,0.0,29.0
c72_15,29.21816,40.90233,0.274,0.206,0.454,0.203,0.345,B,0.287,0.345,0.203,0.225,0.26,0.054,0.024,0.008,0.103,0.402,0.015,0.03,0.0,0.137,0.016,0.065,0.145,0.637,puan,1322,0,2,1,0,1,0.8,18.9
c73_9,29.22411,40.87539,0.852,0.751,0.869,0.683,0.869,B,0.855,0.869,0.834,0.683,0.815,0.534,0.0,0.017,0.036,0.029,0.001,0.06,0.048,0.178,0.0,0.039,0.058,0.725,puan,3023,0,7,1,1,0,0.3,85.9
c73_10,29.22411,40.87988,0.369,0.267,0.544,0.307,0.416,B,0.387,0.416,0.323,0.307,0.329,0.151,0.01,0.027,0.043,0.101,0.038,0.26,0.0,0.127,0.0,0.125,0.116,0.631,puan,919,1791,3,6,6,0,2.2,36.8
c73_11,29.22411,40.88437,0.327,0.256,0.472,0.264,0.385,B,0.332,0.385,0.268,0.264,0.284,0.117,0.0,0.004,0.078,0.071,0.001,0.389,0.0,0.157,0.0,0.179,0.003,0.661,puan,0,0,1,0,0,0,,27.1
c73_12,29.22411,40.88886,0.378,0.279,0.54,0.303,0.431,B,0.388,0.431,0.324,0.303,0.314,0.147,0.004,0.017,0.066,0.024,0.008,0.36,0.0,0.154,0.0,0.209,0.012,0.625,puan,0,0,1,0,0,0,,39.2
c73_13,29.22411,40.89335,0.332,0.236,0.524,0.26,0.383,B,0.341,0.383,0.28,0.26,0.278,0.119,0.001,0.006,0.046,0.087,0.001,0.335,0.0,0.163,0.0,0.207,0.034,0.596,puan,0,0,1,0,0,0,,28.1
c73_14,29.22411,40.89784,0.421,0.234,0.678,0.279,0.479,C,0.425,0.479,0.363,0.279,0.379,0.117,0.001,0.007,0.062,0.154,0.0,0.091,0.0,0.221,0.0,0.072,0.274,0.433,puan,1451,0,2,2,0,2,1.4,48.0
c73_15,29.22411,40.90233,0.496,0.25,0.746,0.375,0.545,C,0.497,0.545,0.447,0.375,0.414,0.158,0.001,0.011,0.065,0.094,0.041,0.063,0.0,0.14,0.0,0.124,0.303,0.433,puan,0,0,1,0,0,0,,58.9
c74_8,29.23006,40.8709,0.706,0.588,0.756,0.555,0.747,B,0.747,0.738,0.674,0.555,0.677,0.314,0.059,0.067,0.028,0.049,0.005,0.074,0.082,0.185,0.0,0.036,0.101,0.677,puan,1296,0,2,2,2,0,1.5,78.0
c74_9,29.23006,40.87539,0.504,0.438,0.569,0.428,0.575,B,0.512,0.575,0.433,0.428,0.475,0.227,0.0,0.075,0.188,0.078,0.015,0.171,0.0,0.133,0.0,0.063,0.051,0.754,puan,894,0,3,0,0,0,0.0,59.7
c74_10,29.23006,40.87988,0.375,0.332,0.446,0.287,0.463,B,0.365,0.463,0.287,0.322,0.36,0.111,0.0,0.037,0.269,0.029,0.11,0.219,0.0,0.126,0.0,0.048,0.052,0.774,puan,1448,4483,4,3,0,3,0.5,38.3
c74_11,29.23006,40.88437,0.349,0.283,0.473,0.294,0.404,B,0.357,0.404,0.294,0.295,0.31,0.147,0.0,0.009,0.073,0.041,0.0,0.436,0.0,0.129,0.0,0.152,0.014,0.706,puan,0,0,1,0,0,0,,32.0
c74_12,29.23006,40.88886,0.301,0.251,0.416,0.247,0.354,B,0.325,0.354,0.247,0.252,0.275,0.104,0.002,0.062,0.052,0.093,0.002,0.404,0.0,0.138,0.0,0.124,0.019,0.719,puan,0,0,1,0,0,0,,22.2
c74_13,29.23006,40.89335,0.448,0.318,0.607,0.343,0.54,B,0.434,0.54,0.355,0.343,0.418,0.123,0.0,0.015,0.21,0.127,0.014,0.096,0.0,0.177,0.0,0.06,0.178,0.585,puan,1269,0,2,1,0,1,0.8,52.8
c74_14,29.23006,40.89784,0.461,0.211,0.754,0.331,0.529,C,0.451,0.529,0.394,0.331,0.382,0.11,0.001,0.012,0.109,0.055,0.084,0.016,0.0,0.152,0.0,0.119,0.342,0.387,puan,46,0,1,0,0,0,,54.4
c74_15,29.23006,40.90233,0.595,0.218,0.852,0.382,0.657,C,0.591,0.657,0.534,0.382,0.403,0.132,0.004,0.007,0.07,0.056,0.013,0.022,0.0,0.17,0.001,0.211,0.315,0.304,puan,0,0,1,0,0,0,,70.3
c75_9,29.23601,40.87539,0.785,0.675,0.815,0.614,0.829,C,0.806,0.829,0.741,0.614,0.769,0.383,0.049,0.045,0.102,0.006,0.001,0.043,0.064,0.193,0.0,0.017,0.096,0.694,puan,2394,0,5,8,8,0,3.3,82.5
c75_10,29.23601,40.87988,0.38,0.342,0.443,0.302,0.459,B,0.368,0.459,0.302,0.325,0.365,0.14,0.002,0.012,0.236,0.072,0.123,0.195,0.0,0.133,0.0,0.049,0.039,0.779,puan,1075,2744,4,2,1,1,0.5,39.6
c75_11,29.23601,40.88437,0.367,0.307,0.472,0.294,0.433,B,0.369,0.433,0.302,0.294,0.337,0.139,0.001,0.008,0.119,0.079,0.007,0.339,0.0,0.172,0.0,0.1,0.036,0.691,puan,2347,0,4,1,0,1,0.4,36.1
c75_12,29.23601,40.88886,0.462,0.286,0.666,0.318,0.527,C,0.458,0.527,0.396,0.318,0.405,0.144,0.0,0.004,0.098,0.119,0.003,0.117,0.0,0.22,0.0,0.099,0.198,0.484,puan,3424,0,6,22,11,11,6.4,54.5
c75_13,29.23601,40.89335,0.511,0.158,0.849,0.324,0.57,C,0.51,0.57,0.451,0.324,0.352,0.089,0.002,0.007,0.051,0.05,0.018,0.036,0.0,0.146,0.037,0.177,0.387,0.253,puan,352,0,2,0,0,0,0.0,60.8
c75_14,29.23601,40.89784,0.637,0.165,0.906,0.358,0.663,C,0.643,0.663,0.611,0.358,0.392,0.122,0.003,0.003,0.014,0.029,0.027,0.016,0.0,0.168,0.0,0.198,0.419,0.215,puan,0,0,1,0,0,0,,73.7
c75_15,29.23601,40.90233,0.661,0.251,0.871,0.433,0.699,C,0.665,0.699,0.623,0.433,0.471,0.178,0.004,0.003,0.031,0.048,0.0,0.052,0.0,0.166,0.0,0.174,0.344,0.316,puan,0,0,1,0,0,0,,75.1
c76_9,29.24196,40.87539,0.697,0.564,0.754,0.579,0.75,B,0.688,0.75,0.643,0.579,0.659,0.357,0.007,0.002,0.149,0.011,0.023,0.113,0.033,0.142,0.001,0.048,0.114,0.694,puan,1535,957,3,10,9,1,4.0,77.5
c76_10,29.24196,40.87988,0.365,0.289,0.496,0.287,0.415,B,0.376,0.415,0.314,0.287,0.325,0.148,0.002,0.022,0.061,0.054,0.032,0.326,0.0,0.175,0.014,0.129,0.038,0.644,puan,1926,1130,4,1,0,1,0.3,35.7
c76_11,29.24196,40.88437,0.376,0.292,0.515,0.28,0.43,B,0.382,0.43,0.322,0.28,0.348,0.146,0.0,0.008,0.067,0.12,0.008,0.265,0.0,0.21,0.0,0.077,0.099,0.613,puan,3033,0,6,1,0,1,0.3,38.5
c76_12,29.24196,40.88886,0.53,0.254,0.775,0.346,0.586,C,0.521,0.586,0.475,0.346,0.429,0.148,0.001,0.006,0.086,0.05,0.071,0.02,0.0,0.203,0.0,0.127,0.289,0.382,puan,2532,0,4,11,9,2,4.3,63.7
c76_13,29.24196,40.89335,0.371,0.187,0.682,0.28,0.411,C,0.366,0.411,0.331,0.28,0.314,0.115,0.0,0.009,0.07,0.028,0.18,0.032,0.0,0.141,0.0,0.131,0.294,0.434,puan,1678,0,2,0,0,0,0.0,37.3
c76_14,29.24196,40.89784,0.664,0.134,0.932,0.4,0.69,C,0.669,0.69,0.638,0.4,0.434,0.106,0.001,0.0,0.007,0.039,0.001,0.024,0.0,0.117,0.001,0.132,0.573,0.177,puan,0,0,1,0,0,0,,75.4
c76_15,29.24196,40.90233,0.539,0.229,0.804,0.39,0.559,C,0.544,0.559,0.519,0.39,0.438,0.178,0.001,0.001,0.01,0.017,0.07,0.089,0.0,0.14,0.003,0.118,0.375,0.365,puan,0,0,1,0,0,0,,64.7
c77_8,29.24791,40.8709,0.762,0.726,0.774,0.655,0.855,C,0.732,0.855,0.669,0.655,0.762,0.359,0.0,0.009,0.38,0.0,0.0,0.0,0.075,0.135,0.0,0.0,0.041,0.824,puan,1006,0,2,0,0,0,0.0,81.4
c77_9,29.24791,40.87539,0.44,0.385,0.511,0.35,0.53,B,0.423,0.53,0.35,0.381,0.411,0.158,0.0,0.004,0.26,0.023,0.034,0.26,0.0,0.114,0.04,0.076,0.031,0.739,puan,1199,1641,3,0,0,0,0.0,51.3
c77_10,29.24791,40.87988,0.612,0.466,0.704,0.503,0.637,B,0.618,0.637,0.586,0.503,0.553,0.353,0.0,0.015,0.03,0.043,0.056,0.154,0.0,0.14,0.005,0.089,0.114,0.652,puan,1153,0,4,3,1,2,2.6,71.8
c77_11,29.24791,40.88437,0.326,0.173,0.641,0.24,0.344,C,0.324,0.344,0.308,0.24,0.289,0.125,0.003,0.001,0.031,0.024,0.257,0.006,0.0,0.161,0.0,0.101,0.291,0.447,puan,1744,0,3,3,0,3,1.7,26.7
c77_12,29.24791,40.88886,0.745,0.166,0.943,0.4,0.771,C,0.745,0.771,0.719,0.417,0.4,0.127,0.001,0.005,0.02,0.012,0.024,0.001,0.0,0.149,0.0,0.238,0.424,0.189,puan,0,0,1,0,0,0,,80.5
c77_13,29.24791,40.89335,0.448,0.195,0.76,0.326,0.509,C,0.438,0.509,0.388,0.326,0.349,0.107,0.0,0.014,0.102,0.03,0.119,0.002,0.0,0.14,0.0,0.165,0.321,0.374,puan,1003,0,2,1,1,0,1.0,52.8
c77_14,29.24791,40.89784,0.36,0.217,0.614,0.297,0.404,B,0.403,0.404,0.315,0.297,0.341,0.103,0.003,0.118,0.049,0.101,0.107,0.054,0.0,0.112,0.0,0.047,0.305,0.535,puan,259,0,1,0,0,0,0.0,34.8
c77_15,29.24791,40.90233,0.479,0.288,0.687,0.377,0.516,B,0.487,0.516,0.443,0.377,0.458,0.199,0.0,0.006,0.028,0.074,0.027,0.181,0.0,0.141,0.001,0.034,0.309,0.515,puan,0,0,1,0,0,0,,56.8
c78_8,29.25386,40.8709,0.685,0.629,0.71,0.603,0.719,B,0.683,0.719,0.651,0.603,0.652,0.466,0.0,0.007,0.087,0.02,0.035,0.178,0.019,0.111,0.006,0.051,0.021,0.811,puan,1131,1269,3,1,0,1,0.4,76.6
c78_9,29.25386,40.87539,0.352,0.296,0.455,0.283,0.421,B,0.353,0.421,0.283,0.287,0.316,0.123,0.002,0.01,0.134,0.065,0.012,0.358,0.0,0.161,0.001,0.132,0.001,0.705,puan,1090,552,3,0,0,0,0.0,32.7
c78_10,29.25386,40.87988,0.468,0.324,0.632,0.348,0.516,B,0.469,0.516,0.421,0.348,0.408,0.193,0.0,0.008,0.076,0.042,0.066,0.173,0.0,0.194,0.0,0.119,0.13,0.558,puan,2632,0,5,1,1,0,0.4,55.5
c78_11,29.25386,40.88437,0.769,0.715,0.785,0.752,0.77,A,0.769,0.77,0.767,0.752,0.762,0.697,0.0,0.0,0.003,0.012,0.199,0.0,0.0,0.021,0.0,0.01,0.058,0.911,puan,0,0,1,0,0,0,,81.8
c78_12,29.25386,40.88886,0.888,0.444,0.944,0.709,0.896,C,0.893,0.896,0.88,0.709,0.717,0.383,0.0,0.01,0.006,0.016,0.009,0.019,0.0,0.112,0.0,0.128,0.316,0.444,puan,0,0,1,0,0,0,,87.4
c78_13,29.25386,40.89335,0.706,0.397,0.835,0.552,0.75,C,0.702,0.75,0.663,0.552,0.566,0.288,0.001,0.007,0.077,0.072,0.007,0.034,0.0,0.135,0.0,0.154,0.225,0.486,puan,0,0,1,0,0,0,,78.0
c78_14,29.25386,40.89784,0.508,0.249,0.759,0.363,0.58,C,0.498,0.58,0.436,0.363,0.449,0.133,0.001,0.003,0.11,0.101,0.016,0.044,0.0,0.163,0.0,0.076,0.351,0.41,puan,1742,0,3,2,2,0,1.1,60.5
c78_15,29.25386,40.90233,0.549,0.13,0.893,0.329,0.579,C,0.548,0.579,0.519,0.329,0.362,0.097,0.002,0.001,0.021,0.033,0.051,0.0,0.0,0.137,0.0,0.163,0.495,0.205,puan,422,0,2,0,0,0,0.0,66.1
c79_8,29.25981,40.8709,0.29,0.234,0.426,0.231,0.335,B,0.298,0.335,0.245,0.231,0.26,0.116,0.001,0.01,0.051,0.043,0.104,0.346,0.0,0.169,0.0,0.15,0.01,0.671,puan,1625,1026,2,3,3,0,1.1,20.6
c79_9,29.25981,40.87539,0.417,0.331,0.537,0.329,0.497,B,0.412,0.497,0.337,0.329,0.36,0.138,0.004,0.012,0.176,0.082,0.002,0.241,0.0,0.176,0.0,0.157,0.012,0.655,puan,1267,0,3,1,0,1,0.8,47.0
c79_10,29.25981,40.87988,0.44,0.35,0.554,0.314,0.494,B,0.437,0.494,0.385,0.314,0.407,0.182,0.001,0.003,0.099,0.151,0.058,0.11,0.0,0.241,0.0,0.07,0.085,0.604,puan,3768,0,6,2,2,0,0.5,51.3
c79_11,29.25981,40.88437,0.731,0.571,0.79,0.649,0.764,B,0.723,0.764,0.699,0.649,0.693,0.461,0.0,0.001,0.102,0.014,0.093,0.038,0.0,0.09,0.0,0.048,0.152,0.71,puan,1112,0,2,3,3,0,2.7,79.5
c79_12,29.25981,40.88886,0.531,0.272,0.76,0.424,0.574,C,0.528,0.574,0.488,0.424,0.462,0.191,0.001,0.004,0.063,0.093,0.058,0.045,0.0,0.114,0.0,0.092,0.339,0.454,puan,432,0,2,3,3,0,6.9,63.8
c79_13,29.25981,40.89335,0.436,0.282,0.636,0.337,0.497,B,0.457,0.497,0.375,0.337,0.419,0.126,0.001,0.061,0.081,0.189,0.009,0.033,0.0,0.147,0.078,0.028,0.246,0.501,puan,972,0,2,4,4,0,4.1,50.5
c79_14,29.25981,40.89784,0.524,0.228,0.793,0.37,0.586,C,0.519,0.586,0.461,0.37,0.454,0.131,0.001,0.003,0.074,0.131,0.0,0.02,0.0,0.149,0.024,0.076,0.391,0.36,puan,2472,0,5,12,12,0,4.9,62.8
c79_15,29.25981,40.90233,0.745,0.403,0.862,0.597,0.764,C,0.748,0.764,0.727,0.597,0.636,0.333,0.0,0.002,0.016,0.058,0.017,0.05,0.0,0.118,0.0,0.102,0.303,0.477,puan,356,0,2,0,0,0,0.0,80.5
c72_16,29.21816,40.90682,0.396,0.215,0.672,0.332,0.448,C,0.414,0.448,0.345,0.332,0.341,0.123,0.0,0.038,0.051,0.202,0.02,0.058,0.0,0.096,0.0,0.127,0.285,0.491,puan,0,0,1,0,0,0,,42.8
c72_17,29.21816,40.91131,0.524,0.226,0.795,0.364,0.601,C,0.513,0.601,0.448,0.364,0.422,0.12,0.001,0.004,0.103,0.078,0.001,0.055,0.0,0.159,0.0,0.125,0.354,0.362,puan,214,0,1,2,2,0,9.3,62.8
c72_18,29.21816,40.9158,0.534,0.25,0.782,0.407,0.654,C,0.501,0.654,0.414,0.407,0.451,0.094,0.0,0.005,0.223,0.078,0.001,0.007,0.0,0.128,0.0,0.103,0.361,0.408,puan,0,0,1,0,0,0,,64.0
c72_19,29.21816,40.92029,0.448,0.208,0.744,0.349,0.541,C,0.435,0.541,0.354,0.349,0.383,0.085,0.0,0.011,0.147,0.031,0.0,0.136,0.0,0.116,0.0,0.102,0.372,0.41,puan,0,0,1,0,0,0,,52.8
c72_20,29.21816,40.92478,0.573,0.202,0.849,0.389,0.61,C,0.58,0.61,0.536,0.389,0.439,0.144,0.003,0.002,0.021,0.046,0.0,0.086,0.0,0.143,0.0,0.13,0.424,0.302,puan,0,0,1,0,0,0,,68.3
c72_21,29.21816,40.92927,0.462,0.263,0.694,0.353,0.51,C,0.465,0.51,0.415,0.353,0.458,0.164,0.0,0.009,0.06,0.118,0.041,0.092,0.0,0.15,0.0,0.006,0.36,0.484,puan,0,0,1,0,0,0,,54.5
c72_22,29.21816,40.93376,0.551,0.247,0.799,0.385,0.592,C,0.562,0.592,0.51,0.385,0.487,0.135,0.0,0.015,0.027,0.076,0.0,0.057,0.0,0.134,0.174,0.055,0.328,0.31,puan,0,0,1,0,0,0,,66.3
c72_23,29.21816,40.93825,0.655,0.46,0.758,0.553,0.683,B,0.66,0.683,0.627,0.553,0.636,0.204,0.0,0.003,0.017,0.033,0.0,0.093,0.0,0.065,0.435,0.013,0.136,0.351,puan,0,0,1,0,0,0,,74.6
c73_16,29.22411,40.90682,0.582,0.204,0.853,0.367,0.634,C,0.581,0.634,0.53,0.367,0.424,0.13,0.002,0.005,0.047,0.106,0.001,0.0,0.0,0.17,0.0,0.154,0.384,0.291,puan,0,0,1,0,0,0,,69.0
c73_17,29.22411,40.91131,0.402,0.252,0.624,0.321,0.442,B,0.409,0.442,0.362,0.321,0.358,0.162,0.003,0.006,0.04,0.216,0.069,0.047,0.0,0.137,0.0,0.101,0.22,0.542,puan,0,0,1,0,0,0,,44.1
c73_18,29.22411,40.9158,0.607,0.34,0.78,0.475,0.645,C,0.611,0.645,0.57,0.475,0.529,0.246,0.001,0.008,0.047,0.073,0.012,0.097,0.0,0.135,0.0,0.093,0.287,0.484,puan,0,0,1,0,0,0,,71.2
c73_19,29.22411,40.92029,0.632,0.217,0.874,0.391,0.695,C,0.629,0.695,0.569,0.391,0.486,0.131,0.001,0.012,0.068,0.033,0.0,0.037,0.0,0.175,0.0,0.114,0.428,0.282,puan,0,0,1,0,0,0,,73.2
c73_20,29.22411,40.92478,0.624,0.175,0.895,0.373,0.653,C,0.626,0.653,0.595,0.373,0.44,0.129,0.0,0.003,0.018,0.038,0.024,0.024,0.0,0.158,0.001,0.137,0.468,0.235,puan,0,0,1,0,0,0,,72.9
c73_21,29.22411,40.92927,0.807,0.175,0.958,0.386,0.835,C,0.807,0.835,0.779,0.386,0.5,0.066,0.001,0.0,0.008,0.006,0.0,0.008,0.0,0.098,0.487,0.074,0.25,0.09,kanıt yetersiz,0,0,1,0,0,0,,
c73_22,29.22411,40.93376,0.642,0.346,0.807,0.116,0.663,C,0.65,0.663,0.622,0.116,0.519,0.002,0.0,0.0,0.0,0.001,0.0,0.0,0.0,0.013,0.981,0.001,0.002,0.003,kanıt yetersiz,0,0,1,0,0,0,,
c73_23,29.22411,40.93825,0.98,0.948,0.98,0.614,0.988,C,0.977,0.988,0.972,0.614,0.952,0.035,0.0,0.0,0.001,0.0,0.0,0.0,0.0,0.022,0.941,0.001,0.0,0.036,kanıt yetersiz,0,0,1,0,0,0,,
c74_16,29.23006,40.90682,0.518,0.182,0.831,0.328,0.556,C,0.524,0.556,0.479,0.328,0.367,0.122,0.0,0.003,0.019,0.073,0.002,0.071,0.0,0.169,0.0,0.181,0.358,0.292,puan,0,0,1,0,0,0,,61.8
c74_17,29.23006,40.91131,0.588,0.242,0.83,0.422,0.613,C,0.595,0.613,0.563,0.422,0.461,0.184,0.002,0.003,0.012,0.069,0.028,0.055,0.0,0.139,0.002,0.133,0.373,0.353,puan,0,0,1,0,0,0,,69.7
c74_18,29.23006,40.9158,0.781,0.201,0.943,0.505,0.799,C,0.794,0.799,0.762,0.505,0.577,0.122,0.0,0.013,0.009,0.016,0.011,0.0,0.0,0.093,0.245,0.077,0.415,0.171,puan,0,0,1,0,0,0,,82.4
c74_19,29.23006,40.92029,0.868,0.159,0.976,0.438,0.887,C,0.871,0.887,0.849,0.438,0.526,0.087,0.0,0.003,0.007,0.01,0.0,0.0,0.0,0.105,0.314,0.091,0.384,0.107,puan,0,0,1,0,0,0,,86.3
c74_20,29.23006,40.92478,0.931,0.174,0.987,0.353,0.935,C,0.932,0.935,0.926,0.353,0.556,0.029,0.0,0.0,0.0,0.002,0.0,0.0,0.0,0.052,0.777,0.028,0.111,0.032,kanıt yetersiz,0,0,1,0,0,0,,
c74_21,29.23006,40.92927,,0.0,1.0,,,C,,,,0.0,,0.0,0.0,0.0,0.0,0.0,0.0,0.0,0.0,0.009,0.991,0.0,0.0,0.0,kanıt yetersiz,0,0,1,0,0,0,,
c74_22,29.23006,40.93376,1.0,1.0,1.0,0.205,1.0,C,1.0,1.0,1.0,0.205,1.0,0.004,0.0,0.0,0.0,0.0,0.0,0.0,0.0,0.015,0.981,0.0,0.0,0.004,kanıt yetersiz,0,0,1,0,0,0,,
c74_23,29.23006,40.93825,1.0,1.0,1.0,0.333,1.0,C,1.0,1.0,1.0,0.333,1.0,0.006,0.0,0.0,0.0,0.0,0.0,0.0,0.0,0.012,0.982,0.0,0.0,0.006,kanıt yetersiz,0,0,1,0,0,0,,
c75_16,29.23601,40.90682,0.492,0.288,0.703,0.371,0.526,C,0.5,0.526,0.457,0.371,0.409,0.184,0.0,0.007,0.023,0.038,0.025,0.182,0.0,0.15,0.066,0.135,0.19,0.459,puan,0,0,1,0,0,0,,58.4
c75_17,29.23601,40.91131,0.544,0.144,0.88,0.325,0.589,C,0.547,0.589,0.499,0.325,0.403,0.064,0.0,0.002,0.017,0.007,0.0,0.06,0.0,0.1,0.335,0.076,0.34,0.149,puan,0,0,1,0,0,0,,65.3
c75_18,29.23601,40.9158,0.891,0.2,0.976,0.391,0.916,C,0.884,0.916,0.866,0.391,0.644,0.025,0.0,0.0,0.003,0.002,0.0,0.0,0.0,0.039,0.823,0.015,0.092,0.031,kanıt yetersiz,0,0,1,0,0,0,,
c75_19,29.23601,40.92029,0.821,0.115,0.975,0.394,0.833,C,0.824,0.833,0.81,0.394,0.632,0.038,0.0,0.0,0.0,0.01,0.0,0.0,0.0,0.052,0.608,0.018,0.275,0.048,kanıt yetersiz,0,0,1,0,0,0,,
c75_20,29.23601,40.92478,1.0,0.071,1.0,0.37,1.0,C,1.0,1.0,1.0,0.37,0.537,0.018,0.0,0.0,0.0,0.0,0.0,0.0,0.0,0.03,0.72,0.02,0.212,0.018,kanıt yetersiz,0,0,1,0,0,0,,
c75_21,29.23601,40.92927,0.974,0.023,0.999,0.29,0.985,C,0.971,0.985,0.964,0.29,0.346,0.003,0.0,0.0,0.0,0.0,0.0,0.0,0.0,0.008,0.844,0.01,0.135,0.003,kanıt yetersiz,0,0,1,0,0,0,,
c75_22,29.23601,40.93376,0.961,0.186,0.992,0.326,0.963,C,0.962,0.963,0.959,0.326,0.709,0.011,0.0,0.0,0.0,0.001,0.0,0.0,0.0,0.023,0.917,0.005,0.044,0.012,kanıt yetersiz,0,0,1,0,0,0,,
c75_23,29.23601,40.93825,1.0,0.459,1.0,0.15,1.0,C,1.0,1.0,1.0,0.15,0.527,0.003,0.0,0.0,0.0,0.0,0.0,0.0,0.0,0.016,0.978,0.003,0.0,0.003,kanıt yetersiz,0,0,1,0,0,0,,
c76_16,29.24196,40.90682,0.769,0.525,0.842,0.601,0.789,B,0.774,0.789,0.748,0.601,0.685,0.293,0.0,0.007,0.017,0.01,0.0,0.084,0.0,0.115,0.283,0.062,0.129,0.411,puan,0,0,1,0,0,0,,81.8
c76_17,29.24196,40.91131,0.998,0.65,0.999,0.376,0.999,C,0.999,0.998,0.997,0.376,0.905,0.016,0.0,0.0,0.0,0.0,0.0,0.0,0.0,0.026,0.95,0.002,0.007,0.016,kanıt yetersiz,0,0,1,0,0,0,,
c76_18,29.24196,40.9158,1.0,0.892,1.0,0.778,1.0,C,1.0,1.0,1.0,0.778,1.0,0.169,0.0,0.0,0.0,0.0,0.0,0.0,0.0,0.048,0.762,0.0,0.021,0.169,puan,0,0,1,0,0,0,,94.5
c76_19,29.24196,40.92029,0.992,0.206,0.998,0.752,0.993,C,0.992,0.993,0.991,0.752,0.848,0.175,0.0,0.001,0.001,0.001,0.0,0.0,0.0,0.056,0.093,0.035,0.639,0.177,puan,0,0,1,0,0,0,,92.4
c76_20,29.24196,40.92478,0.995,0.042,1.0,0.398,0.996,C,0.996,0.996,0.995,0.398,0.48,0.031,0.0,0.0,0.0,0.0,0.0,0.0,0.0,0.047,0.206,0.046,0.669,0.032,kanıt yetersiz,0,0,1,0,0,0,,
c76_21,29.24196,40.92927,0.965,0.058,0.998,0.327,0.972,C,0.963,0.972,0.957,0.327,0.52,0.016,0.0,0.0,0.001,0.0,0.0,0.0,0.0,0.034,0.682,0.019,0.248,0.017,kanıt yetersiz,0,0,1,0,0,0,,
c76_22,29.24196,40.93376,0.996,0.246,0.999,0.188,0.996,C,0.996,0.996,0.995,0.188,0.582,0.004,0.0,0.0,0.0,0.0,0.0,0.0,0.0,0.018,0.964,0.004,0.009,0.004,kanıt yetersiz,0,0,1,0,0,0,,
c76_23,29.24196,40.93825,0.5,0.048,0.952,0.011,0.7,C,0.429,0.7,0.3,0.011,0.161,0.0,0.0,0.0,0.001,0.0,0.0,0.0,0.0,0.024,0.97,0.005,0.0,0.001,kanıt yetersiz,0,0,1,0,0,0,,
c77_16,29.24791,40.90682,0.432,0.241,0.683,0.326,0.474,C,0.441,0.474,0.39,0.326,0.386,0.149,0.002,0.01,0.037,0.093,0.041,0.13,0.0,0.15,0.022,0.083,0.283,0.463,puan,0,0,1,0,0,0,,49.8
c77_17,29.24791,40.91131,0.443,0.149,0.812,0.316,0.476,C,0.458,0.476,0.41,0.316,0.353,0.094,0.003,0.011,0.013,0.025,0.038,0.087,0.0,0.108,0.091,0.106,0.426,0.27,puan,0,0,1,0,0,0,,52.0
c77_18,29.24791,40.9158,0.815,0.623,0.859,0.752,0.817,B,0.815,0.817,0.813,0.752,0.775,0.582,0.0,0.0,0.002,0.002,0.119,0.013,0.0,0.061,0.0,0.044,0.177,0.718,puan,0,0,1,0,0,0,,84.0
c77_19,29.24791,40.92029,0.994,0.808,0.995,0.938,0.994,A,0.994,0.994,0.993,0.938,0.974,0.77,0.0,0.0,0.0,0.002,0.0,0.003,0.0,0.046,0.0,0.018,0.16,0.776,puan,0,0,1,0,0,0,,92.8
c77_20,29.24791,40.92478,0.807,0.123,0.971,0.545,0.856,C,0.856,0.824,0.789,0.545,0.653,0.088,0.0,0.032,0.002,0.004,0.0,0.0,0.0,0.061,0.113,0.037,0.664,0.126,puan,0,0,1,0,0,0,,83.5
c77_21,29.24791,40.92927,0.375,0.003,0.994,0.012,0.571,C,0.571,0.425,0.325,0.012,0.191,0.0,0.0,0.001,0.0,0.0,0.0,0.0,0.0,0.019,0.911,0.002,0.067,0.001,kanıt yetersiz,0,0,1,0,0,0,,
c77_22,29.24791,40.93376,,,,,,C,,,,0.0,,0.0,0.0,0.0,0.0,0.0,0.0,0.0,0.0,0.015,0.985,0.0,0.0,0.0,kanıt yetersiz,0,0,1,0,0,0,,
c77_23,29.24791,40.93825,,,,,,C,,,,0.0,,0.0,0.0,0.0,0.0,0.0,0.0,0.0,0.0,0.015,0.985,0.0,0.0,0.0,kanıt yetersiz,0,0,1,0,0,0,,
c78_16,29.25386,40.90682,0.501,0.267,0.734,0.378,0.542,C,0.52,0.542,0.461,0.378,0.451,0.171,0.001,0.041,0.039,0.16,0.035,0.006,0.0,0.148,0.0,0.07,0.328,0.454,puan,1209,0,3,6,6,0,5.0,59.5
c78_17,29.25386,40.91131,0.332,0.253,0.491,0.281,0.383,B,0.345,0.383,0.281,0.286,0.321,0.134,0.0,0.019,0.049,0.376,0.003,0.096,0.0,0.11,0.0,0.038,0.173,0.678,puan,1394,0,2,12,12,0,8.6,28.1
c78_18,29.25386,40.9158,0.446,0.191,0.764,0.316,0.49,C,0.452,0.49,0.403,0.316,0.36,0.123,0.0,0.001,0.027,0.046,0.006,0.161,0.0,0.15,0.0,0.133,0.354,0.363,puan,1505,0,2,0,0,0,0.0,52.5
c78_19,29.25386,40.92029,0.991,0.575,0.995,0.88,0.991,C,0.991,0.991,0.99,0.888,0.88,0.538,0.0,0.0,0.001,0.001,0.004,0.0,0.0,0.063,0.0,0.08,0.314,0.544,puan,0,0,1,0,0,0,,92.2
c78_20,29.25386,40.92478,0.994,0.46,0.997,0.721,0.996,C,0.994,0.996,0.992,0.721,0.832,0.199,0.0,0.0,0.002,0.0,0.0,0.0,0.0,0.076,0.488,0.046,0.188,0.202,puan,0,0,1,0,0,0,,92.8
c78_21,29.25386,40.92927,0.5,0.447,0.553,0.078,0.7,C,0.429,0.7,0.3,0.078,0.46,0.0,0.0,0.0,0.002,0.0,0.0,0.0,0.0,0.011,0.987,0.0,0.0,0.002,kanıt yetersiz,0,0,1,0,0,0,,
c78_22,29.25386,40.93376,0.919,0.919,0.919,0.189,0.952,C,0.908,0.952,0.887,0.189,0.919,0.003,0.0,0.0,0.001,0.0,0.0,0.0,0.0,0.013,0.983,0.0,0.0,0.003,kanıt yetersiz,0,0,1,0,0,0,,
c78_23,29.25386,40.93825,,0.0,1.0,,,C,,,,0.0,0.125,0.0,0.0,0.0,0.0,0.0,0.0,0.0,0.0,0.022,0.976,0.001,0.0,0.0,kanıt yetersiz,0,0,1,0,0,0,,
c79_16,29.25981,40.90682,0.36,0.241,0.572,0.283,0.398,B,0.368,0.398,0.322,0.283,0.339,0.145,0.001,0.013,0.039,0.149,0.111,0.1,0.0,0.152,0.014,0.055,0.222,0.557,puan,0,0,1,0,0,0,,34.8
c79_17,29.25981,40.91131,0.454,0.16,0.807,0.299,0.488,C,0.458,0.488,0.419,0.299,0.364,0.109,0.0,0.0,0.016,0.076,0.032,0.062,0.0,0.153,0.012,0.111,0.429,0.295,puan,0,0,1,0,0,0,,53.8
c79_18,29.25981,40.9158,0.741,0.139,0.951,0.377,0.764,C,0.747,0.764,0.717,0.377,0.388,0.108,0.002,0.001,0.007,0.011,0.0,0.03,0.0,0.154,0.0,0.213,0.474,0.159,puan,414,0,2,0,0,0,0.0,80.3
c79_19,29.25981,40.92029,0.945,0.148,0.991,0.41,0.959,C,0.943,0.959,0.931,0.41,0.424,0.118,0.0,0.001,0.008,0.002,0.0,0.0,0.0,0.17,0.0,0.226,0.475,0.13,puan,775,0,2,0,0,0,0.0,89.7
c79_20,29.25981,40.92478,0.987,0.164,0.998,0.423,0.989,C,0.987,0.989,0.986,0.423,0.512,0.064,0.0,0.0,0.0,0.001,0.0,0.0,0.0,0.087,0.521,0.08,0.247,0.065,kanıt yetersiz,0,0,1,0,0,0,,
c79_21,29.25981,40.92927,,,,,,C,,,,0.0,,0.0,0.0,0.0,0.0,0.0,0.0,0.0,0.0,0.014,0.986,0.0,0.0,0.0,kanıt yetersiz,0,0,1,0,0,0,,
c79_22,29.25981,40.93376,,,,,,C,,,,0.0,,0.0,0.0,0.0,0.0,0.0,0.0,0.0,0.0,0.013,0.987,0.0,0.0,0.0,kanıt yetersiz,0,0,1,0,0,0,,
c79_23,29.25981,40.93825,,,,,,C,,,,0.0,,0.0,0.0,0.0,0.0,0.0,0.0,0.0,0.0,0.026,0.974,0.0,0.0,0.0,kanıt yetersiz,0,0,1,0,0,0,,
c72_24,29.21816,40.94274,0.385,0.315,0.496,0.314,0.42,B,0.399,0.42,0.349,0.314,0.381,0.113,0.0,0.004,0.0,0.248,0.0,0.021,0.0,0.086,0.44,0.006,0.08,0.388,puan,1273,0,2,0,0,0,0.0,40.7
c72_25,29.21816,40.94723,0.821,0.485,0.894,0.391,0.828,C,0.825,0.828,0.813,0.391,0.818,0.133,0.0,0.002,0.0,0.008,0.01,0.013,0.0,0.183,0.534,0.001,0.115,0.167,puan,4482,0,4,0,0,0,0.0,84.4
c72_26,29.21816,40.95172,0.426,0.305,0.589,0.339,0.486,B,0.486,0.467,0.385,0.339,0.363,0.136,0.0,0.15,0.014,0.014,0.002,0.222,0.0,0.139,0.109,0.143,0.071,0.539,puan,1009,0,2,0,0,0,0.0,48.9
c72_27,29.21816,40.95621,0.346,0.233,0.559,0.274,0.387,B,0.359,0.387,0.304,0.28,0.274,0.139,0.0,0.004,0.014,0.023,0.0,0.401,0.0,0.138,0.0,0.281,0.0,0.581,puan,0,0,1,0,0,0,,31.4
c72_28,29.21816,40.9607,0.389,0.26,0.592,0.288,0.441,B,0.396,0.441,0.338,0.288,0.303,0.129,0.002,0.005,0.048,0.04,0.001,0.278,0.0,0.176,0.072,0.245,0.004,0.503,puan,566,0,2,0,0,0,0.0,41.5
c72_29,29.21816,40.96519,0.431,0.362,0.523,0.339,0.486,B,0.439,0.486,0.377,0.339,0.408,0.178,0.001,0.025,0.084,0.165,0.021,0.15,0.0,0.169,0.089,0.051,0.068,0.623,puan,2111,0,2,0,0,0,0.0,49.7
c72_30,29.21816,40.96968,0.794,0.694,0.82,0.578,0.815,C,0.792,0.815,0.772,0.578,0.783,0.474,0.0,0.001,0.044,0.081,0.022,0.019,0.0,0.239,0.028,0.011,0.082,0.641,puan,6394,0,12,1,0,1,0.2,83.0
c72_31,29.21816,40.97417,0.688,0.644,0.709,0.621,0.708,A,0.699,0.708,0.669,0.621,0.664,0.536,0.0,0.03,0.017,0.204,0.035,0.028,0.0,0.092,0.0,0.038,0.02,0.849,puan,1297,0,2,1,0,1,0.8,76.8
c73_24,29.22411,40.94274,,,,,,C,,,,0.0,,0.0,0.0,0.0,0.0,0.0,0.0,0.0,0.0,0.015,0.985,0.0,0.0,0.0,kanıt yetersiz,0,0,1,0,0,0,,
c73_25,29.22411,40.94723,,,,,,C,,,,0.0,,0.0,0.0,0.0,0.0,0.0,0.0,0.0,0.0,0.026,0.974,0.0,0.0,0.0,kanıt yetersiz,0,0,1,0,0,0,,
c73_26,29.22411,40.95172,0.824,0.508,0.891,0.266,0.834,C,0.827,0.834,0.814,0.266,0.758,0.016,0.0,0.0,0.0,0.0,0.0,0.004,0.0,0.043,0.924,0.002,0.011,0.02,kanıt yetersiz,563,0,2,0,0,0,0.0,
c73_27,29.22411,40.95621,0.833,0.697,0.861,0.446,0.843,C,0.837,0.843,0.824,0.446,0.77,0.072,0.0,0.0,0.0,0.001,0.0,0.016,0.0,0.077,0.816,0.009,0.009,0.089,kanıt yetersiz,999,0,2,0,0,0,0.0,
c73_28,29.22411,40.9607,0.333,0.262,0.474,0.246,0.373,B,0.343,0.373,0.292,0.246,0.293,0.058,0.0,0.004,0.012,0.008,0.025,0.15,0.0,0.09,0.585,0.06,0.009,0.256,puan,452,0,2,0,0,0,0.0,28.3
c73_29,29.22411,40.96519,0.294,0.215,0.482,0.23,0.338,B,0.307,0.338,0.249,0.23,0.252,0.106,0.001,0.002,0.013,0.078,0.0,0.382,0.0,0.163,0.044,0.19,0.022,0.581,puan,0,0,1,0,0,0,,21.2
c73_30,29.22411,40.96968,0.365,0.306,0.468,0.289,0.417,B,0.377,0.417,0.313,0.289,0.332,0.093,0.0,0.017,0.042,0.141,0.016,0.104,0.0,0.11,0.397,0.067,0.013,0.414,puan,0,0,1,0,0,0,,35.7
c73_31,29.22411,40.97417,0.352,0.287,0.472,0.305,0.385,A,0.366,0.385,0.32,0.305,0.314,0.154,0.0,0.013,0.01,0.177,0.079,0.146,0.0,0.091,0.199,0.116,0.015,0.579,puan,0,0,1,0,0,0,,32.7
c74_24,29.23006,40.94274,,0.0,1.0,,,C,,,,0.0,0.125,0.0,0.0,0.0,0.0,0.0,0.0,0.0,0.0,0.022,0.978,0.0,0.0,0.0,kanıt yetersiz,0,0,1,0,0,0,,
c74_25,29.23006,40.94723,1.0,1.0,1.0,0.04,1.0,C,1.0,1.0,1.0,0.04,1.0,0.001,0.0,0.0,0.0,0.0,0.0,0.0,0.0,0.023,0.976,0.0,0.0,0.001,kanıt yetersiz,0,0,1,0,0,0,,
c74_26,29.23006,40.95172,1.0,1.0,1.0,0.407,1.0,C,1.0,1.0,1.0,0.407,1.0,0.018,0.0,0.0,0.0,0.0,0.0,0.0,0.0,0.026,0.956,0.0,0.0,0.018,kanıt yetersiz,0,0,1,0,0,0,,
c74_27,29.23006,40.95621,0.999,0.991,0.999,0.955,0.999,A,0.999,0.999,0.999,0.955,0.992,0.334,0.0,0.0,0.001,0.0,0.0,0.0,0.0,0.015,0.648,0.003,0.0,0.334,puan,0,0,2,0,0,0,,93.8
c74_28,29.23006,40.9607,0.813,0.69,0.842,0.725,0.825,B,0.817,0.825,0.802,0.725,0.729,0.49,0.0,0.001,0.002,0.007,0.0,0.124,0.0,0.077,0.188,0.087,0.025,0.624,puan,0,0,1,0,0,0,,83.9
c74_29,29.23006,40.96519,0.356,0.245,0.557,0.277,0.399,B,0.366,0.399,0.312,0.277,0.29,0.141,0.001,0.001,0.023,0.016,0.004,0.389,0.0,0.163,0.001,0.229,0.032,0.575,puan,0,0,1,0,0,0,,33.7
c74_30,29.23006,40.96968,0.224,0.174,0.395,0.176,0.272,B,0.237,0.272,0.176,0.196,0.204,0.066,0.0,0.0,0.016,0.332,0.008,0.216,0.0,0.09,0.09,0.159,0.023,0.638,puan,0,0,1,0,0,0,,14.2
c74_31,29.23006,40.97417,0.28,0.223,0.426,0.213,0.348,B,0.288,0.348,0.213,0.246,0.273,0.072,0.0,0.019,0.103,0.492,0.0,0.0,0.0,0.095,0.043,0.032,0.143,0.687,puan,594,0,2,0,0,0,0.0,19.8
c75_24,29.23601,40.94274,,,,,,C,,,,0.0,,0.0,0.0,0.0,0.0,0.0,0.0,0.0,0.0,0.017,0.983,0.0,0.0,0.0,kanıt yetersiz,0,0,1,0,0,0,,
c75_25,29.23601,40.94723,1.0,0.802,1.0,0.045,1.0,C,1.0,1.0,1.0,0.045,0.827,0.001,0.0,0.0,0.0,0.0,0.0,0.0,0.0,0.021,0.978,0.0,0.0,0.001,kanıt yetersiz,0,0,1,0,0,0,,
c75_26,29.23601,40.95172,1.0,1.0,1.0,0.044,1.0,C,1.0,1.0,1.0,0.044,1.0,0.001,0.0,0.0,0.0,0.0,0.0,0.0,0.0,0.02,0.979,0.0,0.0,0.001,kanıt yetersiz,0,0,1,0,0,0,,
c75_27,29.23601,40.95621,1.0,0.991,1.0,0.318,1.0,C,1.0,1.0,1.0,0.318,0.992,0.011,0.0,0.0,0.0,0.0,0.0,0.0,0.0,0.024,0.965,0.0,0.0,0.011,kanıt yetersiz,0,0,1,0,0,0,,
c75_28,29.23601,40.9607,0.591,0.512,0.646,0.516,0.61,A,0.599,0.61,0.573,0.516,0.549,0.273,0.0,0.005,0.003,0.045,0.052,0.126,0.0,0.074,0.344,0.051,0.028,0.504,puan,0,0,1,0,0,0,,69.9
c75_29,29.23601,40.96519,0.342,0.293,0.438,0.287,0.391,B,0.364,0.391,0.294,0.287,0.316,0.149,0.001,0.052,0.042,0.139,0.001,0.349,0.0,0.143,0.0,0.103,0.021,0.733,puan,0,0,1,0,0,0,,30.3
c75_30,29.23601,40.96968,0.254,0.207,0.392,0.205,0.303,A,0.269,0.303,0.205,0.212,0.234,0.089,0.0,0.01,0.024,0.093,0.001,0.476,0.0,0.139,0.011,0.127,0.031,0.693,puan,0,0,1,0,0,0,,16.7
c75_31,29.23601,40.97417,0.362,0.297,0.475,0.278,0.409,B,0.381,0.409,0.314,0.278,0.339,0.15,0.001,0.04,0.042,0.207,0.011,0.208,0.0,0.199,0.0,0.068,0.074,0.659,puan,1242,0,2,0,0,0,0.0,35.2
c76_24,29.24196,40.94274,1.0,0.708,1.0,0.031,1.0,C,1.0,1.0,1.0,0.031,0.745,0.001,0.0,0.0,0.0,0.0,0.0,0.0,0.0,0.02,0.979,0.0,0.0,0.001,kanıt yetersiz,0,0,1,0,0,0,,
c76_25,29.24196,40.94723,,,,,,C,,,,0.0,,0.0,0.0,0.0,0.0,0.0,0.0,0.0,0.0,0.016,0.984,0.0,0.0,0.0,kanıt yetersiz,0,0,1,0,0,0,,
c76_26,29.24196,40.95172,,,,,,C,,,,0.0,,0.0,0.0,0.0,0.0,0.0,0.0,0.0,0.0,0.02,0.98,0.0,0.0,0.0,kanıt yetersiz,0,0,1,0,0,0,,
c76_27,29.24196,40.95621,1.0,1.0,1.0,0.27,1.0,C,1.0,1.0,1.0,0.27,1.0,0.005,0.0,0.0,0.0,0.0,0.0,0.0,0.0,0.013,0.982,0.0,0.0,0.005,kanıt yetersiz,0,0,1,0,0,0,,
c76_28,29.24196,40.9607,0.345,0.217,0.588,0.253,0.39,B,0.357,0.39,0.301,0.253,0.265,0.071,0.001,0.001,0.012,0.021,0.0,0.199,0.0,0.112,0.403,0.174,0.006,0.305,puan,0,0,1,0,0,0,,31.1
c76_29,29.24196,40.96519,0.348,0.205,0.617,0.254,0.396,C,0.358,0.396,0.301,0.254,0.257,0.111,0.002,0.001,0.028,0.014,0.0,0.328,0.0,0.178,0.0,0.336,0.003,0.483,puan,0,0,1,0,0,0,,31.8
c76_30,29.24196,40.96968,0.325,0.257,0.466,0.267,0.373,B,0.331,0.373,0.277,0.267,0.287,0.135,0.002,0.013,0.073,0.082,0.117,0.252,0.0,0.147,0.0,0.158,0.02,0.674,puan,0,0,1,0,0,0,,26.4
c76_31,29.24196,40.97417,0.416,0.383,0.462,0.323,0.474,B,0.41,0.474,0.358,0.323,0.411,0.196,0.0,0.008,0.145,0.143,0.13,0.106,0.0,0.21,0.0,0.014,0.049,0.728,puan,2349,0,3,6,6,0,2.6,46.8
c77_24,29.24791,40.94274,,,,,,C,,,,0.0,,0.0,0.0,0.0,0.0,0.0,0.0,0.0,0.0,0.021,0.979,0.0,0.0,0.0,kanıt yetersiz,0,0,1,0,0,0,,
c77_25,29.24791,40.94723,,,,,,C,,,,0.0,,0.0,0.0,0.0,0.0,0.0,0.0,0.0,0.0,0.027,0.973,0.0,0.0,0.0,kanıt yetersiz,0,0,1,0,0,0,,
c77_26,29.24791,40.95172,,,,,,C,,,,0.0,,0.0,0.0,0.0,0.0,0.0,0.0,0.0,0.0,0.024,0.976,0.0,0.0,0.0,kanıt yetersiz,0,0,1,0,0,0,,
c77_27,29.24791,40.95621,1.0,1.0,1.0,0.072,1.0,C,1.0,1.0,1.0,0.072,1.0,0.002,0.0,0.0,0.0,0.0,0.0,0.0,0.0,0.023,0.975,0.0,0.0,0.002,kanıt yetersiz,0,0,1,0,0,0,,
c77_28,29.24791,40.9607,0.365,0.199,0.654,0.249,0.403,C,0.38,0.403,0.327,0.249,0.267,0.031,0.0,0.001,0.001,0.001,0.0,0.081,0.0,0.054,0.732,0.08,0.017,0.116,puan,0,0,1,0,0,0,,35.7
c77_29,29.24791,40.96519,0.458,0.294,0.651,0.345,0.495,B,0.467,0.495,0.421,0.347,0.345,0.177,0.0,0.001,0.016,0.017,0.0,0.273,0.0,0.154,0.093,0.249,0.02,0.484,puan,0,0,1,0,0,0,,54.2
c77_30,29.24791,40.96968,0.397,0.29,0.56,0.308,0.455,B,0.399,0.455,0.339,0.308,0.327,0.15,0.002,0.001,0.083,0.035,0.0,0.331,0.0,0.175,0.0,0.21,0.013,0.602,puan,814,0,2,4,4,0,4.9,43.0
c77_31,29.24791,40.97417,0.39,0.327,0.488,0.308,0.433,B,0.407,0.433,0.346,0.308,0.365,0.181,0.0,0.043,0.047,0.31,0.044,0.062,0.0,0.181,0.0,0.07,0.062,0.687,puan,2362,0,3,0,0,0,0.0,41.7
c78_24,29.25386,40.94274,1.0,1.0,1.0,0.063,1.0,C,1.0,1.0,1.0,0.063,1.0,0.001,0.0,0.0,0.0,0.0,0.0,0.0,0.0,0.02,0.978,0.0,0.0,0.001,kanıt yetersiz,0,0,1,0,0,0,,
c78_25,29.25386,40.94723,1.0,0.343,1.0,0.043,1.0,C,1.0,1.0,1.0,0.043,0.784,0.001,0.0,0.0,0.0,0.0,0.0,0.0,0.0,0.016,0.982,0.0,0.001,0.001,kanıt yetersiz,0,0,1,0,0,0,,
c78_26,29.25386,40.95172,,0.0,1.0,,,C,,,,0.0,0.125,0.0,0.0,0.0,0.0,0.0,0.0,0.0,0.0,0.017,0.971,0.001,0.011,0.0,kanıt yetersiz,0,0,1,0,0,0,,
c78_27,29.25386,40.95621,0.445,0.225,0.719,0.281,0.479,C,0.456,0.479,0.412,0.281,0.307,0.045,0.0,0.0,0.001,0.003,0.0,0.075,0.0,0.072,0.683,0.094,0.026,0.124,puan,0,0,1,0,0,0,,52.5
c78_28,29.25386,40.9607,0.353,0.181,0.667,0.245,0.395,C,0.364,0.395,0.31,0.254,0.245,0.098,0.0,0.001,0.013,0.011,0.0,0.277,0.0,0.156,0.064,0.36,0.019,0.401,puan,0,0,1,0,0,0,,33.0
c78_29,29.25386,40.96519,0.368,0.209,0.641,0.263,0.418,C,0.376,0.418,0.318,0.266,0.263,0.113,0.001,0.003,0.036,0.01,0.0,0.303,0.0,0.179,0.0,0.355,0.0,0.466,puan,0,0,1,0,0,0,,36.5
c78_30,29.25386,40.96968,0.528,0.43,0.616,0.435,0.619,B,0.508,0.619,0.437,0.435,0.492,0.208,0.001,0.004,0.261,0.06,0.011,0.149,0.0,0.148,0.0,0.068,0.09,0.694,puan,2584,0,5,20,15,5,7.7,63.3
c78_31,29.25386,40.97417,0.559,0.429,0.661,0.432,0.591,B,0.569,0.591,0.526,0.432,0.502,0.296,0.001,0.014,0.025,0.143,0.0,0.148,0.0,0.183,0.0,0.093,0.097,0.627,puan,1671,0,1,0,0,0,0.0,67.1
c79_24,29.25981,40.94274,1.0,1.0,1.0,0.015,1.0,C,1.0,1.0,1.0,0.015,1.0,0.0,0.0,0.0,0.0,0.0,0.0,0.0,0.0,0.013,0.987,0.0,0.0,0.0,kanıt yetersiz,0,0,1,0,0,0,,
c79_25,29.25981,40.94723,1.0,0.103,1.0,0.205,1.0,C,1.0,1.0,1.0,0.205,0.566,0.005,0.0,0.0,0.0,0.0,0.0,0.0,0.0,0.018,0.937,0.005,0.036,0.005,kanıt yetersiz,0,0,1,0,0,0,,
c79_26,29.25981,40.95172,0.734,0.115,0.958,0.529,0.817,C,0.817,0.755,0.712,0.546,0.529,0.007,0.0,0.005,0.0,0.0,0.0,0.0,0.0,0.004,0.913,0.007,0.063,0.013,kanıt yetersiz,0,0,1,0,0,0,,
c79_27,29.25981,40.95621,0.326,0.229,0.528,0.249,0.369,B,0.34,0.369,0.284,0.249,0.267,0.094,0.001,0.003,0.009,0.026,0.0,0.298,0.0,0.133,0.252,0.178,0.006,0.431,puan,0,0,1,0,0,0,,26.7
c79_28,29.25981,40.9607,0.292,0.195,0.527,0.228,0.338,B,0.305,0.338,0.246,0.228,0.237,0.099,0.001,0.001,0.019,0.012,0.0,0.431,0.0,0.158,0.0,0.28,0.0,0.563,puan,0,0,1,0,0,0,,21.0
c79_29,29.25981,40.96519,0.327,0.237,0.512,0.262,0.381,B,0.335,0.381,0.273,0.262,0.271,0.116,0.001,0.004,0.056,0.029,0.0,0.408,0.0,0.152,0.0,0.233,0.0,0.615,puan,0,0,1,0,0,0,,27.1
c79_30,29.25981,40.96968,0.594,0.506,0.653,0.435,0.679,C,0.585,0.679,0.508,0.435,0.577,0.238,0.008,0.033,0.228,0.027,0.0,0.116,0.0,0.238,0.0,0.023,0.089,0.65,puan,2852,0,3,5,5,0,1.8,70.2
c79_31,29.25981,40.97417,0.394,0.309,0.525,0.323,0.445,B,0.41,0.445,0.344,0.323,0.359,0.171,0.001,0.036,0.059,0.193,0.005,0.204,0.0,0.147,0.0,0.101,0.084,0.669,puan,850,0,1,0,0,0,0.0,42.4
c72_32,29.21816,40.97866,0.489,0.415,0.567,0.385,0.526,B,0.493,0.526,0.452,0.385,0.455,0.271,0.0,0.003,0.05,0.232,0.054,0.076,0.0,0.185,0.005,0.072,0.051,0.687,puan,2558,0,6,5,4,1,2.0,58.0
c72_33,29.21816,40.98315,0.375,0.285,0.526,0.3,0.418,B,0.38,0.418,0.333,0.3,0.324,0.168,0.0,0.005,0.051,0.1,0.078,0.228,0.0,0.158,0.015,0.16,0.04,0.628,puan,559,0,1,0,0,0,0.0,38.3
c72_34,29.21816,40.98764,0.082,0.081,0.098,0.078,0.087,A,0.083,0.087,0.078,0.081,0.083,0.068,0.0,0.006,0.013,0.026,0.856,0.004,0.0,0.011,0.0,0.006,0.012,0.972,puan,0,0,1,0,0,0,,8.8
c72_35,29.21816,40.99213,0.0,0.0,0.0,0.0,0.0,A,0.0,0.0,0.0,0.0,0.0,0.0,0.0,0.0,0.0,0.0,1.0,0.0,0.0,0.0,0.0,0.0,0.0,1.0,puan,0,0,1,0,0,0,,0.0
c72_36,29.21816,40.99662,0.056,0.055,0.075,0.051,0.061,A,0.057,0.061,0.051,0.053,0.057,0.041,0.0,0.0,0.005,0.034,0.817,0.035,0.0,0.049,0.0,0.019,0.0,0.932,puan,912,0,2,3,3,0,3.3,8.0
c72_37,29.21816,41.00111,0.245,0.234,0.279,0.217,0.264,A,0.252,0.264,0.226,0.217,0.242,0.165,0.002,0.011,0.017,0.092,0.415,0.148,0.0,0.11,0.0,0.027,0.013,0.85,puan,1077,0,2,9,9,0,8.4,15.8
c72_38,29.21816,41.0056,0.395,0.318,0.514,0.308,0.466,B,0.402,0.466,0.325,0.308,0.35,0.127,0.002,0.038,0.131,0.166,0.013,0.148,0.0,0.179,0.042,0.126,0.027,0.626,puan,1188,0,3,21,21,0,17.7,42.6
c72_39,29.21816,41.01009,0.443,0.287,0.639,0.331,0.532,C,0.434,0.532,0.355,0.331,0.347,0.113,0.003,0.015,0.175,0.028,0.008,0.188,0.0,0.181,0.0,0.232,0.057,0.531,puan,960,0,3,10,10,0,10.4,52.0
c73_32,29.22411,40.97866,0.538,0.427,0.634,0.44,0.566,B,0.549,0.566,0.51,0.44,0.512,0.293,0.0,0.018,0.02,0.225,0.045,0.035,0.0,0.143,0.055,0.044,0.123,0.636,puan,1305,0,2,0,0,0,0.0,64.5
c73_33,29.22411,40.98315,0.405,0.337,0.506,0.317,0.459,B,0.409,0.459,0.352,0.317,0.362,0.182,0.0,0.003,0.078,0.063,0.002,0.347,0.0,0.187,0.0,0.123,0.014,0.675,puan,909,0,2,0,0,0,0.0,44.6
c73_34,29.22411,40.98764,0.368,0.349,0.401,0.327,0.395,A,0.367,0.395,0.341,0.327,0.367,0.251,0.004,0.016,0.088,0.042,0.416,0.03,0.0,0.107,0.0,0.003,0.043,0.847,puan,2740,0,4,12,12,0,4.4,36.5
c73_35,29.22411,40.99213,0.161,0.143,0.254,0.129,0.192,A,0.161,0.192,0.129,0.14,0.157,0.062,0.0,0.002,0.06,0.055,0.403,0.184,0.0,0.113,0.024,0.084,0.011,0.768,puan,1202,0,2,0,0,0,0.0,10.9
c73_36,29.22411,40.99662,0.477,0.388,0.575,0.406,0.511,B,0.49,0.511,0.443,0.406,0.423,0.276,0.0,0.015,0.015,0.056,0.002,0.347,0.0,0.125,0.0,0.128,0.035,0.712,puan,181,0,1,2,2,0,11.0,56.5
c73_37,29.22411,41.00111,0.355,0.277,0.496,0.292,0.4,B,0.387,0.4,0.31,0.292,0.315,0.132,0.001,0.073,0.022,0.058,0.0,0.333,0.0,0.133,0.076,0.129,0.044,0.618,puan,0,0,1,0,0,0,,33.4
c73_38,29.22411,41.0056,0.362,0.242,0.574,0.28,0.409,B,0.373,0.409,0.316,0.28,0.289,0.137,0.003,0.002,0.031,0.103,0.0,0.284,0.0,0.163,0.0,0.251,0.027,0.559,puan,0,0,1,0,0,0,,35.2
c73_39,29.22411,41.01009,0.42,0.27,0.628,0.3,0.479,B,0.423,0.479,0.361,0.3,0.316,0.138,0.003,0.003,0.075,0.029,0.0,0.262,0.0,0.205,0.0,0.28,0.005,0.51,puan,1062,0,2,4,4,0,3.8,47.9
c74_32,29.23006,40.97866,0.315,0.267,0.419,0.263,0.367,B,0.336,0.367,0.263,0.275,0.307,0.111,0.0,0.062,0.066,0.265,0.059,0.123,0.0,0.099,0.092,0.031,0.092,0.687,puan,432,0,2,0,0,0,0.0,24.8
c74_33,29.23006,40.98315,0.452,0.392,0.524,0.379,0.502,B,0.454,0.502,0.402,0.379,0.427,0.233,0.001,0.031,0.119,0.023,0.127,0.204,0.0,0.142,0.007,0.06,0.053,0.739,puan,1695,0,3,13,10,3,7.7,53.5
c74_34,29.23006,40.98764,0.383,0.339,0.452,0.319,0.44,B,0.383,0.44,0.326,0.319,0.36,0.179,0.001,0.006,0.115,0.095,0.063,0.293,0.0,0.152,0.0,0.073,0.023,0.753,puan,1120,0,4,20,20,0,17.9,40.4
c74_35,29.23006,40.99213,0.565,0.512,0.606,0.47,0.602,B,0.569,0.602,0.527,0.47,0.545,0.358,0.0,0.013,0.069,0.059,0.038,0.23,0.0,0.154,0.0,0.036,0.044,0.767,puan,553,0,3,4,4,0,7.2,67.6
c74_36,29.23006,40.99662,0.217,0.171,0.382,0.165,0.268,B,0.235,0.268,0.165,0.185,0.2,0.057,0.0,0.018,0.025,0.115,0.0,0.48,0.0,0.118,0.0,0.158,0.028,0.696,puan,0,0,1,0,0,0,,13.9
c74_37,29.23006,41.00111,0.232,0.213,0.295,0.183,0.282,A,0.251,0.282,0.183,0.203,0.225,0.082,0.0,0.024,0.024,0.429,0.0,0.247,0.0,0.118,0.004,0.057,0.016,0.806,puan,0,0,1,0,0,0,,14.7
c74_38,29.23006,41.0056,0.442,0.368,0.535,0.361,0.476,B,0.45,0.476,0.407,0.361,0.397,0.241,0.0,0.006,0.025,0.058,0.05,0.302,0.0,0.153,0.029,0.111,0.026,0.682,puan,0,0,1,0,0,0,,51.9
c74_39,29.23006,41.01009,0.414,0.284,0.598,0.307,0.461,B,0.424,0.461,0.367,0.307,0.332,0.155,0.0,0.011,0.041,0.039,0.0,0.286,0.0,0.186,0.036,0.211,0.033,0.533,puan,1048,0,2,9,9,0,8.6,46.4
c75_32,29.23601,40.97866,0.382,0.334,0.458,0.33,0.433,B,0.389,0.433,0.33,0.333,0.372,0.188,0.0,0.025,0.093,0.233,0.063,0.17,0.0,0.111,0.008,0.029,0.079,0.772,puan,1965,0,3,3,3,0,1.5,40.2
c75_33,29.23601,40.98315,0.44,0.346,0.559,0.37,0.476,B,0.451,0.476,0.404,0.37,0.384,0.235,0.0,0.009,0.019,0.102,0.016,0.295,0.0,0.129,0.012,0.147,0.036,0.676,puan,72,0,1,2,2,0,27.7,51.3
c75_34,29.23601,40.98764,0.406,0.33,0.517,0.337,0.445,B,0.421,0.445,0.367,0.337,0.37,0.208,0.0,0.028,0.031,0.106,0.039,0.285,0.0,0.143,0.0,0.101,0.059,0.697,puan,961,0,2,5,5,0,5.2,44.8
c75_35,29.23601,40.99213,0.608,0.524,0.663,0.524,0.634,B,0.616,0.634,0.583,0.524,0.546,0.41,0.0,0.009,0.018,0.166,0.018,0.136,0.0,0.122,0.0,0.111,0.01,0.756,puan,164,0,1,0,0,0,0.0,71.4
c75_36,29.23601,40.99662,0.447,0.377,0.534,0.385,0.49,B,0.455,0.49,0.405,0.385,0.418,0.251,0.0,0.013,0.055,0.165,0.032,0.226,0.0,0.12,0.0,0.075,0.063,0.742,puan,0,0,1,0,0,0,,52.7
c75_37,29.23601,41.00111,0.395,0.36,0.449,0.347,0.443,A,0.403,0.443,0.347,0.352,0.373,0.218,0.0,0.028,0.086,0.338,0.073,0.077,0.0,0.1,0.0,0.071,0.009,0.82,puan,0,0,1,0,0,0,,42.6
c75_38,29.23601,41.0056,0.419,0.315,0.564,0.347,0.459,B,0.428,0.459,0.38,0.349,0.347,0.209,0.001,0.003,0.029,0.138,0.022,0.251,0.0,0.132,0.0,0.213,0.004,0.651,puan,0,0,1,0,0,0,,47.7
c75_39,29.23601,41.01009,0.395,0.274,0.581,0.3,0.445,B,0.4,0.445,0.346,0.3,0.315,0.151,0.0,0.001,0.052,0.06,0.009,0.284,0.0,0.178,0.016,0.237,0.011,0.558,puan,1007,0,2,15,15,0,14.9,42.6
c76_32,29.24196,40.97866,0.307,0.256,0.422,0.256,0.359,B,0.315,0.359,0.256,0.271,0.287,0.124,0.004,0.0,0.058,0.183,0.032,0.298,0.0,0.093,0.068,0.087,0.052,0.7,puan,0,0,1,0,0,0,,23.0
c76_33,29.24196,40.98315,0.453,0.327,0.606,0.36,0.496,B,0.46,0.496,0.41,0.36,0.386,0.169,0.0,0.003,0.033,0.094,0.0,0.192,0.0,0.126,0.194,0.127,0.063,0.49,puan,0,0,1,0,0,0,,53.7
c76_34,29.24196,40.98764,0.426,0.323,0.565,0.342,0.466,B,0.435,0.466,0.386,0.342,0.37,0.181,0.0,0.001,0.023,0.062,0.0,0.287,0.0,0.136,0.133,0.125,0.051,0.554,puan,0,0,1,0,0,0,,48.9
c76_35,29.24196,40.99213,0.518,0.44,0.59,0.416,0.543,B,0.526,0.543,0.492,0.416,0.469,0.302,0.0,0.004,0.008,0.014,0.049,0.29,0.0,0.163,0.051,0.094,0.024,0.668,puan,1245,0,2,4,4,0,3.2,61.8
c76_36,29.24196,40.99662,0.477,0.439,0.519,0.438,0.485,A,0.48,0.485,0.47,0.438,0.458,0.39,0.0,0.0,0.001,0.011,0.339,0.109,0.0,0.077,0.0,0.048,0.025,0.85,puan,0,0,1,0,0,0,,56.5
c76_37,29.24196,41.00111,0.61,0.522,0.666,0.541,0.629,A,0.619,0.629,0.59,0.541,0.556,0.429,0.0,0.018,0.009,0.057,0.071,0.189,0.0,0.098,0.0,0.096,0.034,0.772,puan,0,0,1,0,0,0,,71.5
c76_38,29.24196,41.0056,0.42,0.316,0.563,0.335,0.475,B,0.432,0.475,0.365,0.335,0.35,0.169,0.0,0.037,0.081,0.077,0.013,0.254,0.0,0.161,0.0,0.195,0.013,0.632,puan,437,0,2,7,7,0,16.0,47.9
c76_39,29.24196,41.01009,0.366,0.273,0.526,0.289,0.43,B,0.369,0.43,0.301,0.289,0.309,0.117,0.002,0.012,0.098,0.046,0.0,0.319,0.0,0.157,0.05,0.182,0.018,0.593,puan,601,0,2,7,7,0,11.7,35.9
c77_32,29.24791,40.97866,0.275,0.246,0.353,0.228,0.323,A,0.29,0.323,0.228,0.263,0.265,0.124,0.0,0.036,0.056,0.503,0.092,0.037,0.0,0.039,0.011,0.064,0.037,0.848,puan,0,0,1,0,0,0,,19.0
c77_33,29.24791,40.98315,0.39,0.283,0.557,0.318,0.423,B,0.399,0.423,0.358,0.318,0.322,0.192,0.0,0.002,0.016,0.107,0.076,0.23,0.0,0.142,0.0,0.214,0.021,0.623,puan,0,0,1,0,0,0,,41.7
c77_34,29.24791,40.98764,0.429,0.312,0.586,0.342,0.47,B,0.438,0.47,0.389,0.342,0.355,0.2,0.001,0.001,0.029,0.045,0.0,0.337,0.0,0.157,0.0,0.199,0.032,0.612,puan,0,0,1,0,0,0,,49.4
c77_35,29.24791,40.99213,0.357,0.27,0.513,0.288,0.401,B,0.374,0.401,0.313,0.288,0.308,0.126,0.0,0.024,0.025,0.082,0.014,0.262,0.0,0.128,0.167,0.144,0.028,0.534,puan,267,0,2,2,2,0,7.5,33.9
c77_36,29.24791,40.99662,0.591,0.494,0.658,0.49,0.619,B,0.596,0.619,0.563,0.49,0.521,0.366,0.001,0.001,0.026,0.125,0.02,0.165,0.0,0.145,0.013,0.124,0.014,0.705,puan,972,0,2,0,0,0,0.0,69.9
c77_37,29.24791,41.00111,0.377,0.308,0.492,0.327,0.422,A,0.386,0.422,0.333,0.327,0.334,0.193,0.0,0.001,0.038,0.337,0.001,0.155,0.0,0.111,0.0,0.149,0.015,0.725,puan,0,0,1,0,0,0,,38.9
c77_38,29.24791,41.0056,0.267,0.24,0.342,0.208,0.326,B,0.274,0.326,0.208,0.242,0.253,0.098,0.0,0.0,0.084,0.548,0.004,0.088,0.0,0.085,0.0,0.089,0.005,0.821,puan,1118,0,2,11,11,0,9.8,18.1
c77_39,29.24791,41.01009,0.35,0.233,0.567,0.264,0.389,B,0.358,0.389,0.312,0.264,0.281,0.118,0.0,0.001,0.022,0.044,0.054,0.229,0.0,0.152,0.146,0.207,0.028,0.467,puan,0,0,1,0,0,0,,32.3
c78_32,29.25386,40.97866,0.327,0.268,0.449,0.279,0.372,A,0.349,0.372,0.283,0.279,0.302,0.145,0.0,0.042,0.022,0.14,0.001,0.367,0.0,0.126,0.0,0.104,0.054,0.716,puan,0,0,1,0,0,0,,27.1
c78_33,29.25386,40.98315,0.435,0.298,0.613,0.386,0.465,B,0.445,0.465,0.404,0.386,0.404,0.225,0.0,0.004,0.011,0.128,0.054,0.209,0.0,0.08,0.0,0.07,0.22,0.63,puan,0,0,1,0,0,0,,50.5
c78_34,29.25386,40.98764,0.364,0.256,0.553,0.287,0.404,B,0.399,0.404,0.324,0.287,0.306,0.134,0.0,0.078,0.011,0.054,0.015,0.292,0.0,0.157,0.01,0.186,0.061,0.584,puan,0,0,1,0,0,0,,35.5
c78_35,29.25386,40.99213,0.374,0.256,0.571,0.299,0.415,B,0.411,0.415,0.333,0.299,0.312,0.111,0.0,0.066,0.009,0.004,0.0,0.28,0.0,0.119,0.195,0.155,0.061,0.47,puan,0,0,1,0,0,0,,38.1
c78_36,29.25386,40.99662,0.368,0.3,0.485,0.305,0.412,B,0.377,0.412,0.324,0.305,0.327,0.162,0.0,0.0,0.029,0.069,0.0,0.368,0.0,0.129,0.101,0.126,0.017,0.627,puan,705,0,2,2,2,0,2.8,36.5
c78_37,29.25386,41.00111,0.507,0.394,0.617,0.408,0.539,B,0.519,0.539,0.475,0.408,0.428,0.266,0.001,0.008,0.012,0.041,0.0,0.298,0.0,0.152,0.042,0.164,0.016,0.626,puan,580,0,2,3,3,0,5.2,60.3
c78_38,29.25386,41.0056,0.362,0.283,0.502,0.287,0.407,B,0.379,0.407,0.318,0.287,0.313,0.149,0.0,0.024,0.026,0.124,0.0,0.293,0.0,0.161,0.049,0.163,0.01,0.616,puan,1039,0,2,13,13,0,12.5,35.2
c78_39,29.25386,41.01009,0.555,0.38,0.695,0.424,0.581,B,0.564,0.581,0.528,0.442,0.424,0.281,0.001,0.003,0.006,0.003,0.013,0.27,0.0,0.147,0.01,0.253,0.012,0.577,puan,0,0,1,0,0,0,,66.6
c79_32,29.25981,40.97866,0.417,0.325,0.546,0.336,0.458,B,0.424,0.458,0.377,0.336,0.367,0.207,0.0,0.002,0.036,0.067,0.028,0.315,0.0,0.159,0.0,0.136,0.05,0.655,puan,0,0,1,0,0,0,,47.0
c79_33,29.25981,40.98315,0.328,0.262,0.464,0.264,0.379,B,0.34,0.379,0.277,0.264,0.298,0.132,0.006,0.005,0.045,0.042,0.002,0.435,0.0,0.164,0.0,0.119,0.05,0.668,puan,0,0,1,0,0,0,,27.4
c79_34,29.25981,40.98764,0.44,0.329,0.582,0.349,0.475,B,0.457,0.475,0.406,0.349,0.368,0.216,0.001,0.021,0.007,0.016,0.0,0.364,0.0,0.164,0.0,0.186,0.026,0.624,puan,0,0,1,0,0,0,,51.3
c79_35,29.25981,40.99213,0.309,0.236,0.472,0.248,0.35,B,0.322,0.35,0.268,0.248,0.272,0.132,0.0,0.0,0.006,0.04,0.0,0.462,0.0,0.157,0.004,0.159,0.039,0.641,puan,0,0,1,0,0,0,,23.3
c79_36,29.25981,40.99662,0.433,0.276,0.639,0.382,0.449,B,0.439,0.449,0.418,0.382,0.383,0.189,0.0,0.001,0.002,0.045,0.149,0.093,0.0,0.065,0.184,0.094,0.178,0.479,puan,0,0,1,0,0,0,,49.9
c79_37,29.25981,41.00111,0.591,0.396,0.726,0.479,0.614,B,0.599,0.614,0.569,0.479,0.519,0.271,0.0,0.001,0.001,0.004,0.01,0.22,0.0,0.119,0.122,0.093,0.157,0.508,puan,764,0,2,1,1,0,1.3,69.9
c79_38,29.25981,41.0056,0.574,0.387,0.712,0.428,0.604,B,0.582,0.604,0.544,0.428,0.475,0.272,0.001,0.004,0.018,0.038,0.0,0.215,0.0,0.187,0.001,0.154,0.11,0.548,puan,1924,0,3,6,6,0,3.1,68.5
c79_39,29.25981,41.01009,0.345,0.226,0.571,0.256,0.387,B,0.357,0.387,0.303,0.256,0.27,0.123,0.0,0.001,0.013,0.011,0.0,0.366,0.0,0.179,0.036,0.266,0.005,0.514,puan,0,0,1,0,0,0,,31.1
c72_40,29.21816,41.01458,0.36,0.225,0.6,0.272,0.415,B,0.37,0.415,0.304,0.275,0.272,0.112,0.003,0.012,0.056,0.043,0.0,0.299,0.0,0.16,0.0,0.313,0.002,0.525,puan,0,0,1,0,0,0,,34.8
c72_41,29.21816,41.01907,0.345,0.255,0.517,0.268,0.401,B,0.351,0.401,0.289,0.268,0.29,0.122,0.0,0.005,0.067,0.055,0.004,0.351,0.0,0.174,0.008,0.2,0.014,0.604,puan,0,0,1,0,0,0,,31.1
c72_42,29.21816,41.02356,0.392,0.313,0.514,0.278,0.447,B,0.396,0.447,0.337,0.278,0.345,0.142,0.001,0.004,0.066,0.04,0.001,0.308,0.0,0.229,0.067,0.12,0.022,0.562,puan,2748,0,4,4,4,0,1.5,42.1
c72_43,29.21816,41.02805,0.331,0.278,0.439,0.269,0.38,B,0.341,0.38,0.283,0.269,0.299,0.11,0.0,0.004,0.032,0.05,0.0,0.334,0.0,0.123,0.246,0.098,0.004,0.53,puan,259,0,2,0,0,0,0.0,27.9
c72_44,29.21816,41.03254,0.546,0.499,0.586,0.481,0.575,A,0.555,0.575,0.518,0.481,0.522,0.277,0.001,0.002,0.009,0.084,0.0,0.212,0.0,0.079,0.28,0.037,0.019,0.585,puan,0,0,1,0,0,0,,65.6
c72_45,29.21816,41.03703,0.793,0.756,0.802,0.707,0.804,A,0.796,0.804,0.781,0.707,0.764,0.258,0.0,0.0,0.002,0.007,0.008,0.063,0.0,0.041,0.605,0.015,0.001,0.338,puan,0,0,1,0,0,0,,82.9
c72_46,29.21816,41.04152,1.0,0.129,1.0,0.072,1.0,C,1.0,1.0,1.0,0.072,1.0,0.006,0.0,0.0,0.0,0.0,0.0,0.0,0.0,0.081,0.871,0.0,0.042,0.006,kanıt yetersiz,1014,0,3,0,0,0,0.0,
c72_47,29.21816,41.04601,0.331,0.328,0.338,0.284,0.463,B,0.463,0.379,0.284,0.299,0.331,0.01,0.0,0.133,0.0,0.062,0.0,0.0,0.0,0.022,0.77,0.001,0.002,0.206,puan,0,0,1,0,0,0,,27.9
c73_40,29.22411,41.01458,0.392,0.238,0.632,0.287,0.444,B,0.396,0.444,0.34,0.287,0.287,0.13,0.0,0.0,0.05,0.025,0.002,0.289,0.0,0.181,0.0,0.322,0.001,0.496,puan,0,0,1,0,0,0,,42.1
c73_41,29.22411,41.01907,0.331,0.216,0.564,0.25,0.379,B,0.342,0.379,0.284,0.25,0.26,0.113,0.0,0.005,0.028,0.028,0.0,0.364,0.0,0.174,0.0,0.286,0.002,0.538,puan,0,0,1,0,0,0,,27.9
c73_42,29.22411,41.02356,0.341,0.263,0.491,0.253,0.407,B,0.361,0.407,0.275,0.253,0.307,0.091,0.0,0.063,0.096,0.078,0.0,0.28,0.0,0.213,0.0,0.115,0.064,0.608,puan,2267,0,3,1,0,1,0.4,30.1
c73_43,29.22411,41.02805,0.308,0.268,0.397,0.246,0.369,B,0.315,0.369,0.246,0.263,0.287,0.102,0.0,0.019,0.096,0.065,0.026,0.383,0.0,0.117,0.091,0.088,0.014,0.69,puan,1208,0,2,1,1,0,0.8,23.1
c73_44,29.22411,41.03254,0.32,0.265,0.438,0.266,0.374,B,0.33,0.374,0.266,0.266,0.3,0.125,0.001,0.022,0.075,0.104,0.045,0.334,0.0,0.146,0.0,0.08,0.067,0.707,puan,399,0,2,0,0,0,0.0,25.6
c73_45,29.22411,41.03703,0.258,0.229,0.342,0.215,0.341,B,0.341,0.3,0.215,0.237,0.248,0.021,0.0,0.157,0.005,0.056,0.054,0.105,0.0,0.036,0.515,0.033,0.018,0.398,puan,0,0,1,0,0,0,,17.2
c73_46,29.22411,41.04152,0.379,0.355,0.417,0.329,0.573,C,0.573,0.428,0.329,0.358,0.379,0.001,0.0,0.218,0.0,0.0,0.0,0.0,0.0,0.013,0.754,0.0,0.014,0.219,puan,110,0,1,0,0,0,0.0,39.4
c73_47,29.22411,41.04601,0.754,0.356,0.884,0.115,0.831,C,0.831,0.773,0.734,0.115,0.731,0.007,0.0,0.004,0.0,0.0,0.0,0.0,0.0,0.061,0.916,0.0,0.012,0.011,kanıt yetersiz,326,0,1,0,0,0,0.0,
c74_40,29.23006,41.01458,0.302,0.215,0.503,0.244,0.352,B,0.322,0.352,0.252,0.244,0.255,0.096,0.0,0.035,0.034,0.126,0.002,0.302,0.0,0.141,0.022,0.213,0.029,0.595,puan,0,0,1,0,0,0,,22.3
c74_41,29.23006,41.01907,0.349,0.243,0.547,0.262,0.398,B,0.359,0.398,0.3,0.262,0.281,0.127,0.001,0.005,0.036,0.057,0.0,0.338,0.0,0.188,0.0,0.244,0.004,0.565,puan,0,0,1,0,0,0,,32.0
c74_42,29.23006,41.02356,0.335,0.235,0.535,0.256,0.387,B,0.347,0.387,0.284,0.256,0.274,0.116,0.0,0.012,0.043,0.046,0.0,0.357,0.0,0.178,0.0,0.238,0.009,0.575,puan,0,0,1,0,0,0,,28.8
c74_43,29.23006,41.02805,0.329,0.297,0.395,0.257,0.402,B,0.329,0.402,0.257,0.259,0.318,0.104,0.001,0.007,0.14,0.123,0.0,0.337,0.0,0.193,0.016,0.041,0.036,0.713,puan,2632,0,2,2,1,1,0.8,27.6
c74_44,29.23006,41.03254,0.402,0.369,0.451,0.349,0.451,B,0.408,0.451,0.353,0.349,0.382,0.225,0.0,0.004,0.071,0.125,0.007,0.375,0.0,0.123,0.0,0.064,0.007,0.806,puan,1420,0,3,3,3,0,2.1,44.1
c74_45,29.23006,41.03703,0.228,0.202,0.318,0.176,0.281,B,0.243,0.281,0.176,0.213,0.218,0.046,0.0,0.006,0.024,0.323,0.0,0.089,0.0,0.036,0.412,0.055,0.009,0.488,puan,0,0,1,0,0,0,,14.5
c74_46,29.23006,41.04152,0.349,0.276,0.486,0.284,0.394,B,0.36,0.394,0.304,0.284,0.302,0.054,0.0,0.001,0.01,0.012,0.0,0.153,0.0,0.052,0.656,0.06,0.001,0.23,puan,0,0,1,0,0,0,,32.0
c74_47,29.23006,41.04601,0.306,0.205,0.537,0.173,0.369,B,0.322,0.369,0.244,0.173,0.296,0.013,0.0,0.006,0.012,0.063,0.0,0.0,0.0,0.071,0.79,0.006,0.04,0.093,kanıt yetersiz,889,0,1,0,0,0,0.0,
c75_40,29.23601,41.01458,0.349,0.255,0.525,0.276,0.391,B,0.361,0.391,0.307,0.276,0.304,0.132,0.0,0.006,0.018,0.113,0.014,0.263,0.0,0.143,0.108,0.138,0.064,0.546,puan,0,0,1,0,0,0,,32.0
c75_41,29.23601,41.01907,0.257,0.207,0.401,0.209,0.305,A,0.27,0.305,0.209,0.215,0.234,0.081,0.0,0.001,0.019,0.299,0.0,0.192,0.0,0.115,0.151,0.122,0.02,0.591,puan,0,0,1,0,0,0,,17.0
c75_42,29.23601,41.02356,0.333,0.252,0.496,0.255,0.392,B,0.34,0.392,0.275,0.255,0.292,0.087,0.001,0.007,0.058,0.111,0.004,0.21,0.0,0.147,0.22,0.12,0.034,0.479,puan,627,0,2,1,1,0,1.6,28.3
c75_43,29.23601,41.02805,0.39,0.332,0.482,0.286,0.494,C,0.373,0.494,0.286,0.312,0.364,0.089,0.002,0.009,0.281,0.046,0.0,0.274,0.0,0.176,0.0,0.077,0.047,0.7,puan,3268,0,4,0,0,0,0.0,41.7
c75_44,29.23601,41.03254,0.363,0.304,0.466,0.297,0.423,B,0.368,0.423,0.303,0.297,0.325,0.147,0.002,0.014,0.103,0.093,0.024,0.325,0.0,0.156,0.0,0.133,0.003,0.708,puan,1455,0,3,2,2,0,1.4,35.4
c75_45,29.23601,41.03703,0.154,0.149,0.18,0.121,0.187,A,0.16,0.187,0.121,0.145,0.153,0.057,0.0,0.034,0.081,0.2,0.498,0.044,0.0,0.056,0.0,0.026,0.004,0.915,puan,1038,0,2,1,1,0,1.0,10.6
c75_46,29.23601,41.04152,0.193,0.182,0.24,0.157,0.23,A,0.2,0.23,0.157,0.174,0.19,0.08,0.0,0.024,0.068,0.171,0.349,0.161,0.0,0.094,0.0,0.044,0.008,0.854,puan,1100,0,2,0,0,0,0.0,12.4
c75_47,29.23601,41.04601,0.343,0.295,0.434,0.286,0.384,A,0.37,0.384,0.301,0.286,0.324,0.138,0.0,0.067,0.028,0.141,0.057,0.216,0.0,0.128,0.12,0.062,0.043,0.647,puan,1180,0,2,1,1,0,0.8,30.6
c76_40,29.24196,41.01458,0.338,0.264,0.483,0.275,0.395,B,0.35,0.395,0.281,0.275,0.294,0.118,0.002,0.023,0.07,0.072,0.007,0.342,0.0,0.145,0.044,0.166,0.013,0.633,puan,0,0,1,0,0,0,,29.3
c76_41,29.24196,41.01907,0.372,0.334,0.437,0.326,0.413,A,0.382,0.413,0.332,0.326,0.35,0.215,0.0,0.001,0.026,0.307,0.015,0.231,0.0,0.112,0.0,0.078,0.014,0.796,puan,0,0,1,0,0,0,,37.6
c76_42,29.24196,41.02356,0.523,0.449,0.591,0.461,0.552,A,0.534,0.552,0.495,0.461,0.496,0.297,0.0,0.003,0.003,0.017,0.0,0.336,0.0,0.09,0.146,0.048,0.06,0.656,puan,132,0,1,0,0,0,0.0,62.6
c76_43,29.24196,41.02805,0.267,0.222,0.392,0.206,0.321,B,0.278,0.321,0.214,0.206,0.248,0.087,0.0,0.004,0.046,0.061,0.0,0.466,0.0,0.199,0.0,0.107,0.029,0.665,puan,1902,0,4,1,0,1,0.5,18.1
c76_44,29.24196,41.03254,0.195,0.161,0.335,0.166,0.221,A,0.202,0.221,0.168,0.166,0.183,0.085,0.0,0.001,0.014,0.05,0.268,0.252,0.0,0.114,0.073,0.13,0.011,0.671,puan,895,0,2,1,1,0,1.1,12.6
c76_45,29.24196,41.03703,0.005,0.005,0.005,0.005,0.005,A,0.005,0.005,0.005,0.005,0.005,0.005,0.0,0.0,0.0,0.0,0.987,0.0,0.0,0.008,0.0,0.0,0.0,0.992,puan,223,0,1,0,0,0,0.0,5.6
c76_46,29.24196,41.04152,0.0,0.0,0.0,0.0,0.0,A,0.0,0.0,0.0,0.0,0.0,0.0,0.0,0.0,0.0,0.0,1.0,0.0,0.0,0.0,0.0,0.0,0.0,1.0,puan,0,0,1,0,0,0,,0.0
c76_47,29.24196,41.04601,0.068,0.063,0.134,0.055,0.081,A,0.069,0.081,0.055,0.061,0.07,0.027,0.0,0.0,0.017,0.003,0.581,0.123,0.0,0.091,0.1,0.025,0.032,0.751,puan,1348,0,2,1,1,0,0.7,8.5
c77_40,29.24791,41.01458,0.344,0.267,0.491,0.276,0.402,B,0.349,0.402,0.285,0.276,0.297,0.117,0.001,0.008,0.079,0.039,0.018,0.341,0.0,0.15,0.074,0.166,0.008,0.602,puan,0,0,1,0,0,0,,30.9
c77_41,29.24791,41.01907,0.293,0.232,0.44,0.236,0.342,B,0.304,0.342,0.244,0.236,0.259,0.11,0.001,0.004,0.038,0.034,0.02,0.445,0.0,0.159,0.018,0.167,0.004,0.652,puan,0,0,1,0,0,0,,21.1
c77_42,29.24791,41.02356,0.53,0.46,0.592,0.456,0.557,B,0.539,0.557,0.502,0.456,0.496,0.349,0.0,0.0,0.003,0.024,0.0,0.381,0.0,0.124,0.004,0.07,0.046,0.757,puan,0,0,1,0,0,0,,63.7
c77_43,29.24791,41.02805,0.149,0.131,0.255,0.127,0.167,A,0.154,0.167,0.132,0.127,0.149,0.073,0.0,0.0,0.012,0.008,0.412,0.192,0.0,0.122,0.082,0.022,0.077,0.697,puan,1793,0,2,0,0,0,0.0,10.4
c77_44,29.24791,41.03254,0.233,0.231,0.241,0.23,0.236,A,0.233,0.236,0.23,0.231,0.232,0.221,0.0,0.0,0.006,0.014,0.716,0.023,0.0,0.008,0.003,0.008,0.002,0.979,puan,0,0,1,0,0,0,,14.8
c77_45,29.24791,41.03703,0.0,0.0,0.0,0.0,0.0,A,0.0,0.0,0.0,0.0,0.0,0.0,0.0,0.0,0.0,0.0,1.0,0.0,0.0,0.0,0.0,0.0,0.0,1.0,puan,0,0,1,0,0,0,,0.0
c77_46,29.24791,41.04152,0.0,0.0,0.0,0.0,0.0,A,0.0,0.0,0.0,0.0,0.0,0.0,0.0,0.0,0.0,0.0,1.0,0.0,0.0,0.0,0.0,0.0,0.0,1.0,puan,0,0,1,0,0,0,,0.0
c77_47,29.24791,41.04601,0.06,0.055,0.135,0.051,0.07,A,0.062,0.07,0.051,0.053,0.062,0.026,0.0,0.002,0.01,0.006,0.588,0.091,0.0,0.098,0.116,0.025,0.038,0.722,puan,1388,0,4,0,0,0,0.0,8.1
c78_40,29.25386,41.01458,0.559,0.394,0.69,0.437,0.587,B,0.568,0.587,0.532,0.438,0.437,0.281,0.0,0.001,0.007,0.009,0.0,0.275,0.0,0.159,0.027,0.224,0.017,0.573,puan,0,0,1,0,0,0,,67.1
c78_41,29.25386,41.01907,0.34,0.217,0.578,0.254,0.386,B,0.349,0.386,0.293,0.254,0.262,0.117,0.001,0.0,0.027,0.008,0.0,0.373,0.0,0.178,0.0,0.296,0.001,0.526,puan,0,0,1,0,0,0,,29.9
c78_42,29.25386,41.02356,0.357,0.289,0.479,0.284,0.395,B,0.371,0.395,0.319,0.284,0.314,0.174,0.001,0.004,0.005,0.005,0.0,0.482,0.0,0.173,0.0,0.155,0.003,0.67,puan,0,0,1,0,0,0,,33.9
c78_43,29.25386,41.02805,0.386,0.361,0.425,0.36,0.387,A,0.386,0.387,0.384,0.36,0.384,0.303,0.0,0.0,0.0,0.0,0.469,0.02,0.0,0.056,0.098,0.006,0.048,0.791,puan,1067,0,2,0,0,0,0.0,40.9
c78_44,29.25386,41.03254,0.006,0.006,0.006,0.004,0.008,A,0.007,0.008,0.004,0.006,0.006,0.0,0.0,0.0,0.0,0.048,0.952,0.0,0.0,0.0,0.0,0.0,0.0,1.0,puan,0,0,1,0,0,0,,5.7
c78_45,29.25386,41.03703,0.089,0.085,0.133,0.08,0.099,A,0.093,0.099,0.08,0.084,0.091,0.056,0.0,0.0,0.002,0.003,0.64,0.159,0.0,0.054,0.043,0.028,0.015,0.86,puan,0,0,1,0,0,0,,9.2
c78_46,29.25386,41.04152,0.046,0.046,0.058,0.043,0.05,A,0.048,0.05,0.043,0.046,0.047,0.036,0.0,0.001,0.0,0.055,0.872,0.016,0.0,0.007,0.0,0.007,0.005,0.981,puan,0,0,1,0,0,0,,7.6
c78_47,29.25386,41.04601,0.135,0.114,0.272,0.109,0.161,A,0.143,0.161,0.109,0.109,0.135,0.028,0.0,0.003,0.007,0.002,0.19,0.178,0.0,0.096,0.42,0.017,0.059,0.408,puan,1971,0,3,0,0,0,0.0,10.1
c79_40,29.25981,41.01458,0.353,0.237,0.566,0.26,0.394,B,0.365,0.394,0.312,0.26,0.278,0.135,0.001,0.001,0.013,0.01,0.002,0.381,0.0,0.193,0.0,0.262,0.003,0.541,puan,0,0,1,0,0,0,,33.0
c79_41,29.25981,41.01907,0.308,0.218,0.51,0.238,0.352,B,0.321,0.352,0.265,0.238,0.256,0.109,0.0,0.001,0.012,0.075,0.0,0.349,0.0,0.161,0.069,0.217,0.008,0.546,puan,0,0,1,0,0,0,,23.1
c79_42,29.25981,41.02356,0.328,0.248,0.491,0.26,0.367,B,0.342,0.367,0.289,0.26,0.283,0.123,0.0,0.001,0.002,0.036,0.0,0.373,0.0,0.139,0.153,0.153,0.018,0.536,puan,0,0,1,0,0,0,,27.4
c79_43,29.25981,41.02805,0.364,0.297,0.481,0.299,0.388,A,0.373,0.388,0.339,0.299,0.357,0.148,0.0,0.001,0.0,0.219,0.103,0.02,0.0,0.106,0.292,0.015,0.096,0.491,puan,2343,0,4,0,0,0,0.0,35.5
c79_44,29.25981,41.03254,0.272,0.267,0.284,0.231,0.312,A,0.286,0.312,0.231,0.271,0.271,0.155,0.0,0.015,0.021,0.644,0.085,0.01,0.0,0.004,0.05,0.003,0.012,0.931,puan,145,0,1,0,0,0,0.0,18.7
c79_45,29.25981,41.03703,0.28,0.24,0.383,0.239,0.32,A,0.293,0.32,0.241,0.239,0.265,0.102,0.0,0.0,0.005,0.137,0.03,0.29,0.0,0.098,0.243,0.061,0.033,0.565,puan,0,0,1,0,0,0,,19.8
c79_46,29.25981,41.04152,0.376,0.311,0.483,0.32,0.422,B,0.388,0.422,0.33,0.32,0.35,0.145,0.0,0.013,0.034,0.189,0.002,0.186,0.0,0.099,0.212,0.065,0.054,0.57,puan,0,0,1,0,0,0,,38.5
c79_47,29.25981,41.04601,0.521,0.127,0.884,0.153,0.594,C,0.51,0.594,0.449,0.153,0.428,0.013,0.0,0.0,0.01,0.001,0.0,0.014,0.0,0.093,0.748,0.012,0.108,0.039,kanıt yetersiz,1603,0,5,2,2,0,1.2,
c72_48,29.21816,41.0505,,0.0,1.0,,,C,,,,0.0,0.125,0.0,0.0,0.0,0.0,0.0,0.0,0.0,0.0,0.019,0.981,0.001,0.0,0.0,kanıt yetersiz,0,0,1,0,0,0,,
c72_49,29.21816,41.05499,0.0,0.0,0.0,0.0,0.0,A,0.0,0.0,0.0,0.0,0.0,0.0,0.0,0.0,0.0,0.0,0.515,0.0,0.0,0.002,0.483,0.0,0.0,0.515,puan,0,0,1,0,0,0,,0.0
c72_50,29.21816,41.05948,0.0,0.0,0.0,0.0,0.0,A,0.0,0.0,0.0,0.0,0.0,0.0,0.0,0.0,0.0,0.0,0.04,0.0,0.0,0.003,0.956,0.0,0.0,0.04,kanıt yetersiz,0,0,1,0,0,0,,
c72_51,29.21816,41.06397,1.0,1.0,1.0,0.416,1.0,C,1.0,1.0,1.0,0.416,1.0,0.004,0.0,0.0,0.0,0.0,0.0,0.0,0.0,0.006,0.989,0.0,0.0,0.004,kanıt yetersiz,0,0,1,0,0,0,,
c72_52,29.21816,41.06846,,,,,,C,,,,0.0,,0.0,0.0,0.0,0.0,0.0,0.0,0.0,0.0,0.003,0.997,0.0,0.0,0.0,kanıt yetersiz,0,0,1,0,0,0,,
c72_53,29.21816,41.07295,,,,,,C,,,,0.0,,0.0,0.0,0.0,0.0,0.0,0.0,0.0,0.0,0.005,0.995,0.0,0.0,0.0,kanıt yetersiz,0,0,1,0,0,0,,
c72_54,29.21816,41.07744,1.0,1.0,1.0,0.069,1.0,C,1.0,1.0,1.0,0.069,1.0,0.001,0.0,0.0,0.0,0.0,0.0,0.0,0.0,0.009,0.99,0.0,0.0,0.001,kanıt yetersiz,0,0,1,0,0,0,,
c72_55,29.21816,41.08193,1.0,0.984,1.0,0.378,1.0,C,1.0,1.0,1.0,0.378,0.986,0.007,0.0,0.0,0.0,0.0,0.0,0.0,0.0,0.011,0.982,0.0,0.0,0.007,kanıt yetersiz,0,0,1,0,0,0,,
c73_48,29.22411,41.0505,0.008,0.008,0.008,0.008,0.008,A,0.008,0.008,0.008,0.008,0.008,0.003,0.0,0.0,0.0,0.0,0.318,0.0,0.0,0.001,0.678,0.0,0.0,0.321,puan,0,0,1,0,0,0,,5.9
c73_49,29.22411,41.05499,0.0,0.0,0.0,0.0,0.0,A,0.0,0.0,0.0,0.0,0.0,0.0,0.0,0.0,0.0,0.0,0.527,0.0,0.0,0.0,0.473,0.0,0.0,0.527,puan,0,0,1,0,0,0,,0.0
c73_50,29.22411,41.05948,0.086,0.086,0.086,0.067,0.086,A,0.086,0.086,0.086,0.067,0.086,0.004,0.0,0.0,0.0,0.0,0.04,0.0,0.0,0.013,0.944,0.0,0.0,0.043,kanıt yetersiz,0,0,1,0,0,0,,
c73_51,29.22411,41.06397,,0.0,1.0,,,C,,,,0.0,0.125,0.0,0.0,0.0,0.0,0.0,0.0,0.0,0.0,0.011,0.989,0.0,0.0,0.0,kanıt yetersiz,0,0,1,0,0,0,,
c73_52,29.22411,41.06846,0.999,0.999,0.999,0.43,0.999,C,0.999,0.999,0.999,0.43,0.999,0.007,0.0,0.0,0.0,0.0,0.0,0.0,0.0,0.009,0.985,0.0,0.0,0.007,kanıt yetersiz,0,0,1,0,0,0,,
c73_53,29.22411,41.07295,1.0,1.0,1.0,0.08,1.0,C,1.0,1.0,1.0,0.08,1.0,0.001,0.0,0.0,0.0,0.0,0.0,0.0,0.0,0.015,0.984,0.0,0.0,0.001,kanıt yetersiz,0,0,1,0,0,0,,
c73_54,29.22411,41.07744,1.0,1.0,1.0,0.518,1.0,C,1.0,1.0,1.0,0.518,1.0,0.005,0.0,0.0,0.0,0.0,0.0,0.0,0.0,0.005,0.99,0.0,0.0,0.005,kanıt yetersiz,0,0,1,0,0,0,,
c73_55,29.22411,41.08193,1.0,1.0,1.0,0.551,1.0,C,1.0,1.0,1.0,0.551,1.0,0.009,0.0,0.0,0.0,0.0,0.0,0.0,0.0,0.007,0.984,0.0,0.0,0.009,kanıt yetersiz,0,0,1,0,0,0,,
c74_48,29.23006,41.0505,0.066,0.053,0.251,0.06,0.07,A,0.069,0.07,0.062,0.06,0.068,0.011,0.0,0.001,0.0,0.0,0.177,0.015,0.0,0.02,0.725,0.008,0.043,0.205,puan,0,0,1,0,0,0,,8.4
c74_49,29.23006,41.05499,0.28,0.238,0.387,0.218,0.316,A,0.293,0.316,0.244,0.218,0.264,0.025,0.0,0.0,0.0,0.0,0.012,0.093,0.0,0.037,0.81,0.015,0.007,0.13,puan,0,0,1,0,0,0,,19.8
c74_50,29.23006,41.05948,0.239,0.197,0.372,0.189,0.282,A,0.255,0.282,0.195,0.189,0.228,0.008,0.0,0.0,0.0,0.0,0.0,0.055,0.0,0.017,0.907,0.007,0.007,0.063,kanıt yetersiz,0,0,1,0,0,0,,
c74_51,29.23006,41.06397,,0.0,1.0,,,C,,,,0.0,0.125,0.0,0.0,0.0,0.0,0.0,0.0,0.0,0.0,0.009,0.99,0.0,0.0,0.0,kanıt yetersiz,0,0,1,0,0,0,,
c74_52,29.23006,41.06846,1.0,0.985,1.0,0.399,1.0,C,1.0,1.0,1.0,0.399,0.987,0.008,0.0,0.0,0.0,0.0,0.0,0.0,0.0,0.012,0.979,0.0,0.0,0.008,kanıt yetersiz,0,0,1,0,0,0,,
c74_53,29.23006,41.07295,1.0,1.0,1.0,0.071,1.0,C,1.0,1.0,1.0,0.071,1.0,0.001,0.0,0.0,0.0,0.0,0.0,0.0,0.0,0.007,0.992,0.0,0.0,0.001,kanıt yetersiz,0,0,1,0,0,0,,
c74_54,29.23006,41.07744,,,,,,C,,,,0.0,,0.0,0.0,0.0,0.0,0.0,0.0,0.0,0.0,0.005,0.995,0.0,0.0,0.0,kanıt yetersiz,0,0,1,0,0,0,,
c74_55,29.23006,41.08193,1.0,1.0,1.0,0.253,1.0,C,1.0,1.0,1.0,0.253,1.0,0.002,0.0,0.0,0.0,0.0,0.0,0.0,0.0,0.007,0.99,0.0,0.0,0.002,kanıt yetersiz,0,0,1,0,0,0,,
c75_48,29.23601,41.0505,0.282,0.238,0.395,0.237,0.327,A,0.299,0.327,0.237,0.241,0.258,0.116,0.0,0.013,0.014,0.053,0.0,0.503,0.0,0.119,0.05,0.129,0.002,0.7,puan,0,0,1,0,0,0,,20.0
c75_49,29.23601,41.05499,0.261,0.215,0.391,0.202,0.32,B,0.271,0.32,0.202,0.223,0.242,0.06,0.0,0.008,0.053,0.144,0.0,0.284,0.0,0.094,0.24,0.091,0.026,0.549,puan,0,0,1,0,0,0,,17.5
c75_50,29.23601,41.05948,0.313,0.265,0.419,0.262,0.353,A,0.329,0.353,0.274,0.262,0.29,0.048,0.0,0.002,0.001,0.056,0.0,0.119,0.0,0.044,0.69,0.032,0.009,0.225,puan,0,0,1,0,0,0,,24.3
c75_51,29.23601,41.06397,0.445,0.394,0.508,0.351,0.477,B,0.457,0.477,0.413,0.351,0.409,0.046,0.0,0.0,0.0,0.0,0.0,0.079,0.0,0.034,0.825,0.016,0.0,0.125,puan,0,0,1,0,0,0,,52.5
c75_52,29.23601,41.06846,0.261,0.243,0.311,0.202,0.303,B,0.277,0.303,0.219,0.202,0.252,0.012,0.0,0.0,0.0,0.0,0.0,0.064,0.0,0.022,0.896,0.006,0.0,0.076,kanıt yetersiz,0,0,1,0,0,0,,
c75_53,29.23601,41.07295,,,,,,C,,,,0.0,,0.0,0.0,0.0,0.0,0.0,0.0,0.0,0.0,0.01,0.99,0.0,0.0,0.0,kanıt yetersiz,0,0,1,0,0,0,,
c75_54,29.23601,41.07744,1.0,1.0,1.0,0.316,1.0,C,1.0,1.0,1.0,0.316,1.0,0.003,0.0,0.0,0.0,0.0,0.0,0.0,0.0,0.006,0.991,0.0,0.0,0.003,kanıt yetersiz,0,0,1,0,0,0,,
c75_55,29.23601,41.08193,1.0,1.0,1.0,0.996,1.0,A,1.0,1.0,1.0,0.996,1.0,0.011,0.0,0.0,0.0,0.0,0.0,0.0,0.0,0.0,0.989,0.0,0.0,0.011,kanıt yetersiz,0,0,1,0,0,0,,
c76_48,29.24196,41.0505,0.421,0.332,0.542,0.334,0.467,B,0.427,0.467,0.374,0.334,0.36,0.199,0.002,0.001,0.051,0.036,0.001,0.366,0.0,0.169,0.0,0.17,0.004,0.656,puan,216,0,2,0,0,0,0.0,48.0
c76_49,29.24196,41.05499,0.266,0.215,0.406,0.218,0.313,A,0.278,0.313,0.218,0.229,0.242,0.091,0.0,0.001,0.021,0.277,0.0,0.232,0.0,0.099,0.132,0.123,0.024,0.622,puan,0,0,1,0,0,0,,18.0
c76_50,29.24196,41.05948,0.29,0.251,0.385,0.228,0.331,B,0.305,0.331,0.249,0.228,0.27,0.051,0.0,0.001,0.001,0.091,0.0,0.128,0.0,0.073,0.613,0.037,0.006,0.272,puan,0,0,1,0,0,0,,20.6
c76_51,29.24196,41.06397,0.347,0.3,0.436,0.288,0.385,A,0.362,0.385,0.309,0.288,0.326,0.095,0.001,0.002,0.001,0.002,0.0,0.276,0.0,0.078,0.485,0.041,0.019,0.378,puan,0,0,1,0,0,0,,31.4
c76_52,29.24196,41.06846,0.204,0.178,0.303,0.171,0.236,A,0.216,0.236,0.171,0.182,0.196,0.069,0.0,0.002,0.001,0.087,0.132,0.272,0.0,0.066,0.292,0.065,0.015,0.562,puan,0,0,1,0,0,0,,13.1
c76_53,29.24196,41.07295,0.149,0.136,0.219,0.122,0.176,A,0.16,0.176,0.122,0.132,0.147,0.006,0.0,0.0,0.0,0.0,0.027,0.038,0.0,0.009,0.914,0.006,0.0,0.071,kanıt yetersiz,0,0,1,0,0,0,,
c76_54,29.24196,41.07744,0.148,0.14,0.189,0.099,0.196,A,0.167,0.196,0.099,0.112,0.147,0.001,0.0,0.0,0.0,0.0,0.0,0.027,0.0,0.009,0.961,0.001,0.0,0.028,kanıt yetersiz,0,0,1,0,0,0,,
c76_55,29.24196,41.08193,1.0,1.0,1.0,0.227,1.0,C,1.0,1.0,1.0,0.227,1.0,0.005,0.0,0.0,0.0,0.0,0.0,0.0,0.0,0.017,0.978,0.0,0.0,0.005,kanıt yetersiz,0,0,1,0,0,0,,
c77_48,29.24791,41.0505,0.478,0.395,0.569,0.421,0.509,A,0.49,0.509,0.447,0.422,0.421,0.296,0.001,0.008,0.005,0.028,0.0,0.407,0.0,0.098,0.0,0.144,0.013,0.744,puan,165,0,1,0,0,0,0.0,56.7
c77_49,29.24791,41.05499,0.557,0.438,0.652,0.476,0.584,B,0.567,0.584,0.53,0.476,0.501,0.227,0.0,0.003,0.004,0.004,0.0,0.226,0.0,0.079,0.331,0.069,0.057,0.464,puan,0,0,1,0,0,0,,66.9
c77_50,29.24791,41.05948,0.243,0.216,0.328,0.198,0.288,A,0.261,0.288,0.199,0.198,0.23,0.046,0.0,0.004,0.002,0.003,0.0,0.297,0.0,0.08,0.524,0.044,0.0,0.351,puan,0,0,1,0,0,0,,15.7
c77_51,29.24791,41.06397,0.172,0.158,0.239,0.125,0.22,A,0.193,0.22,0.125,0.154,0.169,0.013,0.0,0.005,0.0,0.001,0.0,0.239,0.0,0.031,0.689,0.023,0.0,0.257,puan,0,0,1,0,0,0,,11.2
c77_52,29.24791,41.06846,0.261,0.231,0.346,0.221,0.298,A,0.276,0.298,0.223,0.221,0.247,0.063,0.0,0.006,0.003,0.005,0.043,0.265,0.0,0.07,0.495,0.043,0.007,0.385,puan,0,0,1,0,0,0,,17.5
c77_53,29.24791,41.07295,0.314,0.278,0.394,0.278,0.351,A,0.327,0.351,0.278,0.279,0.294,0.114,0.0,0.002,0.002,0.02,0.032,0.342,0.0,0.063,0.357,0.061,0.006,0.512,puan,0,0,1,0,0,0,,24.6
c77_54,29.24791,41.07744,0.354,0.312,0.43,0.314,0.39,A,0.369,0.39,0.317,0.314,0.328,0.175,0.0,0.007,0.002,0.005,0.011,0.474,0.0,0.085,0.152,0.086,0.004,0.673,puan,0,0,1,0,0,0,,33.2
c77_55,29.24791,41.08193,0.338,0.296,0.422,0.298,0.372,A,0.369,0.372,0.304,0.298,0.32,0.076,0.0,0.036,0.002,0.0,0.038,0.184,0.0,0.045,0.57,0.032,0.017,0.337,puan,0,0,1,0,0,0,,29.3
c78_48,29.25386,41.0505,0.481,0.437,0.528,0.448,0.511,A,0.492,0.511,0.45,0.474,0.448,0.079,0.0,0.001,0.001,0.001,0.0,0.114,0.0,0.003,0.782,0.02,0.0,0.195,puan,0,0,1,0,0,0,,57.0
c78_49,29.25386,41.05499,0.868,0.788,0.88,0.75,0.875,B,0.871,0.875,0.86,0.75,0.808,0.153,0.0,0.0,0.0,0.001,0.0,0.026,0.0,0.028,0.772,0.016,0.003,0.181,puan,0,0,1,0,0,0,,86.3
c78_50,29.25386,41.05948,0.36,0.273,0.516,0.137,0.397,C,0.373,0.397,0.324,0.137,0.33,0.002,0.0,0.0,0.0,0.0,0.0,0.004,0.0,0.009,0.983,0.001,0.001,0.006,kanıt yetersiz,0,0,1,0,0,0,,
c78_51,29.25386,41.06397,0.0,0.0,0.096,0.0,0.012,A,0.0,0.0,0.0,0.0,0.012,0.0,0.0,0.0,0.0,0.0,0.021,0.0,0.0,0.007,0.97,0.002,0.0,0.021,kanıt yetersiz,0,0,1,0,0,0,,
c78_52,29.25386,41.06846,0.211,0.186,0.301,0.178,0.241,A,0.221,0.241,0.18,0.178,0.201,0.021,0.0,0.0,0.001,0.001,0.044,0.088,0.0,0.028,0.797,0.02,0.0,0.155,puan,0,0,1,0,0,0,,13.5
c78_53,29.25386,41.07295,0.208,0.188,0.283,0.165,0.251,A,0.225,0.251,0.165,0.178,0.2,0.033,0.0,0.003,0.001,0.001,0.016,0.279,0.0,0.056,0.578,0.035,0.0,0.331,puan,0,0,1,0,0,0,,13.3
c78_54,29.25386,41.07744,0.257,0.225,0.348,0.22,0.293,A,0.269,0.293,0.22,0.228,0.241,0.091,0.0,0.003,0.009,0.002,0.084,0.368,0.0,0.069,0.296,0.077,0.001,0.557,puan,0,0,1,0,0,0,,17.0
c78_55,29.25386,41.08193,0.256,0.24,0.302,0.235,0.277,A,0.264,0.277,0.235,0.24,0.248,0.09,0.0,0.001,0.0,0.002,0.169,0.181,0.0,0.029,0.498,0.028,0.001,0.443,puan,0,0,1,0,0,0,,16.9
c79_48,29.25981,41.0505,1.0,0.862,1.0,0.477,1.0,C,1.0,1.0,1.0,0.477,0.879,0.002,0.0,0.0,0.0,0.0,0.0,0.0,0.0,0.002,0.996,0.0,0.0,0.002,kanıt yetersiz,0,0,1,0,0,0,,
c79_49,29.25981,41.05499,,,,,,C,,,,0.0,,0.0,0.0,0.0,0.0,0.0,0.0,0.0,0.0,0.007,0.993,0.0,0.0,0.0,kanıt yetersiz,0,0,1,0,0,0,,
c79_50,29.25981,41.05948,,,,,,C,,,,0.0,,0.0,0.0,0.0,0.0,0.0,0.0,0.0,0.0,0.015,0.985,0.0,0.0,0.0,kanıt yetersiz,0,0,1,0,0,0,,
c79_51,29.25981,41.06397,,,,,,C,,,,0.0,,0.0,0.0,0.0,0.0,0.0,0.0,0.0,0.0,0.005,0.995,0.0,0.0,0.0,kanıt yetersiz,0,0,1,0,0,0,,
c79_52,29.25981,41.06846,,,,,,C,,,,0.0,,0.0,0.0,0.0,0.0,0.0,0.0,0.0,0.0,0.001,0.999,0.0,0.0,0.0,kanıt yetersiz,0,0,1,0,0,0,,
c79_53,29.25981,41.07295,0.443,0.382,0.52,0.391,0.472,A,0.455,0.472,0.415,0.391,0.413,0.125,0.0,0.003,0.001,0.003,0.023,0.184,0.0,0.045,0.563,0.036,0.019,0.338,puan,0,0,1,0,0,0,,52.0
c79_54,29.25981,41.07744,0.245,0.207,0.362,0.207,0.283,A,0.26,0.283,0.207,0.208,0.228,0.062,0.0,0.003,0.001,0.002,0.041,0.31,0.0,0.074,0.43,0.069,0.008,0.419,puan,0,0,1,0,0,0,,15.8
c79_55,29.25981,41.08193,0.337,0.305,0.399,0.311,0.358,A,0.346,0.358,0.316,0.311,0.323,0.059,0.0,0.001,0.0,0.0,0.062,0.087,0.0,0.018,0.751,0.015,0.006,0.21,puan,0,0,1,0,0,0,,29.0
c72_56,29.21816,41.08642,1.0,0.921,1.0,0.348,1.0,C,1.0,1.0,1.0,0.348,0.931,0.006,0.0,0.0,0.0,0.0,0.0,0.0,0.0,0.01,0.983,0.0,0.0,0.006,kanıt yetersiz,0,0,1,0,0,0,,
c72_57,29.21816,41.09091,1.0,1.0,1.0,0.318,1.0,C,1.0,1.0,1.0,0.318,1.0,0.006,0.0,0.0,0.0,0.0,0.0,0.0,0.0,0.012,0.982,0.0,0.0,0.006,kanıt yetersiz,0,0,1,0,0,0,,
c72_58,29.21816,41.0954,1.0,1.0,1.0,0.231,1.0,C,1.0,1.0,1.0,0.231,1.0,0.002,0.0,0.0,0.0,0.0,0.0,0.0,0.0,0.006,0.992,0.0,0.0,0.002,kanıt yetersiz,0,0,1,0,0,0,,
c72_59,29.21816,41.09989,1.0,1.0,1.0,1.0,1.0,A,1.0,1.0,1.0,1.0,1.0,0.005,0.0,0.0,0.0,0.0,0.0,0.0,0.0,0.0,0.995,0.0,0.0,0.005,kanıt yetersiz,0,0,1,0,0,0,,
c72_60,29.21816,41.10438,0.977,0.807,0.981,0.828,0.984,B,0.984,0.979,0.975,0.977,0.828,0.008,0.0,0.0,0.0,0.0,0.0,0.0,0.0,0.0,0.989,0.002,0.0,0.009,kanıt yetersiz,0,0,1,0,0,0,,
c72_61,29.21816,41.10887,0.417,0.379,0.47,0.291,0.454,B,0.438,0.454,0.38,0.291,0.39,0.025,0.0,0.004,0.001,0.004,0.0,0.045,0.0,0.034,0.879,0.008,0.0,0.079,kanıt yetersiz,0,0,1,0,0,0,,
c72_62,29.21816,41.11336,0.189,0.17,0.269,0.14,0.238,A,0.206,0.238,0.14,0.173,0.183,0.016,0.0,0.002,0.004,0.0,0.0,0.231,0.0,0.024,0.694,0.028,0.0,0.253,puan,0,0,1,0,0,0,,12.2
c72_63,29.21816,41.11785,0.388,0.277,0.562,0.337,0.424,B,0.402,0.424,0.351,0.337,0.359,0.054,0.0,0.002,0.001,0.001,0.0,0.125,0.0,0.028,0.716,0.023,0.05,0.183,puan,0,0,1,0,0,0,,41.2
c73_56,29.22411,41.08642,1.0,1.0,1.0,0.435,1.0,C,1.0,1.0,1.0,0.435,1.0,0.008,0.0,0.0,0.0,0.0,0.0,0.0,0.0,0.01,0.982,0.0,0.0,0.008,kanıt yetersiz,0,0,1,0,0,0,,
c73_57,29.22411,41.09091,1.0,1.0,1.0,0.375,1.0,C,1.0,1.0,1.0,0.375,1.0,0.01,0.0,0.0,0.0,0.0,0.0,0.0,0.0,0.017,0.973,0.0,0.0,0.01,kanıt yetersiz,0,0,1,0,0,0,,
c73_58,29.22411,41.0954,1.0,1.0,1.0,0.345,1.0,C,1.0,1.0,1.0,0.345,1.0,0.002,0.0,0.0,0.0,0.0,0.0,0.0,0.0,0.003,0.995,0.0,0.0,0.002,kanıt yetersiz,0,0,1,0,0,0,,
c73_59,29.22411,41.09989,1.0,1.0,1.0,0.376,1.0,C,1.0,1.0,1.0,0.376,1.0,0.007,0.0,0.0,0.0,0.0,0.0,0.0,0.0,0.011,0.982,0.0,0.0,0.007,kanıt yetersiz,0,0,1,0,0,0,,
c73_60,29.22411,41.10438,1.0,1.0,1.0,0.168,1.0,C,1.0,1.0,1.0,0.168,1.0,0.002,0.0,0.0,0.0,0.0,0.0,0.0,0.0,0.009,0.989,0.0,0.0,0.002,kanıt yetersiz,0,0,1,0,0,0,,
c73_61,29.22411,41.10887,0.98,0.98,0.98,0.344,0.981,C,0.98,0.981,0.978,0.344,0.98,0.003,0.0,0.0,0.0,0.0,0.0,0.0,0.0,0.007,0.99,0.0,0.0,0.004,kanıt yetersiz,0,0,1,0,0,0,,
c73_62,29.22411,41.11336,0.637,0.605,0.656,0.327,0.659,C,0.655,0.659,0.616,0.327,0.611,0.016,0.0,0.002,0.0,0.0,0.0,0.011,0.0,0.027,0.944,0.002,0.0,0.028,kanıt yetersiz,0,0,1,0,0,0,,
c73_63,29.22411,41.11785,0.561,0.052,0.959,0.262,0.688,C,0.688,0.604,0.518,0.262,0.346,0.006,0.0,0.013,0.001,0.0,0.0,0.0,0.0,0.022,0.772,0.019,0.168,0.019,kanıt yetersiz,0,0,1,0,0,0,,
c74_56,29.23006,41.08642,1.0,1.0,1.0,0.393,1.0,C,1.0,1.0,1.0,0.393,1.0,0.005,0.0,0.0,0.0,0.0,0.0,0.0,0.0,0.008,0.987,0.0,0.0,0.005,kanıt yetersiz,0,0,1,0,0,0,,
c74_57,29.23006,41.09091,1.0,1.0,1.0,0.362,1.0,C,1.0,1.0,1.0,0.362,1.0,0.007,0.0,0.0,0.0,0.0,0.0,0.0,0.0,0.012,0.981,0.0,0.0,0.007,kanıt yetersiz,0,0,1,0,0,0,,
c74_58,29.23006,41.0954,1.0,1.0,1.0,0.502,1.0,C,1.0,1.0,1.0,0.502,1.0,0.009,0.0,0.0,0.0,0.0,0.0,0.0,0.0,0.008,0.983,0.0,0.0,0.009,kanıt yetersiz,0,0,1,0,0,0,,
c74_59,29.23006,41.09989,1.0,1.0,1.0,0.276,1.0,C,1.0,1.0,1.0,0.276,1.0,0.002,0.0,0.0,0.0,0.0,0.0,0.0,0.0,0.006,0.991,0.0,0.0,0.002,kanıt yetersiz,0,0,1,0,0,0,,
c74_60,29.23006,41.10438,1.0,1.0,1.0,0.551,1.0,C,1.0,1.0,1.0,0.551,1.0,0.009,0.0,0.0,0.0,0.0,0.0,0.0,0.0,0.007,0.984,0.0,0.0,0.009,kanıt yetersiz,0,0,1,0,0,0,,
c74_61,29.23006,41.10887,,,,,,C,,,,0.0,,0.0,0.0,0.0,0.0,0.0,0.0,0.0,0.0,0.008,0.992,0.0,0.0,0.0,kanıt yetersiz,0,0,1,0,0,0,,
c74_62,29.23006,41.11336,,,,,,C,,,,,,0.0,0.0,0.0,0.0,0.0,0.0,0.0,0.0,0.0,1.0,0.0,0.0,0.0,kanıt yetersiz,0,0,1,0,0,0,,
c74_63,29.23006,41.11785,1.0,1.0,1.0,0.379,1.0,C,1.0,1.0,1.0,0.379,1.0,0.012,0.0,0.0,0.0,0.0,0.0,0.0,0.0,0.02,0.968,0.0,0.0,0.012,kanıt yetersiz,0,0,1,0,0,0,,
c75_56,29.23601,41.08642,1.0,1.0,1.0,0.434,1.0,C,1.0,1.0,1.0,0.434,1.0,0.007,0.0,0.0,0.0,0.0,0.0,0.0,0.0,0.009,0.985,0.0,0.0,0.007,kanıt yetersiz,0,0,1,0,0,0,,
c75_57,29.23601,41.09091,1.0,1.0,1.0,0.531,1.0,C,1.0,1.0,1.0,0.531,1.0,0.006,0.0,0.0,0.0,0.0,0.0,0.0,0.0,0.005,0.989,0.0,0.0,0.006,kanıt yetersiz,0,0,1,0,0,0,,
c75_58,29.23601,41.0954,1.0,1.0,1.0,0.399,1.0,C,1.0,1.0,1.0,0.399,1.0,0.004,0.0,0.0,0.0,0.0,0.0,0.0,0.0,0.006,0.991,0.0,0.0,0.004,kanıt yetersiz,0,0,1,0,0,0,,
c75_59,29.23601,41.09989,1.0,0.18,1.0,0.046,1.0,C,1.0,1.0,1.0,0.046,0.282,0.0,0.0,0.0,0.0,0.0,0.0,0.0,0.0,0.008,0.989,0.002,0.0,0.0,kanıt yetersiz,0,0,1,0,0,0,,
c75_60,29.23601,41.10438,1.0,0.991,1.0,0.601,1.0,C,1.0,1.0,1.0,0.601,0.992,0.011,0.0,0.0,0.0,0.0,0.0,0.0,0.0,0.007,0.982,0.0,0.0,0.011,kanıt yetersiz,0,0,1,0,0,0,,
c75_61,29.23601,41.10887,1.0,1.0,1.0,0.625,1.0,C,1.0,1.0,1.0,0.625,1.0,0.004,0.0,0.0,0.0,0.0,0.0,0.0,0.0,0.003,0.993,0.0,0.0,0.004,kanıt yetersiz,0,0,1,0,0,0,,
c75_62,29.23601,41.11336,1.0,1.0,1.0,0.11,1.0,C,1.0,1.0,1.0,0.11,1.0,0.001,0.0,0.0,0.0,0.0,0.0,0.0,0.0,0.011,0.988,0.0,0.0,0.001,kanıt yetersiz,0,0,1,0,0,0,,
c75_63,29.23601,41.11785,,,,,,C,,,,,,0.0,0.0,0.0,0.0,0.0,0.0,0.0,0.0,0.0,1.0,0.0,0.0,0.0,kanıt yetersiz,0,0,1,0,0,0,,
c76_56,29.24196,41.08642,1.0,1.0,1.0,0.138,1.0,C,1.0,1.0,1.0,0.138,1.0,0.002,0.0,0.0,0.0,0.0,0.0,0.0,0.0,0.013,0.984,0.0,0.0,0.002,kanıt yetersiz,0,0,1,0,0,0,,
c76_57,29.24196,41.09091,0.635,0.609,0.65,0.32,0.656,C,0.643,0.656,0.614,0.32,0.614,0.008,0.0,0.0,0.0,0.0,0.0,0.005,0.0,0.013,0.974,0.001,0.0,0.013,kanıt yetersiz,0,0,1,0,0,0,,
c76_58,29.24196,41.0954,0.006,0.006,0.049,0.004,0.011,A,0.007,0.008,0.004,0.006,0.011,0.0,0.0,0.0,0.0,0.0,0.147,0.005,0.0,0.008,0.832,0.007,0.0,0.153,puan,0,0,1,0,0,0,,5.7
c76_59,29.24196,41.09989,0.413,0.314,0.554,0.196,0.446,C,0.425,0.446,0.379,0.196,0.344,0.004,0.0,0.0,0.0,0.0,0.0,0.008,0.0,0.014,0.969,0.004,0.0,0.013,kanıt yetersiz,0,0,1,0,0,0,,
c76_60,29.24196,41.10438,1.0,0.889,1.0,0.258,1.0,C,1.0,1.0,1.0,0.258,0.903,0.006,0.0,0.0,0.0,0.0,0.0,0.0,0.0,0.017,0.976,0.001,0.0,0.006,kanıt yetersiz,0,0,1,0,0,0,,
c76_61,29.24196,41.10887,1.0,1.0,1.0,0.243,1.0,C,1.0,1.0,1.0,0.243,1.0,0.003,0.0,0.0,0.0,0.0,0.0,0.0,0.0,0.009,0.988,0.0,0.0,0.003,kanıt yetersiz,0,0,1,0,0,0,,
c76_62,29.24196,41.11336,1.0,1.0,1.0,0.21,1.0,C,1.0,1.0,1.0,0.21,1.0,0.003,0.0,0.0,0.0,0.0,0.0,0.0,0.0,0.011,0.987,0.0,0.0,0.003,kanıt yetersiz,0,0,1,0,0,0,,
c76_63,29.24196,41.11785,,,,,,C,,,,0.0,,0.0,0.0,0.0,0.0,0.0,0.0,0.0,0.0,0.004,0.996,0.0,0.0,0.0,kanıt yetersiz,0,0,1,0,0,0,,
c77_56,29.24791,41.08642,0.18,0.155,0.294,0.139,0.221,A,0.199,0.221,0.139,0.147,0.173,0.007,0.0,0.002,0.0,0.0,0.01,0.076,0.0,0.022,0.867,0.015,0.0,0.095,kanıt yetersiz,0,0,1,0,0,0,,
c77_57,29.24791,41.09091,0.088,0.085,0.126,0.054,0.123,A,0.101,0.123,0.054,0.081,0.09,0.001,0.0,0.0,0.0,0.0,0.059,0.127,0.0,0.018,0.787,0.008,0.0,0.187,puan,0,0,1,0,0,0,,9.1
c77_58,29.24791,41.0954,0.033,0.032,0.078,0.02,0.046,A,0.039,0.046,0.02,0.03,0.037,0.0,0.0,0.001,0.0,0.0,0.085,0.028,0.0,0.014,0.867,0.006,0.0,0.114,puan,0,0,1,0,0,0,,7.2
c77_59,29.24791,41.09989,0.121,0.108,0.21,0.081,0.16,A,0.143,0.16,0.081,0.112,0.121,0.001,0.0,0.006,0.0,0.0,0.024,0.089,0.0,0.009,0.857,0.014,0.0,0.12,puan,0,0,1,0,0,0,,9.8
c77_60,29.24791,41.10438,0.164,0.133,0.321,0.059,0.212,B,0.185,0.212,0.116,0.059,0.157,0.0,0.0,0.0,0.0,0.0,0.0,0.007,0.0,0.013,0.978,0.002,0.0,0.007,kanıt yetersiz,0,0,1,0,0,0,,
c77_61,29.24791,41.10887,1.0,1.0,1.0,0.299,1.0,C,1.0,1.0,1.0,0.299,1.0,0.003,0.0,0.0,0.0,0.0,0.0,0.0,0.0,0.007,0.99,0.0,0.0,0.003,kanıt yetersiz,0,0,1,0,0,0,,
c77_62,29.24791,41.11336,1.0,1.0,1.0,0.023,1.0,C,1.0,1.0,1.0,0.023,1.0,0.0,0.0,0.0,0.0,0.0,0.0,0.0,0.0,0.012,0.988,0.0,0.0,0.0,kanıt yetersiz,0,0,1,0,0,0,,
c77_63,29.24791,41.11785,,,,,,C,,,,0.0,,0.0,0.0,0.0,0.0,0.0,0.0,0.0,0.0,0.011,0.989,0.0,0.0,0.0,kanıt yetersiz,0,0,1,0,0,0,,
c78_56,29.25386,41.08642,0.339,0.286,0.442,0.282,0.376,A,0.356,0.376,0.302,0.282,0.309,0.086,0.0,0.008,0.0,0.004,0.008,0.251,0.0,0.073,0.505,0.059,0.007,0.356,puan,0,0,1,0,0,0,,29.7
c78_57,29.25386,41.09091,0.232,0.214,0.293,0.201,0.252,A,0.241,0.252,0.212,0.201,0.224,0.025,0.0,0.002,0.0,0.0,0.059,0.053,0.0,0.021,0.829,0.011,0.001,0.138,puan,0,0,1,0,0,0,,14.7
c78_58,29.25386,41.0954,1.0,0.574,1.0,0.385,1.0,C,1.0,1.0,1.0,0.385,1.0,0.012,0.0,0.0,0.0,0.0,0.0,0.0,0.0,0.018,0.962,0.0,0.009,0.012,kanıt yetersiz,0,0,1,0,0,0,,
c78_59,29.25386,41.09989,0.252,0.239,0.292,0.224,0.252,A,0.252,0.252,0.252,0.224,0.25,0.009,0.0,0.0,0.0,0.0,0.027,0.0,0.0,0.005,0.957,0.0,0.002,0.036,kanıt yetersiz,0,0,1,0,0,0,,
c78_60,29.25386,41.10438,0.131,0.105,0.302,0.081,0.181,A,0.153,0.181,0.081,0.108,0.13,0.0,0.0,0.001,0.0,0.0,0.0,0.033,0.0,0.007,0.95,0.008,0.0,0.034,kanıt yetersiz,0,0,1,0,0,0,,
c78_61,29.25386,41.10887,,,,,,C,,,,0.0,,0.0,0.0,0.0,0.0,0.0,0.0,0.0,0.0,0.004,0.996,0.0,0.0,0.0,kanıt yetersiz,0,0,1,0,0,0,,
c78_62,29.25386,41.11336,,,,,,C,,,,0.0,,0.0,0.0,0.0,0.0,0.0,0.0,0.0,0.0,0.02,0.98,0.0,0.0,0.0,kanıt yetersiz,0,0,1,0,0,0,,
c78_63,29.25386,41.11785,,,,,,C,,,,0.0,,0.0,0.0,0.0,0.0,0.0,0.0,0.0,0.0,0.009,0.991,0.0,0.0,0.0,kanıt yetersiz,0,0,2,0,0,0,,
c79_56,29.25981,41.08642,,,,,,C,,,,,,0.0,0.0,0.0,0.0,0.0,0.0,0.0,0.0,0.0,1.0,0.0,0.0,0.0,kanıt yetersiz,0,0,1,0,0,0,,
c79_57,29.25981,41.09091,1.0,1.0,1.0,1.0,1.0,A,1.0,1.0,1.0,1.0,1.0,0.004,0.0,0.0,0.0,0.0,0.0,0.0,0.0,0.0,0.996,0.0,0.0,0.004,kanıt yetersiz,0,0,1,0,0,0,,
c79_58,29.25981,41.0954,1.0,1.0,1.0,0.3,1.0,C,1.0,1.0,1.0,0.3,1.0,0.002,0.0,0.0,0.0,0.0,0.0,0.0,0.0,0.004,0.994,0.0,0.0,0.002,kanıt yetersiz,0,0,1,0,0,0,,
c79_59,29.25981,41.09989,0.915,0.595,0.945,0.323,0.923,C,0.923,0.921,0.91,0.323,0.665,0.013,0.0,0.0,0.0,0.001,0.0,0.0,0.0,0.026,0.952,0.007,0.001,0.014,kanıt yetersiz,0,0,1,0,0,0,,
c79_60,29.25981,41.10438,1.0,0.898,1.0,0.298,1.0,C,1.0,1.0,1.0,0.298,0.988,0.01,0.0,0.0,0.0,0.0,0.0,0.0,0.0,0.025,0.964,0.0,0.001,0.01,kanıt yetersiz,0,0,1,0,0,0,,
c79_61,29.25981,41.10887,,,,,,C,,,,0.0,,0.0,0.0,0.0,0.0,0.0,0.0,0.0,0.0,0.002,0.998,0.0,0.0,0.0,kanıt yetersiz,0,0,1,0,0,0,,
c79_62,29.25981,41.11336,,,,,,C,,,,0.0,,0.0,0.0,0.0,0.0,0.0,0.0,0.0,0.0,0.004,0.996,0.0,0.0,0.0,kanıt yetersiz,0,0,1,0,0,0,,
c79_63,29.25981,41.11785,,,,,,C,,,,0.0,,0.0,0.0,0.0,0.0,0.0,0.0,0.0,0.0,0.016,0.984,0.0,0.0,0.0,kanıt yetersiz,0,0,2,0,0,0,,
c72_64,29.21816,41.12234,1.0,1.0,1.0,1.0,1.0,A,1.0,1.0,1.0,1.0,1.0,0.005,0.0,0.0,0.0,0.0,0.0,0.0,0.0,0.0,0.995,0.0,0.0,0.005,kanıt yetersiz,0,0,1,0,0,0,,
c72_65,29.21816,41.12683,,,,,,C,,,,,,0.0,0.0,0.0,0.0,0.0,0.0,0.0,0.0,0.0,1.0,0.0,0.0,0.0,kanıt yetersiz,0,0,1,0,0,0,,
c72_66,29.21816,41.13132,,,,,,C,,,,,,0.0,0.0,0.0,0.0,0.0,0.0,0.0,0.0,0.0,1.0,0.0,0.0,0.0,kanıt yetersiz,0,0,1,0,0,0,,
c72_67,29.21816,41.13581,,,,,,C,,,,0.0,,0.0,0.0,0.0,0.0,0.0,0.0,0.0,0.0,0.009,0.991,0.0,0.0,0.0,kanıt yetersiz,0,0,1,0,0,0,,
c72_68,29.21816,41.1403,0.874,0.043,0.994,0.299,0.924,C,0.856,0.924,0.824,0.299,0.468,0.008,0.0,0.0,0.003,0.0,0.0,0.0,0.0,0.021,0.762,0.013,0.194,0.011,kanıt yetersiz,0,0,1,0,0,0,,
c72_69,29.21816,41.14479,0.996,0.996,0.996,0.181,0.997,C,0.995,0.997,0.994,0.181,0.996,0.005,0.0,0.0,0.0,0.0,0.0,0.0,0.0,0.023,0.972,0.0,0.0,0.005,kanıt yetersiz,0,0,1,0,0,0,,
c72_70,29.21816,41.14928,1.0,1.0,1.0,0.12,1.0,C,1.0,1.0,1.0,0.12,1.0,0.001,0.0,0.0,0.0,0.0,0.0,0.0,0.0,0.01,0.989,0.0,0.0,0.001,kanıt yetersiz,0,0,1,0,0,0,,
c72_71,29.21816,41.15377,,0.0,1.0,,,C,,,,0.0,0.125,0.0,0.0,0.0,0.0,0.0,0.0,0.0,0.0,0.017,0.983,0.001,0.0,0.0,kanıt yetersiz,0,0,1,0,0,0,,
c73_64,29.22411,41.12234,1.0,0.36,1.0,0.44,1.0,C,1.0,1.0,1.0,0.577,0.44,0.001,0.0,0.0,0.0,0.0,0.0,0.0,0.0,0.0,0.998,0.001,0.0,0.001,kanıt yetersiz,0,0,1,0,0,0,,
c73_65,29.22411,41.12683,1.0,1.0,1.0,1.0,1.0,A,1.0,1.0,1.0,1.0,1.0,0.004,0.0,0.0,0.0,0.0,0.0,0.0,0.0,0.0,0.996,0.0,0.0,0.004,kanıt yetersiz,0,0,1,0,0,0,,
c73_66,29.22411,41.13132,,,,,,C,,,,,,0.0,0.0,0.0,0.0,0.0,0.0,0.0,0.0,0.0,1.0,0.0,0.0,0.0,kanıt yetersiz,0,0,1,0,0,0,,
c73_67,29.22411,41.13581,,,,,,C,,,,0.0,,0.0,0.0,0.0,0.0,0.0,0.0,0.0,0.0,0.003,0.997,0.0,0.0,0.0,kanıt yetersiz,0,0,1,0,0,0,,
c73_68,29.22411,41.1403,,,,,,C,,,,0.0,,0.0,0.0,0.0,0.0,0.0,0.0,0.0,0.0,0.006,0.994,0.0,0.0,0.0,kanıt yetersiz,0,0,1,0,0,0,,
c73_69,29.22411,41.14479,,0.0,1.0,,,C,,,,0.0,0.125,0.0,0.0,0.0,0.0,0.0,0.0,0.0,0.0,0.012,0.988,0.0,0.0,0.0,kanıt yetersiz,0,0,1,0,0,0,,
c73_70,29.22411,41.14928,,,,,,C,,,,0.0,,0.0,0.0,0.0,0.0,0.0,0.0,0.0,0.0,0.003,0.997,0.0,0.0,0.0,kanıt yetersiz,0,0,1,0,0,0,,
c73_71,29.22411,41.15377,,0.0,1.0,,,C,,,,0.0,0.125,0.0,0.0,0.0,0.0,0.0,0.0,0.0,0.0,0.011,0.987,0.002,0.0,0.0,kanıt yetersiz,0,0,1,0,0,0,,
c74_64,29.23006,41.12234,1.0,1.0,1.0,0.513,1.0,C,1.0,1.0,1.0,0.513,1.0,0.023,0.0,0.0,0.0,0.0,0.0,0.0,0.0,0.022,0.955,0.0,0.0,0.023,kanıt yetersiz,0,0,1,0,0,0,,
c74_65,29.23006,41.12683,1.0,0.986,1.0,0.988,1.0,A,1.0,1.0,1.0,1.0,0.988,0.004,0.0,0.0,0.0,0.0,0.0,0.0,0.0,0.0,0.996,0.0,0.0,0.004,kanıt yetersiz,0,0,1,0,0,0,,
c74_66,29.23006,41.13132,,,,,,C,,,,0.0,,0.0,0.0,0.0,0.0,0.0,0.0,0.0,0.0,0.004,0.996,0.0,0.0,0.0,kanıt yetersiz,0,0,1,0,0,0,,
c74_67,29.23006,41.13581,,,,,,C,,,,0.0,,0.0,0.0,0.0,0.0,0.0,0.0,0.0,0.0,0.008,0.992,0.0,0.0,0.0,kanıt yetersiz,0,0,1,0,0,0,,
c74_68,29.23006,41.1403,,,,,,C,,,,0.0,,0.0,0.0,0.0,0.0,0.0,0.0,0.0,0.0,0.014,0.986,0.0,0.0,0.0,kanıt yetersiz,0,0,1,0,0,0,,
c74_69,29.23006,41.14479,,0.0,1.0,,,C,,,,0.0,0.125,0.0,0.0,0.0,0.0,0.0,0.0,0.0,0.0,0.018,0.982,0.0,0.0,0.0,kanıt yetersiz,0,0,1,0,0,0,,
c74_70,29.23006,41.14928,,,,,,C,,,,0.0,,0.0,0.0,0.0,0.0,0.0,0.0,0.0,0.0,0.008,0.992,0.0,0.0,0.0,kanıt yetersiz,0,0,1,0,0,0,,
c74_71,29.23006,41.15377,,,,,,C,,,,0.0,,0.0,0.0,0.0,0.0,0.0,0.0,0.0,0.0,0.006,0.994,0.0,0.0,0.0,kanıt yetersiz,0,0,1,0,0,0,,
c75_64,29.23601,41.12234,0.993,0.976,0.994,0.842,0.996,B,0.993,0.996,0.991,0.842,0.991,0.125,0.0,0.0,0.002,0.0,0.0,0.0,0.0,0.023,0.848,0.0,0.002,0.127,puan,0,0,1,0,0,0,,92.5
c75_65,29.23601,41.12683,1.0,1.0,1.0,0.007,1.0,C,1.0,1.0,1.0,0.007,1.0,0.0,0.0,0.0,0.0,0.0,0.0,0.0,0.0,0.007,0.992,0.0,0.0,0.0,kanıt yetersiz,0,0,1,0,0,0,,
c75_66,29.23601,41.13132,,,,,,C,,,,0.0,,0.0,0.0,0.0,0.0,0.0,0.0,0.0,0.0,0.003,0.997,0.0,0.0,0.0,kanıt yetersiz,0,0,1,0,0,0,,
c75_67,29.23601,41.13581,,0.0,1.0,,,C,,,,0.0,0.125,0.0,0.0,0.0,0.0,0.0,0.0,0.0,0.0,0.01,0.99,0.0,0.0,0.0,kanıt yetersiz,0,0,1,0,0,0,,
c75_68,29.23601,41.1403,,0.0,1.0,,,C,,,,0.0,0.125,0.0,0.0,0.0,0.0,0.0,0.0,0.0,0.0,0.014,0.986,0.0,0.0,0.0,kanıt yetersiz,0,0,1,0,0,0,,
c75_69,29.23601,41.14479,,,,,,C,,,,0.0,,0.0,0.0,0.0,0.0,0.0,0.0,0.0,0.0,0.004,0.996,0.0,0.0,0.0,kanıt yetersiz,0,0,1,0,0,0,,
c75_70,29.23601,41.14928,,,,,,C,,,,0.0,,0.0,0.0,0.0,0.0,0.0,0.0,0.0,0.0,0.004,0.996,0.0,0.0,0.0,kanıt yetersiz,0,0,1,0,0,0,,
c75_71,29.23601,41.15377,,,,,,C,,,,0.0,,0.0,0.0,0.0,0.0,0.0,0.0,0.0,0.0,0.008,0.992,0.0,0.0,0.0,kanıt yetersiz,0,0,1,0,0,0,,
c76_64,29.24196,41.12234,0.981,0.97,0.981,0.966,0.989,A,0.978,0.989,0.973,0.966,0.981,0.031,0.0,0.0,0.001,0.0,0.0,0.0,0.0,0.0,0.967,0.0,0.0,0.032,kanıt yetersiz,0,0,1,0,0,0,,
c76_65,29.24196,41.12683,0.987,0.976,0.987,0.813,0.989,B,0.989,0.989,0.986,0.813,0.987,0.079,0.0,0.0,0.0,0.001,0.0,0.0,0.0,0.017,0.902,0.0,0.001,0.08,kanıt yetersiz,0,0,1,0,0,0,,
c76_66,29.24196,41.13132,1.0,1.0,1.0,0.329,1.0,C,1.0,1.0,1.0,0.329,1.0,0.004,0.0,0.0,0.0,0.0,0.0,0.0,0.0,0.007,0.989,0.0,0.0,0.004,kanıt yetersiz,0,0,1,0,0,0,,
c76_67,29.24196,41.13581,1.0,0.098,1.0,0.106,1.0,C,1.0,1.0,1.0,0.106,0.21,0.003,0.0,0.0,0.0,0.0,0.0,0.0,0.0,0.023,0.949,0.025,0.0,0.003,kanıt yetersiz,0,0,1,0,0,0,,
c76_68,29.24196,41.1403,,0.0,1.0,,,C,,,,0.0,0.125,0.0,0.0,0.0,0.0,0.0,0.0,0.0,0.0,0.009,0.99,0.0,0.0,0.0,kanıt yetersiz,0,0,1,0,0,0,,
c76_69,29.24196,41.14479,,,,,,C,,,,,,0.0,0.0,0.0,0.0,0.0,0.0,0.0,0.0,0.0,1.0,0.0,0.0,0.0,kanıt yetersiz,0,0,1,0,0,0,,
c76_70,29.24196,41.14928,,,,,,C,,,,,,0.0,0.0,0.0,0.0,0.0,0.0,0.0,0.0,0.0,1.0,0.0,0.0,0.0,kanıt yetersiz,0,0,1,0,0,0,,
c76_71,29.24196,41.15377,,,,,,C,,,,0.0,,0.0,0.0,0.0,0.0,0.0,0.0,0.0,0.0,0.006,0.994,0.0,0.0,0.0,kanıt yetersiz,0,0,1,0,0,0,,
c77_64,29.24791,41.12234,0.999,0.982,0.999,0.846,0.999,B,0.999,0.999,0.999,0.846,0.994,0.104,0.0,0.0,0.0,0.0,0.0,0.0,0.0,0.019,0.876,0.001,0.001,0.104,puan,0,0,1,0,0,0,,93.8
c77_65,29.24791,41.12683,1.0,0.922,1.0,0.37,1.0,C,1.0,1.0,1.0,0.37,0.932,0.005,0.0,0.0,0.0,0.0,0.0,0.0,0.0,0.008,0.986,0.0,0.0,0.005,kanıt yetersiz,0,0,1,0,0,0,,
c77_66,29.24791,41.13132,0.243,0.243,0.243,0.158,0.286,B,0.258,0.286,0.2,0.158,0.243,0.007,0.0,0.0,0.0,0.047,0.0,0.0,0.0,0.029,0.916,0.0,0.0,0.054,kanıt yetersiz,0,0,1,0,0,0,,
c77_67,29.24791,41.13581,1.0,0.84,1.0,0.094,1.0,C,1.0,1.0,1.0,0.094,0.86,0.002,0.0,0.0,0.0,0.0,0.0,0.0,0.0,0.018,0.98,0.0,0.0,0.002,kanıt yetersiz,0,0,1,0,0,0,,
c77_68,29.24791,41.1403,,,,,,C,,,,0.0,,0.0,0.0,0.0,0.0,0.0,0.0,0.0,0.0,0.007,0.993,0.0,0.0,0.0,kanıt yetersiz,0,0,1,0,0,0,,
c77_69,29.24791,41.14479,,,,,,C,,,,,,0.0,0.0,0.0,0.0,0.0,0.0,0.0,0.0,0.0,1.0,0.0,0.0,0.0,kanıt yetersiz,0,0,1,0,0,0,,
c77_70,29.24791,41.14928,,,,,,C,,,,,,0.0,0.0,0.0,0.0,0.0,0.0,0.0,0.0,0.0,1.0,0.0,0.0,0.0,kanıt yetersiz,0,0,1,0,0,0,,
c77_71,29.24791,41.15377,,,,,,C,,,,,,0.0,0.0,0.0,0.0,0.0,0.0,0.0,0.0,0.0,1.0,0.0,0.0,0.0,kanıt yetersiz,0,0,1,0,0,0,,
c78_64,29.25386,41.12234,0.993,0.948,0.994,0.891,0.996,B,0.993,0.996,0.991,0.891,0.962,0.188,0.0,0.0,0.002,0.0,0.0,0.0,0.0,0.022,0.778,0.007,0.002,0.191,puan,0,0,1,0,0,0,,92.5
c78_65,29.25386,41.12683,0.433,0.331,0.567,0.308,0.469,B,0.443,0.469,0.398,0.308,0.363,0.042,0.0,0.0,0.002,0.0,0.0,0.077,0.0,0.05,0.791,0.036,0.002,0.122,puan,0,0,1,0,0,0,,49.9
c78_66,29.25386,41.13132,0.163,0.155,0.205,0.115,0.211,A,0.182,0.211,0.115,0.152,0.161,0.015,0.0,0.004,0.001,0.173,0.0,0.178,0.0,0.026,0.584,0.02,0.0,0.37,puan,0,0,1,0,0,0,,11.0
c78_67,29.25386,41.13581,,,,,,C,,,,0.0,,0.0,0.0,0.0,0.0,0.0,0.0,0.0,0.0,0.004,0.996,0.0,0.0,0.0,kanıt yetersiz,0,0,1,0,0,0,,
c78_68,29.25386,41.1403,,0.0,1.0,,,C,,,,0.0,0.125,0.0,0.0,0.0,0.0,0.0,0.0,0.0,0.0,0.013,0.986,0.001,0.0,0.0,kanıt yetersiz,0,0,1,0,0,0,,
c78_69,29.25386,41.14479,1.0,1.0,1.0,0.4,1.0,C,1.0,1.0,1.0,0.4,1.0,0.007,0.0,0.0,0.0,0.0,0.0,0.0,0.0,0.01,0.983,0.0,0.0,0.007,kanıt yetersiz,0,0,2,0,0,0,,
c78_70,29.25386,41.14928,1.0,0.528,1.0,0.401,1.0,C,1.0,1.0,1.0,0.401,0.587,0.01,0.0,0.0,0.0,0.0,0.0,0.0,0.0,0.015,0.965,0.009,0.0,0.01,kanıt yetersiz,0,0,1,0,0,0,,
c78_71,29.25386,41.15377,,0.0,1.0,,,C,,,,,0.125,0.0,0.0,0.0,0.0,0.0,0.0,0.0,0.0,0.0,0.999,0.001,0.0,0.0,kanıt yetersiz,0,0,1,0,0,0,,
c79_64,29.25981,41.12234,1.0,0.953,1.0,0.183,1.0,C,1.0,1.0,1.0,0.183,0.959,0.002,0.0,0.0,0.0,0.0,0.0,0.0,0.0,0.007,0.991,0.0,0.0,0.002,kanıt yetersiz,0,0,1,0,0,0,,
c79_65,29.25981,41.12683,0.684,0.624,0.712,0.631,0.705,A,0.689,0.705,0.663,0.631,0.641,0.37,0.0,0.0,0.01,0.008,0.0,0.198,0.0,0.049,0.309,0.049,0.008,0.585,puan,0,0,1,0,0,0,,76.6
c79_66,29.25981,41.13132,0.249,0.202,0.389,0.204,0.293,A,0.264,0.293,0.204,0.215,0.227,0.068,0.0,0.001,0.004,0.002,0.0,0.417,0.0,0.076,0.321,0.106,0.007,0.49,puan,0,0,1,0,0,0,,16.1
c79_67,29.25981,41.13581,1.0,0.664,1.0,0.4,1.0,C,1.0,1.0,1.0,0.4,0.707,0.003,0.0,0.0,0.0,0.0,0.0,0.0,0.0,0.005,0.99,0.002,0.0,0.003,kanıt yetersiz,0,0,1,0,0,0,,
c79_68,29.25981,41.1403,1.0,0.382,1.0,0.151,1.0,C,1.0,1.0,1.0,0.151,0.459,0.005,0.0,0.0,0.0,0.0,0.0,0.0,0.0,0.026,0.962,0.007,0.0,0.005,kanıt yetersiz,0,0,1,0,0,0,,
c79_69,29.25981,41.14479,1.0,0.9,1.0,0.435,1.0,C,1.0,1.0,1.0,0.435,0.99,0.026,0.0,0.0,0.0,0.0,0.0,0.0,0.0,0.034,0.938,0.0,0.003,0.026,kanıt yetersiz,0,0,2,0,0,0,,
c79_70,29.25981,41.14928,0.981,0.728,0.986,0.397,0.989,C,0.989,0.984,0.979,0.397,0.792,0.033,0.001,0.001,0.0,0.0,0.0,0.0,0.0,0.05,0.904,0.01,0.002,0.034,kanıt yetersiz,0,0,2,0,0,0,,
c79_71,29.25981,41.15377,1.0,0.513,1.0,0.4,1.0,C,1.0,1.0,1.0,0.4,0.574,0.002,0.0,0.0,0.0,0.0,0.0,0.0,0.0,0.004,0.992,0.002,0.0,0.002,kanıt yetersiz,0,0,1,0,0,0,,
c72_72,29.21816,41.15826,,,,,,C,,,,0.0,,0.0,0.0,0.0,0.0,0.0,0.0,0.0,0.0,0.009,0.991,0.0,0.0,0.0,kanıt yetersiz,0,0,1,0,0,0,,
c72_73,29.21816,41.16275,,0.0,1.0,,,C,,,,0.0,0.125,0.0,0.0,0.0,0.0,0.0,0.0,0.0,0.0,0.009,0.99,0.001,0.0,0.0,kanıt yetersiz,0,0,1,0,0,0,,
c72_74,29.21816,41.16724,0.254,0.092,0.731,0.2,0.297,C,0.269,0.297,0.211,0.2,0.243,0.022,0.0,0.0,0.0,0.0,0.0,0.129,0.0,0.041,0.54,0.014,0.254,0.151,puan,0,0,1,0,0,0,,16.7
c72_75,29.21816,41.17173,0.278,0.084,0.782,0.237,0.32,C,0.296,0.32,0.237,0.253,0.25,0.036,0.0,0.003,0.0,0.001,0.0,0.172,0.0,0.021,0.276,0.049,0.442,0.212,puan,0,0,1,0,0,0,,19.4
c72_76,29.21816,41.17622,,0.0,1.0,,,C,,,,,,0.0,0.0,0.0,0.0,0.0,0.0,0.0,0.0,0.0,0.983,0.0,0.017,0.0,kanıt yetersiz,0,0,1,0,0,0,,
c72_77,29.21816,41.18071,,,,,,C,,,,,,0.0,0.0,0.0,0.0,0.0,0.0,0.0,0.0,0.0,1.0,0.0,0.0,0.0,kanıt yetersiz,0,0,1,0,0,0,,
c72_78,29.21816,41.1852,0.991,0.054,1.0,0.08,0.994,C,0.994,0.992,0.99,0.08,0.788,0.006,0.0,0.0,0.0,0.0,0.0,0.0,0.0,0.072,0.81,0.002,0.109,0.006,kanıt yetersiz,1077,0,3,0,0,0,0.0,
c72_79,29.21816,41.18969,,,,,,C,,,,0.0,,0.0,0.0,0.0,0.0,0.0,0.0,0.0,0.0,0.004,0.996,0.0,0.0,0.0,kanıt yetersiz,0,0,1,0,0,0,,
c73_72,29.22411,41.15826,,,,,,C,,,,0.0,,0.0,0.0,0.0,0.0,0.0,0.0,0.0,0.0,0.008,0.992,0.0,0.0,0.0,kanıt yetersiz,0,0,1,0,0,0,,
c73_73,29.22411,41.16275,,,,,,C,,,,0.0,,0.0,0.0,0.0,0.0,0.0,0.0,0.0,0.0,0.002,0.998,0.0,0.0,0.0,kanıt yetersiz,0,0,1,0,0,0,,
c73_74,29.22411,41.16724,,0.0,1.0,,,C,,,,0.0,0.125,0.0,0.0,0.0,0.0,0.0,0.0,0.0,0.0,0.01,0.929,0.0,0.061,0.0,kanıt yetersiz,0,0,1,0,0,0,,
c73_75,29.22411,41.17173,0.992,0.093,0.999,0.366,0.995,C,0.995,0.993,0.992,0.366,0.808,0.019,0.0,0.0,0.0,0.0,0.0,0.0,0.0,0.033,0.759,0.005,0.183,0.019,kanıt yetersiz,0,0,1,0,0,0,,
c73_76,29.22411,41.17622,1.0,0.096,1.0,0.592,1.0,C,1.0,1.0,1.0,0.592,0.974,0.004,0.0,0.0,0.0,0.0,0.0,0.0,0.0,0.003,0.954,0.0,0.039,0.004,kanıt yetersiz,0,0,1,0,0,0,,
c73_77,29.22411,41.18071,1.0,0.002,1.0,0.405,1.0,C,1.0,1.0,1.0,1.0,0.405,0.0,0.0,0.0,0.0,0.0,0.0,0.0,0.0,0.0,0.97,0.0,0.03,0.0,kanıt yetersiz,0,0,1,0,0,0,,
c73_78,29.22411,41.1852,,0.0,1.0,,,C,,,,0.0,,0.0,0.0,0.0,0.0,0.0,0.0,0.0,0.0,0.064,0.865,0.0,0.07,0.0,kanıt yetersiz,1044,0,3,0,0,0,0.0,
c73_79,29.22411,41.18969,,,,,,C,,,,,,0.0,0.0,0.0,0.0,0.0,0.0,0.0,0.0,0.0,1.0,0.0,0.0,0.0,kanıt yetersiz,0,0,1,0,0,0,,
c74_72,29.23006,41.15826,,,,,,C,,,,0.0,,0.0,0.0,0.0,0.0,0.0,0.0,0.0,0.0,0.005,0.995,0.0,0.0,0.0,kanıt yetersiz,0,0,1,0,0,0,,
c74_73,29.23006,41.16275,,,,,,C,,,,0.0,,0.0,0.0,0.0,0.0,0.0,0.0,0.0,0.0,0.011,0.989,0.0,0.0,0.0,kanıt yetersiz,0,0,1,0,0,0,,
c74_74,29.23006,41.16724,,0.0,1.0,,,C,,,,0.0,,0.0,0.0,0.0,0.0,0.0,0.0,0.0,0.0,0.021,0.97,0.0,0.008,0.0,kanıt yetersiz,0,0,1,0,0,0,,
c74_75,29.23006,41.17173,1.0,0.058,1.0,0.245,1.0,C,1.0,1.0,1.0,0.245,0.834,0.009,0.0,0.0,0.0,0.0,0.0,0.0,0.0,0.026,0.827,0.002,0.136,0.009,kanıt yetersiz,0,0,1,0,0,0,,
c74_76,29.23006,41.17622,0.329,0.071,0.856,0.248,0.369,C,0.343,0.369,0.289,0.248,0.282,0.029,0.0,0.001,0.001,0.002,0.0,0.095,0.0,0.042,0.356,0.038,0.435,0.129,puan,0,0,1,0,0,0,,27.6
c74_77,29.23006,41.18071,0.926,0.243,0.98,0.59,0.933,C,0.933,0.93,0.921,0.59,0.849,0.12,0.0,0.004,0.0,0.001,0.0,0.008,0.0,0.075,0.421,0.014,0.357,0.132,puan,288,0,1,0,0,0,0.0,88.8
c74_78,29.23006,41.1852,0.167,0.135,0.323,0.119,0.214,A,0.184,0.214,0.119,0.142,0.162,0.009,0.0,0.0,0.0,0.0,0.0,0.18,0.0,0.033,0.734,0.021,0.023,0.189,puan,419,0,2,0,0,0,0.0,11.0
c74_79,29.23006,41.18969,0.203,0.119,0.532,0.156,0.25,C,0.218,0.25,0.156,0.187,0.195,0.027,0.0,0.0,0.003,0.001,0.0,0.283,0.0,0.026,0.44,0.036,0.184,0.314,puan,0,0,2,0,0,0,,13.1
c75_72,29.23601,41.15826,,,,,,C,,,,0.0,,0.0,0.0,0.0,0.0,0.0,0.0,0.0,0.0,0.003,0.997,0.0,0.0,0.0,kanıt yetersiz,0,0,1,0,0,0,,
c75_73,29.23601,41.16275,,,,,,C,,,,0.0,,0.0,0.0,0.0,0.0,0.0,0.0,0.0,0.0,0.006,0.994,0.0,0.0,0.0,kanıt yetersiz,0,0,1,0,0,0,,
c75_74,29.23601,41.16724,,,,,,C,,,,0.0,,0.0,0.0,0.0,0.0,0.0,0.0,0.0,0.0,0.005,0.995,0.0,0.0,0.0,kanıt yetersiz,0,0,1,0,0,0,,
c75_75,29.23601,41.17173,,0.0,1.0,,,C,,,,,0.125,0.0,0.0,0.0,0.0,0.0,0.0,0.0,0.0,0.0,0.96,0.001,0.04,0.0,kanıt yetersiz,0,0,1,0,0,0,,
c75_76,29.23601,41.17622,0.321,0.042,0.91,0.187,0.36,C,0.335,0.36,0.282,0.187,0.264,0.01,0.0,0.0,0.0,0.0,0.0,0.034,0.0,0.031,0.64,0.018,0.268,0.043,kanıt yetersiz,276,0,2,0,0,0,0.0,
c75_77,29.23601,41.18071,0.492,0.066,0.932,0.099,0.521,C,0.502,0.521,0.462,0.099,0.452,0.007,0.0,0.0,0.0,0.0,0.0,0.01,0.0,0.071,0.796,0.002,0.113,0.018,kanıt yetersiz,502,0,1,0,0,0,0.0,
c75_78,29.23601,41.1852,0.537,0.068,0.941,0.321,0.569,C,0.544,0.569,0.505,0.321,0.407,0.032,0.0,0.0,0.002,0.0,0.0,0.036,0.0,0.047,0.403,0.032,0.448,0.07,kanıt yetersiz,0,0,1,0,0,0,,
c75_79,29.23601,41.18969,0.198,0.025,0.898,0.147,0.249,C,0.212,0.249,0.147,0.173,0.18,0.003,0.0,0.0,0.001,0.004,0.0,0.028,0.0,0.005,0.712,0.012,0.235,0.036,kanıt yetersiz,0,0,2,0,0,0,,
c76_72,29.24196,41.15826,,,,,,C,,,,0.0,,0.0,0.0,0.0,0.0,0.0,0.0,0.0,0.0,0.01,0.99,0.0,0.0,0.0,kanıt yetersiz,0,0,1,0,0,0,,
c76_73,29.24196,41.16275,,,,,,C,,,,0.0,,0.0,0.0,0.0,0.0,0.0,0.0,0.0,0.0,0.007,0.993,0.0,0.0,0.0,kanıt yetersiz,0,0,1,0,0,0,,
c76_74,29.24196,41.16724,,,,,,C,,,,0.0,,0.0,0.0,0.0,0.0,0.0,0.0,0.0,0.0,0.003,0.997,0.0,0.0,0.0,kanıt yetersiz,0,0,1,0,0,0,,
c76_75,29.24196,41.17173,,0.0,1.0,,,C,,,,0.0,,0.0,0.0,0.0,0.0,0.0,0.0,0.0,0.0,0.031,0.954,0.0,0.016,0.0,kanıt yetersiz,426,0,2,0,0,0,0.0,
c76_76,29.24196,41.17622,1.0,0.125,1.0,0.081,1.0,C,1.0,1.0,1.0,0.081,0.983,0.007,0.0,0.0,0.0,0.0,0.0,0.0,0.0,0.078,0.867,0.0,0.048,0.007,kanıt yetersiz,1059,0,3,0,0,0,0.0,
c76_77,29.24196,41.18071,0.985,0.021,1.0,0.256,0.991,C,0.983,0.991,0.979,0.256,0.275,0.004,0.0,0.0,0.0,0.0,0.0,0.0,0.0,0.011,0.814,0.018,0.154,0.004,kanıt yetersiz,0,0,1,0,0,0,,
c76_78,29.24196,41.1852,0.96,0.031,0.999,0.378,0.976,C,0.954,0.976,0.943,0.378,0.546,0.017,0.0,0.0,0.001,0.0,0.0,0.0,0.0,0.028,0.401,0.018,0.534,0.018,kanıt yetersiz,0,0,2,0,0,0,,
c76_79,29.24196,41.18969,1.0,0.266,1.0,0.385,1.0,C,1.0,1.0,1.0,0.385,0.897,0.005,0.0,0.0,0.0,0.0,0.0,0.0,0.0,0.009,0.971,0.001,0.014,0.005,kanıt yetersiz,0,0,2,0,0,0,,
c77_72,29.24791,41.15826,,,,,,C,,,,0.0,,0.0,0.0,0.0,0.0,0.0,0.0,0.0,0.0,0.015,0.985,0.0,0.0,0.0,kanıt yetersiz,0,0,1,0,0,0,,
c77_73,29.24791,41.16275,,,,,,C,,,,0.0,,0.0,0.0,0.0,0.0,0.0,0.0,0.0,0.0,0.01,0.99,0.0,0.0,0.0,kanıt yetersiz,0,0,1,0,0,0,,
c77_74,29.24791,41.16724,,0.0,1.0,,,C,,,,0.0,0.125,0.0,0.0,0.0,0.0,0.0,0.0,0.0,0.0,0.016,0.981,0.0,0.003,0.0,kanıt yetersiz,71,0,1,0,0,0,0.0,
c77_75,29.24791,41.17173,,0.0,1.0,,,C,,,,0.0,,0.0,0.0,0.0,0.0,0.0,0.0,0.0,0.0,0.06,0.916,0.0,0.023,0.0,kanıt yetersiz,547,0,1,0,0,0,0.0,
c77_76,29.24791,41.17622,1.0,0.793,1.0,0.376,1.0,C,1.0,1.0,1.0,0.376,0.819,0.004,0.0,0.0,0.0,0.0,0.0,0.0,0.0,0.006,0.989,0.001,0.0,0.004,kanıt yetersiz,0,0,1,0,0,0,,
c77_77,29.24791,41.18071,0.302,0.057,0.868,0.228,0.342,C,0.316,0.342,0.262,0.228,0.264,0.015,0.0,0.0,0.0,0.0,0.0,0.059,0.0,0.024,0.586,0.02,0.297,0.074,kanıt yetersiz,0,0,1,0,0,0,,
c77_78,29.24791,41.1852,0.375,0.078,0.87,0.313,0.414,C,0.387,0.414,0.337,0.313,0.331,0.054,0.0,0.0,0.004,0.0,0.0,0.137,0.0,0.039,0.021,0.042,0.703,0.195,puan,0,0,3,0,0,0,,38.3
c77_79,29.24791,41.18969,1.0,0.041,1.0,0.385,1.0,C,1.0,1.0,1.0,0.385,0.767,0.009,0.0,0.0,0.0,0.0,0.0,0.0,0.0,0.015,0.757,0.003,0.215,0.009,kanıt yetersiz,0,0,1,0,0,0,,
c78_72,29.25386,41.15826,,,,,,C,,,,0.0,,0.0,0.0,0.0,0.0,0.0,0.0,0.0,0.0,0.007,0.993,0.0,0.0,0.0,kanıt yetersiz,0,0,1,0,0,0,,
c78_73,29.25386,41.16275,0.0,0.0,0.073,0.0,0.0,A,0.0,0.0,0.0,0.0,0.0,0.0,0.0,0.0,0.0,0.0,0.183,0.0,0.0,0.025,0.778,0.0,0.015,0.183,puan,360,0,2,0,0,0,0.0,0.0
c78_74,29.25386,41.16724,0.0,0.0,0.966,0.0,0.016,C,0.0,0.0,0.0,0.0,0.016,0.0,0.0,0.0,0.0,0.0,0.002,0.0,0.0,0.067,0.885,0.0,0.046,0.002,kanıt yetersiz,1173,0,3,0,0,0,0.0,
c78_75,29.25386,41.17173,,0.0,1.0,,,C,,,,,0.125,0.0,0.0,0.0,0.0,0.0,0.0,0.0,0.0,0.0,1.0,0.0,0.0,0.0,kanıt yetersiz,0,0,1,0,0,0,,
c78_76,29.25386,41.17622,,0.0,1.0,,,C,,,,,0.125,0.0,0.0,0.0,0.0,0.0,0.0,0.0,0.0,0.0,0.999,0.001,0.0,0.0,kanıt yetersiz,0,0,1,0,0,0,,
c78_77,29.25386,41.18071,0.166,0.02,0.902,0.119,0.214,C,0.183,0.214,0.119,0.134,0.154,0.002,0.0,0.0,0.0,0.0,0.0,0.038,0.0,0.009,0.655,0.017,0.279,0.039,kanıt yetersiz,0,0,1,0,0,0,,
c78_78,29.25386,41.1852,0.531,0.026,0.977,0.335,0.558,C,0.545,0.558,0.504,0.335,0.436,0.018,0.0,0.001,0.0,0.0,0.0,0.021,0.0,0.023,0.17,0.012,0.755,0.04,kanıt yetersiz,0,0,2,0,0,0,,
c78_79,29.25386,41.18969,,0.0,1.0,,,C,,,,,,0.0,0.0,0.0,0.0,0.0,0.0,0.0,0.0,0.0,0.943,0.0,0.057,0.0,kanıt yetersiz,0,0,1,0,0,0,,
c79_72,29.25981,41.15826,0.018,0.014,0.235,0.013,0.018,B,0.018,0.018,0.018,0.013,0.018,0.002,0.0,0.0,0.0,0.0,0.109,0.0,0.0,0.04,0.818,0.0,0.032,0.111,puan,642,0,3,0,0,0,0.0,6.6
c79_73,29.25981,41.16275,0.234,0.153,0.496,0.121,0.235,B,0.234,0.235,0.232,0.121,0.23,0.02,0.0,0.0,0.0,0.0,0.063,0.002,0.0,0.078,0.793,0.003,0.042,0.085,kanıt yetersiz,881,0,3,0,0,0,0.0,
c79_74,29.25981,41.16724,1.0,0.98,1.0,0.401,1.0,C,1.0,1.0,1.0,0.401,0.982,0.006,0.0,0.0,0.0,0.0,0.0,0.0,0.0,0.009,0.985,0.0,0.0,0.006,kanıt yetersiz,0,0,1,0,0,0,,
c79_75,29.25981,41.17173,1.0,1.0,1.0,0.398,1.0,C,1.0,1.0,1.0,0.398,1.0,0.002,0.0,0.0,0.0,0.0,0.0,0.0,0.0,0.002,0.996,0.0,0.0,0.002,kanıt yetersiz,0,0,1,0,0,0,,
c79_76,29.25981,41.17622,,,,,,C,,,,,,0.0,0.0,0.0,0.0,0.0,0.0,0.0,0.0,0.0,1.0,0.0,0.0,0.0,kanıt yetersiz,0,0,1,0,0,0,,
c79_77,29.25981,41.18071,,0.0,1.0,,,C,,,,,0.125,0.0,0.0,0.0,0.0,0.0,0.0,0.0,0.0,0.0,0.752,0.0,0.247,0.0,kanıt yetersiz,0,0,1,0,0,0,,
c79_78,29.25981,41.1852,0.917,0.017,0.998,0.384,0.95,C,0.905,0.95,0.884,0.384,0.597,0.013,0.0,0.0,0.003,0.0,0.0,0.0,0.0,0.022,0.129,0.01,0.824,0.015,kanıt yetersiz,0,0,2,0,0,0,,
c79_79,29.25981,41.18969,,0.0,1.0,,,C,,,,,,0.0,0.0,0.0,0.0,0.0,0.0,0.0,0.0,0.0,0.983,0.0,0.017,0.0,kanıt yetersiz,0,0,1,0,0,0,,
